envoy-1  | 2026-09-23T10:19:32.871065992Z [2026-09-23 10:19:32.870][1][info][main] [external/envoy/source/server/server.cc:467] initializing epoch 0 (base id=0, hot restart version=11.104)
envoy-1  | 2026-09-23T10:19:32.871951499Z [2026-09-23 10:19:32.870][1][info][main] [external/envoy/source/server/server.cc:469] statically linked extensions:
envoy-1  | 2026-09-23T10:19:32.871965806Z [2026-09-23 10:19:32.870][1][info][main] [external/envoy/source/server/server.cc:471]   envoy.connection_handler: envoy.connection_handler.default
envoy-1  | 2026-09-23T10:19:32.871973633Z [2026-09-23 10:19:32.870][1][info][main] [external/envoy/source/server/server.cc:471]   envoy.filters.upstream_network: envoy.filters.network.upstream.metadata_exchange
envoy-1  | 2026-09-23T10:19:32.871981561Z [2026-09-23 10:19:32.870][1][info][main] [external/envoy/source/server/server.cc:471]   envoy.bootstrap: envoy.bootstrap.internal_listener, envoy.bootstrap.wasm, envoy.bootstrap.workload_discovery, envoy.extensions.network.socket_interface.default_socket_interface
envoy-1  | 2026-09-23T10:19:32.871990177Z [2026-09-23 10:19:32.870][1][info][main] [external/envoy/source/server/server.cc:471]   envoy.http.header_validators: envoy.http.header_validators.envoy_default
envoy-1  | 2026-09-23T10:19:32.871997071Z [2026-09-23 10:19:32.870][1][info][main] [external/envoy/source/server/server.cc:471]   envoy.request_id: envoy.request_id.uuid
envoy-1  | 2026-09-23T10:19:32.872003585Z [2026-09-23 10:19:32.870][1][info][main] [external/envoy/source/server/server.cc:471]   envoy.network.connection_balance: envoy.network.connection_balance.dlb
envoy-1  | 2026-09-23T10:19:32.872010070Z [2026-09-23 10:19:32.870][1][info][main] [external/envoy/source/server/server.cc:471]   envoy.route_config_update_requester: envoy.route_config_update_requester.default
envoy-1  | 2026-09-23T10:19:32.872016699Z [2026-09-23 10:19:32.870][1][info][main] [external/envoy/source/server/server.cc:471]   envoy.path.match: envoy.path.match.uri_template.uri_template_matcher
envoy-1  | 2026-09-23T10:19:32.872023393Z [2026-09-23 10:19:32.870][1][info][main] [external/envoy/source/server/server.cc:471]   envoy.http.cache: envoy.extensions.http.cache.file_system_http_cache, envoy.extensions.http.cache.simple
envoy-1  | 2026-09-23T10:19:32.872034655Z [2026-09-23 10:19:32.870][1][info][main] [external/envoy/source/server/server.cc:471]   envoy.matching.network.input: envoy.matching.inputs.application_protocol, envoy.matching.inputs.destination_ip, envoy.matching.inputs.destination_port, envoy.matching.inputs.direct_source_ip, envoy.matching.inputs.dns_san, envoy.matching.inputs.filter_state, envoy.matching.inputs.network_namespace, envoy.matching.inputs.server_name, envoy.matching.inputs.source_ip, envoy.matching.inputs.source_port, envoy.matching.inputs.source_type, envoy.matching.inputs.subject, envoy.matching.inputs.transport_protocol, envoy.matching.inputs.uri_san
envoy-1  | 2026-09-23T10:19:32.872044217Z [2026-09-23 10:19:32.870][1][info][main] [external/envoy/source/server/server.cc:471]   envoy.upstream_options: envoy.extensions.upstreams.http.v3.HttpProtocolOptions, envoy.extensions.upstreams.tcp.v3.TcpProtocolOptions, envoy.upstreams.http.http_protocol_options, envoy.upstreams.tcp.tcp_protocol_options
envoy-1  | 2026-09-23T10:19:32.872051755Z [2026-09-23 10:19:32.870][1][info][main] [external/envoy/source/server/server.cc:471]   envoy.rate_limit_descriptors: envoy.rate_limit_descriptors.expr
envoy-1  | 2026-09-23T10:19:32.872059856Z [2026-09-23 10:19:32.870][1][info][main] [external/envoy/source/server/server.cc:471]   envoy.filters.network: envoy.echo, envoy.ext_authz, envoy.filters.network.connect_authority, envoy.filters.network.connection_limit, envoy.filters.network.direct_response, envoy.filters.network.dubbo_proxy, envoy.filters.network.echo, envoy.filters.network.ext_authz, envoy.filters.network.golang, envoy.filters.network.http_connection_manager, envoy.filters.network.istio_stats, envoy.filters.network.kafka_broker, envoy.filters.network.kafka_mesh, envoy.filters.network.local_ratelimit, envoy.filters.network.metadata_exchange, envoy.filters.network.mongo_proxy, envoy.filters.network.mysql_proxy, envoy.filters.network.postgres_proxy, envoy.filters.network.ratelimit, envoy.filters.network.rbac, envoy.filters.network.redis_proxy, envoy.filters.network.rocketmq_proxy, envoy.filters.network.sip_proxy, envoy.filters.network.sni_cluster, envoy.filters.network.sni_dynamic_forward_proxy, envoy.filters.network.tcp_cluster_rewrite, envoy.filters.network.tcp_proxy, envoy.filters.network.thrift_proxy, envoy.filters.network.wasm, envoy.filters.network.zookeeper_proxy, envoy.http_connection_manager, envoy.mongo_proxy, envoy.ratelimit, envoy.redis_proxy, envoy.tcp_proxy, forward_downstream_sni, io.istio.network.authn, sni_verifier
envoy-1  | 2026-09-23T10:19:32.872083359Z [2026-09-23 10:19:32.870][1][info][main] [external/envoy/source/server/server.cc:471]   envoy.matching.stat_matching_data.input: stat_full_name_match_input
envoy-1  | 2026-09-23T10:19:32.872090288Z [2026-09-23 10:19:32.870][1][info][main] [external/envoy/source/server/server.cc:471]   envoy.thrift_proxy.protocols: auto, binary, binary/non-strict, compact, twitter
envoy-1  | 2026-09-23T10:19:32.872096870Z [2026-09-23 10:19:32.870][1][info][main] [external/envoy/source/server/server.cc:471]   envoy.ssl.server_context_factory: envoy.ssl.server_context_factory.default
envoy-1  | 2026-09-23T10:19:32.872103428Z [2026-09-23 10:19:32.870][1][info][main] [external/envoy/source/server/server.cc:471]   envoy.tls.cert_validator: envoy.tls.cert_validator.default, envoy.tls.cert_validator.spiffe
envoy-1  | 2026-09-23T10:19:32.872110027Z [2026-09-23 10:19:32.870][1][info][main] [external/envoy/source/server/server.cc:471]   envoy.clusters: envoy.cluster.dns, envoy.cluster.eds, envoy.cluster.logical_dns, envoy.cluster.original_dst, envoy.cluster.static, envoy.cluster.strict_dns, envoy.clusters.aggregate, envoy.clusters.dynamic_forward_proxy, envoy.clusters.redis
envoy-1  | 2026-09-23T10:19:32.872117652Z [2026-09-23 10:19:32.870][1][info][main] [external/envoy/source/server/server.cc:471]   envoy.http.custom_response: envoy.extensions.http.custom_response.local_response_policy, envoy.extensions.http.custom_response.redirect_policy
envoy-1  | 2026-09-23T10:19:32.872124976Z [2026-09-23 10:19:32.870][1][info][main] [external/envoy/source/server/server.cc:471]   envoy.rds_factory: envoy.rds_factory.default
envoy-1  | 2026-09-23T10:19:32.872131520Z [2026-09-23 10:19:32.870][1][info][main] [external/envoy/source/server/server.cc:471]   envoy.thrift_proxy.filters: envoy.filters.thrift.header_to_metadata, envoy.filters.thrift.rate_limit, envoy.filters.thrift.router
envoy-1  | 2026-09-23T10:19:32.872138422Z [2026-09-23 10:19:32.870][1][info][main] [external/envoy/source/server/server.cc:471]   envoy.http.stateful_session: envoy.http.stateful_session.cookie, envoy.http.stateful_session.header
envoy-1  | 2026-09-23T10:19:32.872144964Z [2026-09-23 10:19:32.870][1][info][main] [external/envoy/source/server/server.cc:471]   envoy.rbac.matchers: envoy.rbac.matchers.upstream_ip_port
envoy-1  | 2026-09-23T10:19:32.872152204Z [2026-09-23 10:19:32.870][1][info][main] [external/envoy/source/server/server.cc:471]   envoy.route.early_data_policy: envoy.route.early_data_policy.default
envoy-1  | 2026-09-23T10:19:32.872158948Z [2026-09-23 10:19:32.870][1][info][main] [external/envoy/source/server/server.cc:471]   envoy.upstreams: envoy.filters.connection_pools.http.dubbo_tcp, envoy.filters.connection_pools.http.generic, envoy.filters.connection_pools.http.http, envoy.filters.connection_pools.http.tcp
envoy-1  | 2026-09-23T10:19:32.872171574Z [2026-09-23 10:19:32.870][1][info][main] [external/envoy/source/server/server.cc:471]   envoy.filters.http.upstream: envoy.buffer, envoy.ext_proc, envoy.filters.http.admission_control, envoy.filters.http.aws_lambda, envoy.filters.http.aws_request_signing, envoy.filters.http.buffer, envoy.filters.http.composite, envoy.filters.http.ext_proc, envoy.filters.http.header_mutation, envoy.filters.http.lua, envoy.filters.http.match_delegate, envoy.filters.http.upstream_codec, envoy.filters.http.wasm
envoy-1  | 2026-09-23T10:19:32.872179558Z [2026-09-23 10:19:32.870][1][info][main] [external/envoy/source/server/server.cc:471]   envoy.path.rewrite: envoy.path.rewrite.uri_template.uri_template_rewriter
envoy-1  | 2026-09-23T10:19:32.872186188Z [2026-09-23 10:19:32.870][1][info][main] [external/envoy/source/server/server.cc:471]   envoy.matching.action: envoy.matching.actions.format_string, filter-chain-name
envoy-1  | 2026-09-23T10:19:32.872192998Z [2026-09-23 10:19:32.870][1][info][main] [external/envoy/source/server/server.cc:471]   envoy.stats_sinks: envoy.dog_statsd, envoy.graphite_statsd, envoy.metrics_service, envoy.open_telemetry_stat_sink, envoy.stat_sinks.dog_statsd, envoy.stat_sinks.graphite_statsd, envoy.stat_sinks.hystrix, envoy.stat_sinks.metrics_service, envoy.stat_sinks.open_telemetry, envoy.stat_sinks.statsd, envoy.stat_sinks.wasm, envoy.statsd
envoy-1  | 2026-09-23T10:19:32.872200620Z [2026-09-23 10:19:32.870][1][info][main] [external/envoy/source/server/server.cc:471]   envoy.tracers: envoy.tracers.datadog, envoy.tracers.opentelemetry, envoy.tracers.skywalking, envoy.tracers.xray, envoy.tracers.zipkin, envoy.zipkin
envoy-1  | 2026-09-23T10:19:32.872207460Z [2026-09-23 10:19:32.870][1][info][main] [external/envoy/source/server/server.cc:471]   envoy.dubbo_proxy.protocols: dubbo
envoy-1  | 2026-09-23T10:19:32.872214406Z [2026-09-23 10:19:32.870][1][info][main] [external/envoy/source/server/server.cc:471]   envoy.quic.server.crypto_stream: envoy.quic.crypto_stream.server.quiche
envoy-1  | 2026-09-23T10:19:32.872221065Z [2026-09-23 10:19:32.870][1][info][main] [external/envoy/source/server/server.cc:471]   envoy.formatter: envoy.formatter.metadata, envoy.formatter.req_without_query
envoy-1  | 2026-09-23T10:19:32.872227561Z [2026-09-23 10:19:32.870][1][info][main] [external/envoy/source/server/server.cc:471]   envoy.built_in_formatters: envoy.built_in_formatters.http.default, envoy.built_in_formatters.metadata, envoy.built_in_formatters.stream_info.default
envoy-1  | 2026-09-23T10:19:32.872234439Z [2026-09-23 10:19:32.870][1][info][main] [external/envoy/source/server/server.cc:471]   envoy.matching.http.input: envoy.matching.inputs.destination_ip, envoy.matching.inputs.destination_port, envoy.matching.inputs.direct_source_ip, envoy.matching.inputs.dns_san, envoy.matching.inputs.filter_state, envoy.matching.inputs.network_namespace, envoy.matching.inputs.request_headers, envoy.matching.inputs.request_trailers, envoy.matching.inputs.response_headers, envoy.matching.inputs.response_trailers, envoy.matching.inputs.server_name, envoy.matching.inputs.source_ip, envoy.matching.inputs.source_port, envoy.matching.inputs.source_type, envoy.matching.inputs.status_code_class_input, envoy.matching.inputs.status_code_input, envoy.matching.inputs.subject, envoy.matching.inputs.uri_san, query_params
envoy-1  | 2026-09-23T10:19:32.872243529Z [2026-09-23 10:19:32.870][1][info][main] [external/envoy/source/server/server.cc:471]   envoy.config_mux: envoy.config_mux.delta_grpc_mux_factory, envoy.config_mux.grpc_mux_factory, envoy.config_mux.new_grpc_mux_factory, envoy.config_mux.sotw_grpc_mux_factory
envoy-1  | 2026-09-23T10:19:32.872256280Z [2026-09-23 10:19:32.870][1][info][main] [external/envoy/source/server/server.cc:471]   envoy.access_loggers.extension_filters: envoy.access_loggers.extension_filters.cel
envoy-1  | 2026-09-23T10:19:32.872262995Z [2026-09-23 10:19:32.870][1][info][main] [external/envoy/source/server/server.cc:471]   quic.http_server_connection: quic.http_server_connection.default
envoy-1  | 2026-09-23T10:19:32.872269796Z [2026-09-23 10:19:32.870][1][info][main] [external/envoy/source/server/server.cc:471]   envoy.matching.common_inputs: envoy.matching.common_inputs.environment_variable
envoy-1  | 2026-09-23T10:19:32.872276531Z [2026-09-23 10:19:32.870][1][info][main] [external/envoy/source/server/server.cc:471]   envoy.upstream.local_address_selector: envoy.upstream.local_address_selector.default_local_address_selector
envoy-1  | 2026-09-23T10:19:32.872286213Z [2026-09-23 10:19:32.870][1][info][main] [external/envoy/source/server/server.cc:471]   envoy.filters.http: envoy.bandwidth_limit, envoy.buffer, envoy.cors, envoy.csrf, envoy.ext_authz, envoy.ext_proc, envoy.fault, envoy.filters.http.adaptive_concurrency, envoy.filters.http.admission_control, envoy.filters.http.alternate_protocols_cache, envoy.filters.http.aws_lambda, envoy.filters.http.aws_request_signing, envoy.filters.http.bandwidth_limit, envoy.filters.http.buffer, envoy.filters.http.cache, envoy.filters.http.cdn_loop, envoy.filters.http.composite, envoy.filters.http.compressor, envoy.filters.http.connect_authority, envoy.filters.http.connect_grpc_bridge, envoy.filters.http.cors, envoy.filters.http.csrf, envoy.filters.http.custom_response, envoy.filters.http.decompressor, envoy.filters.http.dynamic_forward_proxy, envoy.filters.http.ext_authz, envoy.filters.http.ext_proc, envoy.filters.http.fault, envoy.filters.http.gcp_authn, envoy.filters.http.golang, envoy.filters.http.grpc_field_extraction, envoy.filters.http.grpc_http1_bridge, envoy.filters.http.grpc_http1_reverse_bridge, envoy.filters.http.grpc_json_transcoder, envoy.filters.http.grpc_stats, envoy.filters.http.grpc_web, envoy.filters.http.header_mutation, envoy.filters.http.header_to_metadata, envoy.filters.http.health_check, envoy.filters.http.http_dubbo_transcoder, envoy.filters.http.ip_tagging, envoy.filters.http.istio_stats, envoy.filters.http.jwt_authn, envoy.filters.http.local_ratelimit, envoy.filters.http.lua, envoy.filters.http.match_delegate, envoy.filters.http.mcp_sse_stateful_session, envoy.filters.http.oauth2, envoy.filters.http.on_demand, envoy.filters.http.original_src, envoy.filters.http.peer_metadata, envoy.filters.http.ratelimit, envoy.filters.http.rbac, envoy.filters.http.router, envoy.filters.http.set_metadata, envoy.filters.http.stateful_session, envoy.filters.http.sxg, envoy.filters.http.tap, envoy.filters.http.wasm, envoy.grpc_http1_bridge, envoy.grpc_json_transcoder, envoy.grpc_web, envoy.health_check, envoy.ip_tagging, envoy.local_rate_limit, envoy.lua, envoy.rate_limit, envoy.router, istio.alpn, istio_authn
envoy-1  | 2026-09-23T10:19:32.872303214Z [2026-09-23 10:19:32.870][1][info][main] [external/envoy/source/server/server.cc:471]   envoy.matching.input_matchers: envoy.matching.matchers.consistent_hashing, envoy.matching.matchers.ip
envoy-1  | 2026-09-23T10:19:32.872309975Z [2026-09-23 10:19:32.870][1][info][main] [external/envoy/source/server/server.cc:471]   envoy.resource_monitors: envoy.resource_monitors.fixed_heap, envoy.resource_monitors.injected_resource
envoy-1  | 2026-09-23T10:19:32.872316993Z [2026-09-23 10:19:32.870][1][info][main] [external/envoy/source/server/server.cc:471]   envoy.router.cluster_specifier_plugin: envoy.router.cluster_specifier_plugin.cluster_fallback, envoy.router.cluster_specifier_plugin.golang
envoy-1  | 2026-09-23T10:19:32.872329257Z [2026-09-23 10:19:32.870][1][info][main] [external/envoy/source/server/server.cc:471]   envoy.internal_redirect_predicates: envoy.internal_redirect_predicates.allow_listed_routes, envoy.internal_redirect_predicates.previous_routes, envoy.internal_redirect_predicates.safe_cross_scheme
envoy-1  | 2026-09-23T10:19:32.872336402Z [2026-09-23 10:19:32.870][1][info][main] [external/envoy/source/server/server.cc:471]   envoy.retry_host_predicates: envoy.retry_host_predicates.omit_canary_hosts, envoy.retry_host_predicates.omit_host_metadata, envoy.retry_host_predicates.previous_hosts
envoy-1  | 2026-09-23T10:19:32.872343231Z [2026-09-23 10:19:32.870][1][info][main] [external/envoy/source/server/server.cc:471]   envoy.health_checkers: envoy.health_checkers.grpc, envoy.health_checkers.http, envoy.health_checkers.redis, envoy.health_checkers.tcp
envoy-1  | 2026-09-23T10:19:32.872350032Z [2026-09-23 10:19:32.870][1][info][main] [external/envoy/source/server/server.cc:471]   envoy.guarddog_actions: envoy.watchdog.abort_action, envoy.watchdog.profile_action
envoy-1  | 2026-09-23T10:19:32.872356774Z [2026-09-23 10:19:32.870][1][info][main] [external/envoy/source/server/server.cc:471]   envoy.udp_packet_writer: envoy.udp_packet_writer.default, envoy.udp_packet_writer.gso
envoy-1  | 2026-09-23T10:19:32.872364353Z [2026-09-23 10:19:32.870][1][info][main] [external/envoy/source/server/server.cc:471]   envoy.http.mcp_sse_stateful_session: envoy.http.mcp_sse_stateful_session.envelope
envoy-1  | 2026-09-23T10:19:32.872370954Z [2026-09-23 10:19:32.870][1][info][main] [external/envoy/source/server/server.cc:471]   network.connection.client: default, envoy_internal
envoy-1  | 2026-09-23T10:19:32.872377752Z [2026-09-23 10:19:32.870][1][info][main] [external/envoy/source/server/server.cc:471]   envoy.dubbo_proxy.filters: envoy.filters.dubbo.router
envoy-1  | 2026-09-23T10:19:32.872384332Z [2026-09-23 10:19:32.870][1][info][main] [external/envoy/source/server/server.cc:471]   envoy.http.original_ip_detection: envoy.http.original_ip_detection.custom_header, envoy.http.original_ip_detection.xff
envoy-1  | 2026-09-23T10:19:32.872391056Z [2026-09-23 10:19:32.870][1][info][main] [external/envoy/source/server/server.cc:471]   envoy.resolvers: envoy.ip
envoy-1  | 2026-09-23T10:19:32.872397729Z [2026-09-23 10:19:32.870][1][info][main] [external/envoy/source/server/server.cc:471]   envoy.quic.connection_id_generator: envoy.quic.deterministic_connection_id_generator
envoy-1  | 2026-09-23T10:19:32.872405374Z [2026-09-23 10:19:32.870][1][info][main] [external/envoy/source/server/server.cc:471]   envoy.network.dns_resolver: envoy.network.dns_resolver.cares
envoy-1  | 2026-09-23T10:19:32.872412614Z [2026-09-23 10:19:32.870][1][info][main] [external/envoy/source/server/server.cc:471]   envoy.http.stateful_header_formatters: envoy.http.stateful_header_formatters.preserve_case, preserve_case
envoy-1  | 2026-09-23T10:19:32.872419872Z [2026-09-23 10:19:32.870][1][info][main] [external/envoy/source/server/server.cc:471]   envoy.access_loggers: envoy.access_loggers.file, envoy.access_loggers.http_grpc, envoy.access_loggers.open_telemetry, envoy.access_loggers.stderr, envoy.access_loggers.stdout, envoy.access_loggers.tcp_grpc, envoy.access_loggers.wasm, envoy.file_access_log, envoy.http_grpc_access_log, envoy.open_telemetry_access_log, envoy.stderr_access_log, envoy.stdout_access_log, envoy.tcp_grpc_access_log, envoy.wasm_access_log
envoy-1  | 2026-09-23T10:19:32.872428095Z [2026-09-23 10:19:32.871][1][info][main] [external/envoy/source/server/server.cc:471]   filter_state.object: envoy.filters.listener.original_dst.local_ip, envoy.filters.listener.original_dst.remote_ip, envoy.network.application_protocols, envoy.network.transport_socket.original_dst_address, envoy.network.upstream_server_name, envoy.network.upstream_subject_alt_names, envoy.ratelimit.hits_addend, envoy.router.debug_config, envoy.tcp_proxy.cluster, envoy.tcp_proxy.disable_tunneling, envoy.tcp_proxy.per_connection_idle_timeout_ms, envoy.upstream.dynamic_host, envoy.upstream.dynamic_port
envoy-1  | 2026-09-23T10:19:32.872449636Z [2026-09-23 10:19:32.871][1][info][main] [external/envoy/source/server/server.cc:471]   envoy.retry_priorities: envoy.retry_priorities.previous_priorities
envoy-1  | 2026-09-23T10:19:32.872456398Z [2026-09-23 10:19:32.871][1][info][main] [external/envoy/source/server/server.cc:471]   envoy.config_subscription: envoy.config_subscription.ads, envoy.config_subscription.ads_collection, envoy.config_subscription.aggregated_grpc_collection, envoy.config_subscription.delta_grpc, envoy.config_subscription.delta_grpc_collection, envoy.config_subscription.filesystem, envoy.config_subscription.filesystem_collection, envoy.config_subscription.grpc, envoy.config_subscription.rest
envoy-1  | 2026-09-23T10:19:32.872464102Z [2026-09-23 10:19:32.871][1][info][main] [external/envoy/source/server/server.cc:471]   envoy.filters.udp_listener: envoy.filters.udp.dns_filter, envoy.filters.udp_listener.udp_proxy
envoy-1  | 2026-09-23T10:19:32.872470686Z [2026-09-23 10:19:32.871][1][info][main] [external/envoy/source/server/server.cc:471]   envoy.sip_proxy.filters: envoy.filters.sip.router
envoy-1  | 2026-09-23T10:19:32.872477127Z [2026-09-23 10:19:32.871][1][info][main] [external/envoy/source/server/server.cc:471]   envoy.thrift_proxy.transports: auto, framed, header, unframed
envoy-1  | 2026-09-23T10:19:32.872483651Z [2026-09-23 10:19:32.871][1][info][main] [external/envoy/source/server/server.cc:471]   envoy.filters.listener: envoy.filters.listener.http_inspector, envoy.filters.listener.original_dst, envoy.filters.listener.original_src, envoy.filters.listener.proxy_protocol, envoy.filters.listener.tls_inspector, envoy.listener.http_inspector, envoy.listener.original_dst, envoy.listener.original_src, envoy.listener.proxy_protocol, envoy.listener.tls_inspector, istio.set_internal_dst_address
envoy-1  | 2026-09-23T10:19:32.872491991Z [2026-09-23 10:19:32.871][1][info][main] [external/envoy/source/server/server.cc:471]   envoy.load_balancing_policies: envoy.load_balancing_policies.least_request, envoy.load_balancing_policies.maglev, envoy.load_balancing_policies.override_host, envoy.load_balancing_policies.random, envoy.load_balancing_policies.ring_hash, envoy.load_balancing_policies.round_robin, envoy.load_balancing_policies.subset
envoy-1  | 2026-09-23T10:19:32.872499386Z [2026-09-23 10:19:32.871][1][info][main] [external/envoy/source/server/server.cc:471]   envoy.quic.proof_source: envoy.quic.proof_source.filter_chain
envoy-1  | 2026-09-23T10:19:32.872506009Z [2026-09-23 10:19:32.871][1][info][main] [external/envoy/source/server/server.cc:471]   envoy.srds_factory: envoy.srds_factory.default
envoy-1  | 2026-09-23T10:19:32.872512487Z [2026-09-23 10:19:32.871][1][info][main] [external/envoy/source/server/server.cc:471]   envoy.compression.compressor: envoy.compression.brotli.compressor, envoy.compression.gzip.compressor, envoy.compression.zstd.compressor
envoy-1  | 2026-09-23T10:19:32.872519399Z [2026-09-23 10:19:32.871][1][info][main] [external/envoy/source/server/server.cc:471]   envoy.grpc_credentials: envoy.grpc_credentials.default, envoy.grpc_credentials.file_based_metadata
envoy-1  | 2026-09-23T10:19:32.872526162Z [2026-09-23 10:19:32.871][1][info][main] [external/envoy/source/server/server.cc:471]   envoy.dubbo_proxy.serializers: dubbo.hessian2
envoy-1  | 2026-09-23T10:19:32.872538403Z [2026-09-23 10:19:32.871][1][info][main] [external/envoy/source/server/server.cc:471]   envoy.listener_manager_impl: envoy.listener_manager_impl.default, envoy.listener_manager_impl.validation
envoy-1  | 2026-09-23T10:19:32.872545385Z [2026-09-23 10:19:32.871][1][info][main] [external/envoy/source/server/server.cc:471]   envoy.transport_sockets.downstream: envoy.transport_sockets.alts, envoy.transport_sockets.quic, envoy.transport_sockets.raw_buffer, envoy.transport_sockets.starttls, envoy.transport_sockets.tap, envoy.transport_sockets.tls, raw_buffer, starttls, tls
envoy-1  | 2026-09-23T10:19:32.872552691Z [2026-09-23 10:19:32.871][1][info][main] [external/envoy/source/server/server.cc:471]   envoy.compression.decompressor: envoy.compression.brotli.decompressor, envoy.compression.gzip.decompressor, envoy.compression.zstd.decompressor
envoy-1  | 2026-09-23T10:19:32.872559579Z [2026-09-23 10:19:32.871][1][info][main] [external/envoy/source/server/server.cc:471]   envoy.common.key_value: envoy.key_value.file_based
envoy-1  | 2026-09-23T10:19:32.872567140Z [2026-09-23 10:19:32.871][1][info][main] [external/envoy/source/server/server.cc:471]   envoy.regex_engines: envoy.regex_engines.google_re2
envoy-1  | 2026-09-23T10:19:32.872573617Z [2026-09-23 10:19:32.871][1][info][main] [external/envoy/source/server/server.cc:471]   envoy.wasm.runtime: envoy.wasm.runtime.null, envoy.wasm.runtime.v8
envoy-1  | 2026-09-23T10:19:32.872580144Z [2026-09-23 10:19:32.871][1][info][main] [external/envoy/source/server/server.cc:471]   envoy.transport_sockets.upstream: envoy.transport_sockets.alts, envoy.transport_sockets.internal_upstream, envoy.transport_sockets.quic, envoy.transport_sockets.raw_buffer, envoy.transport_sockets.starttls, envoy.transport_sockets.tap, envoy.transport_sockets.tls, envoy.transport_sockets.upstream_proxy_protocol, raw_buffer, starttls, tls
envoy-1  | 2026-09-23T10:19:32.872587572Z [2026-09-23 10:19:32.871][1][info][main] [external/envoy/source/server/server.cc:471]   envoy.tls.key_providers: cryptomb, qat
envoy-1  | 2026-09-23T10:19:32.876176728Z [2026-09-23 10:19:32.875][1][info][main] [external/envoy/source/server/server.cc:531] HTTP header map info:
envoy-1  | 2026-09-23T10:19:32.876195410Z [2026-09-23 10:19:32.876][1][info][main] [external/envoy/source/server/server.cc:534]   request header map: 664 bytes: :authority,:method,:path,:protocol,:scheme,accept,accept-encoding,access-control-request-headers,access-control-request-method,access-control-request-private-network,authentication,authorization,cache-control,cdn-loop,connection,content-encoding,content-length,content-type,expect,grpc-accept-encoding,grpc-timeout,if-match,if-modified-since,if-none-match,if-range,if-unmodified-since,keep-alive,origin,pragma,proxy-connection,proxy-status,referer,te,transfer-encoding,upgrade,user-agent,via,x-client-trace-id,x-envoy-attempt-count,x-envoy-decorator-operation,x-envoy-downstream-service-cluster,x-envoy-downstream-service-node,x-envoy-expected-rq-timeout-ms,x-envoy-external-address,x-envoy-force-trace,x-envoy-hedge-on-per-try-timeout,x-envoy-internal,x-envoy-ip-tags,x-envoy-is-timeout-retry,x-envoy-max-retries,x-envoy-original-host,x-envoy-original-path,x-envoy-original-url,x-envoy-retriable-header-names,x-envoy-retriable-status-codes,x-envoy-retry-grpc-on,x-envoy-retry-on,x-envoy-upstream-alt-stat-name,x-envoy-upstream-rq-per-try-timeout-ms,x-envoy-upstream-rq-timeout-alt-response,x-envoy-upstream-rq-timeout-ms,x-envoy-upstream-stream-duration-ms,x-forwarded-client-cert,x-forwarded-for,x-forwarded-host,x-forwarded-port,x-forwarded-proto,x-request-id
envoy-1  | 2026-09-23T10:19:32.876205148Z [2026-09-23 10:19:32.876][1][info][main] [external/envoy/source/server/server.cc:534]   request trailer map: 120 bytes: 
envoy-1  | 2026-09-23T10:19:32.876221655Z [2026-09-23 10:19:32.876][1][info][main] [external/envoy/source/server/server.cc:534]   response header map: 432 bytes: :status,access-control-allow-credentials,access-control-allow-headers,access-control-allow-methods,access-control-allow-origin,access-control-allow-private-network,access-control-expose-headers,access-control-max-age,age,cache-control,connection,content-encoding,content-length,content-type,date,etag,expires,grpc-message,grpc-status,keep-alive,last-modified,location,proxy-connection,proxy-status,server,transfer-encoding,upgrade,vary,via,x-envoy-attempt-count,x-envoy-decorator-operation,x-envoy-degraded,x-envoy-immediate-health-check-fail,x-envoy-ratelimited,x-envoy-upstream-canary,x-envoy-upstream-healthchecked-cluster,x-envoy-upstream-service-time,x-request-id
envoy-1  | 2026-09-23T10:19:32.876228910Z [2026-09-23 10:19:32.876][1][info][main] [external/envoy/source/server/server.cc:534]   response trailer map: 144 bytes: grpc-message,grpc-status
envoy-1  | 2026-09-23T10:19:32.884442546Z [2026-09-23 10:19:32.884][1][info][main] [external/envoy/source/server/server.cc:942] runtime: {}
envoy-1  | 2026-09-23T10:19:32.884515329Z [2026-09-23 10:19:32.884][1][info][main] [external/envoy/source/server/server.cc:774] Starting admin HTTP server at 0.0.0.0:9901
envoy-1  | 2026-09-23T10:19:32.884637213Z [2026-09-23 10:19:32.884][1][info][admin] [external/envoy/source/server/admin/admin.cc:65] admin address: 0.0.0.0:9901
envoy-1  | 2026-09-23T10:19:32.884741692Z [2026-09-23 10:19:32.884][1][info][config] [external/envoy/source/server/configuration_impl.cc:181] loading tracing configuration
envoy-1  | 2026-09-23T10:19:32.884748951Z [2026-09-23 10:19:32.884][1][info][config] [external/envoy/source/server/configuration_impl.cc:132] loading 0 static secret(s)
envoy-1  | 2026-09-23T10:19:32.884753977Z [2026-09-23 10:19:32.884][1][info][config] [external/envoy/source/server/configuration_impl.cc:138] loading 2 cluster(s)
envoy-1  | 2026-09-23T10:19:32.886917460Z [2026-09-23 10:19:32.886][1][info][config] [external/envoy/source/server/configuration_impl.cc:148] loading 1 listener(s)
envoy-1  | 2026-09-23T10:19:32.939347703Z [2026-09-23 10:19:32.939][1][debug][wasm] [external/envoy/source/extensions/common/wasm/wasm.cc:326] Base Wasm created 1 now active
envoy-1  | 2026-09-23T10:19:51.654667644Z [2026-09-23 10:19:51.654][1][debug][wasm] [external/envoy/source/extensions/common/wasm/wasm.cc:364] Thread-Local Wasm created 2 now active
envoy-1  | 2026-09-23T10:19:51.663628035Z [2026-09-23 10:19:51.663][1][debug][wasm] [external/envoy/source/extensions/common/wasm/context.cc:1538] wasm log response-cache response-cache: [response-cache] [nil] [nil] cache provider is set to redis
envoy-1  | 2026-09-23T10:19:51.663662493Z [2026-09-23 10:19:51.663][1][warning][wasm] [external/envoy/source/extensions/common/wasm/context.cc:1544] wasm log response-cache response-cache: failed to init redis: error status returned by host: bad argument, will retry after
envoy-1  | 2026-09-23T10:19:51.663675584Z [2026-09-23 10:19:51.663][1][error][wasm] [external/envoy/source/extensions/common/wasm/context.cc:1547] wasm log response-cache response-cache: [response-cache] [nil] [nil] redis init failed, will try later
envoy-1  | 2026-09-23T10:19:51.663686164Z [2026-09-23 10:19:51.663][1][info][wasm] [external/envoy/source/extensions/common/wasm/context.cc:1541] wasm log response-cache response-cache: [response-cache] [nil] [nil] plugin start successfully
envoy-1  | 2026-09-23T10:19:51.663696504Z [2026-09-23 10:19:51.663][1][debug][wasm] [external/envoy/source/extensions/common/wasm/wasm.cc:417] ~Wasm 1 remaining active
envoy-1  | 2026-09-23T10:19:51.671014629Z [2026-09-23 10:19:51.670][1][debug][wasm] [external/envoy/source/extensions/common/wasm/wasm.cc:364] Thread-Local Wasm created 2 now active
envoy-1  | 2026-09-23T10:19:51.678602214Z [2026-09-23 10:19:51.678][1][debug][wasm] [external/envoy/source/extensions/common/wasm/context.cc:1538] wasm log response-cache response-cache: [response-cache] [nil] [nil] cache provider is set to redis
envoy-1  | 2026-09-23T10:19:51.678636574Z [2026-09-23 10:19:51.678][1][warning][wasm] [external/envoy/source/extensions/common/wasm/context.cc:1544] wasm log response-cache response-cache: failed to init redis: error status returned by host: bad argument, will retry after
envoy-1  | 2026-09-23T10:19:51.678649022Z [2026-09-23 10:19:51.678][1][error][wasm] [external/envoy/source/extensions/common/wasm/context.cc:1547] wasm log response-cache response-cache: [response-cache] [nil] [nil] redis init failed, will try later
envoy-1  | 2026-09-23T10:19:51.678659759Z [2026-09-23 10:19:51.678][1][info][wasm] [external/envoy/source/extensions/common/wasm/context.cc:1541] wasm log response-cache response-cache: [response-cache] [nil] [nil] plugin start successfully
envoy-1  | 2026-09-23T10:19:51.679203051Z [2026-09-23 10:19:51.679][1][info][config] [external/envoy/source/server/configuration_impl.cc:164] loading stats configuration
envoy-1  | 2026-09-23T10:19:51.679725527Z [2026-09-23 10:19:51.679][1][warning][main] [external/envoy/source/server/server.cc:1012] There is no configured limit to the number of allowed active downstream connections. Configure a limit in `envoy.resource_monitors.global_downstream_max_connections` resource monitor.
envoy-1  | 2026-09-23T10:19:51.679739226Z [2026-09-23 10:19:51.679][1][info][main] [external/envoy/source/server/server.cc:1051] starting main dispatch loop
envoy-1  | 2026-09-23T10:19:51.679953100Z [2026-09-23 10:19:51.679][1][info][runtime] [external/envoy/source/common/runtime/runtime_impl.cc:551] RTDS has finished initialization
envoy-1          | 2026-09-23T10:19:51.679988692Z [2026-09-23 10:19:51.679][1][info][upstream] [external/envoy/source/common/upstream/cluster_manager_impl.cc:252] cm init: all clusters initialized
redis-fixture-1  | 2026-09-23T10:19:51.797360953Z {"seq": 0, "time_ns": 3886574891288, "event": "upstream_seen", "id": "warmup", "headers": {"host": "127.0.0.1:19468", "user-agent": "curl/7.81.0", "accept": "*/*", "x-higress-skip-response-cache": "on", "x-forwarded-proto": "http", "x-envoy-original-host": "127.0.0.1:19468", "x-request-id": "0ed3d064-555c-4eba-bbe1-73d01b7a865d", "x-envoy-expected-rq-timeout-ms": "15000", "req-start-time": "1790158791794"}}
envoy-1          | 2026-09-23T10:19:51.680000680Z [2026-09-23 10:19:51.679][1][info][main] [external/envoy/source/server/server.cc:1031] all clusters initialized. initializing init manager
envoy-1          | 2026-09-23T10:19:51.680011664Z [2026-09-23 10:19:51.679][1][info][config] [external/envoy/source/common/listener_manager/listener_manager_impl.cc:1012] all dependencies initialized. starting workers
envoy-1          | 2026-09-23T10:19:51.689402649Z [2026-09-23 10:19:51.689][29][debug][wasm] [external/envoy/source/extensions/common/wasm/wasm.cc:364] Thread-Local Wasm created 3 now active
envoy-1          | 2026-09-23T10:19:51.698083279Z [2026-09-23 10:19:51.697][29][debug][wasm] [external/envoy/source/extensions/common/wasm/context.cc:1538] wasm log response-cache response-cache: [response-cache] [nil] [nil] cache provider is set to redis
redis-fixture-1  | 2026-09-23T10:19:51.805345641Z {"seq": 0, "time_ns": 3886582950177, "event": "prepared", "id": "hit-r1-000", "mode": "hit", "key": "higress-audit:hit-r1-000", "value": "{\"source\":\"cache\",\"value\":\"fixture-only\"}"}
redis-fixture-1  | 2026-09-23T10:19:51.818502705Z {"seq": 1, "time_ns": 3886596122140, "event": "upstream_seen", "id": "hit-r1-000", "headers": {"host": "127.0.0.1:19468", "user-agent": "curl/7.81.0", "accept": "*/*", "x-http-cache-key": "hit-r1-000", "x-verification-id": "hit-r1-000", "x-forwarded-proto": "http", "x-envoy-original-host": "127.0.0.1:19468", "x-request-id": "e7f1a683-4398-42cc-98dd-a437a4245938", "x-envoy-expected-rq-timeout-ms": "15000", "req-start-time": "1790158791815"}}
redis-fixture-1  | 2026-09-23T10:19:51.821432103Z {"seq": 2, "time_ns": 3886599008473, "event": "redis_command", "id": "hit-r1-000", "command": "GET", "args": ["higress-audit:hit-r1-000"]}
redis-fixture-1  | 2026-09-23T10:19:51.821465429Z {"seq": 3, "time_ns": 3886599054962, "event": "redis_get_seen", "id": "hit-r1-000"}
redis-fixture-1  | 2026-09-23T10:19:51.834278737Z {"seq": 4, "time_ns": 3886611881902, "event": "redis_release_requested", "id": "hit-r1-000"}
envoy-1          | 2026-09-23T10:19:51.698118418Z [2026-09-23 10:19:51.697][29][warning][wasm] [external/envoy/source/extensions/common/wasm/context.cc:1544] wasm log response-cache response-cache: failed to init redis: error status returned by host: bad argument, will retry after
envoy-1          | 2026-09-23T10:19:51.698131467Z [2026-09-23 10:19:51.697][29][error][wasm] [external/envoy/source/extensions/common/wasm/context.cc:1547] wasm log response-cache response-cache: [response-cache] [nil] [nil] redis init failed, will try later
redis-fixture-1  | 2026-09-23T10:19:51.834624177Z {"seq": 5, "time_ns": 3886612147384, "event": "redis_reply_released", "id": "hit-r1-000", "mode": "hit"}
redis-fixture-1  | 2026-09-23T10:19:51.839924189Z {"seq": 6, "time_ns": 3886617502928, "event": "client_complete", "id": "hit-r1-000", "status": "200", "curl_exit": 0, "body_sha256": "da87d065c0f96d585f02840dc10c88f7e8edac17ae77dbdae4b9e051a619338f"}
redis-fixture-1  | 2026-09-23T10:19:51.842692358Z {"seq": 7, "time_ns": 3886620252947, "event": "upstream_peer_closed", "id": "hit-r1-000"}
redis-fixture-1  | 2026-09-23T10:19:51.948015702Z {"seq": 8, "time_ns": 3886725649681, "event": "redis_release_requested", "id": "hit-r1-000"}
redis-fixture-1  | 2026-09-23T10:19:51.951642937Z {"seq": 9, "time_ns": 3886729298243, "event": "prepared", "id": "hit-r1-001", "mode": "hit", "key": "higress-audit:hit-r1-001", "value": "{\"source\":\"cache\",\"value\":\"fixture-only\"}"}
redis-fixture-1  | 2026-09-23T10:19:51.965050328Z {"seq": 10, "time_ns": 3886742644475, "event": "upstream_seen", "id": "hit-r1-001", "headers": {"host": "127.0.0.1:19468", "user-agent": "curl/7.81.0", "accept": "*/*", "x-http-cache-key": "hit-r1-001", "x-verification-id": "hit-r1-001", "x-forwarded-proto": "http", "x-envoy-original-host": "127.0.0.1:19468", "x-request-id": "f05eda59-a052-4bf8-8c11-2486e7e9ca4d", "x-envoy-expected-rq-timeout-ms": "15000", "req-start-time": "1790158791962"}}
redis-fixture-1  | 2026-09-23T10:19:51.967600251Z {"seq": 11, "time_ns": 3886745223022, "event": "redis_command", "id": "hit-r1-001", "command": "GET", "args": ["higress-audit:hit-r1-001"]}
redis-fixture-1  | 2026-09-23T10:19:51.967675496Z {"seq": 12, "time_ns": 3886745387556, "event": "redis_get_seen", "id": "hit-r1-001"}
redis-fixture-1  | 2026-09-23T10:19:51.984080177Z {"seq": 13, "time_ns": 3886761723712, "event": "redis_release_requested", "id": "hit-r1-001"}
redis-fixture-1  | 2026-09-23T10:19:51.984210692Z {"seq": 14, "time_ns": 3886761903177, "event": "redis_reply_released", "id": "hit-r1-001", "mode": "hit"}
redis-fixture-1  | 2026-09-23T10:19:51.988826330Z {"seq": 15, "time_ns": 3886766487684, "event": "client_complete", "id": "hit-r1-001", "status": "200", "curl_exit": 0, "body_sha256": "da87d065c0f96d585f02840dc10c88f7e8edac17ae77dbdae4b9e051a619338f"}
redis-fixture-1  | 2026-09-23T10:19:51.991408367Z {"seq": 16, "time_ns": 3886769035887, "event": "upstream_peer_closed", "id": "hit-r1-001"}
redis-fixture-1  | 2026-09-23T10:19:52.097925185Z {"seq": 17, "time_ns": 3886875498357, "event": "redis_release_requested", "id": "hit-r1-001"}
redis-fixture-1  | 2026-09-23T10:19:52.101700814Z {"seq": 18, "time_ns": 3886879322758, "event": "prepared", "id": "hit-r1-002", "mode": "hit", "key": "higress-audit:hit-r1-002", "value": "{\"source\":\"cache\",\"value\":\"fixture-only\"}"}
redis-fixture-1  | 2026-09-23T10:19:52.115003992Z {"seq": 19, "time_ns": 3886892458554, "event": "redis_command", "id": "hit-r1-002", "command": "GET", "args": ["higress-audit:hit-r1-002"]}
redis-fixture-1  | 2026-09-23T10:19:52.115041156Z {"seq": 20, "time_ns": 3886892791125, "event": "redis_get_seen", "id": "hit-r1-002"}
envoy-1          | 2026-09-23T10:19:51.698163935Z [2026-09-23 10:19:51.697][29][info][wasm] [external/envoy/source/extensions/common/wasm/context.cc:1541] wasm log response-cache response-cache: [response-cache] [nil] [nil] plugin start successfully
redis-fixture-1  | 2026-09-23T10:19:52.115174489Z {"seq": 21, "time_ns": 3886892898094, "event": "upstream_seen", "id": "hit-r1-002", "headers": {"host": "127.0.0.1:19468", "user-agent": "curl/7.81.0", "accept": "*/*", "x-http-cache-key": "hit-r1-002", "x-verification-id": "hit-r1-002", "x-forwarded-proto": "http", "x-envoy-original-host": "127.0.0.1:19468", "x-request-id": "153e738c-2989-4dc7-8c7a-ffdab8af6d8a", "x-envoy-expected-rq-timeout-ms": "15000", "req-start-time": "1790158792113"}}
redis-fixture-1  | 2026-09-23T10:19:52.121971996Z {"seq": 22, "time_ns": 3886899541416, "event": "redis_release_requested", "id": "hit-r1-002"}
redis-fixture-1  | 2026-09-23T10:19:52.122046826Z {"seq": 23, "time_ns": 3886899747929, "event": "redis_reply_released", "id": "hit-r1-002", "mode": "hit"}
redis-fixture-1  | 2026-09-23T10:19:52.126411039Z {"seq": 24, "time_ns": 3886904050073, "event": "client_complete", "id": "hit-r1-002", "status": "200", "curl_exit": 0, "body_sha256": "da87d065c0f96d585f02840dc10c88f7e8edac17ae77dbdae4b9e051a619338f"}
redis-fixture-1  | 2026-09-23T10:19:52.128466174Z {"seq": 25, "time_ns": 3886906061204, "event": "upstream_peer_closed", "id": "hit-r1-002"}
redis-fixture-1  | 2026-09-23T10:19:52.234324438Z {"seq": 26, "time_ns": 3887011911446, "event": "redis_release_requested", "id": "hit-r1-002"}
redis-fixture-1  | 2026-09-23T10:19:52.238125810Z {"seq": 27, "time_ns": 3887015761171, "event": "prepared", "id": "hit-r1-003", "mode": "hit", "key": "higress-audit:hit-r1-003", "value": "{\"source\":\"cache\",\"value\":\"fixture-only\"}"}
redis-fixture-1  | 2026-09-23T10:19:52.250565890Z {"seq": 28, "time_ns": 3887028210163, "event": "upstream_seen", "id": "hit-r1-003", "headers": {"host": "127.0.0.1:19468", "user-agent": "curl/7.81.0", "accept": "*/*", "x-http-cache-key": "hit-r1-003", "x-verification-id": "hit-r1-003", "x-forwarded-proto": "http", "x-envoy-original-host": "127.0.0.1:19468", "x-request-id": "d7a261de-4956-42d8-9e5b-5efb6ebc2084", "x-envoy-expected-rq-timeout-ms": "15000", "req-start-time": "1790158792248"}}
envoy-1          | 2026-09-23T10:19:51.798489716Z RID=- CODE=200 DETAIL=via_upstream FLAGS=- UPSTREAM=172.30.0.2:8080
envoy-1          | 2026-09-23T10:19:51.816569659Z [2026-09-23 10:19:51.816][29][debug][wasm] [external/envoy/source/extensions/common/wasm/context.cc:1538] wasm log response-cache response-cache response-cache: [response-cache] [nil] [e7f1a683-4398-42cc-98dd-a437a4245938] [onHttpRequestHeaders] cache key from request header: x-http-cache-key, key: hit-r1-000
envoy-1          | 2026-09-23T10:19:51.816610689Z [2026-09-23 10:19:51.816][29][debug][wasm] [external/envoy/source/extensions/common/wasm/context.cc:1538] wasm log response-cache response-cache response-cache: [response-cache] [nil] [e7f1a683-4398-42cc-98dd-a437a4245938] [response-cache] [CheckCacheForKey] querying cache with key: higress-audit:hit-r1-000
envoy-1          | 2026-09-23T10:19:51.817680060Z [2026-09-23 10:19:51.817][29][debug][wasm] [external/envoy/source/extensions/common/wasm/context.cc:1538] wasm log response-cache response-cache response-cache: redis call start, request-id: aecd37a9-99d0-4094-bd81-bbf6fcfbc8ea, respQuery: KjINCiQzDQpnZXQNCiQyNA0KaGlncmVzcy1hdWRpdDpoaXQtcjEtMDAwDQo=
envoy-1          | 2026-09-23T10:19:51.835273925Z [2026-09-23 10:19:51.835][29][debug][wasm] [external/envoy/source/extensions/common/wasm/context.cc:1538] wasm log response-cache response-cache response-cache: redis call end, request-id: aecd37a9-99d0-4094-bd81-bbf6fcfbc8ea, respQuery: KjINCiQzDQpnZXQNCiQyNA0KaGlncmVzcy1hdWRpdDpoaXQtcjEtMDAwDQo=, respValue: JDQxDQp7InNvdXJjZSI6ImNhY2hlIiwidmFsdWUiOiJmaXh0dXJlLW9ubHkifQ0K
envoy-1          | 2026-09-23T10:19:51.835310546Z [2026-09-23 10:19:51.835][29][info][wasm] [external/envoy/source/extensions/common/wasm/context.cc:1541] wasm log response-cache response-cache response-cache: [response-cache] [nil] [e7f1a683-4398-42cc-98dd-a437a4245938] [response-cache] cache hit for key: hit-r1-000
redis-fixture-1  | 2026-09-23T10:19:52.253594602Z {"seq": 29, "time_ns": 3887031203185, "event": "redis_command", "id": "hit-r1-003", "command": "GET", "args": ["higress-audit:hit-r1-003"]}
redis-fixture-1  | 2026-09-23T10:19:52.253707958Z {"seq": 30, "time_ns": 3887031425486, "event": "redis_get_seen", "id": "hit-r1-003"}
redis-fixture-1  | 2026-09-23T10:19:52.259531391Z {"seq": 31, "time_ns": 3887037098649, "event": "redis_release_requested", "id": "hit-r1-003"}
redis-fixture-1  | 2026-09-23T10:19:52.259586194Z {"seq": 32, "time_ns": 3887037284851, "event": "redis_reply_released", "id": "hit-r1-003", "mode": "hit"}
redis-fixture-1  | 2026-09-23T10:19:52.263899888Z {"seq": 33, "time_ns": 3887041548434, "event": "client_complete", "id": "hit-r1-003", "status": "200", "curl_exit": 0, "body_sha256": "da87d065c0f96d585f02840dc10c88f7e8edac17ae77dbdae4b9e051a619338f"}
redis-fixture-1  | 2026-09-23T10:19:52.266339030Z {"seq": 34, "time_ns": 3887043907221, "event": "upstream_peer_closed", "id": "hit-r1-003"}
redis-fixture-1  | 2026-09-23T10:19:52.372627989Z {"seq": 35, "time_ns": 3887150182613, "event": "redis_release_requested", "id": "hit-r1-003"}
redis-fixture-1  | 2026-09-23T10:19:52.376203112Z {"seq": 36, "time_ns": 3887153768216, "event": "prepared", "id": "hit-r1-004", "mode": "hit", "key": "higress-audit:hit-r1-004", "value": "{\"source\":\"cache\",\"value\":\"fixture-only\"}"}
envoy-1          | 2026-09-23T10:19:51.835362307Z [2026-09-23 10:19:51.835][29][debug][wasm] [external/envoy/source/extensions/common/wasm/context.cc:1538] wasm log response-cache response-cache response-cache: [response-cache] [nil] [e7f1a683-4398-42cc-98dd-a437a4245938] [response-cache] [processCacheHit] cached response for key hit-r1-000: {"source":"cache","value":"fixture-only"}
redis-fixture-1  | 2026-09-23T10:19:52.390347456Z {"seq": 37, "time_ns": 3887167968061, "event": "upstream_seen", "id": "hit-r1-004", "headers": {"host": "127.0.0.1:19468", "user-agent": "curl/7.81.0", "accept": "*/*", "x-http-cache-key": "hit-r1-004", "x-verification-id": "hit-r1-004", "x-forwarded-proto": "http", "x-envoy-original-host": "127.0.0.1:19468", "x-request-id": "03956241-350a-4adc-be8e-8fefb0e8372a", "x-envoy-expected-rq-timeout-ms": "15000", "req-start-time": "1790158792388"}}
redis-fixture-1  | 2026-09-23T10:19:52.393112741Z {"seq": 38, "time_ns": 3887170624177, "event": "redis_command", "id": "hit-r1-004", "command": "GET", "args": ["higress-audit:hit-r1-004"]}
redis-fixture-1  | 2026-09-23T10:19:52.393147582Z {"seq": 39, "time_ns": 3887170738981, "event": "redis_get_seen", "id": "hit-r1-004"}
redis-fixture-1  | 2026-09-23T10:19:52.409797093Z {"seq": 40, "time_ns": 3887187362259, "event": "redis_release_requested", "id": "hit-r1-004"}
redis-fixture-1  | 2026-09-23T10:19:52.409850089Z {"seq": 41, "time_ns": 3887187543625, "event": "redis_reply_released", "id": "hit-r1-004", "mode": "hit"}
redis-fixture-1  | 2026-09-23T10:19:52.414301780Z {"seq": 42, "time_ns": 3887191857583, "event": "client_complete", "id": "hit-r1-004", "status": "200", "curl_exit": 0, "body_sha256": "da87d065c0f96d585f02840dc10c88f7e8edac17ae77dbdae4b9e051a619338f"}
redis-fixture-1  | 2026-09-23T10:19:52.416354451Z {"seq": 43, "time_ns": 3887193929433, "event": "upstream_peer_closed", "id": "hit-r1-004"}
redis-fixture-1  | 2026-09-23T10:19:52.522134810Z {"seq": 44, "time_ns": 3887299686772, "event": "redis_release_requested", "id": "hit-r1-004"}
redis-fixture-1  | 2026-09-23T10:19:52.526533411Z {"seq": 45, "time_ns": 3887304151537, "event": "prepared", "id": "hit-r1-005", "mode": "hit", "key": "higress-audit:hit-r1-005", "value": "{\"source\":\"cache\",\"value\":\"fixture-only\"}"}
redis-fixture-1  | 2026-09-23T10:19:52.539463199Z {"seq": 46, "time_ns": 3887316991049, "event": "redis_command", "id": "hit-r1-005", "command": "GET", "args": ["higress-audit:hit-r1-005"]}
redis-fixture-1  | 2026-09-23T10:19:52.539511439Z {"seq": 47, "time_ns": 3887317256883, "event": "redis_get_seen", "id": "hit-r1-005"}
redis-fixture-1  | 2026-09-23T10:19:52.539615231Z {"seq": 48, "time_ns": 3887317356471, "event": "upstream_seen", "id": "hit-r1-005", "headers": {"host": "127.0.0.1:19468", "user-agent": "curl/7.81.0", "accept": "*/*", "x-http-cache-key": "hit-r1-005", "x-verification-id": "hit-r1-005", "x-forwarded-proto": "http", "x-envoy-original-host": "127.0.0.1:19468", "x-request-id": "eaf9d654-69e5-4c6e-b182-b8bb42da9fdb", "x-envoy-expected-rq-timeout-ms": "15000", "req-start-time": "1790158792537"}}
redis-fixture-1  | 2026-09-23T10:19:52.547548039Z {"seq": 49, "time_ns": 3887325194726, "event": "redis_release_requested", "id": "hit-r1-005"}
redis-fixture-1  | 2026-09-23T10:19:52.547690509Z {"seq": 50, "time_ns": 3887325387269, "event": "redis_reply_released", "id": "hit-r1-005", "mode": "hit"}
redis-fixture-1  | 2026-09-23T10:19:52.552340993Z {"seq": 51, "time_ns": 3887329950836, "event": "client_complete", "id": "hit-r1-005", "status": "200", "curl_exit": 0, "body_sha256": "da87d065c0f96d585f02840dc10c88f7e8edac17ae77dbdae4b9e051a619338f"}
redis-fixture-1  | 2026-09-23T10:19:52.554408852Z {"seq": 52, "time_ns": 3887332107129, "event": "upstream_peer_closed", "id": "hit-r1-005"}
envoy-1          | 2026-09-23T10:19:51.835715316Z [2026-09-23 10:19:51.835][29][debug][wasm] [external/envoy/source/extensions/common/wasm/context.cc:1538] wasm log response-cache response-cache response-cache: [response-cache] [nil] [e7f1a683-4398-42cc-98dd-a437a4245938] SetResponseBodyBufferLimit: 10485760
envoy-1          | 2026-09-23T10:19:51.835824046Z [2026-09-23 10:19:51.835][29][debug][wasm] [external/envoy/source/extensions/common/wasm/context.cc:1538] wasm log response-cache response-cache response-cache: [response-cache] [nil] [e7f1a683-4398-42cc-98dd-a437a4245938] [onHttpResponseBody] key is nil, skip cache
redis-fixture-1  | 2026-09-23T10:19:52.660759380Z {"seq": 53, "time_ns": 3887438360716, "event": "redis_release_requested", "id": "hit-r1-005"}
redis-fixture-1  | 2026-09-23T10:19:52.664496392Z {"seq": 54, "time_ns": 3887442136767, "event": "prepared", "id": "hit-r1-006", "mode": "hit", "key": "higress-audit:hit-r1-006", "value": "{\"source\":\"cache\",\"value\":\"fixture-only\"}"}
redis-fixture-1  | 2026-09-23T10:19:52.678277081Z {"seq": 55, "time_ns": 3887455852063, "event": "upstream_seen", "id": "hit-r1-006", "headers": {"host": "127.0.0.1:19468", "user-agent": "curl/7.81.0", "accept": "*/*", "x-http-cache-key": "hit-r1-006", "x-verification-id": "hit-r1-006", "x-forwarded-proto": "http", "x-envoy-original-host": "127.0.0.1:19468", "x-request-id": "090b7d09-586e-4cc1-91e8-ee8002717c66", "x-envoy-expected-rq-timeout-ms": "15000", "req-start-time": "1790158792676"}}
envoy-1          | 2026-09-23T10:19:51.963450107Z [2026-09-23 10:19:51.963][29][debug][wasm] [external/envoy/source/extensions/common/wasm/context.cc:1538] wasm log response-cache response-cache response-cache: [response-cache] [nil] [f05eda59-a052-4bf8-8c11-2486e7e9ca4d] [onHttpRequestHeaders] cache key from request header: x-http-cache-key, key: hit-r1-001
envoy-1          | 2026-09-23T10:19:51.963484775Z [2026-09-23 10:19:51.963][29][debug][wasm] [external/envoy/source/extensions/common/wasm/context.cc:1538] wasm log response-cache response-cache response-cache: [response-cache] [nil] [f05eda59-a052-4bf8-8c11-2486e7e9ca4d] [response-cache] [CheckCacheForKey] querying cache with key: higress-audit:hit-r1-001
envoy-1          | 2026-09-23T10:19:51.963538642Z [2026-09-23 10:19:51.963][29][debug][wasm] [external/envoy/source/extensions/common/wasm/context.cc:1538] wasm log response-cache response-cache response-cache: redis call start, request-id: 5f8ea0c1-ca20-42ff-8bdd-30f3cb6fd364, respQuery: KjINCiQzDQpnZXQNCiQyNA0KaGlncmVzcy1hdWRpdDpoaXQtcjEtMDAxDQo=
envoy-1          | 2026-09-23T10:19:51.984647495Z [2026-09-23 10:19:51.984][29][debug][wasm] [external/envoy/source/extensions/common/wasm/context.cc:1538] wasm log response-cache response-cache response-cache: redis call end, request-id: 5f8ea0c1-ca20-42ff-8bdd-30f3cb6fd364, respQuery: KjINCiQzDQpnZXQNCiQyNA0KaGlncmVzcy1hdWRpdDpoaXQtcjEtMDAxDQo=, respValue: JDQxDQp7InNvdXJjZSI6ImNhY2hlIiwidmFsdWUiOiJmaXh0dXJlLW9ubHkifQ0K
redis-fixture-1  | 2026-09-23T10:19:52.681195939Z {"seq": 56, "time_ns": 3887458831543, "event": "redis_command", "id": "hit-r1-006", "command": "GET", "args": ["higress-audit:hit-r1-006"]}
redis-fixture-1  | 2026-09-23T10:19:52.681233128Z {"seq": 57, "time_ns": 3887458908544, "event": "redis_get_seen", "id": "hit-r1-006"}
redis-fixture-1  | 2026-09-23T10:19:52.698124276Z {"seq": 58, "time_ns": 3887475684611, "event": "redis_release_requested", "id": "hit-r1-006"}
redis-fixture-1  | 2026-09-23T10:19:52.698199365Z {"seq": 59, "time_ns": 3887475891281, "event": "redis_reply_released", "id": "hit-r1-006", "mode": "hit"}
envoy-1          | 2026-09-23T10:19:51.984656081Z [2026-09-23 10:19:51.984][29][info][wasm] [external/envoy/source/extensions/common/wasm/context.cc:1541] wasm log response-cache response-cache response-cache: [response-cache] [nil] [f05eda59-a052-4bf8-8c11-2486e7e9ca4d] [response-cache] cache hit for key: hit-r1-001
envoy-1          | 2026-09-23T10:19:51.984703171Z [2026-09-23 10:19:51.984][29][debug][wasm] [external/envoy/source/extensions/common/wasm/context.cc:1538] wasm log response-cache response-cache response-cache: [response-cache] [nil] [f05eda59-a052-4bf8-8c11-2486e7e9ca4d] [response-cache] [processCacheHit] cached response for key hit-r1-001: {"source":"cache","value":"fixture-only"}
redis-fixture-1  | 2026-09-23T10:19:52.702155988Z {"seq": 60, "time_ns": 3887479737921, "event": "client_complete", "id": "hit-r1-006", "status": "200", "curl_exit": 0, "body_sha256": "da87d065c0f96d585f02840dc10c88f7e8edac17ae77dbdae4b9e051a619338f"}
redis-fixture-1  | 2026-09-23T10:19:52.704706479Z {"seq": 61, "time_ns": 3887482232672, "event": "upstream_peer_closed", "id": "hit-r1-006"}
redis-fixture-1  | 2026-09-23T10:19:52.809939294Z {"seq": 62, "time_ns": 3887587501289, "event": "redis_release_requested", "id": "hit-r1-006"}
redis-fixture-1  | 2026-09-23T10:19:52.814315127Z {"seq": 63, "time_ns": 3887591921022, "event": "prepared", "id": "hit-r1-007", "mode": "hit", "key": "higress-audit:hit-r1-007", "value": "{\"source\":\"cache\",\"value\":\"fixture-only\"}"}
redis-fixture-1  | 2026-09-23T10:19:52.836382899Z {"seq": 64, "time_ns": 3887613948973, "event": "upstream_seen", "id": "hit-r1-007", "headers": {"host": "127.0.0.1:19468", "user-agent": "curl/7.81.0", "accept": "*/*", "x-http-cache-key": "hit-r1-007", "x-verification-id": "hit-r1-007", "x-forwarded-proto": "http", "x-envoy-original-host": "127.0.0.1:19468", "x-request-id": "b6d50da8-e26a-4b87-9fc2-a584126aaa8c", "x-envoy-expected-rq-timeout-ms": "15000", "req-start-time": "1790158792834"}}
redis-fixture-1  | 2026-09-23T10:19:52.839356607Z {"seq": 65, "time_ns": 3887616952773, "event": "redis_command", "id": "hit-r1-007", "command": "GET", "args": ["higress-audit:hit-r1-007"]}
redis-fixture-1  | 2026-09-23T10:19:52.839389983Z {"seq": 66, "time_ns": 3887617079222, "event": "redis_get_seen", "id": "hit-r1-007"}
redis-fixture-1  | 2026-09-23T10:19:52.857342895Z {"seq": 67, "time_ns": 3887634971799, "event": "redis_release_requested", "id": "hit-r1-007"}
envoy-1          | 2026-09-23T10:19:51.985049040Z [2026-09-23 10:19:51.984][29][debug][wasm] [external/envoy/source/extensions/common/wasm/context.cc:1538] wasm log response-cache response-cache response-cache: [response-cache] [nil] [f05eda59-a052-4bf8-8c11-2486e7e9ca4d] SetResponseBodyBufferLimit: 10485760
envoy-1          | 2026-09-23T10:19:51.985179133Z [2026-09-23 10:19:51.985][29][debug][wasm] [external/envoy/source/extensions/common/wasm/context.cc:1538] wasm log response-cache response-cache response-cache: [response-cache] [nil] [f05eda59-a052-4bf8-8c11-2486e7e9ca4d] [onHttpResponseBody] key is nil, skip cache
envoy-1          | 2026-09-23T10:19:52.113655810Z [2026-09-23 10:19:52.113][29][debug][wasm] [external/envoy/source/extensions/common/wasm/context.cc:1538] wasm log response-cache response-cache response-cache: [response-cache] [nil] [153e738c-2989-4dc7-8c7a-ffdab8af6d8a] [onHttpRequestHeaders] cache key from request header: x-http-cache-key, key: hit-r1-002
envoy-1          | 2026-09-23T10:19:52.113692057Z [2026-09-23 10:19:52.113][29][debug][wasm] [external/envoy/source/extensions/common/wasm/context.cc:1538] wasm log response-cache response-cache response-cache: [response-cache] [nil] [153e738c-2989-4dc7-8c7a-ffdab8af6d8a] [response-cache] [CheckCacheForKey] querying cache with key: higress-audit:hit-r1-002
envoy-1          | 2026-09-23T10:19:52.113815078Z [2026-09-23 10:19:52.113][29][debug][wasm] [external/envoy/source/extensions/common/wasm/context.cc:1538] wasm log response-cache response-cache response-cache: redis call start, request-id: c0b07206-dbbe-4ba0-8f1d-ed16be221be5, respQuery: KjINCiQzDQpnZXQNCiQyNA0KaGlncmVzcy1hdWRpdDpoaXQtcjEtMDAyDQo=
envoy-1          | 2026-09-23T10:19:52.122483005Z [2026-09-23 10:19:52.122][29][debug][wasm] [external/envoy/source/extensions/common/wasm/context.cc:1538] wasm log response-cache response-cache response-cache: redis call end, request-id: c0b07206-dbbe-4ba0-8f1d-ed16be221be5, respQuery: KjINCiQzDQpnZXQNCiQyNA0KaGlncmVzcy1hdWRpdDpoaXQtcjEtMDAyDQo=, respValue: JDQxDQp7InNvdXJjZSI6ImNhY2hlIiwidmFsdWUiOiJmaXh0dXJlLW9ubHkifQ0K
envoy-1          | 2026-09-23T10:19:52.122518489Z [2026-09-23 10:19:52.122][29][info][wasm] [external/envoy/source/extensions/common/wasm/context.cc:1541] wasm log response-cache response-cache response-cache: [response-cache] [nil] [153e738c-2989-4dc7-8c7a-ffdab8af6d8a] [response-cache] cache hit for key: hit-r1-002
envoy-1          | 2026-09-23T10:19:52.122561621Z [2026-09-23 10:19:52.122][29][debug][wasm] [external/envoy/source/extensions/common/wasm/context.cc:1538] wasm log response-cache response-cache response-cache: [response-cache] [nil] [153e738c-2989-4dc7-8c7a-ffdab8af6d8a] [response-cache] [processCacheHit] cached response for key hit-r1-002: {"source":"cache","value":"fixture-only"}
envoy-1          | 2026-09-23T10:19:52.122885844Z [2026-09-23 10:19:52.122][29][debug][wasm] [external/envoy/source/extensions/common/wasm/context.cc:1538] wasm log response-cache response-cache response-cache: [response-cache] [nil] [153e738c-2989-4dc7-8c7a-ffdab8af6d8a] SetResponseBodyBufferLimit: 10485760
redis-fixture-1  | 2026-09-23T10:19:52.857416385Z {"seq": 68, "time_ns": 3887635123649, "event": "redis_reply_released", "id": "hit-r1-007", "mode": "hit"}
redis-fixture-1  | 2026-09-23T10:19:52.861815797Z {"seq": 69, "time_ns": 3887639383410, "event": "client_complete", "id": "hit-r1-007", "status": "200", "curl_exit": 0, "body_sha256": "da87d065c0f96d585f02840dc10c88f7e8edac17ae77dbdae4b9e051a619338f"}
redis-fixture-1  | 2026-09-23T10:19:52.863944317Z {"seq": 70, "time_ns": 3887641539575, "event": "upstream_peer_closed", "id": "hit-r1-007"}
redis-fixture-1  | 2026-09-23T10:19:52.969731582Z {"seq": 71, "time_ns": 3887747379107, "event": "redis_release_requested", "id": "hit-r1-007"}
redis-fixture-1  | 2026-09-23T10:19:52.973980354Z {"seq": 72, "time_ns": 3887751602233, "event": "prepared", "id": "hit-r1-008", "mode": "hit", "key": "higress-audit:hit-r1-008", "value": "{\"source\":\"cache\",\"value\":\"fixture-only\"}"}
redis-fixture-1  | 2026-09-23T10:19:52.987508845Z {"seq": 73, "time_ns": 3887765157495, "event": "redis_command", "id": "hit-r1-008", "command": "GET", "args": ["higress-audit:hit-r1-008"]}
redis-fixture-1  | 2026-09-23T10:19:52.987530720Z {"seq": 74, "time_ns": 3887765205484, "event": "redis_get_seen", "id": "hit-r1-008"}
redis-fixture-1  | 2026-09-23T10:19:52.987857011Z {"seq": 75, "time_ns": 3887765572681, "event": "upstream_seen", "id": "hit-r1-008", "headers": {"host": "127.0.0.1:19468", "user-agent": "curl/7.81.0", "accept": "*/*", "x-http-cache-key": "hit-r1-008", "x-verification-id": "hit-r1-008", "x-forwarded-proto": "http", "x-envoy-original-host": "127.0.0.1:19468", "x-request-id": "9be4f561-6456-4d52-82d3-50d6b510f2b8", "x-envoy-expected-rq-timeout-ms": "15000", "req-start-time": "1790158792986"}}
redis-fixture-1  | 2026-09-23T10:19:52.996007129Z {"seq": 76, "time_ns": 3887773596023, "event": "redis_release_requested", "id": "hit-r1-008"}
redis-fixture-1  | 2026-09-23T10:19:52.996042446Z {"seq": 77, "time_ns": 3887773738484, "event": "redis_reply_released", "id": "hit-r1-008", "mode": "hit"}
envoy-1          | 2026-09-23T10:19:52.123029969Z [2026-09-23 10:19:52.122][29][debug][wasm] [external/envoy/source/extensions/common/wasm/context.cc:1538] wasm log response-cache response-cache response-cache: [response-cache] [nil] [153e738c-2989-4dc7-8c7a-ffdab8af6d8a] [onHttpResponseBody] key is nil, skip cache
envoy-1          | 2026-09-23T10:19:52.249259716Z [2026-09-23 10:19:52.249][29][debug][wasm] [external/envoy/source/extensions/common/wasm/context.cc:1538] wasm log response-cache response-cache response-cache: [response-cache] [nil] [d7a261de-4956-42d8-9e5b-5efb6ebc2084] [onHttpRequestHeaders] cache key from request header: x-http-cache-key, key: hit-r1-003
envoy-1          | 2026-09-23T10:19:52.249293852Z [2026-09-23 10:19:52.249][29][debug][wasm] [external/envoy/source/extensions/common/wasm/context.cc:1538] wasm log response-cache response-cache response-cache: [response-cache] [nil] [d7a261de-4956-42d8-9e5b-5efb6ebc2084] [response-cache] [CheckCacheForKey] querying cache with key: higress-audit:hit-r1-003
envoy-1          | 2026-09-23T10:19:52.249389121Z [2026-09-23 10:19:52.249][29][debug][wasm] [external/envoy/source/extensions/common/wasm/context.cc:1538] wasm log response-cache response-cache response-cache: redis call start, request-id: c0354821-6c77-4f87-8724-c34144397801, respQuery: KjINCiQzDQpnZXQNCiQyNA0KaGlncmVzcy1hdWRpdDpoaXQtcjEtMDAzDQo=
envoy-1          | 2026-09-23T10:19:52.260071406Z [2026-09-23 10:19:52.259][29][debug][wasm] [external/envoy/source/extensions/common/wasm/context.cc:1538] wasm log response-cache response-cache response-cache: redis call end, request-id: c0354821-6c77-4f87-8724-c34144397801, respQuery: KjINCiQzDQpnZXQNCiQyNA0KaGlncmVzcy1hdWRpdDpoaXQtcjEtMDAzDQo=, respValue: JDQxDQp7InNvdXJjZSI6ImNhY2hlIiwidmFsdWUiOiJmaXh0dXJlLW9ubHkifQ0K
redis-fixture-1  | 2026-09-23T10:19:53.000242834Z {"seq": 78, "time_ns": 3887777786151, "event": "client_complete", "id": "hit-r1-008", "status": "200", "curl_exit": 0, "body_sha256": "da87d065c0f96d585f02840dc10c88f7e8edac17ae77dbdae4b9e051a619338f"}
redis-fixture-1  | 2026-09-23T10:19:53.002450419Z {"seq": 79, "time_ns": 3887780112636, "event": "upstream_peer_closed", "id": "hit-r1-008"}
envoy-1          | 2026-09-23T10:19:52.260104927Z [2026-09-23 10:19:52.259][29][info][wasm] [external/envoy/source/extensions/common/wasm/context.cc:1541] wasm log response-cache response-cache response-cache: [response-cache] [nil] [d7a261de-4956-42d8-9e5b-5efb6ebc2084] [response-cache] cache hit for key: hit-r1-003
envoy-1          | 2026-09-23T10:19:52.260123418Z [2026-09-23 10:19:52.260][29][debug][wasm] [external/envoy/source/extensions/common/wasm/context.cc:1538] wasm log response-cache response-cache response-cache: [response-cache] [nil] [d7a261de-4956-42d8-9e5b-5efb6ebc2084] [response-cache] [processCacheHit] cached response for key hit-r1-003: {"source":"cache","value":"fixture-only"}
envoy-1          | 2026-09-23T10:19:52.260456402Z [2026-09-23 10:19:52.260][29][debug][wasm] [external/envoy/source/extensions/common/wasm/context.cc:1538] wasm log response-cache response-cache response-cache: [response-cache] [nil] [d7a261de-4956-42d8-9e5b-5efb6ebc2084] SetResponseBodyBufferLimit: 10485760
envoy-1          | 2026-09-23T10:19:52.260587819Z [2026-09-23 10:19:52.260][29][debug][wasm] [external/envoy/source/extensions/common/wasm/context.cc:1538] wasm log response-cache response-cache response-cache: [response-cache] [nil] [d7a261de-4956-42d8-9e5b-5efb6ebc2084] [onHttpResponseBody] key is nil, skip cache
envoy-1          | 2026-09-23T10:19:52.388806917Z [2026-09-23 10:19:52.388][29][debug][wasm] [external/envoy/source/extensions/common/wasm/context.cc:1538] wasm log response-cache response-cache response-cache: [response-cache] [nil] [03956241-350a-4adc-be8e-8fefb0e8372a] [onHttpRequestHeaders] cache key from request header: x-http-cache-key, key: hit-r1-004
envoy-1          | 2026-09-23T10:19:52.388849681Z [2026-09-23 10:19:52.388][29][debug][wasm] [external/envoy/source/extensions/common/wasm/context.cc:1538] wasm log response-cache response-cache response-cache: [response-cache] [nil] [03956241-350a-4adc-be8e-8fefb0e8372a] [response-cache] [CheckCacheForKey] querying cache with key: higress-audit:hit-r1-004
redis-fixture-1  | 2026-09-23T10:19:53.108573589Z {"seq": 80, "time_ns": 3887886132556, "event": "redis_release_requested", "id": "hit-r1-008"}
redis-fixture-1  | 2026-09-23T10:19:53.112772425Z {"seq": 81, "time_ns": 3887890337516, "event": "prepared", "id": "hit-r1-009", "mode": "hit", "key": "higress-audit:hit-r1-009", "value": "{\"source\":\"cache\",\"value\":\"fixture-only\"}"}
redis-fixture-1  | 2026-09-23T10:19:53.125694167Z {"seq": 82, "time_ns": 3887903255193, "event": "upstream_seen", "id": "hit-r1-009", "headers": {"host": "127.0.0.1:19468", "user-agent": "curl/7.81.0", "accept": "*/*", "x-http-cache-key": "hit-r1-009", "x-verification-id": "hit-r1-009", "x-forwarded-proto": "http", "x-envoy-original-host": "127.0.0.1:19468", "x-request-id": "ccfeb2fd-4cc0-4afb-bd6e-d0bb5ae29f28", "x-envoy-expected-rq-timeout-ms": "15000", "req-start-time": "1790158793123"}}
redis-fixture-1  | 2026-09-23T10:19:53.128549872Z {"seq": 83, "time_ns": 3887906150880, "event": "redis_command", "id": "hit-r1-009", "command": "GET", "args": ["higress-audit:hit-r1-009"]}
redis-fixture-1  | 2026-09-23T10:19:53.128583505Z {"seq": 84, "time_ns": 3887906278633, "event": "redis_get_seen", "id": "hit-r1-009"}
envoy-1          | 2026-09-23T10:19:52.388957213Z [2026-09-23 10:19:52.388][29][debug][wasm] [external/envoy/source/extensions/common/wasm/context.cc:1538] wasm log response-cache response-cache response-cache: redis call start, request-id: c00e8128-ff1c-41ec-a9d3-17c5c8ddd6d5, respQuery: KjINCiQzDQpnZXQNCiQyNA0KaGlncmVzcy1hdWRpdDpoaXQtcjEtMDA0DQo=
envoy-1          | 2026-09-23T10:19:52.410385102Z [2026-09-23 10:19:52.410][29][debug][wasm] [external/envoy/source/extensions/common/wasm/context.cc:1538] wasm log response-cache response-cache response-cache: redis call end, request-id: c00e8128-ff1c-41ec-a9d3-17c5c8ddd6d5, respQuery: KjINCiQzDQpnZXQNCiQyNA0KaGlncmVzcy1hdWRpdDpoaXQtcjEtMDA0DQo=, respValue: JDQxDQp7InNvdXJjZSI6ImNhY2hlIiwidmFsdWUiOiJmaXh0dXJlLW9ubHkifQ0K
envoy-1          | 2026-09-23T10:19:52.410417985Z [2026-09-23 10:19:52.410][29][info][wasm] [external/envoy/source/extensions/common/wasm/context.cc:1541] wasm log response-cache response-cache response-cache: [response-cache] [nil] [03956241-350a-4adc-be8e-8fefb0e8372a] [response-cache] cache hit for key: hit-r1-004
envoy-1          | 2026-09-23T10:19:52.410437390Z [2026-09-23 10:19:52.410][29][debug][wasm] [external/envoy/source/extensions/common/wasm/context.cc:1538] wasm log response-cache response-cache response-cache: [response-cache] [nil] [03956241-350a-4adc-be8e-8fefb0e8372a] [response-cache] [processCacheHit] cached response for key hit-r1-004: {"source":"cache","value":"fixture-only"}
envoy-1          | 2026-09-23T10:19:52.410727104Z [2026-09-23 10:19:52.410][29][debug][wasm] [external/envoy/source/extensions/common/wasm/context.cc:1538] wasm log response-cache response-cache response-cache: [response-cache] [nil] [03956241-350a-4adc-be8e-8fefb0e8372a] SetResponseBodyBufferLimit: 10485760
envoy-1          | 2026-09-23T10:19:52.410861544Z [2026-09-23 10:19:52.410][29][debug][wasm] [external/envoy/source/extensions/common/wasm/context.cc:1538] wasm log response-cache response-cache response-cache: [response-cache] [nil] [03956241-350a-4adc-be8e-8fefb0e8372a] [onHttpResponseBody] key is nil, skip cache
envoy-1          | 2026-09-23T10:19:52.538226193Z [2026-09-23 10:19:52.537][29][debug][wasm] [external/envoy/source/extensions/common/wasm/context.cc:1538] wasm log response-cache response-cache response-cache: [response-cache] [nil] [eaf9d654-69e5-4c6e-b182-b8bb42da9fdb] [onHttpRequestHeaders] cache key from request header: x-http-cache-key, key: hit-r1-005
envoy-1          | 2026-09-23T10:19:52.538261494Z [2026-09-23 10:19:52.538][29][debug][wasm] [external/envoy/source/extensions/common/wasm/context.cc:1538] wasm log response-cache response-cache response-cache: [response-cache] [nil] [eaf9d654-69e5-4c6e-b182-b8bb42da9fdb] [response-cache] [CheckCacheForKey] querying cache with key: higress-audit:hit-r1-005
envoy-1          | 2026-09-23T10:19:52.538388275Z [2026-09-23 10:19:52.538][29][debug][wasm] [external/envoy/source/extensions/common/wasm/context.cc:1538] wasm log response-cache response-cache response-cache: redis call start, request-id: e99c6940-fbd3-4008-a43d-32988a0b9477, respQuery: KjINCiQzDQpnZXQNCiQyNA0KaGlncmVzcy1hdWRpdDpoaXQtcjEtMDA1DQo=
envoy-1          | 2026-09-23T10:19:52.548174016Z [2026-09-23 10:19:52.547][29][debug][wasm] [external/envoy/source/extensions/common/wasm/context.cc:1538] wasm log response-cache response-cache response-cache: redis call end, request-id: e99c6940-fbd3-4008-a43d-32988a0b9477, respQuery: KjINCiQzDQpnZXQNCiQyNA0KaGlncmVzcy1hdWRpdDpoaXQtcjEtMDA1DQo=, respValue: JDQxDQp7InNvdXJjZSI6ImNhY2hlIiwidmFsdWUiOiJmaXh0dXJlLW9ubHkifQ0K
envoy-1          | 2026-09-23T10:19:52.548212032Z [2026-09-23 10:19:52.548][29][info][wasm] [external/envoy/source/extensions/common/wasm/context.cc:1541] wasm log response-cache response-cache response-cache: [response-cache] [nil] [eaf9d654-69e5-4c6e-b182-b8bb42da9fdb] [response-cache] cache hit for key: hit-r1-005
envoy-1          | 2026-09-23T10:19:52.548231829Z [2026-09-23 10:19:52.548][29][debug][wasm] [external/envoy/source/extensions/common/wasm/context.cc:1538] wasm log response-cache response-cache response-cache: [response-cache] [nil] [eaf9d654-69e5-4c6e-b182-b8bb42da9fdb] [response-cache] [processCacheHit] cached response for key hit-r1-005: {"source":"cache","value":"fixture-only"}
envoy-1          | 2026-09-23T10:19:52.548524720Z [2026-09-23 10:19:52.548][29][debug][wasm] [external/envoy/source/extensions/common/wasm/context.cc:1538] wasm log response-cache response-cache response-cache: [response-cache] [nil] [eaf9d654-69e5-4c6e-b182-b8bb42da9fdb] SetResponseBodyBufferLimit: 10485760
envoy-1          | 2026-09-23T10:19:52.548659169Z [2026-09-23 10:19:52.548][29][debug][wasm] [external/envoy/source/extensions/common/wasm/context.cc:1538] wasm log response-cache response-cache response-cache: [response-cache] [nil] [eaf9d654-69e5-4c6e-b182-b8bb42da9fdb] [onHttpResponseBody] key is nil, skip cache
envoy-1          | 2026-09-23T10:19:52.677051848Z [2026-09-23 10:19:52.676][29][debug][wasm] [external/envoy/source/extensions/common/wasm/context.cc:1538] wasm log response-cache response-cache response-cache: [response-cache] [nil] [090b7d09-586e-4cc1-91e8-ee8002717c66] [onHttpRequestHeaders] cache key from request header: x-http-cache-key, key: hit-r1-006
redis-fixture-1  | 2026-09-23T10:19:53.135245344Z {"seq": 85, "time_ns": 3887912820850, "event": "redis_release_requested", "id": "hit-r1-009"}
redis-fixture-1  | 2026-09-23T10:19:53.135300892Z {"seq": 86, "time_ns": 3887912989288, "event": "redis_reply_released", "id": "hit-r1-009", "mode": "hit"}
redis-fixture-1  | 2026-09-23T10:19:53.139503293Z {"seq": 87, "time_ns": 3887917082973, "event": "client_complete", "id": "hit-r1-009", "status": "200", "curl_exit": 0, "body_sha256": "da87d065c0f96d585f02840dc10c88f7e8edac17ae77dbdae4b9e051a619338f"}
redis-fixture-1  | 2026-09-23T10:19:53.142123964Z {"seq": 88, "time_ns": 3887919713357, "event": "upstream_peer_closed", "id": "hit-r1-009"}
redis-fixture-1  | 2026-09-23T10:19:53.248591256Z {"seq": 89, "time_ns": 3888026173412, "event": "redis_release_requested", "id": "hit-r1-009"}
envoy-1          | 2026-09-23T10:19:52.677086961Z [2026-09-23 10:19:52.676][29][debug][wasm] [external/envoy/source/extensions/common/wasm/context.cc:1538] wasm log response-cache response-cache response-cache: [response-cache] [nil] [090b7d09-586e-4cc1-91e8-ee8002717c66] [response-cache] [CheckCacheForKey] querying cache with key: higress-audit:hit-r1-006
envoy-1          | 2026-09-23T10:19:52.677120345Z [2026-09-23 10:19:52.677][29][debug][wasm] [external/envoy/source/extensions/common/wasm/context.cc:1538] wasm log response-cache response-cache response-cache: redis call start, request-id: 7ead4960-2f2b-4020-8f56-fab0e380d794, respQuery: KjINCiQzDQpnZXQNCiQyNA0KaGlncmVzcy1hdWRpdDpoaXQtcjEtMDA2DQo=
envoy-1          | 2026-09-23T10:19:52.698711810Z [2026-09-23 10:19:52.698][29][debug][wasm] [external/envoy/source/extensions/common/wasm/context.cc:1538] wasm log response-cache response-cache response-cache: redis call end, request-id: 7ead4960-2f2b-4020-8f56-fab0e380d794, respQuery: KjINCiQzDQpnZXQNCiQyNA0KaGlncmVzcy1hdWRpdDpoaXQtcjEtMDA2DQo=, respValue: JDQxDQp7InNvdXJjZSI6ImNhY2hlIiwidmFsdWUiOiJmaXh0dXJlLW9ubHkifQ0K
envoy-1          | 2026-09-23T10:19:52.698730369Z [2026-09-23 10:19:52.698][29][info][wasm] [external/envoy/source/extensions/common/wasm/context.cc:1541] wasm log response-cache response-cache response-cache: [response-cache] [nil] [090b7d09-586e-4cc1-91e8-ee8002717c66] [response-cache] cache hit for key: hit-r1-006
envoy-1          | 2026-09-23T10:19:52.698741950Z [2026-09-23 10:19:52.698][29][debug][wasm] [external/envoy/source/extensions/common/wasm/context.cc:1538] wasm log response-cache response-cache response-cache: [response-cache] [nil] [090b7d09-586e-4cc1-91e8-ee8002717c66] [response-cache] [processCacheHit] cached response for key hit-r1-006: {"source":"cache","value":"fixture-only"}
envoy-1          | 2026-09-23T10:19:52.699049859Z [2026-09-23 10:19:52.698][29][debug][wasm] [external/envoy/source/extensions/common/wasm/context.cc:1538] wasm log response-cache response-cache response-cache: [response-cache] [nil] [090b7d09-586e-4cc1-91e8-ee8002717c66] SetResponseBodyBufferLimit: 10485760
envoy-1          | 2026-09-23T10:19:52.699139989Z [2026-09-23 10:19:52.699][29][debug][wasm] [external/envoy/source/extensions/common/wasm/context.cc:1538] wasm log response-cache response-cache response-cache: [response-cache] [nil] [090b7d09-586e-4cc1-91e8-ee8002717c66] [onHttpResponseBody] key is nil, skip cache
envoy-1          | 2026-09-23T10:19:52.835165315Z [2026-09-23 10:19:52.834][29][debug][wasm] [external/envoy/source/extensions/common/wasm/context.cc:1538] wasm log response-cache response-cache response-cache: [response-cache] [nil] [b6d50da8-e26a-4b87-9fc2-a584126aaa8c] [onHttpRequestHeaders] cache key from request header: x-http-cache-key, key: hit-r1-007
envoy-1          | 2026-09-23T10:19:52.835198131Z [2026-09-23 10:19:52.834][29][debug][wasm] [external/envoy/source/extensions/common/wasm/context.cc:1538] wasm log response-cache response-cache response-cache: [response-cache] [nil] [b6d50da8-e26a-4b87-9fc2-a584126aaa8c] [response-cache] [CheckCacheForKey] querying cache with key: higress-audit:hit-r1-007
envoy-1          | 2026-09-23T10:19:52.835231407Z [2026-09-23 10:19:52.835][29][debug][wasm] [external/envoy/source/extensions/common/wasm/context.cc:1538] wasm log response-cache response-cache response-cache: redis call start, request-id: 392758cd-d9ae-4a5c-a601-d147aaade2ab, respQuery: KjINCiQzDQpnZXQNCiQyNA0KaGlncmVzcy1hdWRpdDpoaXQtcjEtMDA3DQo=
envoy-1          | 2026-09-23T10:19:52.857950652Z [2026-09-23 10:19:52.857][29][debug][wasm] [external/envoy/source/extensions/common/wasm/context.cc:1538] wasm log response-cache response-cache response-cache: redis call end, request-id: 392758cd-d9ae-4a5c-a601-d147aaade2ab, respQuery: KjINCiQzDQpnZXQNCiQyNA0KaGlncmVzcy1hdWRpdDpoaXQtcjEtMDA3DQo=, respValue: JDQxDQp7InNvdXJjZSI6ImNhY2hlIiwidmFsdWUiOiJmaXh0dXJlLW9ubHkifQ0K
envoy-1          | 2026-09-23T10:19:52.857969440Z [2026-09-23 10:19:52.857][29][info][wasm] [external/envoy/source/extensions/common/wasm/context.cc:1541] wasm log response-cache response-cache response-cache: [response-cache] [nil] [b6d50da8-e26a-4b87-9fc2-a584126aaa8c] [response-cache] cache hit for key: hit-r1-007
envoy-1          | 2026-09-23T10:19:52.857980577Z [2026-09-23 10:19:52.857][29][debug][wasm] [external/envoy/source/extensions/common/wasm/context.cc:1538] wasm log response-cache response-cache response-cache: [response-cache] [nil] [b6d50da8-e26a-4b87-9fc2-a584126aaa8c] [response-cache] [processCacheHit] cached response for key hit-r1-007: {"source":"cache","value":"fixture-only"}
envoy-1          | 2026-09-23T10:19:52.858325495Z [2026-09-23 10:19:52.858][29][debug][wasm] [external/envoy/source/extensions/common/wasm/context.cc:1538] wasm log response-cache response-cache response-cache: [response-cache] [nil] [b6d50da8-e26a-4b87-9fc2-a584126aaa8c] SetResponseBodyBufferLimit: 10485760
envoy-1          | 2026-09-23T10:19:52.858415624Z [2026-09-23 10:19:52.858][29][debug][wasm] [external/envoy/source/extensions/common/wasm/context.cc:1538] wasm log response-cache response-cache response-cache: [response-cache] [nil] [b6d50da8-e26a-4b87-9fc2-a584126aaa8c] [onHttpResponseBody] key is nil, skip cache
envoy-1          | 2026-09-23T10:19:52.986580285Z [2026-09-23 10:19:52.986][29][debug][wasm] [external/envoy/source/extensions/common/wasm/context.cc:1538] wasm log response-cache response-cache response-cache: [response-cache] [nil] [9be4f561-6456-4d52-82d3-50d6b510f2b8] [onHttpRequestHeaders] cache key from request header: x-http-cache-key, key: hit-r1-008
envoy-1          | 2026-09-23T10:19:52.986631541Z [2026-09-23 10:19:52.986][29][debug][wasm] [external/envoy/source/extensions/common/wasm/context.cc:1538] wasm log response-cache response-cache response-cache: [response-cache] [nil] [9be4f561-6456-4d52-82d3-50d6b510f2b8] [response-cache] [CheckCacheForKey] querying cache with key: higress-audit:hit-r1-008
envoy-1          | 2026-09-23T10:19:52.986719238Z [2026-09-23 10:19:52.986][29][debug][wasm] [external/envoy/source/extensions/common/wasm/context.cc:1538] wasm log response-cache response-cache response-cache: redis call start, request-id: 37ce900b-a79c-45e6-a4be-3e93be3cfb1a, respQuery: KjINCiQzDQpnZXQNCiQyNA0KaGlncmVzcy1hdWRpdDpoaXQtcjEtMDA4DQo=
envoy-1          | 2026-09-23T10:19:52.996420273Z [2026-09-23 10:19:52.996][29][debug][wasm] [external/envoy/source/extensions/common/wasm/context.cc:1538] wasm log response-cache response-cache response-cache: redis call end, request-id: 37ce900b-a79c-45e6-a4be-3e93be3cfb1a, respQuery: KjINCiQzDQpnZXQNCiQyNA0KaGlncmVzcy1hdWRpdDpoaXQtcjEtMDA4DQo=, respValue: JDQxDQp7InNvdXJjZSI6ImNhY2hlIiwidmFsdWUiOiJmaXh0dXJlLW9ubHkifQ0K
redis-fixture-1  | 2026-09-23T10:19:53.253023247Z {"seq": 90, "time_ns": 3888030599597, "event": "prepared", "id": "hit-r1-010", "mode": "hit", "key": "higress-audit:hit-r1-010", "value": "{\"source\":\"cache\",\"value\":\"fixture-only\"}"}
redis-fixture-1  | 2026-09-23T10:19:53.266886144Z {"seq": 91, "time_ns": 3888044453125, "event": "upstream_seen", "id": "hit-r1-010", "headers": {"host": "127.0.0.1:19468", "user-agent": "curl/7.81.0", "accept": "*/*", "x-http-cache-key": "hit-r1-010", "x-verification-id": "hit-r1-010", "x-forwarded-proto": "http", "x-envoy-original-host": "127.0.0.1:19468", "x-request-id": "14aee82e-7cd1-48a7-a42f-dd4a53ed9548", "x-envoy-expected-rq-timeout-ms": "15000", "req-start-time": "1790158793265"}}
redis-fixture-1  | 2026-09-23T10:19:53.266923864Z {"seq": 92, "time_ns": 3888044605297, "event": "redis_command", "id": "hit-r1-010", "command": "GET", "args": ["higress-audit:hit-r1-010"]}
redis-fixture-1  | 2026-09-23T10:19:53.266956065Z {"seq": 93, "time_ns": 3888044678644, "event": "redis_get_seen", "id": "hit-r1-010"}
redis-fixture-1  | 2026-09-23T10:19:53.276798008Z {"seq": 94, "time_ns": 3888054365886, "event": "redis_release_requested", "id": "hit-r1-010"}
redis-fixture-1  | 2026-09-23T10:19:53.276865989Z {"seq": 95, "time_ns": 3888054508020, "event": "redis_reply_released", "id": "hit-r1-010", "mode": "hit"}
redis-fixture-1  | 2026-09-23T10:19:53.280934760Z {"seq": 96, "time_ns": 3888058521571, "event": "client_complete", "id": "hit-r1-010", "status": "200", "curl_exit": 0, "body_sha256": "da87d065c0f96d585f02840dc10c88f7e8edac17ae77dbdae4b9e051a619338f"}
envoy-1          | 2026-09-23T10:19:52.996438873Z [2026-09-23 10:19:52.996][29][info][wasm] [external/envoy/source/extensions/common/wasm/context.cc:1541] wasm log response-cache response-cache response-cache: [response-cache] [nil] [9be4f561-6456-4d52-82d3-50d6b510f2b8] [response-cache] cache hit for key: hit-r1-008
envoy-1          | 2026-09-23T10:19:52.996449369Z [2026-09-23 10:19:52.996][29][debug][wasm] [external/envoy/source/extensions/common/wasm/context.cc:1538] wasm log response-cache response-cache response-cache: [response-cache] [nil] [9be4f561-6456-4d52-82d3-50d6b510f2b8] [response-cache] [processCacheHit] cached response for key hit-r1-008: {"source":"cache","value":"fixture-only"}
envoy-1          | 2026-09-23T10:19:52.996761179Z [2026-09-23 10:19:52.996][29][debug][wasm] [external/envoy/source/extensions/common/wasm/context.cc:1538] wasm log response-cache response-cache response-cache: [response-cache] [nil] [9be4f561-6456-4d52-82d3-50d6b510f2b8] SetResponseBodyBufferLimit: 10485760
envoy-1          | 2026-09-23T10:19:52.996859856Z [2026-09-23 10:19:52.996][29][debug][wasm] [external/envoy/source/extensions/common/wasm/context.cc:1538] wasm log response-cache response-cache response-cache: [response-cache] [nil] [9be4f561-6456-4d52-82d3-50d6b510f2b8] [onHttpResponseBody] key is nil, skip cache
envoy-1          | 2026-09-23T10:19:53.124418450Z [2026-09-23 10:19:53.124][29][debug][wasm] [external/envoy/source/extensions/common/wasm/context.cc:1538] wasm log response-cache response-cache response-cache: [response-cache] [nil] [ccfeb2fd-4cc0-4afb-bd6e-d0bb5ae29f28] [onHttpRequestHeaders] cache key from request header: x-http-cache-key, key: hit-r1-009
envoy-1          | 2026-09-23T10:19:53.124450990Z [2026-09-23 10:19:53.124][29][debug][wasm] [external/envoy/source/extensions/common/wasm/context.cc:1538] wasm log response-cache response-cache response-cache: [response-cache] [nil] [ccfeb2fd-4cc0-4afb-bd6e-d0bb5ae29f28] [response-cache] [CheckCacheForKey] querying cache with key: higress-audit:hit-r1-009
envoy-1          | 2026-09-23T10:19:53.124487762Z [2026-09-23 10:19:53.124][29][debug][wasm] [external/envoy/source/extensions/common/wasm/context.cc:1538] wasm log response-cache response-cache response-cache: redis call start, request-id: 7dfe5296-993a-46ad-81dc-05dacde15848, respQuery: KjINCiQzDQpnZXQNCiQyNA0KaGlncmVzcy1hdWRpdDpoaXQtcjEtMDA5DQo=
envoy-1          | 2026-09-23T10:19:53.135693199Z [2026-09-23 10:19:53.135][29][debug][wasm] [external/envoy/source/extensions/common/wasm/context.cc:1538] wasm log response-cache response-cache response-cache: redis call end, request-id: 7dfe5296-993a-46ad-81dc-05dacde15848, respQuery: KjINCiQzDQpnZXQNCiQyNA0KaGlncmVzcy1hdWRpdDpoaXQtcjEtMDA5DQo=, respValue: JDQxDQp7InNvdXJjZSI6ImNhY2hlIiwidmFsdWUiOiJmaXh0dXJlLW9ubHkifQ0K
envoy-1          | 2026-09-23T10:19:53.135743987Z [2026-09-23 10:19:53.135][29][info][wasm] [external/envoy/source/extensions/common/wasm/context.cc:1541] wasm log response-cache response-cache response-cache: [response-cache] [nil] [ccfeb2fd-4cc0-4afb-bd6e-d0bb5ae29f28] [response-cache] cache hit for key: hit-r1-009
redis-fixture-1  | 2026-09-23T10:19:53.283495523Z {"seq": 97, "time_ns": 3888061069818, "event": "upstream_peer_closed", "id": "hit-r1-010"}
envoy-1          | 2026-09-23T10:19:53.135756600Z [2026-09-23 10:19:53.135][29][debug][wasm] [external/envoy/source/extensions/common/wasm/context.cc:1538] wasm log response-cache response-cache response-cache: [response-cache] [nil] [ccfeb2fd-4cc0-4afb-bd6e-d0bb5ae29f28] [response-cache] [processCacheHit] cached response for key hit-r1-009: {"source":"cache","value":"fixture-only"}
envoy-1          | 2026-09-23T10:19:53.135814384Z [2026-09-23 10:19:53.135][29][debug][wasm] [external/envoy/source/extensions/common/wasm/context.cc:1538] wasm log response-cache response-cache response-cache: [response-cache] [nil] [ccfeb2fd-4cc0-4afb-bd6e-d0bb5ae29f28] SetResponseBodyBufferLimit: 10485760
envoy-1          | 2026-09-23T10:19:53.135893032Z [2026-09-23 10:19:53.135][29][debug][wasm] [external/envoy/source/extensions/common/wasm/context.cc:1538] wasm log response-cache response-cache response-cache: [response-cache] [nil] [ccfeb2fd-4cc0-4afb-bd6e-d0bb5ae29f28] [onHttpResponseBody] key is nil, skip cache
envoy-1          | 2026-09-23T10:19:53.265707687Z [2026-09-23 10:19:53.265][29][debug][wasm] [external/envoy/source/extensions/common/wasm/context.cc:1538] wasm log response-cache response-cache response-cache: [response-cache] [nil] [14aee82e-7cd1-48a7-a42f-dd4a53ed9548] [onHttpRequestHeaders] cache key from request header: x-http-cache-key, key: hit-r1-010
envoy-1          | 2026-09-23T10:19:53.265739904Z [2026-09-23 10:19:53.265][29][debug][wasm] [external/envoy/source/extensions/common/wasm/context.cc:1538] wasm log response-cache response-cache response-cache: [response-cache] [nil] [14aee82e-7cd1-48a7-a42f-dd4a53ed9548] [response-cache] [CheckCacheForKey] querying cache with key: higress-audit:hit-r1-010
envoy-1          | 2026-09-23T10:19:53.265771060Z [2026-09-23 10:19:53.265][29][debug][wasm] [external/envoy/source/extensions/common/wasm/context.cc:1538] wasm log response-cache response-cache response-cache: redis call start, request-id: 63fbe849-9a2d-4085-9f98-83992f98200a, respQuery: KjINCiQzDQpnZXQNCiQyNA0KaGlncmVzcy1hdWRpdDpoaXQtcjEtMDEwDQo=
envoy-1          | 2026-09-23T10:19:53.277304324Z [2026-09-23 10:19:53.277][29][debug][wasm] [external/envoy/source/extensions/common/wasm/context.cc:1538] wasm log response-cache response-cache response-cache: redis call end, request-id: 63fbe849-9a2d-4085-9f98-83992f98200a, respQuery: KjINCiQzDQpnZXQNCiQyNA0KaGlncmVzcy1hdWRpdDpoaXQtcjEtMDEwDQo=, respValue: JDQxDQp7InNvdXJjZSI6ImNhY2hlIiwidmFsdWUiOiJmaXh0dXJlLW9ubHkifQ0K
redis-fixture-1  | 2026-09-23T10:19:53.390525780Z {"seq": 98, "time_ns": 3888168126295, "event": "redis_release_requested", "id": "hit-r1-010"}
redis-fixture-1  | 2026-09-23T10:19:53.394913949Z {"seq": 99, "time_ns": 3888172486885, "event": "prepared", "id": "hit-r1-011", "mode": "hit", "key": "higress-audit:hit-r1-011", "value": "{\"source\":\"cache\",\"value\":\"fixture-only\"}"}
redis-fixture-1  | 2026-09-23T10:19:53.408054505Z {"seq": 100, "time_ns": 3888185637611, "event": "upstream_seen", "id": "hit-r1-011", "headers": {"host": "127.0.0.1:19468", "user-agent": "curl/7.81.0", "accept": "*/*", "x-http-cache-key": "hit-r1-011", "x-verification-id": "hit-r1-011", "x-forwarded-proto": "http", "x-envoy-original-host": "127.0.0.1:19468", "x-request-id": "27b72aa4-8e52-49b1-85ec-9d3de405d04c", "x-envoy-expected-rq-timeout-ms": "15000", "req-start-time": "1790158793406"}}
redis-fixture-1  | 2026-09-23T10:19:53.411122616Z {"seq": 101, "time_ns": 3888188580715, "event": "redis_command", "id": "hit-r1-011", "command": "GET", "args": ["higress-audit:hit-r1-011"]}
redis-fixture-1  | 2026-09-23T10:19:53.411306195Z {"seq": 102, "time_ns": 3888188901693, "event": "redis_get_seen", "id": "hit-r1-011"}
envoy-1          | 2026-09-23T10:19:53.277337056Z [2026-09-23 10:19:53.277][29][info][wasm] [external/envoy/source/extensions/common/wasm/context.cc:1541] wasm log response-cache response-cache response-cache: [response-cache] [nil] [14aee82e-7cd1-48a7-a42f-dd4a53ed9548] [response-cache] cache hit for key: hit-r1-010
envoy-1          | 2026-09-23T10:19:53.277348856Z [2026-09-23 10:19:53.277][29][debug][wasm] [external/envoy/source/extensions/common/wasm/context.cc:1538] wasm log response-cache response-cache response-cache: [response-cache] [nil] [14aee82e-7cd1-48a7-a42f-dd4a53ed9548] [response-cache] [processCacheHit] cached response for key hit-r1-010: {"source":"cache","value":"fixture-only"}
envoy-1          | 2026-09-23T10:19:53.277578766Z [2026-09-23 10:19:53.277][29][debug][wasm] [external/envoy/source/extensions/common/wasm/context.cc:1538] wasm log response-cache response-cache response-cache: [response-cache] [nil] [14aee82e-7cd1-48a7-a42f-dd4a53ed9548] SetResponseBodyBufferLimit: 10485760
envoy-1          | 2026-09-23T10:19:53.277670455Z [2026-09-23 10:19:53.277][29][debug][wasm] [external/envoy/source/extensions/common/wasm/context.cc:1538] wasm log response-cache response-cache response-cache: [response-cache] [nil] [14aee82e-7cd1-48a7-a42f-dd4a53ed9548] [onHttpResponseBody] key is nil, skip cache
envoy-1          | 2026-09-23T10:19:53.406904417Z [2026-09-23 10:19:53.406][29][debug][wasm] [external/envoy/source/extensions/common/wasm/context.cc:1538] wasm log response-cache response-cache response-cache: [response-cache] [nil] [27b72aa4-8e52-49b1-85ec-9d3de405d04c] [onHttpRequestHeaders] cache key from request header: x-http-cache-key, key: hit-r1-011
envoy-1          | 2026-09-23T10:19:53.406936321Z [2026-09-23 10:19:53.406][29][debug][wasm] [external/envoy/source/extensions/common/wasm/context.cc:1538] wasm log response-cache response-cache response-cache: [response-cache] [nil] [27b72aa4-8e52-49b1-85ec-9d3de405d04c] [response-cache] [CheckCacheForKey] querying cache with key: higress-audit:hit-r1-011
envoy-1          | 2026-09-23T10:19:53.407014534Z [2026-09-23 10:19:53.406][29][debug][wasm] [external/envoy/source/extensions/common/wasm/context.cc:1538] wasm log response-cache response-cache response-cache: redis call start, request-id: dc11dbdc-763e-4886-8c43-b7896ea5640a, respQuery: KjINCiQzDQpnZXQNCiQyNA0KaGlncmVzcy1hdWRpdDpoaXQtcjEtMDExDQo=
envoy-1          | 2026-09-23T10:19:53.419720414Z [2026-09-23 10:19:53.419][29][debug][wasm] [external/envoy/source/extensions/common/wasm/context.cc:1538] wasm log response-cache response-cache response-cache: redis call end, request-id: dc11dbdc-763e-4886-8c43-b7896ea5640a, respQuery: KjINCiQzDQpnZXQNCiQyNA0KaGlncmVzcy1hdWRpdDpoaXQtcjEtMDExDQo=, respValue: JDQxDQp7InNvdXJjZSI6ImNhY2hlIiwidmFsdWUiOiJmaXh0dXJlLW9ubHkifQ0K
envoy-1          | 2026-09-23T10:19:53.419739107Z [2026-09-23 10:19:53.419][29][info][wasm] [external/envoy/source/extensions/common/wasm/context.cc:1541] wasm log response-cache response-cache response-cache: [response-cache] [nil] [27b72aa4-8e52-49b1-85ec-9d3de405d04c] [response-cache] cache hit for key: hit-r1-011
envoy-1          | 2026-09-23T10:19:53.419750059Z [2026-09-23 10:19:53.419][29][debug][wasm] [external/envoy/source/extensions/common/wasm/context.cc:1538] wasm log response-cache response-cache response-cache: [response-cache] [nil] [27b72aa4-8e52-49b1-85ec-9d3de405d04c] [response-cache] [processCacheHit] cached response for key hit-r1-011: {"source":"cache","value":"fixture-only"}
envoy-1          | 2026-09-23T10:19:53.420016017Z [2026-09-23 10:19:53.419][29][debug][wasm] [external/envoy/source/extensions/common/wasm/context.cc:1538] wasm log response-cache response-cache response-cache: [response-cache] [nil] [27b72aa4-8e52-49b1-85ec-9d3de405d04c] SetResponseBodyBufferLimit: 10485760
envoy-1          | 2026-09-23T10:19:53.420095369Z [2026-09-23 10:19:53.420][29][debug][wasm] [external/envoy/source/extensions/common/wasm/context.cc:1538] wasm log response-cache response-cache response-cache: [response-cache] [nil] [27b72aa4-8e52-49b1-85ec-9d3de405d04c] [onHttpResponseBody] key is nil, skip cache
envoy-1          | 2026-09-23T10:19:53.550337303Z [2026-09-23 10:19:53.550][29][debug][wasm] [external/envoy/source/extensions/common/wasm/context.cc:1538] wasm log response-cache response-cache response-cache: [response-cache] [nil] [5e712878-7be3-4f22-a5a2-5ac06f45feb8] [onHttpRequestHeaders] cache key from request header: x-http-cache-key, key: hit-r1-012
envoy-1          | 2026-09-23T10:19:53.550363755Z [2026-09-23 10:19:53.550][29][debug][wasm] [external/envoy/source/extensions/common/wasm/context.cc:1538] wasm log response-cache response-cache response-cache: [response-cache] [nil] [5e712878-7be3-4f22-a5a2-5ac06f45feb8] [response-cache] [CheckCacheForKey] querying cache with key: higress-audit:hit-r1-012
redis-fixture-1  | 2026-09-23T10:19:53.419170845Z {"seq": 103, "time_ns": 3888196796395, "event": "redis_release_requested", "id": "hit-r1-011"}
redis-fixture-1  | 2026-09-23T10:19:53.419244609Z {"seq": 104, "time_ns": 3888196932891, "event": "redis_reply_released", "id": "hit-r1-011", "mode": "hit"}
redis-fixture-1  | 2026-09-23T10:19:53.423425981Z {"seq": 105, "time_ns": 3888201112561, "event": "client_complete", "id": "hit-r1-011", "status": "200", "curl_exit": 0, "body_sha256": "da87d065c0f96d585f02840dc10c88f7e8edac17ae77dbdae4b9e051a619338f"}
redis-fixture-1  | 2026-09-23T10:19:53.425912777Z {"seq": 106, "time_ns": 3888203531024, "event": "upstream_peer_closed", "id": "hit-r1-011"}
redis-fixture-1  | 2026-09-23T10:19:53.533316709Z {"seq": 107, "time_ns": 3888310917217, "event": "redis_release_requested", "id": "hit-r1-011"}
redis-fixture-1  | 2026-09-23T10:19:53.538033770Z {"seq": 108, "time_ns": 3888315697950, "event": "prepared", "id": "hit-r1-012", "mode": "hit", "key": "higress-audit:hit-r1-012", "value": "{\"source\":\"cache\",\"value\":\"fixture-only\"}"}
redis-fixture-1  | 2026-09-23T10:19:53.551455952Z {"seq": 109, "time_ns": 3888328870638, "event": "redis_command", "id": "hit-r1-012", "command": "GET", "args": ["higress-audit:hit-r1-012"]}
redis-fixture-1  | 2026-09-23T10:19:53.551579809Z {"seq": 110, "time_ns": 3888329294308, "event": "upstream_seen", "id": "hit-r1-012", "headers": {"host": "127.0.0.1:19468", "user-agent": "curl/7.81.0", "accept": "*/*", "x-http-cache-key": "hit-r1-012", "x-verification-id": "hit-r1-012", "x-forwarded-proto": "http", "x-envoy-original-host": "127.0.0.1:19468", "x-request-id": "5e712878-7be3-4f22-a5a2-5ac06f45feb8", "x-envoy-expected-rq-timeout-ms": "15000", "req-start-time": "1790158793549"}}
envoy-1          | 2026-09-23T10:19:53.550455963Z [2026-09-23 10:19:53.550][29][debug][wasm] [external/envoy/source/extensions/common/wasm/context.cc:1538] wasm log response-cache response-cache response-cache: redis call start, request-id: 3d52f9fa-3feb-441c-b832-c95b19a718db, respQuery: KjINCiQzDQpnZXQNCiQyNA0KaGlncmVzcy1hdWRpdDpoaXQtcjEtMDEyDQo=
envoy-1          | 2026-09-23T10:19:53.562270678Z [2026-09-23 10:19:53.562][29][debug][wasm] [external/envoy/source/extensions/common/wasm/context.cc:1538] wasm log response-cache response-cache response-cache: redis call end, request-id: 3d52f9fa-3feb-441c-b832-c95b19a718db, respQuery: KjINCiQzDQpnZXQNCiQyNA0KaGlncmVzcy1hdWRpdDpoaXQtcjEtMDEyDQo=, respValue: JDQxDQp7InNvdXJjZSI6ImNhY2hlIiwidmFsdWUiOiJmaXh0dXJlLW9ubHkifQ0K
envoy-1          | 2026-09-23T10:19:53.562291979Z [2026-09-23 10:19:53.562][29][info][wasm] [external/envoy/source/extensions/common/wasm/context.cc:1541] wasm log response-cache response-cache response-cache: [response-cache] [nil] [5e712878-7be3-4f22-a5a2-5ac06f45feb8] [response-cache] cache hit for key: hit-r1-012
envoy-1          | 2026-09-23T10:19:53.562333734Z [2026-09-23 10:19:53.562][29][debug][wasm] [external/envoy/source/extensions/common/wasm/context.cc:1538] wasm log response-cache response-cache response-cache: [response-cache] [nil] [5e712878-7be3-4f22-a5a2-5ac06f45feb8] [response-cache] [processCacheHit] cached response for key hit-r1-012: {"source":"cache","value":"fixture-only"}
envoy-1          | 2026-09-23T10:19:53.562582884Z [2026-09-23 10:19:53.562][29][debug][wasm] [external/envoy/source/extensions/common/wasm/context.cc:1538] wasm log response-cache response-cache response-cache: [response-cache] [nil] [5e712878-7be3-4f22-a5a2-5ac06f45feb8] SetResponseBodyBufferLimit: 10485760
envoy-1          | 2026-09-23T10:19:53.562680722Z [2026-09-23 10:19:53.562][29][debug][wasm] [external/envoy/source/extensions/common/wasm/context.cc:1538] wasm log response-cache response-cache response-cache: [response-cache] [nil] [5e712878-7be3-4f22-a5a2-5ac06f45feb8] [onHttpResponseBody] key is nil, skip cache
envoy-1          | 2026-09-23T10:19:53.692407819Z [2026-09-23 10:19:53.692][29][debug][wasm] [external/envoy/source/extensions/common/wasm/context.cc:1538] wasm log response-cache response-cache response-cache: [response-cache] [nil] [10dd06e5-6f20-444e-83c4-a05efd353cef] [onHttpRequestHeaders] cache key from request header: x-http-cache-key, key: hit-r1-013
envoy-1          | 2026-09-23T10:19:53.692440691Z [2026-09-23 10:19:53.692][29][debug][wasm] [external/envoy/source/extensions/common/wasm/context.cc:1538] wasm log response-cache response-cache response-cache: [response-cache] [nil] [10dd06e5-6f20-444e-83c4-a05efd353cef] [response-cache] [CheckCacheForKey] querying cache with key: higress-audit:hit-r1-013
envoy-1          | 2026-09-23T10:19:53.692453823Z [2026-09-23 10:19:53.692][29][debug][wasm] [external/envoy/source/extensions/common/wasm/context.cc:1538] wasm log response-cache response-cache response-cache: redis call start, request-id: b4f13859-da8b-44df-9a76-f7e02f317012, respQuery: KjINCiQzDQpnZXQNCiQyNA0KaGlncmVzcy1hdWRpdDpoaXQtcjEtMDEzDQo=
envoy-1          | 2026-09-23T10:19:53.704963459Z [2026-09-23 10:19:53.704][29][debug][wasm] [external/envoy/source/extensions/common/wasm/context.cc:1538] wasm log response-cache response-cache response-cache: redis call end, request-id: b4f13859-da8b-44df-9a76-f7e02f317012, respQuery: KjINCiQzDQpnZXQNCiQyNA0KaGlncmVzcy1hdWRpdDpoaXQtcjEtMDEzDQo=, respValue: JDQxDQp7InNvdXJjZSI6ImNhY2hlIiwidmFsdWUiOiJmaXh0dXJlLW9ubHkifQ0K
envoy-1          | 2026-09-23T10:19:53.705001783Z [2026-09-23 10:19:53.704][29][info][wasm] [external/envoy/source/extensions/common/wasm/context.cc:1541] wasm log response-cache response-cache response-cache: [response-cache] [nil] [10dd06e5-6f20-444e-83c4-a05efd353cef] [response-cache] cache hit for key: hit-r1-013
envoy-1          | 2026-09-23T10:19:53.705015308Z [2026-09-23 10:19:53.704][29][debug][wasm] [external/envoy/source/extensions/common/wasm/context.cc:1538] wasm log response-cache response-cache response-cache: [response-cache] [nil] [10dd06e5-6f20-444e-83c4-a05efd353cef] [response-cache] [processCacheHit] cached response for key hit-r1-013: {"source":"cache","value":"fixture-only"}
envoy-1          | 2026-09-23T10:19:53.705288025Z [2026-09-23 10:19:53.705][29][debug][wasm] [external/envoy/source/extensions/common/wasm/context.cc:1538] wasm log response-cache response-cache response-cache: [response-cache] [nil] [10dd06e5-6f20-444e-83c4-a05efd353cef] SetResponseBodyBufferLimit: 10485760
envoy-1          | 2026-09-23T10:19:53.705388926Z [2026-09-23 10:19:53.705][29][debug][wasm] [external/envoy/source/extensions/common/wasm/context.cc:1538] wasm log response-cache response-cache response-cache: [response-cache] [nil] [10dd06e5-6f20-444e-83c4-a05efd353cef] [onHttpResponseBody] key is nil, skip cache
envoy-1          | 2026-09-23T10:19:53.836138588Z [2026-09-23 10:19:53.835][29][debug][wasm] [external/envoy/source/extensions/common/wasm/context.cc:1538] wasm log response-cache response-cache response-cache: [response-cache] [nil] [3cac011c-291a-4871-a532-ce4bb8369786] [onHttpRequestHeaders] cache key from request header: x-http-cache-key, key: hit-r1-014
envoy-1          | 2026-09-23T10:19:53.836171095Z [2026-09-23 10:19:53.835][29][debug][wasm] [external/envoy/source/extensions/common/wasm/context.cc:1538] wasm log response-cache response-cache response-cache: [response-cache] [nil] [3cac011c-291a-4871-a532-ce4bb8369786] [response-cache] [CheckCacheForKey] querying cache with key: higress-audit:hit-r1-014
envoy-1          | 2026-09-23T10:19:53.836263813Z [2026-09-23 10:19:53.836][29][debug][wasm] [external/envoy/source/extensions/common/wasm/context.cc:1538] wasm log response-cache response-cache response-cache: redis call start, request-id: d85b8560-389d-468f-acc3-488e4ffdad58, respQuery: KjINCiQzDQpnZXQNCiQyNA0KaGlncmVzcy1hdWRpdDpoaXQtcjEtMDE0DQo=
envoy-1          | 2026-09-23T10:19:53.848664484Z [2026-09-23 10:19:53.848][29][debug][wasm] [external/envoy/source/extensions/common/wasm/context.cc:1538] wasm log response-cache response-cache response-cache: redis call end, request-id: d85b8560-389d-468f-acc3-488e4ffdad58, respQuery: KjINCiQzDQpnZXQNCiQyNA0KaGlncmVzcy1hdWRpdDpoaXQtcjEtMDE0DQo=, respValue: JDQxDQp7InNvdXJjZSI6ImNhY2hlIiwidmFsdWUiOiJmaXh0dXJlLW9ubHkifQ0K
envoy-1          | 2026-09-23T10:19:53.848682480Z [2026-09-23 10:19:53.848][29][info][wasm] [external/envoy/source/extensions/common/wasm/context.cc:1541] wasm log response-cache response-cache response-cache: [response-cache] [nil] [3cac011c-291a-4871-a532-ce4bb8369786] [response-cache] cache hit for key: hit-r1-014
envoy-1          | 2026-09-23T10:19:53.848694124Z [2026-09-23 10:19:53.848][29][debug][wasm] [external/envoy/source/extensions/common/wasm/context.cc:1538] wasm log response-cache response-cache response-cache: [response-cache] [nil] [3cac011c-291a-4871-a532-ce4bb8369786] [response-cache] [processCacheHit] cached response for key hit-r1-014: {"source":"cache","value":"fixture-only"}
envoy-1          | 2026-09-23T10:19:53.848984917Z [2026-09-23 10:19:53.848][29][debug][wasm] [external/envoy/source/extensions/common/wasm/context.cc:1538] wasm log response-cache response-cache response-cache: [response-cache] [nil] [3cac011c-291a-4871-a532-ce4bb8369786] SetResponseBodyBufferLimit: 10485760
envoy-1          | 2026-09-23T10:19:53.849071831Z [2026-09-23 10:19:53.849][29][debug][wasm] [external/envoy/source/extensions/common/wasm/context.cc:1538] wasm log response-cache response-cache response-cache: [response-cache] [nil] [3cac011c-291a-4871-a532-ce4bb8369786] [onHttpResponseBody] key is nil, skip cache
envoy-1          | 2026-09-23T10:19:53.978164332Z [2026-09-23 10:19:53.977][29][debug][wasm] [external/envoy/source/extensions/common/wasm/context.cc:1538] wasm log response-cache response-cache response-cache: [response-cache] [nil] [12ab4e70-56cd-4e5e-8f26-3541a558c2e4] [onHttpRequestHeaders] cache key from request header: x-http-cache-key, key: hit-r1-015
envoy-1          | 2026-09-23T10:19:53.978220900Z [2026-09-23 10:19:53.977][29][debug][wasm] [external/envoy/source/extensions/common/wasm/context.cc:1538] wasm log response-cache response-cache response-cache: [response-cache] [nil] [12ab4e70-56cd-4e5e-8f26-3541a558c2e4] [response-cache] [CheckCacheForKey] querying cache with key: higress-audit:hit-r1-015
envoy-1          | 2026-09-23T10:19:53.978276541Z [2026-09-23 10:19:53.978][29][debug][wasm] [external/envoy/source/extensions/common/wasm/context.cc:1538] wasm log response-cache response-cache response-cache: redis call start, request-id: c0ba432f-54da-44ea-a943-bad986e76054, respQuery: KjINCiQzDQpnZXQNCiQyNA0KaGlncmVzcy1hdWRpdDpoaXQtcjEtMDE1DQo=
envoy-1          | 2026-09-23T10:19:53.990488366Z [2026-09-23 10:19:53.990][29][debug][wasm] [external/envoy/source/extensions/common/wasm/context.cc:1538] wasm log response-cache response-cache response-cache: redis call end, request-id: c0ba432f-54da-44ea-a943-bad986e76054, respQuery: KjINCiQzDQpnZXQNCiQyNA0KaGlncmVzcy1hdWRpdDpoaXQtcjEtMDE1DQo=, respValue: JDQxDQp7InNvdXJjZSI6ImNhY2hlIiwidmFsdWUiOiJmaXh0dXJlLW9ubHkifQ0K
envoy-1          | 2026-09-23T10:19:53.990501008Z [2026-09-23 10:19:53.990][29][info][wasm] [external/envoy/source/extensions/common/wasm/context.cc:1541] wasm log response-cache response-cache response-cache: [response-cache] [nil] [12ab4e70-56cd-4e5e-8f26-3541a558c2e4] [response-cache] cache hit for key: hit-r1-015
envoy-1          | 2026-09-23T10:19:53.990541654Z [2026-09-23 10:19:53.990][29][debug][wasm] [external/envoy/source/extensions/common/wasm/context.cc:1538] wasm log response-cache response-cache response-cache: [response-cache] [nil] [12ab4e70-56cd-4e5e-8f26-3541a558c2e4] [response-cache] [processCacheHit] cached response for key hit-r1-015: {"source":"cache","value":"fixture-only"}
envoy-1          | 2026-09-23T10:19:53.990720556Z [2026-09-23 10:19:53.990][29][debug][wasm] [external/envoy/source/extensions/common/wasm/context.cc:1538] wasm log response-cache response-cache response-cache: [response-cache] [nil] [12ab4e70-56cd-4e5e-8f26-3541a558c2e4] SetResponseBodyBufferLimit: 10485760
envoy-1          | 2026-09-23T10:19:53.990782780Z [2026-09-23 10:19:53.990][29][debug][wasm] [external/envoy/source/extensions/common/wasm/context.cc:1538] wasm log response-cache response-cache response-cache: [response-cache] [nil] [12ab4e70-56cd-4e5e-8f26-3541a558c2e4] [onHttpResponseBody] key is nil, skip cache
envoy-1          | 2026-09-23T10:19:54.122166191Z [2026-09-23 10:19:54.121][29][debug][wasm] [external/envoy/source/extensions/common/wasm/context.cc:1538] wasm log response-cache response-cache response-cache: [response-cache] [nil] [a39d6e85-89f2-40a2-80f7-616349253b6a] [onHttpRequestHeaders] cache key from request header: x-http-cache-key, key: hit-r1-016
envoy-1          | 2026-09-23T10:19:54.122233019Z [2026-09-23 10:19:54.122][29][debug][wasm] [external/envoy/source/extensions/common/wasm/context.cc:1538] wasm log response-cache response-cache response-cache: [response-cache] [nil] [a39d6e85-89f2-40a2-80f7-616349253b6a] [response-cache] [CheckCacheForKey] querying cache with key: higress-audit:hit-r1-016
envoy-1          | 2026-09-23T10:19:54.122343499Z [2026-09-23 10:19:54.122][29][debug][wasm] [external/envoy/source/extensions/common/wasm/context.cc:1538] wasm log response-cache response-cache response-cache: redis call start, request-id: 08b5e303-e063-487c-91bb-76426288cbf6, respQuery: KjINCiQzDQpnZXQNCiQyNA0KaGlncmVzcy1hdWRpdDpoaXQtcjEtMDE2DQo=
envoy-1          | 2026-09-23T10:19:54.134595009Z [2026-09-23 10:19:54.134][29][debug][wasm] [external/envoy/source/extensions/common/wasm/context.cc:1538] wasm log response-cache response-cache response-cache: redis call end, request-id: 08b5e303-e063-487c-91bb-76426288cbf6, respQuery: KjINCiQzDQpnZXQNCiQyNA0KaGlncmVzcy1hdWRpdDpoaXQtcjEtMDE2DQo=, respValue: JDQxDQp7InNvdXJjZSI6ImNhY2hlIiwidmFsdWUiOiJmaXh0dXJlLW9ubHkifQ0K
envoy-1          | 2026-09-23T10:19:54.134615834Z [2026-09-23 10:19:54.134][29][info][wasm] [external/envoy/source/extensions/common/wasm/context.cc:1541] wasm log response-cache response-cache response-cache: [response-cache] [nil] [a39d6e85-89f2-40a2-80f7-616349253b6a] [response-cache] cache hit for key: hit-r1-016
envoy-1          | 2026-09-23T10:19:54.134627929Z [2026-09-23 10:19:54.134][29][debug][wasm] [external/envoy/source/extensions/common/wasm/context.cc:1538] wasm log response-cache response-cache response-cache: [response-cache] [nil] [a39d6e85-89f2-40a2-80f7-616349253b6a] [response-cache] [processCacheHit] cached response for key hit-r1-016: {"source":"cache","value":"fixture-only"}
envoy-1          | 2026-09-23T10:19:54.134909660Z [2026-09-23 10:19:54.134][29][debug][wasm] [external/envoy/source/extensions/common/wasm/context.cc:1538] wasm log response-cache response-cache response-cache: [response-cache] [nil] [a39d6e85-89f2-40a2-80f7-616349253b6a] SetResponseBodyBufferLimit: 10485760
envoy-1          | 2026-09-23T10:19:54.135016376Z [2026-09-23 10:19:54.134][29][debug][wasm] [external/envoy/source/extensions/common/wasm/context.cc:1538] wasm log response-cache response-cache response-cache: [response-cache] [nil] [a39d6e85-89f2-40a2-80f7-616349253b6a] [onHttpResponseBody] key is nil, skip cache
envoy-1          | 2026-09-23T10:19:54.267374218Z [2026-09-23 10:19:54.267][29][debug][wasm] [external/envoy/source/extensions/common/wasm/context.cc:1538] wasm log response-cache response-cache response-cache: [response-cache] [nil] [558c56c3-afa9-4054-b912-f83852eab477] [onHttpRequestHeaders] cache key from request header: x-http-cache-key, key: hit-r1-017
redis-fixture-1  | 2026-09-23T10:19:53.551652641Z {"seq": 111, "time_ns": 3888329377309, "event": "redis_get_seen", "id": "hit-r1-012"}
redis-fixture-1  | 2026-09-23T10:19:53.561800607Z {"seq": 112, "time_ns": 3888339429989, "event": "redis_release_requested", "id": "hit-r1-012"}
envoy-1          | 2026-09-23T10:19:54.267412262Z [2026-09-23 10:19:54.267][29][debug][wasm] [external/envoy/source/extensions/common/wasm/context.cc:1538] wasm log response-cache response-cache response-cache: [response-cache] [nil] [558c56c3-afa9-4054-b912-f83852eab477] [response-cache] [CheckCacheForKey] querying cache with key: higress-audit:hit-r1-017
envoy-1          | 2026-09-23T10:19:54.267445346Z [2026-09-23 10:19:54.267][29][debug][wasm] [external/envoy/source/extensions/common/wasm/context.cc:1538] wasm log response-cache response-cache response-cache: redis call start, request-id: 924f6857-cc6e-4ac1-8c79-02fbbed78ea5, respQuery: KjINCiQzDQpnZXQNCiQyNA0KaGlncmVzcy1hdWRpdDpoaXQtcjEtMDE3DQo=
envoy-1          | 2026-09-23T10:19:54.291880029Z [2026-09-23 10:19:54.291][29][debug][wasm] [external/envoy/source/extensions/common/wasm/context.cc:1538] wasm log response-cache response-cache response-cache: redis call end, request-id: 924f6857-cc6e-4ac1-8c79-02fbbed78ea5, respQuery: KjINCiQzDQpnZXQNCiQyNA0KaGlncmVzcy1hdWRpdDpoaXQtcjEtMDE3DQo=, respValue: JDQxDQp7InNvdXJjZSI6ImNhY2hlIiwidmFsdWUiOiJmaXh0dXJlLW9ubHkifQ0K
envoy-1          | 2026-09-23T10:19:54.291913266Z [2026-09-23 10:19:54.291][29][info][wasm] [external/envoy/source/extensions/common/wasm/context.cc:1541] wasm log response-cache response-cache response-cache: [response-cache] [nil] [558c56c3-afa9-4054-b912-f83852eab477] [response-cache] cache hit for key: hit-r1-017
envoy-1          | 2026-09-23T10:19:54.291943777Z [2026-09-23 10:19:54.291][29][debug][wasm] [external/envoy/source/extensions/common/wasm/context.cc:1538] wasm log response-cache response-cache response-cache: [response-cache] [nil] [558c56c3-afa9-4054-b912-f83852eab477] [response-cache] [processCacheHit] cached response for key hit-r1-017: {"source":"cache","value":"fixture-only"}
envoy-1          | 2026-09-23T10:19:54.292111751Z [2026-09-23 10:19:54.292][29][debug][wasm] [external/envoy/source/extensions/common/wasm/context.cc:1538] wasm log response-cache response-cache response-cache: [response-cache] [nil] [558c56c3-afa9-4054-b912-f83852eab477] SetResponseBodyBufferLimit: 10485760
envoy-1          | 2026-09-23T10:19:54.292222231Z [2026-09-23 10:19:54.292][29][debug][wasm] [external/envoy/source/extensions/common/wasm/context.cc:1538] wasm log response-cache response-cache response-cache: [response-cache] [nil] [558c56c3-afa9-4054-b912-f83852eab477] [onHttpResponseBody] key is nil, skip cache
envoy-1          | 2026-09-23T10:19:54.421814194Z [2026-09-23 10:19:54.421][29][debug][wasm] [external/envoy/source/extensions/common/wasm/context.cc:1538] wasm log response-cache response-cache response-cache: [response-cache] [nil] [e658d10a-1d89-4f98-9649-74716a6014d5] [onHttpRequestHeaders] cache key from request header: x-http-cache-key, key: hit-r1-018
envoy-1          | 2026-09-23T10:19:54.421838135Z [2026-09-23 10:19:54.421][29][debug][wasm] [external/envoy/source/extensions/common/wasm/context.cc:1538] wasm log response-cache response-cache response-cache: [response-cache] [nil] [e658d10a-1d89-4f98-9649-74716a6014d5] [response-cache] [CheckCacheForKey] querying cache with key: higress-audit:hit-r1-018
envoy-1          | 2026-09-23T10:19:54.421845179Z [2026-09-23 10:19:54.421][29][debug][wasm] [external/envoy/source/extensions/common/wasm/context.cc:1538] wasm log response-cache response-cache response-cache: redis call start, request-id: 27566018-f694-48dd-a0a7-42b2255ae80c, respQuery: KjINCiQzDQpnZXQNCiQyNA0KaGlncmVzcy1hdWRpdDpoaXQtcjEtMDE4DQo=
envoy-1          | 2026-09-23T10:19:54.435037978Z [2026-09-23 10:19:54.434][29][debug][wasm] [external/envoy/source/extensions/common/wasm/context.cc:1538] wasm log response-cache response-cache response-cache: redis call end, request-id: 27566018-f694-48dd-a0a7-42b2255ae80c, respQuery: KjINCiQzDQpnZXQNCiQyNA0KaGlncmVzcy1hdWRpdDpoaXQtcjEtMDE4DQo=, respValue: JDQxDQp7InNvdXJjZSI6ImNhY2hlIiwidmFsdWUiOiJmaXh0dXJlLW9ubHkifQ0K
envoy-1          | 2026-09-23T10:19:54.435048456Z [2026-09-23 10:19:54.434][29][info][wasm] [external/envoy/source/extensions/common/wasm/context.cc:1541] wasm log response-cache response-cache response-cache: [response-cache] [nil] [e658d10a-1d89-4f98-9649-74716a6014d5] [response-cache] cache hit for key: hit-r1-018
envoy-1          | 2026-09-23T10:19:54.435054415Z [2026-09-23 10:19:54.434][29][debug][wasm] [external/envoy/source/extensions/common/wasm/context.cc:1538] wasm log response-cache response-cache response-cache: [response-cache] [nil] [e658d10a-1d89-4f98-9649-74716a6014d5] [response-cache] [processCacheHit] cached response for key hit-r1-018: {"source":"cache","value":"fixture-only"}
envoy-1          | 2026-09-23T10:19:54.435244603Z [2026-09-23 10:19:54.435][29][debug][wasm] [external/envoy/source/extensions/common/wasm/context.cc:1538] wasm log response-cache response-cache response-cache: [response-cache] [nil] [e658d10a-1d89-4f98-9649-74716a6014d5] SetResponseBodyBufferLimit: 10485760
redis-fixture-1  | 2026-09-23T10:19:53.561859743Z {"seq": 113, "time_ns": 3888339567747, "event": "redis_reply_released", "id": "hit-r1-012", "mode": "hit"}
redis-fixture-1  | 2026-09-23T10:19:53.566295132Z {"seq": 114, "time_ns": 3888343865681, "event": "client_complete", "id": "hit-r1-012", "status": "200", "curl_exit": 0, "body_sha256": "da87d065c0f96d585f02840dc10c88f7e8edac17ae77dbdae4b9e051a619338f"}
redis-fixture-1  | 2026-09-23T10:19:53.568544349Z {"seq": 115, "time_ns": 3888346175474, "event": "upstream_peer_closed", "id": "hit-r1-012"}
redis-fixture-1  | 2026-09-23T10:19:53.675715256Z {"seq": 116, "time_ns": 3888453285186, "event": "redis_release_requested", "id": "hit-r1-012"}
redis-fixture-1  | 2026-09-23T10:19:53.680180209Z {"seq": 117, "time_ns": 3888457760367, "event": "prepared", "id": "hit-r1-013", "mode": "hit", "key": "higress-audit:hit-r1-013", "value": "{\"source\":\"cache\",\"value\":\"fixture-only\"}"}
redis-fixture-1  | 2026-09-23T10:19:53.693614861Z {"seq": 118, "time_ns": 3888471167514, "event": "upstream_seen", "id": "hit-r1-013", "headers": {"host": "127.0.0.1:19468", "user-agent": "curl/7.81.0", "accept": "*/*", "x-http-cache-key": "hit-r1-013", "x-verification-id": "hit-r1-013", "x-forwarded-proto": "http", "x-envoy-original-host": "127.0.0.1:19468", "x-request-id": "10dd06e5-6f20-444e-83c4-a05efd353cef", "x-envoy-expected-rq-timeout-ms": "15000", "req-start-time": "1790158793691"}}
redis-fixture-1  | 2026-09-23T10:19:53.696510035Z {"seq": 119, "time_ns": 3888474065909, "event": "redis_command", "id": "hit-r1-013", "command": "GET", "args": ["higress-audit:hit-r1-013"]}
redis-fixture-1  | 2026-09-23T10:19:53.696543435Z {"seq": 120, "time_ns": 3888474140545, "event": "redis_get_seen", "id": "hit-r1-013"}
redis-fixture-1  | 2026-09-23T10:19:53.704517155Z {"seq": 121, "time_ns": 3888482067158, "event": "redis_release_requested", "id": "hit-r1-013"}
redis-fixture-1  | 2026-09-23T10:19:53.704567111Z {"seq": 122, "time_ns": 3888482229083, "event": "redis_reply_released", "id": "hit-r1-013", "mode": "hit"}
redis-fixture-1  | 2026-09-23T10:19:53.708711164Z {"seq": 123, "time_ns": 3888486296148, "event": "client_complete", "id": "hit-r1-013", "status": "200", "curl_exit": 0, "body_sha256": "da87d065c0f96d585f02840dc10c88f7e8edac17ae77dbdae4b9e051a619338f"}
redis-fixture-1  | 2026-09-23T10:19:53.711495000Z {"seq": 124, "time_ns": 3888489079584, "event": "upstream_peer_closed", "id": "hit-r1-013"}
redis-fixture-1  | 2026-09-23T10:19:53.818917140Z {"seq": 125, "time_ns": 3888596453688, "event": "redis_release_requested", "id": "hit-r1-013"}
redis-fixture-1  | 2026-09-23T10:19:53.823270430Z {"seq": 126, "time_ns": 3888600827133, "event": "prepared", "id": "hit-r1-014", "mode": "hit", "key": "higress-audit:hit-r1-014", "value": "{\"source\":\"cache\",\"value\":\"fixture-only\"}"}
redis-fixture-1  | 2026-09-23T10:19:53.837466834Z {"seq": 127, "time_ns": 3888615020460, "event": "upstream_seen", "id": "hit-r1-014", "headers": {"host": "127.0.0.1:19468", "user-agent": "curl/7.81.0", "accept": "*/*", "x-http-cache-key": "hit-r1-014", "x-verification-id": "hit-r1-014", "x-forwarded-proto": "http", "x-envoy-original-host": "127.0.0.1:19468", "x-request-id": "3cac011c-291a-4871-a532-ce4bb8369786", "x-envoy-expected-rq-timeout-ms": "15000", "req-start-time": "1790158793835"}}
redis-fixture-1  | 2026-09-23T10:19:53.840351096Z {"seq": 128, "time_ns": 3888617909494, "event": "redis_command", "id": "hit-r1-014", "command": "GET", "args": ["higress-audit:hit-r1-014"]}
redis-fixture-1  | 2026-09-23T10:19:53.840384472Z {"seq": 129, "time_ns": 3888617984279, "event": "redis_get_seen", "id": "hit-r1-014"}
envoy-1          | 2026-09-23T10:19:54.435283611Z [2026-09-23 10:19:54.435][29][debug][wasm] [external/envoy/source/extensions/common/wasm/context.cc:1538] wasm log response-cache response-cache response-cache: [response-cache] [nil] [e658d10a-1d89-4f98-9649-74716a6014d5] [onHttpResponseBody] key is nil, skip cache
redis-fixture-1  | 2026-09-23T10:19:53.848163028Z {"seq": 130, "time_ns": 3888625746883, "event": "redis_release_requested", "id": "hit-r1-014"}
redis-fixture-1  | 2026-09-23T10:19:53.848214188Z {"seq": 131, "time_ns": 3888625915416, "event": "redis_reply_released", "id": "hit-r1-014", "mode": "hit"}
redis-fixture-1  | 2026-09-23T10:19:53.852537769Z {"seq": 132, "time_ns": 3888630068612, "event": "client_complete", "id": "hit-r1-014", "status": "200", "curl_exit": 0, "body_sha256": "da87d065c0f96d585f02840dc10c88f7e8edac17ae77dbdae4b9e051a619338f"}
envoy-1          | 2026-09-23T10:19:54.564074877Z [2026-09-23 10:19:54.563][29][debug][wasm] [external/envoy/source/extensions/common/wasm/context.cc:1538] wasm log response-cache response-cache response-cache: [response-cache] [nil] [7944ee6e-d6b4-459e-8a98-0c436009da97] [onHttpRequestHeaders] cache key from request header: x-http-cache-key, key: hit-r1-019
envoy-1          | 2026-09-23T10:19:54.564094962Z [2026-09-23 10:19:54.563][29][debug][wasm] [external/envoy/source/extensions/common/wasm/context.cc:1538] wasm log response-cache response-cache response-cache: [response-cache] [nil] [7944ee6e-d6b4-459e-8a98-0c436009da97] [response-cache] [CheckCacheForKey] querying cache with key: higress-audit:hit-r1-019
envoy-1          | 2026-09-23T10:19:54.564197072Z [2026-09-23 10:19:54.564][29][debug][wasm] [external/envoy/source/extensions/common/wasm/context.cc:1538] wasm log response-cache response-cache response-cache: redis call start, request-id: 63f12c12-cb23-4388-903d-cd49a787ff97, respQuery: KjINCiQzDQpnZXQNCiQyNA0KaGlncmVzcy1hdWRpdDpoaXQtcjEtMDE5DQo=
redis-fixture-1  | 2026-09-23T10:19:53.854893422Z {"seq": 133, "time_ns": 3888632539327, "event": "upstream_peer_closed", "id": "hit-r1-014"}
redis-fixture-1  | 2026-09-23T10:19:53.962423067Z {"seq": 134, "time_ns": 3888740133710, "event": "redis_release_requested", "id": "hit-r1-014"}
redis-fixture-1  | 2026-09-23T10:19:53.966638339Z {"seq": 135, "time_ns": 3888744344117, "event": "prepared", "id": "hit-r1-015", "mode": "hit", "key": "higress-audit:hit-r1-015", "value": "{\"source\":\"cache\",\"value\":\"fixture-only\"}"}
redis-fixture-1  | 2026-09-23T10:19:53.979280432Z {"seq": 136, "time_ns": 3888756893921, "event": "upstream_seen", "id": "hit-r1-015", "headers": {"host": "127.0.0.1:19468", "user-agent": "curl/7.81.0", "accept": "*/*", "x-http-cache-key": "hit-r1-015", "x-verification-id": "hit-r1-015", "x-forwarded-proto": "http", "x-envoy-original-host": "127.0.0.1:19468", "x-request-id": "12ab4e70-56cd-4e5e-8f26-3541a558c2e4", "x-envoy-expected-rq-timeout-ms": "15000", "req-start-time": "1790158793977"}}
redis-fixture-1  | 2026-09-23T10:19:53.979517865Z {"seq": 137, "time_ns": 3888757156673, "event": "redis_command", "id": "hit-r1-015", "command": "GET", "args": ["higress-audit:hit-r1-015"]}
redis-fixture-1  | 2026-09-23T10:19:53.979552022Z {"seq": 138, "time_ns": 3888757262074, "event": "redis_get_seen", "id": "hit-r1-015"}
redis-fixture-1  | 2026-09-23T10:19:53.989929054Z {"seq": 139, "time_ns": 3888767616206, "event": "redis_release_requested", "id": "hit-r1-015"}
envoy-1          | 2026-09-23T10:19:54.576573174Z [2026-09-23 10:19:54.576][29][debug][wasm] [external/envoy/source/extensions/common/wasm/context.cc:1538] wasm log response-cache response-cache response-cache: redis call end, request-id: 63f12c12-cb23-4388-903d-cd49a787ff97, respQuery: KjINCiQzDQpnZXQNCiQyNA0KaGlncmVzcy1hdWRpdDpoaXQtcjEtMDE5DQo=, respValue: JDQxDQp7InNvdXJjZSI6ImNhY2hlIiwidmFsdWUiOiJmaXh0dXJlLW9ubHkifQ0K
redis-fixture-1  | 2026-09-23T10:19:53.990117782Z {"seq": 140, "time_ns": 3888767805599, "event": "redis_reply_released", "id": "hit-r1-015", "mode": "hit"}
redis-fixture-1  | 2026-09-23T10:19:53.994422921Z {"seq": 141, "time_ns": 3888772082674, "event": "client_complete", "id": "hit-r1-015", "status": "200", "curl_exit": 0, "body_sha256": "da87d065c0f96d585f02840dc10c88f7e8edac17ae77dbdae4b9e051a619338f"}
redis-fixture-1  | 2026-09-23T10:19:53.996813490Z {"seq": 142, "time_ns": 3888774498673, "event": "upstream_peer_closed", "id": "hit-r1-015"}
redis-fixture-1  | 2026-09-23T10:19:54.105433614Z {"seq": 143, "time_ns": 3888882965933, "event": "redis_release_requested", "id": "hit-r1-015"}
redis-fixture-1  | 2026-09-23T10:19:54.109792887Z {"seq": 144, "time_ns": 3888887326275, "event": "prepared", "id": "hit-r1-016", "mode": "hit", "key": "higress-audit:hit-r1-016", "value": "{\"source\":\"cache\",\"value\":\"fixture-only\"}"}
redis-fixture-1  | 2026-09-23T10:19:54.123257494Z {"seq": 145, "time_ns": 3888900867798, "event": "redis_command", "id": "hit-r1-016", "command": "GET", "args": ["higress-audit:hit-r1-016"]}
redis-fixture-1  | 2026-09-23T10:19:54.123767139Z {"seq": 146, "time_ns": 3888901489894, "event": "redis_get_seen", "id": "hit-r1-016"}
redis-fixture-1  | 2026-09-23T10:19:54.123948256Z {"seq": 147, "time_ns": 3888901633752, "event": "upstream_seen", "id": "hit-r1-016", "headers": {"host": "127.0.0.1:19468", "user-agent": "curl/7.81.0", "accept": "*/*", "x-http-cache-key": "hit-r1-016", "x-verification-id": "hit-r1-016", "x-forwarded-proto": "http", "x-envoy-original-host": "127.0.0.1:19468", "x-request-id": "a39d6e85-89f2-40a2-80f7-616349253b6a", "x-envoy-expected-rq-timeout-ms": "15000", "req-start-time": "1790158794121"}}
redis-fixture-1  | 2026-09-23T10:19:54.134021596Z {"seq": 148, "time_ns": 3888911532996, "event": "redis_release_requested", "id": "hit-r1-016"}
redis-fixture-1  | 2026-09-23T10:19:54.134055497Z {"seq": 149, "time_ns": 3888911722296, "event": "redis_reply_released", "id": "hit-r1-016", "mode": "hit"}
redis-fixture-1  | 2026-09-23T10:19:54.138584364Z {"seq": 150, "time_ns": 3888916215325, "event": "client_complete", "id": "hit-r1-016", "status": "200", "curl_exit": 0, "body_sha256": "da87d065c0f96d585f02840dc10c88f7e8edac17ae77dbdae4b9e051a619338f"}
redis-fixture-1  | 2026-09-23T10:19:54.140983702Z {"seq": 151, "time_ns": 3888918561157, "event": "upstream_peer_closed", "id": "hit-r1-016"}
redis-fixture-1  | 2026-09-23T10:19:54.248800141Z {"seq": 152, "time_ns": 3889026361188, "event": "redis_release_requested", "id": "hit-r1-016"}
redis-fixture-1  | 2026-09-23T10:19:54.253348943Z {"seq": 153, "time_ns": 3889030914259, "event": "prepared", "id": "hit-r1-017", "mode": "hit", "key": "higress-audit:hit-r1-017", "value": "{\"source\":\"cache\",\"value\":\"fixture-only\"}"}
redis-fixture-1  | 2026-09-23T10:19:54.269005862Z {"seq": 154, "time_ns": 3889046554233, "event": "upstream_seen", "id": "hit-r1-017", "headers": {"host": "127.0.0.1:19468", "user-agent": "curl/7.81.0", "accept": "*/*", "x-http-cache-key": "hit-r1-017", "x-verification-id": "hit-r1-017", "x-forwarded-proto": "http", "x-envoy-original-host": "127.0.0.1:19468", "x-request-id": "558c56c3-afa9-4054-b912-f83852eab477", "x-envoy-expected-rq-timeout-ms": "15000", "req-start-time": "1790158794266"}}
envoy-1          | 2026-09-23T10:19:54.576606958Z [2026-09-23 10:19:54.576][29][info][wasm] [external/envoy/source/extensions/common/wasm/context.cc:1541] wasm log response-cache response-cache response-cache: [response-cache] [nil] [7944ee6e-d6b4-459e-8a98-0c436009da97] [response-cache] cache hit for key: hit-r1-019
envoy-1          | 2026-09-23T10:19:54.576638991Z [2026-09-23 10:19:54.576][29][debug][wasm] [external/envoy/source/extensions/common/wasm/context.cc:1538] wasm log response-cache response-cache response-cache: [response-cache] [nil] [7944ee6e-d6b4-459e-8a98-0c436009da97] [response-cache] [processCacheHit] cached response for key hit-r1-019: {"source":"cache","value":"fixture-only"}
envoy-1          | 2026-09-23T10:19:54.576919376Z [2026-09-23 10:19:54.576][29][debug][wasm] [external/envoy/source/extensions/common/wasm/context.cc:1538] wasm log response-cache response-cache response-cache: [response-cache] [nil] [7944ee6e-d6b4-459e-8a98-0c436009da97] SetResponseBodyBufferLimit: 10485760
envoy-1          | 2026-09-23T10:19:54.577013987Z [2026-09-23 10:19:54.576][29][debug][wasm] [external/envoy/source/extensions/common/wasm/context.cc:1538] wasm log response-cache response-cache response-cache: [response-cache] [nil] [7944ee6e-d6b4-459e-8a98-0c436009da97] [onHttpResponseBody] key is nil, skip cache
envoy-1          | 2026-09-23T10:19:54.707142465Z [2026-09-23 10:19:54.706][29][debug][wasm] [external/envoy/source/extensions/common/wasm/context.cc:1538] wasm log response-cache response-cache response-cache: [response-cache] [nil] [c1d02a5e-f6a7-4d0b-bf72-0f31cebc9ab2] [onHttpRequestHeaders] cache key from request header: x-http-cache-key, key: hit-r1-020
envoy-1          | 2026-09-23T10:19:54.707175849Z [2026-09-23 10:19:54.707][29][debug][wasm] [external/envoy/source/extensions/common/wasm/context.cc:1538] wasm log response-cache response-cache response-cache: [response-cache] [nil] [c1d02a5e-f6a7-4d0b-bf72-0f31cebc9ab2] [response-cache] [CheckCacheForKey] querying cache with key: higress-audit:hit-r1-020
envoy-1          | 2026-09-23T10:19:54.707248018Z [2026-09-23 10:19:54.707][29][debug][wasm] [external/envoy/source/extensions/common/wasm/context.cc:1538] wasm log response-cache response-cache response-cache: redis call start, request-id: 5c8c7610-f5bf-497b-998d-e08cdd66d289, respQuery: KjINCiQzDQpnZXQNCiQyNA0KaGlncmVzcy1hdWRpdDpoaXQtcjEtMDIwDQo=
envoy-1          | 2026-09-23T10:19:54.735451797Z [2026-09-23 10:19:54.735][29][debug][wasm] [external/envoy/source/extensions/common/wasm/context.cc:1538] wasm log response-cache response-cache response-cache: redis call end, request-id: 5c8c7610-f5bf-497b-998d-e08cdd66d289, respQuery: KjINCiQzDQpnZXQNCiQyNA0KaGlncmVzcy1hdWRpdDpoaXQtcjEtMDIwDQo=, respValue: JDQxDQp7InNvdXJjZSI6ImNhY2hlIiwidmFsdWUiOiJmaXh0dXJlLW9ubHkifQ0K
envoy-1          | 2026-09-23T10:19:54.735469501Z [2026-09-23 10:19:54.735][29][info][wasm] [external/envoy/source/extensions/common/wasm/context.cc:1541] wasm log response-cache response-cache response-cache: [response-cache] [nil] [c1d02a5e-f6a7-4d0b-bf72-0f31cebc9ab2] [response-cache] cache hit for key: hit-r1-020
envoy-1          | 2026-09-23T10:19:54.735493570Z [2026-09-23 10:19:54.735][29][debug][wasm] [external/envoy/source/extensions/common/wasm/context.cc:1538] wasm log response-cache response-cache response-cache: [response-cache] [nil] [c1d02a5e-f6a7-4d0b-bf72-0f31cebc9ab2] [response-cache] [processCacheHit] cached response for key hit-r1-020: {"source":"cache","value":"fixture-only"}
envoy-1          | 2026-09-23T10:19:54.735791380Z [2026-09-23 10:19:54.735][29][debug][wasm] [external/envoy/source/extensions/common/wasm/context.cc:1538] wasm log response-cache response-cache response-cache: [response-cache] [nil] [c1d02a5e-f6a7-4d0b-bf72-0f31cebc9ab2] SetResponseBodyBufferLimit: 10485760
envoy-1          | 2026-09-23T10:19:54.735897014Z [2026-09-23 10:19:54.735][29][debug][wasm] [external/envoy/source/extensions/common/wasm/context.cc:1538] wasm log response-cache response-cache response-cache: [response-cache] [nil] [c1d02a5e-f6a7-4d0b-bf72-0f31cebc9ab2] [onHttpResponseBody] key is nil, skip cache
envoy-1          | 2026-09-23T10:19:54.866115811Z [2026-09-23 10:19:54.865][29][debug][wasm] [external/envoy/source/extensions/common/wasm/context.cc:1538] wasm log response-cache response-cache response-cache: [response-cache] [nil] [cdcd9fc8-ad27-43b7-9e79-dba872c226ef] [onHttpRequestHeaders] cache key from request header: x-http-cache-key, key: hit-r1-021
envoy-1          | 2026-09-23T10:19:54.866147808Z [2026-09-23 10:19:54.866][29][debug][wasm] [external/envoy/source/extensions/common/wasm/context.cc:1538] wasm log response-cache response-cache response-cache: [response-cache] [nil] [cdcd9fc8-ad27-43b7-9e79-dba872c226ef] [response-cache] [CheckCacheForKey] querying cache with key: higress-audit:hit-r1-021
envoy-1          | 2026-09-23T10:19:54.866299129Z [2026-09-23 10:19:54.866][29][debug][wasm] [external/envoy/source/extensions/common/wasm/context.cc:1538] wasm log response-cache response-cache response-cache: redis call start, request-id: 3102e63b-4d60-495b-a373-45dbf176b82d, respQuery: KjINCiQzDQpnZXQNCiQyNA0KaGlncmVzcy1hdWRpdDpoaXQtcjEtMDIxDQo=
envoy-1          | 2026-09-23T10:19:54.879002621Z [2026-09-23 10:19:54.878][29][debug][wasm] [external/envoy/source/extensions/common/wasm/context.cc:1538] wasm log response-cache response-cache response-cache: redis call end, request-id: 3102e63b-4d60-495b-a373-45dbf176b82d, respQuery: KjINCiQzDQpnZXQNCiQyNA0KaGlncmVzcy1hdWRpdDpoaXQtcjEtMDIxDQo=, respValue: JDQxDQp7InNvdXJjZSI6ImNhY2hlIiwidmFsdWUiOiJmaXh0dXJlLW9ubHkifQ0K
envoy-1          | 2026-09-23T10:19:54.879051857Z [2026-09-23 10:19:54.878][29][info][wasm] [external/envoy/source/extensions/common/wasm/context.cc:1541] wasm log response-cache response-cache response-cache: [response-cache] [nil] [cdcd9fc8-ad27-43b7-9e79-dba872c226ef] [response-cache] cache hit for key: hit-r1-021
redis-fixture-1  | 2026-09-23T10:19:54.271562610Z {"seq": 155, "time_ns": 3889049167226, "event": "redis_command", "id": "hit-r1-017", "command": "GET", "args": ["higress-audit:hit-r1-017"]}
redis-fixture-1  | 2026-09-23T10:19:54.271596315Z {"seq": 156, "time_ns": 3889049242037, "event": "redis_get_seen", "id": "hit-r1-017"}
envoy-1          | 2026-09-23T10:19:54.879095101Z [2026-09-23 10:19:54.879][29][debug][wasm] [external/envoy/source/extensions/common/wasm/context.cc:1538] wasm log response-cache response-cache response-cache: [response-cache] [nil] [cdcd9fc8-ad27-43b7-9e79-dba872c226ef] [response-cache] [processCacheHit] cached response for key hit-r1-021: {"source":"cache","value":"fixture-only"}
envoy-1          | 2026-09-23T10:19:54.879345040Z [2026-09-23 10:19:54.879][29][debug][wasm] [external/envoy/source/extensions/common/wasm/context.cc:1538] wasm log response-cache response-cache response-cache: [response-cache] [nil] [cdcd9fc8-ad27-43b7-9e79-dba872c226ef] SetResponseBodyBufferLimit: 10485760
envoy-1          | 2026-09-23T10:19:54.879450977Z [2026-09-23 10:19:54.879][29][debug][wasm] [external/envoy/source/extensions/common/wasm/context.cc:1538] wasm log response-cache response-cache response-cache: [response-cache] [nil] [cdcd9fc8-ad27-43b7-9e79-dba872c226ef] [onHttpResponseBody] key is nil, skip cache
envoy-1          | 2026-09-23T10:19:55.007749119Z [2026-09-23 10:19:55.007][29][debug][wasm] [external/envoy/source/extensions/common/wasm/context.cc:1538] wasm log response-cache response-cache response-cache: [response-cache] [nil] [ea560fcb-f648-42c2-a2b7-bfedf3128f36] [onHttpRequestHeaders] cache key from request header: x-http-cache-key, key: hit-r1-022
envoy-1          | 2026-09-23T10:19:55.007781492Z [2026-09-23 10:19:55.007][29][debug][wasm] [external/envoy/source/extensions/common/wasm/context.cc:1538] wasm log response-cache response-cache response-cache: [response-cache] [nil] [ea560fcb-f648-42c2-a2b7-bfedf3128f36] [response-cache] [CheckCacheForKey] querying cache with key: higress-audit:hit-r1-022
envoy-1          | 2026-09-23T10:19:55.007838388Z [2026-09-23 10:19:55.007][29][debug][wasm] [external/envoy/source/extensions/common/wasm/context.cc:1538] wasm log response-cache response-cache response-cache: redis call start, request-id: 191abdf3-976c-4ca6-8d5d-1a3aa7f5f432, respQuery: KjINCiQzDQpnZXQNCiQyNA0KaGlncmVzcy1hdWRpdDpoaXQtcjEtMDIyDQo=
envoy-1          | 2026-09-23T10:19:55.022600049Z [2026-09-23 10:19:55.022][29][debug][wasm] [external/envoy/source/extensions/common/wasm/context.cc:1538] wasm log response-cache response-cache response-cache: redis call end, request-id: 191abdf3-976c-4ca6-8d5d-1a3aa7f5f432, respQuery: KjINCiQzDQpnZXQNCiQyNA0KaGlncmVzcy1hdWRpdDpoaXQtcjEtMDIyDQo=, respValue: JDQxDQp7InNvdXJjZSI6ImNhY2hlIiwidmFsdWUiOiJmaXh0dXJlLW9ubHkifQ0K
envoy-1          | 2026-09-23T10:19:55.022632429Z [2026-09-23 10:19:55.022][29][info][wasm] [external/envoy/source/extensions/common/wasm/context.cc:1541] wasm log response-cache response-cache response-cache: [response-cache] [nil] [ea560fcb-f648-42c2-a2b7-bfedf3128f36] [response-cache] cache hit for key: hit-r1-022
envoy-1          | 2026-09-23T10:19:55.022644761Z [2026-09-23 10:19:55.022][29][debug][wasm] [external/envoy/source/extensions/common/wasm/context.cc:1538] wasm log response-cache response-cache response-cache: [response-cache] [nil] [ea560fcb-f648-42c2-a2b7-bfedf3128f36] [response-cache] [processCacheHit] cached response for key hit-r1-022: {"source":"cache","value":"fixture-only"}
envoy-1          | 2026-09-23T10:19:55.022880062Z [2026-09-23 10:19:55.022][29][debug][wasm] [external/envoy/source/extensions/common/wasm/context.cc:1538] wasm log response-cache response-cache response-cache: [response-cache] [nil] [ea560fcb-f648-42c2-a2b7-bfedf3128f36] SetResponseBodyBufferLimit: 10485760
envoy-1          | 2026-09-23T10:19:55.022978291Z [2026-09-23 10:19:55.022][29][debug][wasm] [external/envoy/source/extensions/common/wasm/context.cc:1538] wasm log response-cache response-cache response-cache: [response-cache] [nil] [ea560fcb-f648-42c2-a2b7-bfedf3128f36] [onHttpResponseBody] key is nil, skip cache
envoy-1          | 2026-09-23T10:19:55.151353660Z [2026-09-23 10:19:55.151][29][debug][wasm] [external/envoy/source/extensions/common/wasm/context.cc:1538] wasm log response-cache response-cache response-cache: [response-cache] [nil] [6c958d26-68ac-4dd3-a326-fb2940993f8e] [onHttpRequestHeaders] cache key from request header: x-http-cache-key, key: hit-r1-023
envoy-1          | 2026-09-23T10:19:55.151402066Z [2026-09-23 10:19:55.151][29][debug][wasm] [external/envoy/source/extensions/common/wasm/context.cc:1538] wasm log response-cache response-cache response-cache: [response-cache] [nil] [6c958d26-68ac-4dd3-a326-fb2940993f8e] [response-cache] [CheckCacheForKey] querying cache with key: higress-audit:hit-r1-023
envoy-1          | 2026-09-23T10:19:55.151524924Z [2026-09-23 10:19:55.151][29][debug][wasm] [external/envoy/source/extensions/common/wasm/context.cc:1538] wasm log response-cache response-cache response-cache: redis call start, request-id: 910ca4f1-dbe1-494c-99e5-e0464bdee67b, respQuery: KjINCiQzDQpnZXQNCiQyNA0KaGlncmVzcy1hdWRpdDpoaXQtcjEtMDIzDQo=
envoy-1          | 2026-09-23T10:19:55.164371620Z [2026-09-23 10:19:55.164][29][debug][wasm] [external/envoy/source/extensions/common/wasm/context.cc:1538] wasm log response-cache response-cache response-cache: redis call end, request-id: 910ca4f1-dbe1-494c-99e5-e0464bdee67b, respQuery: KjINCiQzDQpnZXQNCiQyNA0KaGlncmVzcy1hdWRpdDpoaXQtcjEtMDIzDQo=, respValue: JDQxDQp7InNvdXJjZSI6ImNhY2hlIiwidmFsdWUiOiJmaXh0dXJlLW9ubHkifQ0K
envoy-1          | 2026-09-23T10:19:55.164402166Z [2026-09-23 10:19:55.164][29][info][wasm] [external/envoy/source/extensions/common/wasm/context.cc:1541] wasm log response-cache response-cache response-cache: [response-cache] [nil] [6c958d26-68ac-4dd3-a326-fb2940993f8e] [response-cache] cache hit for key: hit-r1-023
envoy-1          | 2026-09-23T10:19:55.164415765Z [2026-09-23 10:19:55.164][29][debug][wasm] [external/envoy/source/extensions/common/wasm/context.cc:1538] wasm log response-cache response-cache response-cache: [response-cache] [nil] [6c958d26-68ac-4dd3-a326-fb2940993f8e] [response-cache] [processCacheHit] cached response for key hit-r1-023: {"source":"cache","value":"fixture-only"}
envoy-1          | 2026-09-23T10:19:55.164674299Z [2026-09-23 10:19:55.164][29][debug][wasm] [external/envoy/source/extensions/common/wasm/context.cc:1538] wasm log response-cache response-cache response-cache: [response-cache] [nil] [6c958d26-68ac-4dd3-a326-fb2940993f8e] SetResponseBodyBufferLimit: 10485760
envoy-1          | 2026-09-23T10:19:55.164783188Z [2026-09-23 10:19:55.164][29][debug][wasm] [external/envoy/source/extensions/common/wasm/context.cc:1538] wasm log response-cache response-cache response-cache: [response-cache] [nil] [6c958d26-68ac-4dd3-a326-fb2940993f8e] [onHttpResponseBody] key is nil, skip cache
envoy-1          | 2026-09-23T10:19:55.294795577Z [2026-09-23 10:19:55.294][29][debug][wasm] [external/envoy/source/extensions/common/wasm/context.cc:1538] wasm log response-cache response-cache response-cache: [response-cache] [nil] [527d9123-80ec-4820-b754-5ef0254f3381] [onHttpRequestHeaders] cache key from request header: x-http-cache-key, key: hit-r1-024
envoy-1          | 2026-09-23T10:19:55.294910751Z [2026-09-23 10:19:55.294][29][debug][wasm] [external/envoy/source/extensions/common/wasm/context.cc:1538] wasm log response-cache response-cache response-cache: [response-cache] [nil] [527d9123-80ec-4820-b754-5ef0254f3381] [response-cache] [CheckCacheForKey] querying cache with key: higress-audit:hit-r1-024
envoy-1          | 2026-09-23T10:19:55.295147785Z [2026-09-23 10:19:55.295][29][debug][wasm] [external/envoy/source/extensions/common/wasm/context.cc:1538] wasm log response-cache response-cache response-cache: redis call start, request-id: db01c641-60f5-4faa-af35-2da930c16c2e, respQuery: KjINCiQzDQpnZXQNCiQyNA0KaGlncmVzcy1hdWRpdDpoaXQtcjEtMDI0DQo=
envoy-1          | 2026-09-23T10:19:55.309440505Z [2026-09-23 10:19:55.309][29][debug][wasm] [external/envoy/source/extensions/common/wasm/context.cc:1538] wasm log response-cache response-cache response-cache: redis call end, request-id: db01c641-60f5-4faa-af35-2da930c16c2e, respQuery: KjINCiQzDQpnZXQNCiQyNA0KaGlncmVzcy1hdWRpdDpoaXQtcjEtMDI0DQo=, respValue: JDQxDQp7InNvdXJjZSI6ImNhY2hlIiwidmFsdWUiOiJmaXh0dXJlLW9ubHkifQ0K
envoy-1          | 2026-09-23T10:19:55.309487933Z [2026-09-23 10:19:55.309][29][info][wasm] [external/envoy/source/extensions/common/wasm/context.cc:1541] wasm log response-cache response-cache response-cache: [response-cache] [nil] [527d9123-80ec-4820-b754-5ef0254f3381] [response-cache] cache hit for key: hit-r1-024
envoy-1          | 2026-09-23T10:19:55.309500106Z [2026-09-23 10:19:55.309][29][debug][wasm] [external/envoy/source/extensions/common/wasm/context.cc:1538] wasm log response-cache response-cache response-cache: [response-cache] [nil] [527d9123-80ec-4820-b754-5ef0254f3381] [response-cache] [processCacheHit] cached response for key hit-r1-024: {"source":"cache","value":"fixture-only"}
envoy-1          | 2026-09-23T10:19:55.309851289Z [2026-09-23 10:19:55.309][29][debug][wasm] [external/envoy/source/extensions/common/wasm/context.cc:1538] wasm log response-cache response-cache response-cache: [response-cache] [nil] [527d9123-80ec-4820-b754-5ef0254f3381] SetResponseBodyBufferLimit: 10485760
envoy-1          | 2026-09-23T10:19:55.309969689Z [2026-09-23 10:19:55.309][29][debug][wasm] [external/envoy/source/extensions/common/wasm/context.cc:1538] wasm log response-cache response-cache response-cache: [response-cache] [nil] [527d9123-80ec-4820-b754-5ef0254f3381] [onHttpResponseBody] key is nil, skip cache
envoy-1          | 2026-09-23T10:19:55.441295122Z [2026-09-23 10:19:55.441][29][debug][wasm] [external/envoy/source/extensions/common/wasm/context.cc:1538] wasm log response-cache response-cache response-cache: [response-cache] [nil] [351ffbd5-6eca-4ee8-9140-8f08193951aa] [onHttpRequestHeaders] cache key from request header: x-http-cache-key, key: hit-r1-025
envoy-1          | 2026-09-23T10:19:55.441318142Z [2026-09-23 10:19:55.441][29][debug][wasm] [external/envoy/source/extensions/common/wasm/context.cc:1538] wasm log response-cache response-cache response-cache: [response-cache] [nil] [351ffbd5-6eca-4ee8-9140-8f08193951aa] [response-cache] [CheckCacheForKey] querying cache with key: higress-audit:hit-r1-025
envoy-1          | 2026-09-23T10:19:55.441412915Z [2026-09-23 10:19:55.441][29][debug][wasm] [external/envoy/source/extensions/common/wasm/context.cc:1538] wasm log response-cache response-cache response-cache: redis call start, request-id: 089a60fb-34a2-4891-aa03-bda9bcfe6c96, respQuery: KjINCiQzDQpnZXQNCiQyNA0KaGlncmVzcy1hdWRpdDpoaXQtcjEtMDI1DQo=
envoy-1          | 2026-09-23T10:19:55.457962115Z [2026-09-23 10:19:55.457][29][debug][wasm] [external/envoy/source/extensions/common/wasm/context.cc:1538] wasm log response-cache response-cache response-cache: redis call end, request-id: 089a60fb-34a2-4891-aa03-bda9bcfe6c96, respQuery: KjINCiQzDQpnZXQNCiQyNA0KaGlncmVzcy1hdWRpdDpoaXQtcjEtMDI1DQo=, respValue: JDQxDQp7InNvdXJjZSI6ImNhY2hlIiwidmFsdWUiOiJmaXh0dXJlLW9ubHkifQ0K
envoy-1          | 2026-09-23T10:19:55.457998196Z [2026-09-23 10:19:55.457][29][info][wasm] [external/envoy/source/extensions/common/wasm/context.cc:1541] wasm log response-cache response-cache response-cache: [response-cache] [nil] [351ffbd5-6eca-4ee8-9140-8f08193951aa] [response-cache] cache hit for key: hit-r1-025
envoy-1          | 2026-09-23T10:19:55.458047182Z [2026-09-23 10:19:55.458][29][debug][wasm] [external/envoy/source/extensions/common/wasm/context.cc:1538] wasm log response-cache response-cache response-cache: [response-cache] [nil] [351ffbd5-6eca-4ee8-9140-8f08193951aa] [response-cache] [processCacheHit] cached response for key hit-r1-025: {"source":"cache","value":"fixture-only"}
envoy-1          | 2026-09-23T10:19:55.458422859Z [2026-09-23 10:19:55.458][29][debug][wasm] [external/envoy/source/extensions/common/wasm/context.cc:1538] wasm log response-cache response-cache response-cache: [response-cache] [nil] [351ffbd5-6eca-4ee8-9140-8f08193951aa] SetResponseBodyBufferLimit: 10485760
envoy-1          | 2026-09-23T10:19:55.458574971Z [2026-09-23 10:19:55.458][29][debug][wasm] [external/envoy/source/extensions/common/wasm/context.cc:1538] wasm log response-cache response-cache response-cache: [response-cache] [nil] [351ffbd5-6eca-4ee8-9140-8f08193951aa] [onHttpResponseBody] key is nil, skip cache
envoy-1          | 2026-09-23T10:19:55.589662172Z [2026-09-23 10:19:55.589][29][debug][wasm] [external/envoy/source/extensions/common/wasm/context.cc:1538] wasm log response-cache response-cache response-cache: [response-cache] [nil] [85064d03-179a-4e6c-9aa1-a51ef782eb99] [onHttpRequestHeaders] cache key from request header: x-http-cache-key, key: hit-r1-026
envoy-1          | 2026-09-23T10:19:55.589700321Z [2026-09-23 10:19:55.589][29][debug][wasm] [external/envoy/source/extensions/common/wasm/context.cc:1538] wasm log response-cache response-cache response-cache: [response-cache] [nil] [85064d03-179a-4e6c-9aa1-a51ef782eb99] [response-cache] [CheckCacheForKey] querying cache with key: higress-audit:hit-r1-026
envoy-1          | 2026-09-23T10:19:55.589816181Z [2026-09-23 10:19:55.589][29][debug][wasm] [external/envoy/source/extensions/common/wasm/context.cc:1538] wasm log response-cache response-cache response-cache: redis call start, request-id: 5e4a28a9-af0e-40eb-9c8a-d1596ce40745, respQuery: KjINCiQzDQpnZXQNCiQyNA0KaGlncmVzcy1hdWRpdDpoaXQtcjEtMDI2DQo=
envoy-1          | 2026-09-23T10:19:55.605057489Z [2026-09-23 10:19:55.604][29][debug][wasm] [external/envoy/source/extensions/common/wasm/context.cc:1538] wasm log response-cache response-cache response-cache: redis call end, request-id: 5e4a28a9-af0e-40eb-9c8a-d1596ce40745, respQuery: KjINCiQzDQpnZXQNCiQyNA0KaGlncmVzcy1hdWRpdDpoaXQtcjEtMDI2DQo=, respValue: JDQxDQp7InNvdXJjZSI6ImNhY2hlIiwidmFsdWUiOiJmaXh0dXJlLW9ubHkifQ0K
envoy-1          | 2026-09-23T10:19:55.605100053Z [2026-09-23 10:19:55.605][29][info][wasm] [external/envoy/source/extensions/common/wasm/context.cc:1541] wasm log response-cache response-cache response-cache: [response-cache] [nil] [85064d03-179a-4e6c-9aa1-a51ef782eb99] [response-cache] cache hit for key: hit-r1-026
envoy-1          | 2026-09-23T10:19:55.605129319Z [2026-09-23 10:19:55.605][29][debug][wasm] [external/envoy/source/extensions/common/wasm/context.cc:1538] wasm log response-cache response-cache response-cache: [response-cache] [nil] [85064d03-179a-4e6c-9aa1-a51ef782eb99] [response-cache] [processCacheHit] cached response for key hit-r1-026: {"source":"cache","value":"fixture-only"}
envoy-1          | 2026-09-23T10:19:55.605483108Z [2026-09-23 10:19:55.605][29][debug][wasm] [external/envoy/source/extensions/common/wasm/context.cc:1538] wasm log response-cache response-cache response-cache: [response-cache] [nil] [85064d03-179a-4e6c-9aa1-a51ef782eb99] SetResponseBodyBufferLimit: 10485760
envoy-1          | 2026-09-23T10:19:55.605595311Z [2026-09-23 10:19:55.605][29][debug][wasm] [external/envoy/source/extensions/common/wasm/context.cc:1538] wasm log response-cache response-cache response-cache: [response-cache] [nil] [85064d03-179a-4e6c-9aa1-a51ef782eb99] [onHttpResponseBody] key is nil, skip cache
envoy-1          | 2026-09-23T10:19:55.748798478Z [2026-09-23 10:19:55.748][29][debug][wasm] [external/envoy/source/extensions/common/wasm/context.cc:1538] wasm log response-cache response-cache response-cache: [response-cache] [nil] [0a9b9bfd-b8ab-4117-8df2-c84fd77665f3] [onHttpRequestHeaders] cache key from request header: x-http-cache-key, key: hit-r1-027
envoy-1          | 2026-09-23T10:19:55.748833190Z [2026-09-23 10:19:55.748][29][debug][wasm] [external/envoy/source/extensions/common/wasm/context.cc:1538] wasm log response-cache response-cache response-cache: [response-cache] [nil] [0a9b9bfd-b8ab-4117-8df2-c84fd77665f3] [response-cache] [CheckCacheForKey] querying cache with key: higress-audit:hit-r1-027
redis-fixture-1  | 2026-09-23T10:19:54.291104595Z {"seq": 157, "time_ns": 3889068751296, "event": "redis_release_requested", "id": "hit-r1-017"}
redis-fixture-1  | 2026-09-23T10:19:54.291201020Z {"seq": 158, "time_ns": 3889068922968, "event": "redis_reply_released", "id": "hit-r1-017", "mode": "hit"}
redis-fixture-1  | 2026-09-23T10:19:54.296076945Z {"seq": 159, "time_ns": 3889073629391, "event": "client_complete", "id": "hit-r1-017", "status": "200", "curl_exit": 0, "body_sha256": "da87d065c0f96d585f02840dc10c88f7e8edac17ae77dbdae4b9e051a619338f"}
redis-fixture-1  | 2026-09-23T10:19:54.298404727Z {"seq": 160, "time_ns": 3889075989411, "event": "upstream_peer_closed", "id": "hit-r1-017"}
redis-fixture-1  | 2026-09-23T10:19:54.405907743Z {"seq": 161, "time_ns": 3889183550010, "event": "redis_release_requested", "id": "hit-r1-017"}
redis-fixture-1  | 2026-09-23T10:19:54.409803995Z {"seq": 162, "time_ns": 3889187461209, "event": "prepared", "id": "hit-r1-018", "mode": "hit", "key": "higress-audit:hit-r1-018", "value": "{\"source\":\"cache\",\"value\":\"fixture-only\"}"}
redis-fixture-1  | 2026-09-23T10:19:54.422902458Z {"seq": 163, "time_ns": 3889200311339, "event": "redis_command", "id": "hit-r1-018", "command": "GET", "args": ["higress-audit:hit-r1-018"]}
redis-fixture-1  | 2026-09-23T10:19:54.423002153Z {"seq": 164, "time_ns": 3889200749643, "event": "upstream_seen", "id": "hit-r1-018", "headers": {"host": "127.0.0.1:19468", "user-agent": "curl/7.81.0", "accept": "*/*", "x-http-cache-key": "hit-r1-018", "x-verification-id": "hit-r1-018", "x-forwarded-proto": "http", "x-envoy-original-host": "127.0.0.1:19468", "x-request-id": "e658d10a-1d89-4f98-9649-74716a6014d5", "x-envoy-expected-rq-timeout-ms": "15000", "req-start-time": "1790158794421"}}
redis-fixture-1  | 2026-09-23T10:19:54.423043807Z {"seq": 165, "time_ns": 3889200804114, "event": "redis_get_seen", "id": "hit-r1-018"}
redis-fixture-1  | 2026-09-23T10:19:54.434436748Z {"seq": 166, "time_ns": 3889212124721, "event": "redis_release_requested", "id": "hit-r1-018"}
redis-fixture-1  | 2026-09-23T10:19:54.434615131Z {"seq": 167, "time_ns": 3889212331059, "event": "redis_reply_released", "id": "hit-r1-018", "mode": "hit"}
envoy-1          | 2026-09-23T10:19:55.748949103Z [2026-09-23 10:19:55.748][29][debug][wasm] [external/envoy/source/extensions/common/wasm/context.cc:1538] wasm log response-cache response-cache response-cache: redis call start, request-id: 87a7110f-ca2f-469c-922d-80d581110450, respQuery: KjINCiQzDQpnZXQNCiQyNA0KaGlncmVzcy1hdWRpdDpoaXQtcjEtMDI3DQo=
envoy-1          | 2026-09-23T10:19:55.776370757Z [2026-09-23 10:19:55.776][29][debug][wasm] [external/envoy/source/extensions/common/wasm/context.cc:1538] wasm log response-cache response-cache response-cache: redis call end, request-id: 87a7110f-ca2f-469c-922d-80d581110450, respQuery: KjINCiQzDQpnZXQNCiQyNA0KaGlncmVzcy1hdWRpdDpoaXQtcjEtMDI3DQo=, respValue: JDQxDQp7InNvdXJjZSI6ImNhY2hlIiwidmFsdWUiOiJmaXh0dXJlLW9ubHkifQ0K
envoy-1          | 2026-09-23T10:19:55.776402289Z [2026-09-23 10:19:55.776][29][info][wasm] [external/envoy/source/extensions/common/wasm/context.cc:1541] wasm log response-cache response-cache response-cache: [response-cache] [nil] [0a9b9bfd-b8ab-4117-8df2-c84fd77665f3] [response-cache] cache hit for key: hit-r1-027
envoy-1          | 2026-09-23T10:19:55.776426593Z [2026-09-23 10:19:55.776][29][debug][wasm] [external/envoy/source/extensions/common/wasm/context.cc:1538] wasm log response-cache response-cache response-cache: [response-cache] [nil] [0a9b9bfd-b8ab-4117-8df2-c84fd77665f3] [response-cache] [processCacheHit] cached response for key hit-r1-027: {"source":"cache","value":"fixture-only"}
envoy-1          | 2026-09-23T10:19:55.776715059Z [2026-09-23 10:19:55.776][29][debug][wasm] [external/envoy/source/extensions/common/wasm/context.cc:1538] wasm log response-cache response-cache response-cache: [response-cache] [nil] [0a9b9bfd-b8ab-4117-8df2-c84fd77665f3] SetResponseBodyBufferLimit: 10485760
envoy-1          | 2026-09-23T10:19:55.776847680Z [2026-09-23 10:19:55.776][29][debug][wasm] [external/envoy/source/extensions/common/wasm/context.cc:1538] wasm log response-cache response-cache response-cache: [response-cache] [nil] [0a9b9bfd-b8ab-4117-8df2-c84fd77665f3] [onHttpResponseBody] key is nil, skip cache
envoy-1          | 2026-09-23T10:19:55.910658336Z [2026-09-23 10:19:55.910][29][debug][wasm] [external/envoy/source/extensions/common/wasm/context.cc:1538] wasm log response-cache response-cache response-cache: [response-cache] [nil] [eb3cd4f8-29c3-4ca9-9427-b84848017110] [onHttpRequestHeaders] cache key from request header: x-http-cache-key, key: hit-r1-028
envoy-1          | 2026-09-23T10:19:55.910682369Z [2026-09-23 10:19:55.910][29][debug][wasm] [external/envoy/source/extensions/common/wasm/context.cc:1538] wasm log response-cache response-cache response-cache: [response-cache] [nil] [eb3cd4f8-29c3-4ca9-9427-b84848017110] [response-cache] [CheckCacheForKey] querying cache with key: higress-audit:hit-r1-028
envoy-1          | 2026-09-23T10:19:55.910726881Z [2026-09-23 10:19:55.910][29][debug][wasm] [external/envoy/source/extensions/common/wasm/context.cc:1538] wasm log response-cache response-cache response-cache: redis call start, request-id: b5261083-a85d-4b6f-8cae-89cec432ad44, respQuery: KjINCiQzDQpnZXQNCiQyNA0KaGlncmVzcy1hdWRpdDpoaXQtcjEtMDI4DQo=
redis-fixture-1  | 2026-09-23T10:19:54.438472815Z {"seq": 168, "time_ns": 3889216199784, "event": "client_complete", "id": "hit-r1-018", "status": "200", "curl_exit": 0, "body_sha256": "da87d065c0f96d585f02840dc10c88f7e8edac17ae77dbdae4b9e051a619338f"}
redis-fixture-1  | 2026-09-23T10:19:54.440584128Z {"seq": 169, "time_ns": 3889218314187, "event": "upstream_peer_closed", "id": "hit-r1-018"}
redis-fixture-1  | 2026-09-23T10:19:54.547646201Z {"seq": 170, "time_ns": 3889325209354, "event": "redis_release_requested", "id": "hit-r1-018"}
redis-fixture-1  | 2026-09-23T10:19:54.552235179Z {"seq": 171, "time_ns": 3889329862123, "event": "prepared", "id": "hit-r1-019", "mode": "hit", "key": "higress-audit:hit-r1-019", "value": "{\"source\":\"cache\",\"value\":\"fixture-only\"}"}
redis-fixture-1  | 2026-09-23T10:19:54.565531807Z {"seq": 172, "time_ns": 3889343162864, "event": "upstream_seen", "id": "hit-r1-019", "headers": {"host": "127.0.0.1:19468", "user-agent": "curl/7.81.0", "accept": "*/*", "x-http-cache-key": "hit-r1-019", "x-verification-id": "hit-r1-019", "x-forwarded-proto": "http", "x-envoy-original-host": "127.0.0.1:19468", "x-request-id": "7944ee6e-d6b4-459e-8a98-0c436009da97", "x-envoy-expected-rq-timeout-ms": "15000", "req-start-time": "1790158794563"}}
envoy-1          | 2026-09-23T10:19:55.927148795Z [2026-09-23 10:19:55.926][29][debug][wasm] [external/envoy/source/extensions/common/wasm/context.cc:1538] wasm log response-cache response-cache response-cache: redis call end, request-id: b5261083-a85d-4b6f-8cae-89cec432ad44, respQuery: KjINCiQzDQpnZXQNCiQyNA0KaGlncmVzcy1hdWRpdDpoaXQtcjEtMDI4DQo=, respValue: JDQxDQp7InNvdXJjZSI6ImNhY2hlIiwidmFsdWUiOiJmaXh0dXJlLW9ubHkifQ0K
envoy-1          | 2026-09-23T10:19:55.927186316Z [2026-09-23 10:19:55.927][29][info][wasm] [external/envoy/source/extensions/common/wasm/context.cc:1541] wasm log response-cache response-cache response-cache: [response-cache] [nil] [eb3cd4f8-29c3-4ca9-9427-b84848017110] [response-cache] cache hit for key: hit-r1-028
envoy-1          | 2026-09-23T10:19:55.927218260Z [2026-09-23 10:19:55.927][29][debug][wasm] [external/envoy/source/extensions/common/wasm/context.cc:1538] wasm log response-cache response-cache response-cache: [response-cache] [nil] [eb3cd4f8-29c3-4ca9-9427-b84848017110] [response-cache] [processCacheHit] cached response for key hit-r1-028: {"source":"cache","value":"fixture-only"}
envoy-1          | 2026-09-23T10:19:55.927328414Z [2026-09-23 10:19:55.927][29][debug][wasm] [external/envoy/source/extensions/common/wasm/context.cc:1538] wasm log response-cache response-cache response-cache: [response-cache] [nil] [eb3cd4f8-29c3-4ca9-9427-b84848017110] SetResponseBodyBufferLimit: 10485760
envoy-1          | 2026-09-23T10:19:55.927378835Z [2026-09-23 10:19:55.927][29][debug][wasm] [external/envoy/source/extensions/common/wasm/context.cc:1538] wasm log response-cache response-cache response-cache: [response-cache] [nil] [eb3cd4f8-29c3-4ca9-9427-b84848017110] [onHttpResponseBody] key is nil, skip cache
envoy-1          | 2026-09-23T10:19:56.055432857Z [2026-09-23 10:19:56.055][29][debug][wasm] [external/envoy/source/extensions/common/wasm/context.cc:1538] wasm log response-cache response-cache response-cache: [response-cache] [nil] [78f61306-a46a-462c-93e1-87e544e2ad6b] [onHttpRequestHeaders] cache key from request header: x-http-cache-key, key: hit-r1-029
envoy-1          | 2026-09-23T10:19:56.055468194Z [2026-09-23 10:19:56.055][29][debug][wasm] [external/envoy/source/extensions/common/wasm/context.cc:1538] wasm log response-cache response-cache response-cache: [response-cache] [nil] [78f61306-a46a-462c-93e1-87e544e2ad6b] [response-cache] [CheckCacheForKey] querying cache with key: higress-audit:hit-r1-029
envoy-1          | 2026-09-23T10:19:56.055500927Z [2026-09-23 10:19:56.055][29][debug][wasm] [external/envoy/source/extensions/common/wasm/context.cc:1538] wasm log response-cache response-cache response-cache: redis call start, request-id: 4de3159e-9f06-47bf-91fd-435af50b6387, respQuery: KjINCiQzDQpnZXQNCiQyNA0KaGlncmVzcy1hdWRpdDpoaXQtcjEtMDI5DQo=
envoy-1          | 2026-09-23T10:19:56.070961837Z [2026-09-23 10:19:56.070][29][debug][wasm] [external/envoy/source/extensions/common/wasm/context.cc:1538] wasm log response-cache response-cache response-cache: redis call end, request-id: 4de3159e-9f06-47bf-91fd-435af50b6387, respQuery: KjINCiQzDQpnZXQNCiQyNA0KaGlncmVzcy1hdWRpdDpoaXQtcjEtMDI5DQo=, respValue: JDQxDQp7InNvdXJjZSI6ImNhY2hlIiwidmFsdWUiOiJmaXh0dXJlLW9ubHkifQ0K
envoy-1          | 2026-09-23T10:19:56.071002961Z [2026-09-23 10:19:56.070][29][info][wasm] [external/envoy/source/extensions/common/wasm/context.cc:1541] wasm log response-cache response-cache response-cache: [response-cache] [nil] [78f61306-a46a-462c-93e1-87e544e2ad6b] [response-cache] cache hit for key: hit-r1-029
envoy-1          | 2026-09-23T10:19:56.071019988Z [2026-09-23 10:19:56.070][29][debug][wasm] [external/envoy/source/extensions/common/wasm/context.cc:1538] wasm log response-cache response-cache response-cache: [response-cache] [nil] [78f61306-a46a-462c-93e1-87e544e2ad6b] [response-cache] [processCacheHit] cached response for key hit-r1-029: {"source":"cache","value":"fixture-only"}
envoy-1          | 2026-09-23T10:19:56.071278764Z [2026-09-23 10:19:56.071][29][debug][wasm] [external/envoy/source/extensions/common/wasm/context.cc:1538] wasm log response-cache response-cache response-cache: [response-cache] [nil] [78f61306-a46a-462c-93e1-87e544e2ad6b] SetResponseBodyBufferLimit: 10485760
envoy-1          | 2026-09-23T10:19:56.071377821Z [2026-09-23 10:19:56.071][29][debug][wasm] [external/envoy/source/extensions/common/wasm/context.cc:1538] wasm log response-cache response-cache response-cache: [response-cache] [nil] [78f61306-a46a-462c-93e1-87e544e2ad6b] [onHttpResponseBody] key is nil, skip cache
envoy-1          | 2026-09-23T10:19:56.200440573Z [2026-09-23 10:19:56.200][29][debug][wasm] [external/envoy/source/extensions/common/wasm/context.cc:1538] wasm log response-cache response-cache response-cache: [response-cache] [nil] [dfae919d-b80f-425b-a762-29426ad30f50] [onHttpRequestHeaders] cache key from request header: x-http-cache-key, key: hit-r1-030
envoy-1          | 2026-09-23T10:19:56.200476189Z [2026-09-23 10:19:56.200][29][debug][wasm] [external/envoy/source/extensions/common/wasm/context.cc:1538] wasm log response-cache response-cache response-cache: [response-cache] [nil] [dfae919d-b80f-425b-a762-29426ad30f50] [response-cache] [CheckCacheForKey] querying cache with key: higress-audit:hit-r1-030
envoy-1          | 2026-09-23T10:19:56.200597578Z [2026-09-23 10:19:56.200][29][debug][wasm] [external/envoy/source/extensions/common/wasm/context.cc:1538] wasm log response-cache response-cache response-cache: redis call start, request-id: 1551a674-afe1-4c77-8e98-e47a33186c8e, respQuery: KjINCiQzDQpnZXQNCiQyNA0KaGlncmVzcy1hdWRpdDpoaXQtcjEtMDMwDQo=
envoy-1          | 2026-09-23T10:19:56.213868115Z [2026-09-23 10:19:56.213][29][debug][wasm] [external/envoy/source/extensions/common/wasm/context.cc:1538] wasm log response-cache response-cache response-cache: redis call end, request-id: 1551a674-afe1-4c77-8e98-e47a33186c8e, respQuery: KjINCiQzDQpnZXQNCiQyNA0KaGlncmVzcy1hdWRpdDpoaXQtcjEtMDMwDQo=, respValue: JDQxDQp7InNvdXJjZSI6ImNhY2hlIiwidmFsdWUiOiJmaXh0dXJlLW9ubHkifQ0K
envoy-1          | 2026-09-23T10:19:56.213903240Z [2026-09-23 10:19:56.213][29][info][wasm] [external/envoy/source/extensions/common/wasm/context.cc:1541] wasm log response-cache response-cache response-cache: [response-cache] [nil] [dfae919d-b80f-425b-a762-29426ad30f50] [response-cache] cache hit for key: hit-r1-030
envoy-1          | 2026-09-23T10:19:56.213915635Z [2026-09-23 10:19:56.213][29][debug][wasm] [external/envoy/source/extensions/common/wasm/context.cc:1538] wasm log response-cache response-cache response-cache: [response-cache] [nil] [dfae919d-b80f-425b-a762-29426ad30f50] [response-cache] [processCacheHit] cached response for key hit-r1-030: {"source":"cache","value":"fixture-only"}
envoy-1          | 2026-09-23T10:19:56.214142761Z [2026-09-23 10:19:56.214][29][debug][wasm] [external/envoy/source/extensions/common/wasm/context.cc:1538] wasm log response-cache response-cache response-cache: [response-cache] [nil] [dfae919d-b80f-425b-a762-29426ad30f50] SetResponseBodyBufferLimit: 10485760
envoy-1          | 2026-09-23T10:19:56.214267998Z [2026-09-23 10:19:56.214][29][debug][wasm] [external/envoy/source/extensions/common/wasm/context.cc:1538] wasm log response-cache response-cache response-cache: [response-cache] [nil] [dfae919d-b80f-425b-a762-29426ad30f50] [onHttpResponseBody] key is nil, skip cache
envoy-1          | 2026-09-23T10:19:56.343540361Z [2026-09-23 10:19:56.343][29][debug][wasm] [external/envoy/source/extensions/common/wasm/context.cc:1538] wasm log response-cache response-cache response-cache: [response-cache] [nil] [805d9d53-dc34-4571-9103-6747347c1c6b] [onHttpRequestHeaders] cache key from request header: x-http-cache-key, key: hit-r1-031
envoy-1          | 2026-09-23T10:19:56.343574593Z [2026-09-23 10:19:56.343][29][debug][wasm] [external/envoy/source/extensions/common/wasm/context.cc:1538] wasm log response-cache response-cache response-cache: [response-cache] [nil] [805d9d53-dc34-4571-9103-6747347c1c6b] [response-cache] [CheckCacheForKey] querying cache with key: higress-audit:hit-r1-031
envoy-1          | 2026-09-23T10:19:56.343698745Z [2026-09-23 10:19:56.343][29][debug][wasm] [external/envoy/source/extensions/common/wasm/context.cc:1538] wasm log response-cache response-cache response-cache: redis call start, request-id: 669fbf10-dd35-4ecc-9539-2414d565597d, respQuery: KjINCiQzDQpnZXQNCiQyNA0KaGlncmVzcy1hdWRpdDpoaXQtcjEtMDMxDQo=
redis-fixture-1  | 2026-09-23T10:19:54.568381275Z {"seq": 173, "time_ns": 3889345936102, "event": "redis_command", "id": "hit-r1-019", "command": "GET", "args": ["higress-audit:hit-r1-019"]}
redis-fixture-1  | 2026-09-23T10:19:54.568414364Z {"seq": 174, "time_ns": 3889346010939, "event": "redis_get_seen", "id": "hit-r1-019"}
redis-fixture-1  | 2026-09-23T10:19:54.575990281Z {"seq": 175, "time_ns": 3889353635154, "event": "redis_release_requested", "id": "hit-r1-019"}
redis-fixture-1  | 2026-09-23T10:19:54.576045030Z {"seq": 176, "time_ns": 3889353770666, "event": "redis_reply_released", "id": "hit-r1-019", "mode": "hit"}
redis-fixture-1  | 2026-09-23T10:19:54.580325234Z {"seq": 177, "time_ns": 3889357945291, "event": "client_complete", "id": "hit-r1-019", "status": "200", "curl_exit": 0, "body_sha256": "da87d065c0f96d585f02840dc10c88f7e8edac17ae77dbdae4b9e051a619338f"}
redis-fixture-1  | 2026-09-23T10:19:54.582529224Z {"seq": 178, "time_ns": 3889360244668, "event": "upstream_peer_closed", "id": "hit-r1-019"}
redis-fixture-1  | 2026-09-23T10:19:54.689929190Z {"seq": 179, "time_ns": 3889467522166, "event": "redis_release_requested", "id": "hit-r1-019"}
redis-fixture-1  | 2026-09-23T10:19:54.693874893Z {"seq": 180, "time_ns": 3889471562547, "event": "prepared", "id": "hit-r1-020", "mode": "hit", "key": "higress-audit:hit-r1-020", "value": "{\"source\":\"cache\",\"value\":\"fixture-only\"}"}
redis-fixture-1  | 2026-09-23T10:19:54.708422508Z {"seq": 181, "time_ns": 3889485984485, "event": "upstream_seen", "id": "hit-r1-020", "headers": {"host": "127.0.0.1:19468", "user-agent": "curl/7.81.0", "accept": "*/*", "x-http-cache-key": "hit-r1-020", "x-verification-id": "hit-r1-020", "x-forwarded-proto": "http", "x-envoy-original-host": "127.0.0.1:19468", "x-request-id": "c1d02a5e-f6a7-4d0b-bf72-0f31cebc9ab2", "x-envoy-expected-rq-timeout-ms": "15000", "req-start-time": "1790158794706"}}
redis-fixture-1  | 2026-09-23T10:19:54.711878097Z {"seq": 182, "time_ns": 3889489456849, "event": "redis_command", "id": "hit-r1-020", "command": "GET", "args": ["higress-audit:hit-r1-020"]}
redis-fixture-1  | 2026-09-23T10:19:54.711916114Z {"seq": 183, "time_ns": 3889489577450, "event": "redis_get_seen", "id": "hit-r1-020"}
redis-fixture-1  | 2026-09-23T10:19:54.734776332Z {"seq": 184, "time_ns": 3889512450558, "event": "redis_release_requested", "id": "hit-r1-020"}
redis-fixture-1  | 2026-09-23T10:19:54.734919341Z {"seq": 185, "time_ns": 3889512625437, "event": "redis_reply_released", "id": "hit-r1-020", "mode": "hit"}
redis-fixture-1  | 2026-09-23T10:19:54.738999197Z {"seq": 186, "time_ns": 3889516621748, "event": "client_complete", "id": "hit-r1-020", "status": "200", "curl_exit": 0, "body_sha256": "da87d065c0f96d585f02840dc10c88f7e8edac17ae77dbdae4b9e051a619338f"}
redis-fixture-1  | 2026-09-23T10:19:54.741435355Z {"seq": 187, "time_ns": 3889519130833, "event": "upstream_peer_closed", "id": "hit-r1-020"}
redis-fixture-1  | 2026-09-23T10:19:54.848988932Z {"seq": 188, "time_ns": 3889626630019, "event": "redis_release_requested", "id": "hit-r1-020"}
redis-fixture-1  | 2026-09-23T10:19:54.853033271Z {"seq": 189, "time_ns": 3889630676059, "event": "prepared", "id": "hit-r1-021", "mode": "hit", "key": "higress-audit:hit-r1-021", "value": "{\"source\":\"cache\",\"value\":\"fixture-only\"}"}
redis-fixture-1  | 2026-09-23T10:19:54.867673039Z {"seq": 190, "time_ns": 3889645197441, "event": "upstream_seen", "id": "hit-r1-021", "headers": {"host": "127.0.0.1:19468", "user-agent": "curl/7.81.0", "accept": "*/*", "x-http-cache-key": "hit-r1-021", "x-verification-id": "hit-r1-021", "x-forwarded-proto": "http", "x-envoy-original-host": "127.0.0.1:19468", "x-request-id": "cdcd9fc8-ad27-43b7-9e79-dba872c226ef", "x-envoy-expected-rq-timeout-ms": "15000", "req-start-time": "1790158794865"}}
redis-fixture-1  | 2026-09-23T10:19:54.867864984Z {"seq": 191, "time_ns": 3889645539924, "event": "redis_command", "id": "hit-r1-021", "command": "GET", "args": ["higress-audit:hit-r1-021"]}
redis-fixture-1  | 2026-09-23T10:19:54.867898092Z {"seq": 192, "time_ns": 3889645613808, "event": "redis_get_seen", "id": "hit-r1-021"}
redis-fixture-1  | 2026-09-23T10:19:54.878462612Z {"seq": 193, "time_ns": 3889656142821, "event": "redis_release_requested", "id": "hit-r1-021"}
redis-fixture-1  | 2026-09-23T10:19:54.878621113Z {"seq": 194, "time_ns": 3889656316498, "event": "redis_reply_released", "id": "hit-r1-021", "mode": "hit"}
redis-fixture-1  | 2026-09-23T10:19:54.882483747Z {"seq": 195, "time_ns": 3889660177569, "event": "client_complete", "id": "hit-r1-021", "status": "200", "curl_exit": 0, "body_sha256": "da87d065c0f96d585f02840dc10c88f7e8edac17ae77dbdae4b9e051a619338f"}
redis-fixture-1  | 2026-09-23T10:19:54.884595699Z {"seq": 196, "time_ns": 3889662169233, "event": "upstream_peer_closed", "id": "hit-r1-021"}
redis-fixture-1  | 2026-09-23T10:19:54.991603484Z {"seq": 197, "time_ns": 3889769158191, "event": "redis_release_requested", "id": "hit-r1-021"}
redis-fixture-1  | 2026-09-23T10:19:54.995825473Z {"seq": 198, "time_ns": 3889773464033, "event": "prepared", "id": "hit-r1-022", "mode": "hit", "key": "higress-audit:hit-r1-022", "value": "{\"source\":\"cache\",\"value\":\"fixture-only\"}"}
redis-fixture-1  | 2026-09-23T10:19:55.008884524Z {"seq": 199, "time_ns": 3889786508129, "event": "upstream_seen", "id": "hit-r1-022", "headers": {"host": "127.0.0.1:19468", "user-agent": "curl/7.81.0", "accept": "*/*", "x-http-cache-key": "hit-r1-022", "x-verification-id": "hit-r1-022", "x-forwarded-proto": "http", "x-envoy-original-host": "127.0.0.1:19468", "x-request-id": "ea560fcb-f648-42c2-a2b7-bfedf3128f36", "x-envoy-expected-rq-timeout-ms": "15000", "req-start-time": "1790158795007"}}
redis-fixture-1  | 2026-09-23T10:19:55.011880786Z {"seq": 200, "time_ns": 3889789437566, "event": "redis_command", "id": "hit-r1-022", "command": "GET", "args": ["higress-audit:hit-r1-022"]}
redis-fixture-1  | 2026-09-23T10:19:55.011914367Z {"seq": 201, "time_ns": 3889789514743, "event": "redis_get_seen", "id": "hit-r1-022"}
redis-fixture-1  | 2026-09-23T10:19:55.022102489Z {"seq": 202, "time_ns": 3889799641724, "event": "redis_release_requested", "id": "hit-r1-022"}
redis-fixture-1  | 2026-09-23T10:19:55.022135169Z {"seq": 203, "time_ns": 3889799780945, "event": "redis_reply_released", "id": "hit-r1-022", "mode": "hit"}
redis-fixture-1  | 2026-09-23T10:19:55.026114059Z {"seq": 204, "time_ns": 3889803699638, "event": "client_complete", "id": "hit-r1-022", "status": "200", "curl_exit": 0, "body_sha256": "da87d065c0f96d585f02840dc10c88f7e8edac17ae77dbdae4b9e051a619338f"}
redis-fixture-1  | 2026-09-23T10:19:55.028198731Z {"seq": 205, "time_ns": 3889805842363, "event": "upstream_peer_closed", "id": "hit-r1-022"}
redis-fixture-1  | 2026-09-23T10:19:55.135139410Z {"seq": 206, "time_ns": 3889912769098, "event": "redis_release_requested", "id": "hit-r1-022"}
redis-fixture-1  | 2026-09-23T10:19:55.138953187Z {"seq": 207, "time_ns": 3889916604328, "event": "prepared", "id": "hit-r1-023", "mode": "hit", "key": "higress-audit:hit-r1-023", "value": "{\"source\":\"cache\",\"value\":\"fixture-only\"}"}
redis-fixture-1  | 2026-09-23T10:19:55.152835090Z {"seq": 208, "time_ns": 3889930445291, "event": "upstream_seen", "id": "hit-r1-023", "headers": {"host": "127.0.0.1:19468", "user-agent": "curl/7.81.0", "accept": "*/*", "x-http-cache-key": "hit-r1-023", "x-verification-id": "hit-r1-023", "x-forwarded-proto": "http", "x-envoy-original-host": "127.0.0.1:19468", "x-request-id": "6c958d26-68ac-4dd3-a326-fb2940993f8e", "x-envoy-expected-rq-timeout-ms": "15000", "req-start-time": "1790158795150"}}
redis-fixture-1  | 2026-09-23T10:19:55.155392894Z {"seq": 209, "time_ns": 3889933040155, "event": "redis_command", "id": "hit-r1-023", "command": "GET", "args": ["higress-audit:hit-r1-023"]}
redis-fixture-1  | 2026-09-23T10:19:55.155419102Z {"seq": 210, "time_ns": 3889933074516, "event": "redis_get_seen", "id": "hit-r1-023"}
redis-fixture-1  | 2026-09-23T10:19:55.163800646Z {"seq": 211, "time_ns": 3889941429916, "event": "redis_release_requested", "id": "hit-r1-023"}
redis-fixture-1  | 2026-09-23T10:19:55.163885325Z {"seq": 212, "time_ns": 3889941602679, "event": "redis_reply_released", "id": "hit-r1-023", "mode": "hit"}
redis-fixture-1  | 2026-09-23T10:19:55.168179537Z {"seq": 213, "time_ns": 3889945797166, "event": "client_complete", "id": "hit-r1-023", "status": "200", "curl_exit": 0, "body_sha256": "da87d065c0f96d585f02840dc10c88f7e8edac17ae77dbdae4b9e051a619338f"}
redis-fixture-1  | 2026-09-23T10:19:55.170297467Z {"seq": 214, "time_ns": 3889947984546, "event": "upstream_peer_closed", "id": "hit-r1-023"}
redis-fixture-1  | 2026-09-23T10:19:55.278525509Z {"seq": 215, "time_ns": 3890056064769, "event": "redis_release_requested", "id": "hit-r1-023"}
redis-fixture-1  | 2026-09-23T10:19:55.282615033Z {"seq": 216, "time_ns": 3890060252909, "event": "prepared", "id": "hit-r1-024", "mode": "hit", "key": "higress-audit:hit-r1-024", "value": "{\"source\":\"cache\",\"value\":\"fixture-only\"}"}
redis-fixture-1  | 2026-09-23T10:19:55.296392113Z {"seq": 217, "time_ns": 3890073740827, "event": "redis_command", "id": "hit-r1-024", "command": "GET", "args": ["higress-audit:hit-r1-024"]}
redis-fixture-1  | 2026-09-23T10:19:55.296443715Z {"seq": 218, "time_ns": 3890074181655, "event": "redis_get_seen", "id": "hit-r1-024"}
redis-fixture-1  | 2026-09-23T10:19:55.296636543Z {"seq": 219, "time_ns": 3890074329727, "event": "upstream_seen", "id": "hit-r1-024", "headers": {"host": "127.0.0.1:19468", "user-agent": "curl/7.81.0", "accept": "*/*", "x-http-cache-key": "hit-r1-024", "x-verification-id": "hit-r1-024", "x-forwarded-proto": "http", "x-envoy-original-host": "127.0.0.1:19468", "x-request-id": "527d9123-80ec-4820-b754-5ef0254f3381", "x-envoy-expected-rq-timeout-ms": "15000", "req-start-time": "1790158795294"}}
redis-fixture-1  | 2026-09-23T10:19:55.308844052Z {"seq": 220, "time_ns": 3890086411277, "event": "redis_release_requested", "id": "hit-r1-024"}
redis-fixture-1  | 2026-09-23T10:19:55.308924517Z {"seq": 221, "time_ns": 3890086585198, "event": "redis_reply_released", "id": "hit-r1-024", "mode": "hit"}
redis-fixture-1  | 2026-09-23T10:19:55.313753846Z {"seq": 222, "time_ns": 3890091386814, "event": "client_complete", "id": "hit-r1-024", "status": "200", "curl_exit": 0, "body_sha256": "da87d065c0f96d585f02840dc10c88f7e8edac17ae77dbdae4b9e051a619338f"}
redis-fixture-1  | 2026-09-23T10:19:55.315752646Z {"seq": 223, "time_ns": 3890093397134, "event": "upstream_peer_closed", "id": "hit-r1-024"}
redis-fixture-1  | 2026-09-23T10:19:55.424199499Z {"seq": 224, "time_ns": 3890201833189, "event": "redis_release_requested", "id": "hit-r1-024"}
redis-fixture-1  | 2026-09-23T10:19:55.428603831Z {"seq": 225, "time_ns": 3890206241195, "event": "prepared", "id": "hit-r1-025", "mode": "hit", "key": "higress-audit:hit-r1-025", "value": "{\"source\":\"cache\",\"value\":\"fixture-only\"}"}
redis-fixture-1  | 2026-09-23T10:19:55.442623542Z {"seq": 226, "time_ns": 3890220320363, "event": "upstream_seen", "id": "hit-r1-025", "headers": {"host": "127.0.0.1:19468", "user-agent": "curl/7.81.0", "accept": "*/*", "x-http-cache-key": "hit-r1-025", "x-verification-id": "hit-r1-025", "x-forwarded-proto": "http", "x-envoy-original-host": "127.0.0.1:19468", "x-request-id": "351ffbd5-6eca-4ee8-9140-8f08193951aa", "x-envoy-expected-rq-timeout-ms": "15000", "req-start-time": "1790158795440"}}
envoy-1          | 2026-09-23T10:19:56.359507307Z [2026-09-23 10:19:56.359][29][debug][wasm] [external/envoy/source/extensions/common/wasm/context.cc:1538] wasm log response-cache response-cache response-cache: redis call end, request-id: 669fbf10-dd35-4ecc-9539-2414d565597d, respQuery: KjINCiQzDQpnZXQNCiQyNA0KaGlncmVzcy1hdWRpdDpoaXQtcjEtMDMxDQo=, respValue: JDQxDQp7InNvdXJjZSI6ImNhY2hlIiwidmFsdWUiOiJmaXh0dXJlLW9ubHkifQ0K
envoy-1          | 2026-09-23T10:19:56.359528747Z [2026-09-23 10:19:56.359][29][info][wasm] [external/envoy/source/extensions/common/wasm/context.cc:1541] wasm log response-cache response-cache response-cache: [response-cache] [nil] [805d9d53-dc34-4571-9103-6747347c1c6b] [response-cache] cache hit for key: hit-r1-031
envoy-1          | 2026-09-23T10:19:56.359562953Z [2026-09-23 10:19:56.359][29][debug][wasm] [external/envoy/source/extensions/common/wasm/context.cc:1538] wasm log response-cache response-cache response-cache: [response-cache] [nil] [805d9d53-dc34-4571-9103-6747347c1c6b] [response-cache] [processCacheHit] cached response for key hit-r1-031: {"source":"cache","value":"fixture-only"}
envoy-1          | 2026-09-23T10:19:56.359862581Z [2026-09-23 10:19:56.359][29][debug][wasm] [external/envoy/source/extensions/common/wasm/context.cc:1538] wasm log response-cache response-cache response-cache: [response-cache] [nil] [805d9d53-dc34-4571-9103-6747347c1c6b] SetResponseBodyBufferLimit: 10485760
envoy-1          | 2026-09-23T10:19:56.359971526Z [2026-09-23 10:19:56.359][29][debug][wasm] [external/envoy/source/extensions/common/wasm/context.cc:1538] wasm log response-cache response-cache response-cache: [response-cache] [nil] [805d9d53-dc34-4571-9103-6747347c1c6b] [onHttpResponseBody] key is nil, skip cache
envoy-1          | 2026-09-23T10:19:56.488814941Z [2026-09-23 10:19:56.488][29][debug][wasm] [external/envoy/source/extensions/common/wasm/context.cc:1538] wasm log response-cache response-cache response-cache: [response-cache] [nil] [20adbb4c-f9d3-4f09-8a02-1a5c7f09ce61] [onHttpRequestHeaders] cache key from request header: x-http-cache-key, key: hit-r1-032
envoy-1          | 2026-09-23T10:19:56.488850745Z [2026-09-23 10:19:56.488][29][debug][wasm] [external/envoy/source/extensions/common/wasm/context.cc:1538] wasm log response-cache response-cache response-cache: [response-cache] [nil] [20adbb4c-f9d3-4f09-8a02-1a5c7f09ce61] [response-cache] [CheckCacheForKey] querying cache with key: higress-audit:hit-r1-032
envoy-1          | 2026-09-23T10:19:56.488896053Z [2026-09-23 10:19:56.488][29][debug][wasm] [external/envoy/source/extensions/common/wasm/context.cc:1538] wasm log response-cache response-cache response-cache: redis call start, request-id: c9c9a139-c8f6-4183-a68a-304f3e863159, respQuery: KjINCiQzDQpnZXQNCiQyNA0KaGlncmVzcy1hdWRpdDpoaXQtcjEtMDMyDQo=
envoy-1          | 2026-09-23T10:19:56.503645451Z [2026-09-23 10:19:56.503][29][debug][wasm] [external/envoy/source/extensions/common/wasm/context.cc:1538] wasm log response-cache response-cache response-cache: redis call end, request-id: c9c9a139-c8f6-4183-a68a-304f3e863159, respQuery: KjINCiQzDQpnZXQNCiQyNA0KaGlncmVzcy1hdWRpdDpoaXQtcjEtMDMyDQo=, respValue: JDQxDQp7InNvdXJjZSI6ImNhY2hlIiwidmFsdWUiOiJmaXh0dXJlLW9ubHkifQ0K
envoy-1          | 2026-09-23T10:19:56.503669983Z [2026-09-23 10:19:56.503][29][info][wasm] [external/envoy/source/extensions/common/wasm/context.cc:1541] wasm log response-cache response-cache response-cache: [response-cache] [nil] [20adbb4c-f9d3-4f09-8a02-1a5c7f09ce61] [response-cache] cache hit for key: hit-r1-032
envoy-1          | 2026-09-23T10:19:56.503687911Z [2026-09-23 10:19:56.503][29][debug][wasm] [external/envoy/source/extensions/common/wasm/context.cc:1538] wasm log response-cache response-cache response-cache: [response-cache] [nil] [20adbb4c-f9d3-4f09-8a02-1a5c7f09ce61] [response-cache] [processCacheHit] cached response for key hit-r1-032: {"source":"cache","value":"fixture-only"}
envoy-1          | 2026-09-23T10:19:56.503819299Z [2026-09-23 10:19:56.503][29][debug][wasm] [external/envoy/source/extensions/common/wasm/context.cc:1538] wasm log response-cache response-cache response-cache: [response-cache] [nil] [20adbb4c-f9d3-4f09-8a02-1a5c7f09ce61] SetResponseBodyBufferLimit: 10485760
redis-fixture-1  | 2026-09-23T10:19:55.445541160Z {"seq": 227, "time_ns": 3890223171792, "event": "redis_command", "id": "hit-r1-025", "command": "GET", "args": ["higress-audit:hit-r1-025"]}
redis-fixture-1  | 2026-09-23T10:19:55.445565893Z {"seq": 228, "time_ns": 3890223245729, "event": "redis_get_seen", "id": "hit-r1-025"}
redis-fixture-1  | 2026-09-23T10:19:55.457410934Z {"seq": 229, "time_ns": 3890235054752, "event": "redis_release_requested", "id": "hit-r1-025"}
redis-fixture-1  | 2026-09-23T10:19:55.457460952Z {"seq": 230, "time_ns": 3890235199060, "event": "redis_reply_released", "id": "hit-r1-025", "mode": "hit"}
redis-fixture-1  | 2026-09-23T10:19:55.462003042Z {"seq": 231, "time_ns": 3890239587571, "event": "client_complete", "id": "hit-r1-025", "status": "200", "curl_exit": 0, "body_sha256": "da87d065c0f96d585f02840dc10c88f7e8edac17ae77dbdae4b9e051a619338f"}
redis-fixture-1  | 2026-09-23T10:19:55.464332700Z {"seq": 232, "time_ns": 3890241980716, "event": "upstream_peer_closed", "id": "hit-r1-025"}
redis-fixture-1  | 2026-09-23T10:19:55.572565374Z {"seq": 233, "time_ns": 3890350164913, "event": "redis_release_requested", "id": "hit-r1-025"}
redis-fixture-1  | 2026-09-23T10:19:55.576976647Z {"seq": 234, "time_ns": 3890354607556, "event": "prepared", "id": "hit-r1-026", "mode": "hit", "key": "higress-audit:hit-r1-026", "value": "{\"source\":\"cache\",\"value\":\"fixture-only\"}"}
redis-fixture-1  | 2026-09-23T10:19:55.591027519Z {"seq": 235, "time_ns": 3890368711747, "event": "upstream_seen", "id": "hit-r1-026", "headers": {"host": "127.0.0.1:19468", "user-agent": "curl/7.81.0", "accept": "*/*", "x-http-cache-key": "hit-r1-026", "x-verification-id": "hit-r1-026", "x-forwarded-proto": "http", "x-envoy-original-host": "127.0.0.1:19468", "x-request-id": "85064d03-179a-4e6c-9aa1-a51ef782eb99", "x-envoy-expected-rq-timeout-ms": "15000", "req-start-time": "1790158795588"}}
redis-fixture-1  | 2026-09-23T10:19:55.591155468Z {"seq": 236, "time_ns": 3890368836055, "event": "redis_command", "id": "hit-r1-026", "command": "GET", "args": ["higress-audit:hit-r1-026"]}
redis-fixture-1  | 2026-09-23T10:19:55.591200912Z {"seq": 237, "time_ns": 3890368952400, "event": "redis_get_seen", "id": "hit-r1-026"}
redis-fixture-1  | 2026-09-23T10:19:55.604421348Z {"seq": 238, "time_ns": 3890382093787, "event": "redis_release_requested", "id": "hit-r1-026"}
redis-fixture-1  | 2026-09-23T10:19:55.604553700Z {"seq": 239, "time_ns": 3890382274610, "event": "redis_reply_released", "id": "hit-r1-026", "mode": "hit"}
redis-fixture-1  | 2026-09-23T10:19:55.609261476Z {"seq": 240, "time_ns": 3890386989684, "event": "client_complete", "id": "hit-r1-026", "status": "200", "curl_exit": 0, "body_sha256": "da87d065c0f96d585f02840dc10c88f7e8edac17ae77dbdae4b9e051a619338f"}
envoy-1          | 2026-09-23T10:19:56.503862563Z [2026-09-23 10:19:56.503][29][debug][wasm] [external/envoy/source/extensions/common/wasm/context.cc:1538] wasm log response-cache response-cache response-cache: [response-cache] [nil] [20adbb4c-f9d3-4f09-8a02-1a5c7f09ce61] [onHttpResponseBody] key is nil, skip cache
envoy-1          | 2026-09-23T10:19:56.630112486Z [2026-09-23 10:19:56.629][29][debug][wasm] [external/envoy/source/extensions/common/wasm/context.cc:1538] wasm log response-cache response-cache response-cache: [response-cache] [nil] [938c4f86-bb7c-4d7b-b5d0-fd7ec81214e3] [onHttpRequestHeaders] cache key from request header: x-http-cache-key, key: hit-r1-033
envoy-1          | 2026-09-23T10:19:56.630142512Z [2026-09-23 10:19:56.630][29][debug][wasm] [external/envoy/source/extensions/common/wasm/context.cc:1538] wasm log response-cache response-cache response-cache: [response-cache] [nil] [938c4f86-bb7c-4d7b-b5d0-fd7ec81214e3] [response-cache] [CheckCacheForKey] querying cache with key: higress-audit:hit-r1-033
envoy-1          | 2026-09-23T10:19:56.630328584Z [2026-09-23 10:19:56.630][29][debug][wasm] [external/envoy/source/extensions/common/wasm/context.cc:1538] wasm log response-cache response-cache response-cache: redis call start, request-id: 276156e0-2504-4ee4-8f06-faa216797fa4, respQuery: KjINCiQzDQpnZXQNCiQyNA0KaGlncmVzcy1hdWRpdDpoaXQtcjEtMDMzDQo=
envoy-1          | 2026-09-23T10:19:56.647578698Z [2026-09-23 10:19:56.647][29][debug][wasm] [external/envoy/source/extensions/common/wasm/context.cc:1538] wasm log response-cache response-cache response-cache: redis call end, request-id: 276156e0-2504-4ee4-8f06-faa216797fa4, respQuery: KjINCiQzDQpnZXQNCiQyNA0KaGlncmVzcy1hdWRpdDpoaXQtcjEtMDMzDQo=, respValue: JDQxDQp7InNvdXJjZSI6ImNhY2hlIiwidmFsdWUiOiJmaXh0dXJlLW9ubHkifQ0K
envoy-1          | 2026-09-23T10:19:56.647589836Z [2026-09-23 10:19:56.647][29][info][wasm] [external/envoy/source/extensions/common/wasm/context.cc:1541] wasm log response-cache response-cache response-cache: [response-cache] [nil] [938c4f86-bb7c-4d7b-b5d0-fd7ec81214e3] [response-cache] cache hit for key: hit-r1-033
envoy-1          | 2026-09-23T10:19:56.647641492Z [2026-09-23 10:19:56.647][29][debug][wasm] [external/envoy/source/extensions/common/wasm/context.cc:1538] wasm log response-cache response-cache response-cache: [response-cache] [nil] [938c4f86-bb7c-4d7b-b5d0-fd7ec81214e3] [response-cache] [processCacheHit] cached response for key hit-r1-033: {"source":"cache","value":"fixture-only"}
redis-fixture-1  | 2026-09-23T10:19:55.622948886Z {"seq": 241, "time_ns": 3890400653126, "event": "upstream_peer_closed", "id": "hit-r1-026"}
redis-fixture-1  | 2026-09-23T10:19:55.731783588Z {"seq": 242, "time_ns": 3890509418029, "event": "redis_release_requested", "id": "hit-r1-026"}
redis-fixture-1  | 2026-09-23T10:19:55.735535365Z {"seq": 243, "time_ns": 3890513184663, "event": "prepared", "id": "hit-r1-027", "mode": "hit", "key": "higress-audit:hit-r1-027", "value": "{\"source\":\"cache\",\"value\":\"fixture-only\"}"}
redis-fixture-1  | 2026-09-23T10:19:55.750224597Z {"seq": 244, "time_ns": 3890527838045, "event": "upstream_seen", "id": "hit-r1-027", "headers": {"host": "127.0.0.1:19468", "user-agent": "curl/7.81.0", "accept": "*/*", "x-http-cache-key": "hit-r1-027", "x-verification-id": "hit-r1-027", "x-forwarded-proto": "http", "x-envoy-original-host": "127.0.0.1:19468", "x-request-id": "0a9b9bfd-b8ab-4117-8df2-c84fd77665f3", "x-envoy-expected-rq-timeout-ms": "15000", "req-start-time": "1790158795748"}}
redis-fixture-1  | 2026-09-23T10:19:55.753283821Z {"seq": 245, "time_ns": 3890530699463, "event": "redis_command", "id": "hit-r1-027", "command": "GET", "args": ["higress-audit:hit-r1-027"]}
redis-fixture-1  | 2026-09-23T10:19:55.754561450Z {"seq": 246, "time_ns": 3890532187845, "event": "redis_get_seen", "id": "hit-r1-027"}
redis-fixture-1  | 2026-09-23T10:19:55.775723748Z {"seq": 247, "time_ns": 3890553329386, "event": "redis_release_requested", "id": "hit-r1-027"}
redis-fixture-1  | 2026-09-23T10:19:55.775835820Z {"seq": 248, "time_ns": 3890553504700, "event": "redis_reply_released", "id": "hit-r1-027", "mode": "hit"}
redis-fixture-1  | 2026-09-23T10:19:55.783336946Z {"seq": 249, "time_ns": 3890560905251, "event": "client_complete", "id": "hit-r1-027", "status": "200", "curl_exit": 0, "body_sha256": "da87d065c0f96d585f02840dc10c88f7e8edac17ae77dbdae4b9e051a619338f"}
redis-fixture-1  | 2026-09-23T10:19:55.786472870Z {"seq": 250, "time_ns": 3890564090200, "event": "upstream_peer_closed", "id": "hit-r1-027"}
redis-fixture-1  | 2026-09-23T10:19:55.894728102Z {"seq": 251, "time_ns": 3890672394697, "event": "redis_release_requested", "id": "hit-r1-027"}
envoy-1          | 2026-09-23T10:19:56.647918816Z [2026-09-23 10:19:56.647][29][debug][wasm] [external/envoy/source/extensions/common/wasm/context.cc:1538] wasm log response-cache response-cache response-cache: [response-cache] [nil] [938c4f86-bb7c-4d7b-b5d0-fd7ec81214e3] SetResponseBodyBufferLimit: 10485760
envoy-1          | 2026-09-23T10:19:56.648024337Z [2026-09-23 10:19:56.647][29][debug][wasm] [external/envoy/source/extensions/common/wasm/context.cc:1538] wasm log response-cache response-cache response-cache: [response-cache] [nil] [938c4f86-bb7c-4d7b-b5d0-fd7ec81214e3] [onHttpResponseBody] key is nil, skip cache
envoy-1          | 2026-09-23T10:19:56.776656877Z [2026-09-23 10:19:56.776][29][debug][wasm] [external/envoy/source/extensions/common/wasm/context.cc:1538] wasm log response-cache response-cache response-cache: [response-cache] [nil] [f916107a-5f2e-464b-ae2a-96366b507752] [onHttpRequestHeaders] cache key from request header: x-http-cache-key, key: hit-r1-034
envoy-1          | 2026-09-23T10:19:56.776707657Z [2026-09-23 10:19:56.776][29][debug][wasm] [external/envoy/source/extensions/common/wasm/context.cc:1538] wasm log response-cache response-cache response-cache: [response-cache] [nil] [f916107a-5f2e-464b-ae2a-96366b507752] [response-cache] [CheckCacheForKey] querying cache with key: higress-audit:hit-r1-034
envoy-1          | 2026-09-23T10:19:56.776777303Z [2026-09-23 10:19:56.776][29][debug][wasm] [external/envoy/source/extensions/common/wasm/context.cc:1538] wasm log response-cache response-cache response-cache: redis call start, request-id: 8adf4486-dda6-474b-8f9a-3f9b37142b85, respQuery: KjINCiQzDQpnZXQNCiQyNA0KaGlncmVzcy1hdWRpdDpoaXQtcjEtMDM0DQo=
envoy-1          | 2026-09-23T10:19:56.794870280Z [2026-09-23 10:19:56.794][29][debug][wasm] [external/envoy/source/extensions/common/wasm/context.cc:1538] wasm log response-cache response-cache response-cache: redis call end, request-id: 8adf4486-dda6-474b-8f9a-3f9b37142b85, respQuery: KjINCiQzDQpnZXQNCiQyNA0KaGlncmVzcy1hdWRpdDpoaXQtcjEtMDM0DQo=, respValue: JDQxDQp7InNvdXJjZSI6ImNhY2hlIiwidmFsdWUiOiJmaXh0dXJlLW9ubHkifQ0K
envoy-1          | 2026-09-23T10:19:56.794890189Z [2026-09-23 10:19:56.794][29][info][wasm] [external/envoy/source/extensions/common/wasm/context.cc:1541] wasm log response-cache response-cache response-cache: [response-cache] [nil] [f916107a-5f2e-464b-ae2a-96366b507752] [response-cache] cache hit for key: hit-r1-034
envoy-1          | 2026-09-23T10:19:56.794963153Z [2026-09-23 10:19:56.794][29][debug][wasm] [external/envoy/source/extensions/common/wasm/context.cc:1538] wasm log response-cache response-cache response-cache: [response-cache] [nil] [f916107a-5f2e-464b-ae2a-96366b507752] [response-cache] [processCacheHit] cached response for key hit-r1-034: {"source":"cache","value":"fixture-only"}
envoy-1          | 2026-09-23T10:19:56.795223095Z [2026-09-23 10:19:56.795][29][debug][wasm] [external/envoy/source/extensions/common/wasm/context.cc:1538] wasm log response-cache response-cache response-cache: [response-cache] [nil] [f916107a-5f2e-464b-ae2a-96366b507752] SetResponseBodyBufferLimit: 10485760
envoy-1          | 2026-09-23T10:19:56.795319099Z [2026-09-23 10:19:56.795][29][debug][wasm] [external/envoy/source/extensions/common/wasm/context.cc:1538] wasm log response-cache response-cache response-cache: [response-cache] [nil] [f916107a-5f2e-464b-ae2a-96366b507752] [onHttpResponseBody] key is nil, skip cache
envoy-1          | 2026-09-23T10:19:56.925434192Z [2026-09-23 10:19:56.925][29][debug][wasm] [external/envoy/source/extensions/common/wasm/context.cc:1538] wasm log response-cache response-cache response-cache: [response-cache] [nil] [b8edc6fe-d934-4e5c-a82f-1d35b60bd8eb] [onHttpRequestHeaders] cache key from request header: x-http-cache-key, key: hit-r1-035
envoy-1          | 2026-09-23T10:19:56.925470837Z [2026-09-23 10:19:56.925][29][debug][wasm] [external/envoy/source/extensions/common/wasm/context.cc:1538] wasm log response-cache response-cache response-cache: [response-cache] [nil] [b8edc6fe-d934-4e5c-a82f-1d35b60bd8eb] [response-cache] [CheckCacheForKey] querying cache with key: higress-audit:hit-r1-035
envoy-1          | 2026-09-23T10:19:56.925643015Z [2026-09-23 10:19:56.925][29][debug][wasm] [external/envoy/source/extensions/common/wasm/context.cc:1538] wasm log response-cache response-cache response-cache: redis call start, request-id: 71c62067-dcf1-498d-9b9f-af589dc1b6bb, respQuery: KjINCiQzDQpnZXQNCiQyNA0KaGlncmVzcy1hdWRpdDpoaXQtcjEtMDM1DQo=
envoy-1          | 2026-09-23T10:19:56.942549683Z [2026-09-23 10:19:56.942][29][debug][wasm] [external/envoy/source/extensions/common/wasm/context.cc:1538] wasm log response-cache response-cache response-cache: redis call end, request-id: 71c62067-dcf1-498d-9b9f-af589dc1b6bb, respQuery: KjINCiQzDQpnZXQNCiQyNA0KaGlncmVzcy1hdWRpdDpoaXQtcjEtMDM1DQo=, respValue: JDQxDQp7InNvdXJjZSI6ImNhY2hlIiwidmFsdWUiOiJmaXh0dXJlLW9ubHkifQ0K
envoy-1          | 2026-09-23T10:19:56.942602635Z [2026-09-23 10:19:56.942][29][info][wasm] [external/envoy/source/extensions/common/wasm/context.cc:1541] wasm log response-cache response-cache response-cache: [response-cache] [nil] [b8edc6fe-d934-4e5c-a82f-1d35b60bd8eb] [response-cache] cache hit for key: hit-r1-035
envoy-1          | 2026-09-23T10:19:56.942619728Z [2026-09-23 10:19:56.942][29][debug][wasm] [external/envoy/source/extensions/common/wasm/context.cc:1538] wasm log response-cache response-cache response-cache: [response-cache] [nil] [b8edc6fe-d934-4e5c-a82f-1d35b60bd8eb] [response-cache] [processCacheHit] cached response for key hit-r1-035: {"source":"cache","value":"fixture-only"}
envoy-1          | 2026-09-23T10:19:56.942901334Z [2026-09-23 10:19:56.942][29][debug][wasm] [external/envoy/source/extensions/common/wasm/context.cc:1538] wasm log response-cache response-cache response-cache: [response-cache] [nil] [b8edc6fe-d934-4e5c-a82f-1d35b60bd8eb] SetResponseBodyBufferLimit: 10485760
envoy-1          | 2026-09-23T10:19:56.943020947Z [2026-09-23 10:19:56.942][29][debug][wasm] [external/envoy/source/extensions/common/wasm/context.cc:1538] wasm log response-cache response-cache response-cache: [response-cache] [nil] [b8edc6fe-d934-4e5c-a82f-1d35b60bd8eb] [onHttpResponseBody] key is nil, skip cache
envoy-1          | 2026-09-23T10:19:57.074911645Z [2026-09-23 10:19:57.074][29][debug][wasm] [external/envoy/source/extensions/common/wasm/context.cc:1538] wasm log response-cache response-cache response-cache: [response-cache] [nil] [9279dc5f-08dc-4e55-b65e-ef3e4c07146f] [onHttpRequestHeaders] cache key from request header: x-http-cache-key, key: hit-r1-036
envoy-1          | 2026-09-23T10:19:57.074947678Z [2026-09-23 10:19:57.074][29][debug][wasm] [external/envoy/source/extensions/common/wasm/context.cc:1538] wasm log response-cache response-cache response-cache: [response-cache] [nil] [9279dc5f-08dc-4e55-b65e-ef3e4c07146f] [response-cache] [CheckCacheForKey] querying cache with key: higress-audit:hit-r1-036
envoy-1          | 2026-09-23T10:19:57.075068951Z [2026-09-23 10:19:57.075][29][debug][wasm] [external/envoy/source/extensions/common/wasm/context.cc:1538] wasm log response-cache response-cache response-cache: redis call start, request-id: fb793b4e-b353-417e-bdfd-9666990ac081, respQuery: KjINCiQzDQpnZXQNCiQyNA0KaGlncmVzcy1hdWRpdDpoaXQtcjEtMDM2DQo=
envoy-1          | 2026-09-23T10:19:57.091477068Z [2026-09-23 10:19:57.091][29][debug][wasm] [external/envoy/source/extensions/common/wasm/context.cc:1538] wasm log response-cache response-cache response-cache: redis call end, request-id: fb793b4e-b353-417e-bdfd-9666990ac081, respQuery: KjINCiQzDQpnZXQNCiQyNA0KaGlncmVzcy1hdWRpdDpoaXQtcjEtMDM2DQo=, respValue: JDQxDQp7InNvdXJjZSI6ImNhY2hlIiwidmFsdWUiOiJmaXh0dXJlLW9ubHkifQ0K
envoy-1          | 2026-09-23T10:19:57.091497223Z [2026-09-23 10:19:57.091][29][info][wasm] [external/envoy/source/extensions/common/wasm/context.cc:1541] wasm log response-cache response-cache response-cache: [response-cache] [nil] [9279dc5f-08dc-4e55-b65e-ef3e4c07146f] [response-cache] cache hit for key: hit-r1-036
envoy-1          | 2026-09-23T10:19:57.091508744Z [2026-09-23 10:19:57.091][29][debug][wasm] [external/envoy/source/extensions/common/wasm/context.cc:1538] wasm log response-cache response-cache response-cache: [response-cache] [nil] [9279dc5f-08dc-4e55-b65e-ef3e4c07146f] [response-cache] [processCacheHit] cached response for key hit-r1-036: {"source":"cache","value":"fixture-only"}
envoy-1          | 2026-09-23T10:19:57.091831264Z [2026-09-23 10:19:57.091][29][debug][wasm] [external/envoy/source/extensions/common/wasm/context.cc:1538] wasm log response-cache response-cache response-cache: [response-cache] [nil] [9279dc5f-08dc-4e55-b65e-ef3e4c07146f] SetResponseBodyBufferLimit: 10485760
envoy-1          | 2026-09-23T10:19:57.091873386Z [2026-09-23 10:19:57.091][29][debug][wasm] [external/envoy/source/extensions/common/wasm/context.cc:1538] wasm log response-cache response-cache response-cache: [response-cache] [nil] [9279dc5f-08dc-4e55-b65e-ef3e4c07146f] [onHttpResponseBody] key is nil, skip cache
envoy-1          | 2026-09-23T10:19:57.220961348Z [2026-09-23 10:19:57.220][29][debug][wasm] [external/envoy/source/extensions/common/wasm/context.cc:1538] wasm log response-cache response-cache response-cache: [response-cache] [nil] [1664f98c-0de0-49bc-ab60-739fed6e4ac9] [onHttpRequestHeaders] cache key from request header: x-http-cache-key, key: hit-r1-037
envoy-1          | 2026-09-23T10:19:57.220995760Z [2026-09-23 10:19:57.220][29][debug][wasm] [external/envoy/source/extensions/common/wasm/context.cc:1538] wasm log response-cache response-cache response-cache: [response-cache] [nil] [1664f98c-0de0-49bc-ab60-739fed6e4ac9] [response-cache] [CheckCacheForKey] querying cache with key: higress-audit:hit-r1-037
envoy-1          | 2026-09-23T10:19:57.221062396Z [2026-09-23 10:19:57.220][29][debug][wasm] [external/envoy/source/extensions/common/wasm/context.cc:1538] wasm log response-cache response-cache response-cache: redis call start, request-id: ad3b01ed-9a83-44ca-9e81-8a2587181f56, respQuery: KjINCiQzDQpnZXQNCiQyNA0KaGlncmVzcy1hdWRpdDpoaXQtcjEtMDM3DQo=
envoy-1          | 2026-09-23T10:19:57.239552381Z [2026-09-23 10:19:57.239][29][debug][wasm] [external/envoy/source/extensions/common/wasm/context.cc:1538] wasm log response-cache response-cache response-cache: redis call end, request-id: ad3b01ed-9a83-44ca-9e81-8a2587181f56, respQuery: KjINCiQzDQpnZXQNCiQyNA0KaGlncmVzcy1hdWRpdDpoaXQtcjEtMDM3DQo=, respValue: JDQxDQp7InNvdXJjZSI6ImNhY2hlIiwidmFsdWUiOiJmaXh0dXJlLW9ubHkifQ0K
envoy-1          | 2026-09-23T10:19:57.239570830Z [2026-09-23 10:19:57.239][29][info][wasm] [external/envoy/source/extensions/common/wasm/context.cc:1541] wasm log response-cache response-cache response-cache: [response-cache] [nil] [1664f98c-0de0-49bc-ab60-739fed6e4ac9] [response-cache] cache hit for key: hit-r1-037
envoy-1          | 2026-09-23T10:19:57.239649439Z [2026-09-23 10:19:57.239][29][debug][wasm] [external/envoy/source/extensions/common/wasm/context.cc:1538] wasm log response-cache response-cache response-cache: [response-cache] [nil] [1664f98c-0de0-49bc-ab60-739fed6e4ac9] [response-cache] [processCacheHit] cached response for key hit-r1-037: {"source":"cache","value":"fixture-only"}
envoy-1          | 2026-09-23T10:19:57.239902696Z [2026-09-23 10:19:57.239][29][debug][wasm] [external/envoy/source/extensions/common/wasm/context.cc:1538] wasm log response-cache response-cache response-cache: [response-cache] [nil] [1664f98c-0de0-49bc-ab60-739fed6e4ac9] SetResponseBodyBufferLimit: 10485760
envoy-1          | 2026-09-23T10:19:57.240008137Z [2026-09-23 10:19:57.239][29][debug][wasm] [external/envoy/source/extensions/common/wasm/context.cc:1538] wasm log response-cache response-cache response-cache: [response-cache] [nil] [1664f98c-0de0-49bc-ab60-739fed6e4ac9] [onHttpResponseBody] key is nil, skip cache
envoy-1          | 2026-09-23T10:19:57.370871264Z [2026-09-23 10:19:57.370][29][debug][wasm] [external/envoy/source/extensions/common/wasm/context.cc:1538] wasm log response-cache response-cache response-cache: [response-cache] [nil] [bd82e6a7-1f04-4301-a554-e7ef69f49300] [onHttpRequestHeaders] cache key from request header: x-http-cache-key, key: hit-r1-038
envoy-1          | 2026-09-23T10:19:57.370905608Z [2026-09-23 10:19:57.370][29][debug][wasm] [external/envoy/source/extensions/common/wasm/context.cc:1538] wasm log response-cache response-cache response-cache: [response-cache] [nil] [bd82e6a7-1f04-4301-a554-e7ef69f49300] [response-cache] [CheckCacheForKey] querying cache with key: higress-audit:hit-r1-038
envoy-1          | 2026-09-23T10:19:57.371069145Z [2026-09-23 10:19:57.371][29][debug][wasm] [external/envoy/source/extensions/common/wasm/context.cc:1538] wasm log response-cache response-cache response-cache: redis call start, request-id: b987ac1b-f66f-472c-84bd-924f0c8488ea, respQuery: KjINCiQzDQpnZXQNCiQyNA0KaGlncmVzcy1hdWRpdDpoaXQtcjEtMDM4DQo=
envoy-1          | 2026-09-23T10:19:57.387807945Z [2026-09-23 10:19:57.387][29][debug][wasm] [external/envoy/source/extensions/common/wasm/context.cc:1538] wasm log response-cache response-cache response-cache: redis call end, request-id: b987ac1b-f66f-472c-84bd-924f0c8488ea, respQuery: KjINCiQzDQpnZXQNCiQyNA0KaGlncmVzcy1hdWRpdDpoaXQtcjEtMDM4DQo=, respValue: JDQxDQp7InNvdXJjZSI6ImNhY2hlIiwidmFsdWUiOiJmaXh0dXJlLW9ubHkifQ0K
envoy-1          | 2026-09-23T10:19:57.387826585Z [2026-09-23 10:19:57.387][29][info][wasm] [external/envoy/source/extensions/common/wasm/context.cc:1541] wasm log response-cache response-cache response-cache: [response-cache] [nil] [bd82e6a7-1f04-4301-a554-e7ef69f49300] [response-cache] cache hit for key: hit-r1-038
envoy-1          | 2026-09-23T10:19:57.387899822Z [2026-09-23 10:19:57.387][29][debug][wasm] [external/envoy/source/extensions/common/wasm/context.cc:1538] wasm log response-cache response-cache response-cache: [response-cache] [nil] [bd82e6a7-1f04-4301-a554-e7ef69f49300] [response-cache] [processCacheHit] cached response for key hit-r1-038: {"source":"cache","value":"fixture-only"}
envoy-1          | 2026-09-23T10:19:57.388154867Z [2026-09-23 10:19:57.388][29][debug][wasm] [external/envoy/source/extensions/common/wasm/context.cc:1538] wasm log response-cache response-cache response-cache: [response-cache] [nil] [bd82e6a7-1f04-4301-a554-e7ef69f49300] SetResponseBodyBufferLimit: 10485760
envoy-1          | 2026-09-23T10:19:57.388263137Z [2026-09-23 10:19:57.388][29][debug][wasm] [external/envoy/source/extensions/common/wasm/context.cc:1538] wasm log response-cache response-cache response-cache: [response-cache] [nil] [bd82e6a7-1f04-4301-a554-e7ef69f49300] [onHttpResponseBody] key is nil, skip cache
envoy-1          | 2026-09-23T10:19:57.519178703Z [2026-09-23 10:19:57.518][29][debug][wasm] [external/envoy/source/extensions/common/wasm/context.cc:1538] wasm log response-cache response-cache response-cache: [response-cache] [nil] [5d63bd0f-9738-4f55-b10f-6c37eb60663d] [onHttpRequestHeaders] cache key from request header: x-http-cache-key, key: hit-r1-039
envoy-1          | 2026-09-23T10:19:57.519213155Z [2026-09-23 10:19:57.519][29][debug][wasm] [external/envoy/source/extensions/common/wasm/context.cc:1538] wasm log response-cache response-cache response-cache: [response-cache] [nil] [5d63bd0f-9738-4f55-b10f-6c37eb60663d] [response-cache] [CheckCacheForKey] querying cache with key: higress-audit:hit-r1-039
envoy-1          | 2026-09-23T10:19:57.519313173Z [2026-09-23 10:19:57.519][29][debug][wasm] [external/envoy/source/extensions/common/wasm/context.cc:1538] wasm log response-cache response-cache response-cache: redis call start, request-id: cee2286e-c069-44e0-9933-167f4a7fd076, respQuery: KjINCiQzDQpnZXQNCiQyNA0KaGlncmVzcy1hdWRpdDpoaXQtcjEtMDM5DQo=
envoy-1          | 2026-09-23T10:19:57.537663608Z [2026-09-23 10:19:57.537][29][debug][wasm] [external/envoy/source/extensions/common/wasm/context.cc:1538] wasm log response-cache response-cache response-cache: redis call end, request-id: cee2286e-c069-44e0-9933-167f4a7fd076, respQuery: KjINCiQzDQpnZXQNCiQyNA0KaGlncmVzcy1hdWRpdDpoaXQtcjEtMDM5DQo=, respValue: JDQxDQp7InNvdXJjZSI6ImNhY2hlIiwidmFsdWUiOiJmaXh0dXJlLW9ubHkifQ0K
envoy-1          | 2026-09-23T10:19:57.537697621Z [2026-09-23 10:19:57.537][29][info][wasm] [external/envoy/source/extensions/common/wasm/context.cc:1541] wasm log response-cache response-cache response-cache: [response-cache] [nil] [5d63bd0f-9738-4f55-b10f-6c37eb60663d] [response-cache] cache hit for key: hit-r1-039
envoy-1          | 2026-09-23T10:19:57.537749629Z [2026-09-23 10:19:57.537][29][debug][wasm] [external/envoy/source/extensions/common/wasm/context.cc:1538] wasm log response-cache response-cache response-cache: [response-cache] [nil] [5d63bd0f-9738-4f55-b10f-6c37eb60663d] [response-cache] [processCacheHit] cached response for key hit-r1-039: {"source":"cache","value":"fixture-only"}
envoy-1          | 2026-09-23T10:19:57.538014592Z [2026-09-23 10:19:57.537][29][debug][wasm] [external/envoy/source/extensions/common/wasm/context.cc:1538] wasm log response-cache response-cache response-cache: [response-cache] [nil] [5d63bd0f-9738-4f55-b10f-6c37eb60663d] SetResponseBodyBufferLimit: 10485760
envoy-1          | 2026-09-23T10:19:57.538131633Z [2026-09-23 10:19:57.538][29][debug][wasm] [external/envoy/source/extensions/common/wasm/context.cc:1538] wasm log response-cache response-cache response-cache: [response-cache] [nil] [5d63bd0f-9738-4f55-b10f-6c37eb60663d] [onHttpResponseBody] key is nil, skip cache
envoy-1          | 2026-09-23T10:19:57.670105755Z [2026-09-23 10:19:57.669][29][debug][wasm] [external/envoy/source/extensions/common/wasm/context.cc:1538] wasm log response-cache response-cache response-cache: [response-cache] [nil] [a730e02e-7363-44b5-b965-8935c938c628] [onHttpRequestHeaders] cache key from request header: x-http-cache-key, key: hit-r1-040
envoy-1          | 2026-09-23T10:19:57.670139140Z [2026-09-23 10:19:57.669][29][debug][wasm] [external/envoy/source/extensions/common/wasm/context.cc:1538] wasm log response-cache response-cache response-cache: [response-cache] [nil] [a730e02e-7363-44b5-b965-8935c938c628] [response-cache] [CheckCacheForKey] querying cache with key: higress-audit:hit-r1-040
envoy-1          | 2026-09-23T10:19:57.670246569Z [2026-09-23 10:19:57.670][29][debug][wasm] [external/envoy/source/extensions/common/wasm/context.cc:1538] wasm log response-cache response-cache response-cache: redis call start, request-id: 1d6303ee-51fc-4036-b2b6-7859e88ceb74, respQuery: KjINCiQzDQpnZXQNCiQyNA0KaGlncmVzcy1hdWRpdDpoaXQtcjEtMDQwDQo=
envoy-1          | 2026-09-23T10:19:57.685722607Z [2026-09-23 10:19:57.685][29][debug][wasm] [external/envoy/source/extensions/common/wasm/context.cc:1538] wasm log response-cache response-cache response-cache: redis call end, request-id: 1d6303ee-51fc-4036-b2b6-7859e88ceb74, respQuery: KjINCiQzDQpnZXQNCiQyNA0KaGlncmVzcy1hdWRpdDpoaXQtcjEtMDQwDQo=, respValue: JDQxDQp7InNvdXJjZSI6ImNhY2hlIiwidmFsdWUiOiJmaXh0dXJlLW9ubHkifQ0K
envoy-1          | 2026-09-23T10:19:57.685740843Z [2026-09-23 10:19:57.685][29][info][wasm] [external/envoy/source/extensions/common/wasm/context.cc:1541] wasm log response-cache response-cache response-cache: [response-cache] [nil] [a730e02e-7363-44b5-b965-8935c938c628] [response-cache] cache hit for key: hit-r1-040
envoy-1          | 2026-09-23T10:19:57.685807432Z [2026-09-23 10:19:57.685][29][debug][wasm] [external/envoy/source/extensions/common/wasm/context.cc:1538] wasm log response-cache response-cache response-cache: [response-cache] [nil] [a730e02e-7363-44b5-b965-8935c938c628] [response-cache] [processCacheHit] cached response for key hit-r1-040: {"source":"cache","value":"fixture-only"}
envoy-1          | 2026-09-23T10:19:57.686061302Z [2026-09-23 10:19:57.685][29][debug][wasm] [external/envoy/source/extensions/common/wasm/context.cc:1538] wasm log response-cache response-cache response-cache: [response-cache] [nil] [a730e02e-7363-44b5-b965-8935c938c628] SetResponseBodyBufferLimit: 10485760
envoy-1          | 2026-09-23T10:19:57.686169655Z [2026-09-23 10:19:57.686][29][debug][wasm] [external/envoy/source/extensions/common/wasm/context.cc:1538] wasm log response-cache response-cache response-cache: [response-cache] [nil] [a730e02e-7363-44b5-b965-8935c938c628] [onHttpResponseBody] key is nil, skip cache
envoy-1          | 2026-09-23T10:19:57.815555938Z [2026-09-23 10:19:57.815][29][debug][wasm] [external/envoy/source/extensions/common/wasm/context.cc:1538] wasm log response-cache response-cache response-cache: [response-cache] [nil] [483d5964-3a05-457c-9b0e-7dbba4880fd1] [onHttpRequestHeaders] cache key from request header: x-http-cache-key, key: hit-r1-041
envoy-1          | 2026-09-23T10:19:57.815589946Z [2026-09-23 10:19:57.815][29][debug][wasm] [external/envoy/source/extensions/common/wasm/context.cc:1538] wasm log response-cache response-cache response-cache: [response-cache] [nil] [483d5964-3a05-457c-9b0e-7dbba4880fd1] [response-cache] [CheckCacheForKey] querying cache with key: higress-audit:hit-r1-041
envoy-1          | 2026-09-23T10:19:57.815718142Z [2026-09-23 10:19:57.815][29][debug][wasm] [external/envoy/source/extensions/common/wasm/context.cc:1538] wasm log response-cache response-cache response-cache: redis call start, request-id: 877f25ba-0ff9-4ad1-8329-a250f8c3ed56, respQuery: KjINCiQzDQpnZXQNCiQyNA0KaGlncmVzcy1hdWRpdDpoaXQtcjEtMDQxDQo=
envoy-1          | 2026-09-23T10:19:57.833910197Z [2026-09-23 10:19:57.833][29][debug][wasm] [external/envoy/source/extensions/common/wasm/context.cc:1538] wasm log response-cache response-cache response-cache: redis call end, request-id: 877f25ba-0ff9-4ad1-8329-a250f8c3ed56, respQuery: KjINCiQzDQpnZXQNCiQyNA0KaGlncmVzcy1hdWRpdDpoaXQtcjEtMDQxDQo=, respValue: JDQxDQp7InNvdXJjZSI6ImNhY2hlIiwidmFsdWUiOiJmaXh0dXJlLW9ubHkifQ0K
envoy-1          | 2026-09-23T10:19:57.833928142Z [2026-09-23 10:19:57.833][29][info][wasm] [external/envoy/source/extensions/common/wasm/context.cc:1541] wasm log response-cache response-cache response-cache: [response-cache] [nil] [483d5964-3a05-457c-9b0e-7dbba4880fd1] [response-cache] cache hit for key: hit-r1-041
envoy-1          | 2026-09-23T10:19:57.833939117Z [2026-09-23 10:19:57.833][29][debug][wasm] [external/envoy/source/extensions/common/wasm/context.cc:1538] wasm log response-cache response-cache response-cache: [response-cache] [nil] [483d5964-3a05-457c-9b0e-7dbba4880fd1] [response-cache] [processCacheHit] cached response for key hit-r1-041: {"source":"cache","value":"fixture-only"}
envoy-1          | 2026-09-23T10:19:57.834267904Z [2026-09-23 10:19:57.834][29][debug][wasm] [external/envoy/source/extensions/common/wasm/context.cc:1538] wasm log response-cache response-cache response-cache: [response-cache] [nil] [483d5964-3a05-457c-9b0e-7dbba4880fd1] SetResponseBodyBufferLimit: 10485760
envoy-1          | 2026-09-23T10:19:57.834361268Z [2026-09-23 10:19:57.834][29][debug][wasm] [external/envoy/source/extensions/common/wasm/context.cc:1538] wasm log response-cache response-cache response-cache: [response-cache] [nil] [483d5964-3a05-457c-9b0e-7dbba4880fd1] [onHttpResponseBody] key is nil, skip cache
envoy-1          | 2026-09-23T10:19:57.963854353Z [2026-09-23 10:19:57.963][29][debug][wasm] [external/envoy/source/extensions/common/wasm/context.cc:1538] wasm log response-cache response-cache response-cache: [response-cache] [nil] [68af033d-62f3-41ca-a990-998c0a7c3b63] [onHttpRequestHeaders] cache key from request header: x-http-cache-key, key: hit-r1-042
envoy-1          | 2026-09-23T10:19:57.963890862Z [2026-09-23 10:19:57.963][29][debug][wasm] [external/envoy/source/extensions/common/wasm/context.cc:1538] wasm log response-cache response-cache response-cache: [response-cache] [nil] [68af033d-62f3-41ca-a990-998c0a7c3b63] [response-cache] [CheckCacheForKey] querying cache with key: higress-audit:hit-r1-042
envoy-1          | 2026-09-23T10:19:57.963992670Z [2026-09-23 10:19:57.963][29][debug][wasm] [external/envoy/source/extensions/common/wasm/context.cc:1538] wasm log response-cache response-cache response-cache: redis call start, request-id: 98d2d44e-0faf-4cb6-8ee7-b5478df03a9a, respQuery: KjINCiQzDQpnZXQNCiQyNA0KaGlncmVzcy1hdWRpdDpoaXQtcjEtMDQyDQo=
envoy-1          | 2026-09-23T10:19:57.982512080Z [2026-09-23 10:19:57.982][29][debug][wasm] [external/envoy/source/extensions/common/wasm/context.cc:1538] wasm log response-cache response-cache response-cache: redis call end, request-id: 98d2d44e-0faf-4cb6-8ee7-b5478df03a9a, respQuery: KjINCiQzDQpnZXQNCiQyNA0KaGlncmVzcy1hdWRpdDpoaXQtcjEtMDQyDQo=, respValue: JDQxDQp7InNvdXJjZSI6ImNhY2hlIiwidmFsdWUiOiJmaXh0dXJlLW9ubHkifQ0K
envoy-1          | 2026-09-23T10:19:57.982600896Z [2026-09-23 10:19:57.982][29][info][wasm] [external/envoy/source/extensions/common/wasm/context.cc:1541] wasm log response-cache response-cache response-cache: [response-cache] [nil] [68af033d-62f3-41ca-a990-998c0a7c3b63] [response-cache] cache hit for key: hit-r1-042
redis-fixture-1  | 2026-09-23T10:19:55.899056091Z {"seq": 252, "time_ns": 3890676776163, "event": "prepared", "id": "hit-r1-028", "mode": "hit", "key": "higress-audit:hit-r1-028", "value": "{\"source\":\"cache\",\"value\":\"fixture-only\"}"}
redis-fixture-1  | 2026-09-23T10:19:55.911603913Z {"seq": 253, "time_ns": 3890689302941, "event": "upstream_seen", "id": "hit-r1-028", "headers": {"host": "127.0.0.1:19468", "user-agent": "curl/7.81.0", "accept": "*/*", "x-http-cache-key": "hit-r1-028", "x-verification-id": "hit-r1-028", "x-forwarded-proto": "http", "x-envoy-original-host": "127.0.0.1:19468", "x-request-id": "eb3cd4f8-29c3-4ca9-9427-b84848017110", "x-envoy-expected-rq-timeout-ms": "15000", "req-start-time": "1790158795910"}}
redis-fixture-1  | 2026-09-23T10:19:55.911809301Z {"seq": 254, "time_ns": 3890689462525, "event": "redis_command", "id": "hit-r1-028", "command": "GET", "args": ["higress-audit:hit-r1-028"]}
redis-fixture-1  | 2026-09-23T10:19:55.911864571Z {"seq": 255, "time_ns": 3890689537466, "event": "redis_get_seen", "id": "hit-r1-028"}
redis-fixture-1  | 2026-09-23T10:19:55.926648900Z {"seq": 256, "time_ns": 3890704352188, "event": "redis_release_requested", "id": "hit-r1-028"}
redis-fixture-1  | 2026-09-23T10:19:55.926774588Z {"seq": 257, "time_ns": 3890704501505, "event": "redis_reply_released", "id": "hit-r1-028", "mode": "hit"}
redis-fixture-1  | 2026-09-23T10:19:55.930562093Z {"seq": 258, "time_ns": 3890708284431, "event": "client_complete", "id": "hit-r1-028", "status": "200", "curl_exit": 0, "body_sha256": "da87d065c0f96d585f02840dc10c88f7e8edac17ae77dbdae4b9e051a619338f"}
redis-fixture-1  | 2026-09-23T10:19:55.932695086Z {"seq": 259, "time_ns": 3890710390210, "event": "upstream_peer_closed", "id": "hit-r1-028"}
envoy-1          | 2026-09-23T10:19:57.982635497Z [2026-09-23 10:19:57.982][29][debug][wasm] [external/envoy/source/extensions/common/wasm/context.cc:1538] wasm log response-cache response-cache response-cache: [response-cache] [nil] [68af033d-62f3-41ca-a990-998c0a7c3b63] [response-cache] [processCacheHit] cached response for key hit-r1-042: {"source":"cache","value":"fixture-only"}
envoy-1          | 2026-09-23T10:19:57.982953251Z [2026-09-23 10:19:57.982][29][debug][wasm] [external/envoy/source/extensions/common/wasm/context.cc:1538] wasm log response-cache response-cache response-cache: [response-cache] [nil] [68af033d-62f3-41ca-a990-998c0a7c3b63] SetResponseBodyBufferLimit: 10485760
envoy-1          | 2026-09-23T10:19:57.983058455Z [2026-09-23 10:19:57.982][29][debug][wasm] [external/envoy/source/extensions/common/wasm/context.cc:1538] wasm log response-cache response-cache response-cache: [response-cache] [nil] [68af033d-62f3-41ca-a990-998c0a7c3b63] [onHttpResponseBody] key is nil, skip cache
envoy-1          | 2026-09-23T10:19:58.112952474Z [2026-09-23 10:19:58.112][29][debug][wasm] [external/envoy/source/extensions/common/wasm/context.cc:1538] wasm log response-cache response-cache response-cache: [response-cache] [nil] [272db32d-83ec-4029-b363-dea1e24abe45] [onHttpRequestHeaders] cache key from request header: x-http-cache-key, key: hit-r1-043
envoy-1          | 2026-09-23T10:19:58.112989547Z [2026-09-23 10:19:58.112][29][debug][wasm] [external/envoy/source/extensions/common/wasm/context.cc:1538] wasm log response-cache response-cache response-cache: [response-cache] [nil] [272db32d-83ec-4029-b363-dea1e24abe45] [response-cache] [CheckCacheForKey] querying cache with key: higress-audit:hit-r1-043
redis-fixture-1  | 2026-09-23T10:19:56.040652281Z {"seq": 260, "time_ns": 3890818256569, "event": "redis_release_requested", "id": "hit-r1-028"}
redis-fixture-1  | 2026-09-23T10:19:56.044507483Z {"seq": 261, "time_ns": 3890822176331, "event": "prepared", "id": "hit-r1-029", "mode": "hit", "key": "higress-audit:hit-r1-029", "value": "{\"source\":\"cache\",\"value\":\"fixture-only\"}"}
redis-fixture-1  | 2026-09-23T10:19:56.056488578Z {"seq": 262, "time_ns": 3890834191545, "event": "upstream_seen", "id": "hit-r1-029", "headers": {"host": "127.0.0.1:19468", "user-agent": "curl/7.81.0", "accept": "*/*", "x-http-cache-key": "hit-r1-029", "x-verification-id": "hit-r1-029", "x-forwarded-proto": "http", "x-envoy-original-host": "127.0.0.1:19468", "x-request-id": "78f61306-a46a-462c-93e1-87e544e2ad6b", "x-envoy-expected-rq-timeout-ms": "15000", "req-start-time": "1790158796054"}}
redis-fixture-1  | 2026-09-23T10:19:56.059449296Z {"seq": 263, "time_ns": 3890837076080, "event": "redis_command", "id": "hit-r1-029", "command": "GET", "args": ["higress-audit:hit-r1-029"]}
redis-fixture-1  | 2026-09-23T10:19:56.059482517Z {"seq": 264, "time_ns": 3890837151557, "event": "redis_get_seen", "id": "hit-r1-029"}
redis-fixture-1  | 2026-09-23T10:19:56.070263472Z {"seq": 265, "time_ns": 3890847962744, "event": "redis_release_requested", "id": "hit-r1-029"}
redis-fixture-1  | 2026-09-23T10:19:56.070477413Z {"seq": 266, "time_ns": 3890848156229, "event": "redis_reply_released", "id": "hit-r1-029", "mode": "hit"}
redis-fixture-1  | 2026-09-23T10:19:56.074607716Z {"seq": 267, "time_ns": 3890852316157, "event": "client_complete", "id": "hit-r1-029", "status": "200", "curl_exit": 0, "body_sha256": "da87d065c0f96d585f02840dc10c88f7e8edac17ae77dbdae4b9e051a619338f"}
redis-fixture-1  | 2026-09-23T10:19:56.076667840Z {"seq": 268, "time_ns": 3890854383444, "event": "upstream_peer_closed", "id": "hit-r1-029"}
redis-fixture-1  | 2026-09-23T10:19:56.184471095Z {"seq": 269, "time_ns": 3890962159528, "event": "redis_release_requested", "id": "hit-r1-029"}
redis-fixture-1  | 2026-09-23T10:19:56.188162178Z {"seq": 270, "time_ns": 3890965873242, "event": "prepared", "id": "hit-r1-030", "mode": "hit", "key": "higress-audit:hit-r1-030", "value": "{\"source\":\"cache\",\"value\":\"fixture-only\"}"}
redis-fixture-1  | 2026-09-23T10:19:56.202050816Z {"seq": 271, "time_ns": 3890979678308, "event": "upstream_seen", "id": "hit-r1-030", "headers": {"host": "127.0.0.1:19468", "user-agent": "curl/7.81.0", "accept": "*/*", "x-http-cache-key": "hit-r1-030", "x-verification-id": "hit-r1-030", "x-forwarded-proto": "http", "x-envoy-original-host": "127.0.0.1:19468", "x-request-id": "dfae919d-b80f-425b-a762-29426ad30f50", "x-envoy-expected-rq-timeout-ms": "15000", "req-start-time": "1790158796199"}}
redis-fixture-1  | 2026-09-23T10:19:56.204594700Z {"seq": 272, "time_ns": 3890982266640, "event": "redis_command", "id": "hit-r1-030", "command": "GET", "args": ["higress-audit:hit-r1-030"]}
redis-fixture-1  | 2026-09-23T10:19:56.204634984Z {"seq": 273, "time_ns": 3890982341908, "event": "redis_get_seen", "id": "hit-r1-030"}
redis-fixture-1  | 2026-09-23T10:19:56.213215958Z {"seq": 274, "time_ns": 3890990909430, "event": "redis_release_requested", "id": "hit-r1-030"}
envoy-1          | 2026-09-23T10:19:58.113002547Z [2026-09-23 10:19:58.112][29][debug][wasm] [external/envoy/source/extensions/common/wasm/context.cc:1538] wasm log response-cache response-cache response-cache: redis call start, request-id: 3d156212-c935-424b-b4ad-4eae63470561, respQuery: KjINCiQzDQpnZXQNCiQyNA0KaGlncmVzcy1hdWRpdDpoaXQtcjEtMDQzDQo=
envoy-1          | 2026-09-23T10:19:58.130759715Z [2026-09-23 10:19:58.130][29][debug][wasm] [external/envoy/source/extensions/common/wasm/context.cc:1538] wasm log response-cache response-cache response-cache: redis call end, request-id: 3d156212-c935-424b-b4ad-4eae63470561, respQuery: KjINCiQzDQpnZXQNCiQyNA0KaGlncmVzcy1hdWRpdDpoaXQtcjEtMDQzDQo=, respValue: JDQxDQp7InNvdXJjZSI6ImNhY2hlIiwidmFsdWUiOiJmaXh0dXJlLW9ubHkifQ0K
envoy-1          | 2026-09-23T10:19:58.130778715Z [2026-09-23 10:19:58.130][29][info][wasm] [external/envoy/source/extensions/common/wasm/context.cc:1541] wasm log response-cache response-cache response-cache: [response-cache] [nil] [272db32d-83ec-4029-b363-dea1e24abe45] [response-cache] cache hit for key: hit-r1-043
envoy-1          | 2026-09-23T10:19:58.130808547Z [2026-09-23 10:19:58.130][29][debug][wasm] [external/envoy/source/extensions/common/wasm/context.cc:1538] wasm log response-cache response-cache response-cache: [response-cache] [nil] [272db32d-83ec-4029-b363-dea1e24abe45] [response-cache] [processCacheHit] cached response for key hit-r1-043: {"source":"cache","value":"fixture-only"}
redis-fixture-1  | 2026-09-23T10:19:56.213403255Z {"seq": 275, "time_ns": 3890991114012, "event": "redis_reply_released", "id": "hit-r1-030", "mode": "hit"}
envoy-1          | 2026-09-23T10:19:58.130975808Z [2026-09-23 10:19:58.130][29][debug][wasm] [external/envoy/source/extensions/common/wasm/context.cc:1538] wasm log response-cache response-cache response-cache: [response-cache] [nil] [272db32d-83ec-4029-b363-dea1e24abe45] SetResponseBodyBufferLimit: 10485760
envoy-1          | 2026-09-23T10:19:58.131013417Z [2026-09-23 10:19:58.130][29][debug][wasm] [external/envoy/source/extensions/common/wasm/context.cc:1538] wasm log response-cache response-cache response-cache: [response-cache] [nil] [272db32d-83ec-4029-b363-dea1e24abe45] [onHttpResponseBody] key is nil, skip cache
envoy-1          | 2026-09-23T10:19:58.259523510Z [2026-09-23 10:19:58.259][29][debug][wasm] [external/envoy/source/extensions/common/wasm/context.cc:1538] wasm log response-cache response-cache response-cache: [response-cache] [nil] [bb5b102d-ed1f-40e4-bda8-2bdb88643eaf] [onHttpRequestHeaders] cache key from request header: x-http-cache-key, key: hit-r1-044
envoy-1          | 2026-09-23T10:19:58.259553584Z [2026-09-23 10:19:58.259][29][debug][wasm] [external/envoy/source/extensions/common/wasm/context.cc:1538] wasm log response-cache response-cache response-cache: [response-cache] [nil] [bb5b102d-ed1f-40e4-bda8-2bdb88643eaf] [response-cache] [CheckCacheForKey] querying cache with key: higress-audit:hit-r1-044
envoy-1          | 2026-09-23T10:19:58.259662856Z [2026-09-23 10:19:58.259][29][debug][wasm] [external/envoy/source/extensions/common/wasm/context.cc:1538] wasm log response-cache response-cache response-cache: redis call start, request-id: 0451aa21-9f5c-47a0-b9fa-febfe78d56b9, respQuery: KjINCiQzDQpnZXQNCiQyNA0KaGlncmVzcy1hdWRpdDpoaXQtcjEtMDQ0DQo=
envoy-1          | 2026-09-23T10:19:58.274773121Z [2026-09-23 10:19:58.274][29][debug][wasm] [external/envoy/source/extensions/common/wasm/context.cc:1538] wasm log response-cache response-cache response-cache: redis call end, request-id: 0451aa21-9f5c-47a0-b9fa-febfe78d56b9, respQuery: KjINCiQzDQpnZXQNCiQyNA0KaGlncmVzcy1hdWRpdDpoaXQtcjEtMDQ0DQo=, respValue: JDQxDQp7InNvdXJjZSI6ImNhY2hlIiwidmFsdWUiOiJmaXh0dXJlLW9ubHkifQ0K
envoy-1          | 2026-09-23T10:19:58.274794011Z [2026-09-23 10:19:58.274][29][info][wasm] [external/envoy/source/extensions/common/wasm/context.cc:1541] wasm log response-cache response-cache response-cache: [response-cache] [nil] [bb5b102d-ed1f-40e4-bda8-2bdb88643eaf] [response-cache] cache hit for key: hit-r1-044
redis-fixture-1  | 2026-09-23T10:19:56.217452138Z {"seq": 276, "time_ns": 3890995161830, "event": "client_complete", "id": "hit-r1-030", "status": "200", "curl_exit": 0, "body_sha256": "da87d065c0f96d585f02840dc10c88f7e8edac17ae77dbdae4b9e051a619338f"}
redis-fixture-1  | 2026-09-23T10:19:56.219634419Z {"seq": 277, "time_ns": 3890997336582, "event": "upstream_peer_closed", "id": "hit-r1-030"}
redis-fixture-1  | 2026-09-23T10:19:56.326966329Z {"seq": 278, "time_ns": 3891104669940, "event": "redis_release_requested", "id": "hit-r1-030"}
redis-fixture-1  | 2026-09-23T10:19:56.331299799Z {"seq": 279, "time_ns": 3891109011311, "event": "prepared", "id": "hit-r1-031", "mode": "hit", "key": "higress-audit:hit-r1-031", "value": "{\"source\":\"cache\",\"value\":\"fixture-only\"}"}
redis-fixture-1  | 2026-09-23T10:19:56.344789850Z {"seq": 280, "time_ns": 3891122493038, "event": "upstream_seen", "id": "hit-r1-031", "headers": {"host": "127.0.0.1:19468", "user-agent": "curl/7.81.0", "accept": "*/*", "x-http-cache-key": "hit-r1-031", "x-verification-id": "hit-r1-031", "x-forwarded-proto": "http", "x-envoy-original-host": "127.0.0.1:19468", "x-request-id": "805d9d53-dc34-4571-9103-6747347c1c6b", "x-envoy-expected-rq-timeout-ms": "15000", "req-start-time": "1790158796343"}}
redis-fixture-1  | 2026-09-23T10:19:56.347640499Z {"seq": 281, "time_ns": 3891125282448, "event": "redis_command", "id": "hit-r1-031", "command": "GET", "args": ["higress-audit:hit-r1-031"]}
redis-fixture-1  | 2026-09-23T10:19:56.347674192Z {"seq": 282, "time_ns": 3891125355735, "event": "redis_get_seen", "id": "hit-r1-031"}
envoy-1          | 2026-09-23T10:19:58.274803451Z [2026-09-23 10:19:58.274][29][debug][wasm] [external/envoy/source/extensions/common/wasm/context.cc:1538] wasm log response-cache response-cache response-cache: [response-cache] [nil] [bb5b102d-ed1f-40e4-bda8-2bdb88643eaf] [response-cache] [processCacheHit] cached response for key hit-r1-044: {"source":"cache","value":"fixture-only"}
envoy-1          | 2026-09-23T10:19:58.275038495Z [2026-09-23 10:19:58.274][29][debug][wasm] [external/envoy/source/extensions/common/wasm/context.cc:1538] wasm log response-cache response-cache response-cache: [response-cache] [nil] [bb5b102d-ed1f-40e4-bda8-2bdb88643eaf] SetResponseBodyBufferLimit: 10485760
envoy-1          | 2026-09-23T10:19:58.275110421Z [2026-09-23 10:19:58.275][29][debug][wasm] [external/envoy/source/extensions/common/wasm/context.cc:1538] wasm log response-cache response-cache response-cache: [response-cache] [nil] [bb5b102d-ed1f-40e4-bda8-2bdb88643eaf] [onHttpResponseBody] key is nil, skip cache
envoy-1          | 2026-09-23T10:19:58.403661597Z [2026-09-23 10:19:58.403][29][debug][wasm] [external/envoy/source/extensions/common/wasm/context.cc:1538] wasm log response-cache response-cache response-cache: [response-cache] [nil] [12ccd5ec-707c-4b24-8a4d-e8a170648000] [onHttpRequestHeaders] cache key from request header: x-http-cache-key, key: hit-r1-045
envoy-1          | 2026-09-23T10:19:58.403699998Z [2026-09-23 10:19:58.403][29][debug][wasm] [external/envoy/source/extensions/common/wasm/context.cc:1538] wasm log response-cache response-cache response-cache: [response-cache] [nil] [12ccd5ec-707c-4b24-8a4d-e8a170648000] [response-cache] [CheckCacheForKey] querying cache with key: higress-audit:hit-r1-045
envoy-1          | 2026-09-23T10:19:58.403713129Z [2026-09-23 10:19:58.403][29][debug][wasm] [external/envoy/source/extensions/common/wasm/context.cc:1538] wasm log response-cache response-cache response-cache: redis call start, request-id: c2dc52f3-3da0-45bc-9ba6-fa203524dd87, respQuery: KjINCiQzDQpnZXQNCiQyNA0KaGlncmVzcy1hdWRpdDpoaXQtcjEtMDQ1DQo=
envoy-1          | 2026-09-23T10:19:58.423265823Z [2026-09-23 10:19:58.423][29][debug][wasm] [external/envoy/source/extensions/common/wasm/context.cc:1538] wasm log response-cache response-cache response-cache: redis call end, request-id: c2dc52f3-3da0-45bc-9ba6-fa203524dd87, respQuery: KjINCiQzDQpnZXQNCiQyNA0KaGlncmVzcy1hdWRpdDpoaXQtcjEtMDQ1DQo=, respValue: JDQxDQp7InNvdXJjZSI6ImNhY2hlIiwidmFsdWUiOiJmaXh0dXJlLW9ubHkifQ0K
envoy-1          | 2026-09-23T10:19:58.423304539Z [2026-09-23 10:19:58.423][29][info][wasm] [external/envoy/source/extensions/common/wasm/context.cc:1541] wasm log response-cache response-cache response-cache: [response-cache] [nil] [12ccd5ec-707c-4b24-8a4d-e8a170648000] [response-cache] cache hit for key: hit-r1-045
envoy-1          | 2026-09-23T10:19:58.423320303Z [2026-09-23 10:19:58.423][29][debug][wasm] [external/envoy/source/extensions/common/wasm/context.cc:1538] wasm log response-cache response-cache response-cache: [response-cache] [nil] [12ccd5ec-707c-4b24-8a4d-e8a170648000] [response-cache] [processCacheHit] cached response for key hit-r1-045: {"source":"cache","value":"fixture-only"}
envoy-1          | 2026-09-23T10:19:58.423641969Z [2026-09-23 10:19:58.423][29][debug][wasm] [external/envoy/source/extensions/common/wasm/context.cc:1538] wasm log response-cache response-cache response-cache: [response-cache] [nil] [12ccd5ec-707c-4b24-8a4d-e8a170648000] SetResponseBodyBufferLimit: 10485760
envoy-1          | 2026-09-23T10:19:58.423821959Z [2026-09-23 10:19:58.423][29][debug][wasm] [external/envoy/source/extensions/common/wasm/context.cc:1538] wasm log response-cache response-cache response-cache: [response-cache] [nil] [12ccd5ec-707c-4b24-8a4d-e8a170648000] [onHttpResponseBody] key is nil, skip cache
envoy-1          | 2026-09-23T10:19:58.551409308Z [2026-09-23 10:19:58.551][29][debug][wasm] [external/envoy/source/extensions/common/wasm/context.cc:1538] wasm log response-cache response-cache response-cache: [response-cache] [nil] [88029ffa-2eb8-4cee-a92d-739a5e4176cb] [onHttpRequestHeaders] cache key from request header: x-http-cache-key, key: hit-r1-046
envoy-1          | 2026-09-23T10:19:58.551445193Z [2026-09-23 10:19:58.551][29][debug][wasm] [external/envoy/source/extensions/common/wasm/context.cc:1538] wasm log response-cache response-cache response-cache: [response-cache] [nil] [88029ffa-2eb8-4cee-a92d-739a5e4176cb] [response-cache] [CheckCacheForKey] querying cache with key: higress-audit:hit-r1-046
envoy-1          | 2026-09-23T10:19:58.551498402Z [2026-09-23 10:19:58.551][29][debug][wasm] [external/envoy/source/extensions/common/wasm/context.cc:1538] wasm log response-cache response-cache response-cache: redis call start, request-id: 2f8ae80c-9ec6-4b58-8884-c83f1745a95e, respQuery: KjINCiQzDQpnZXQNCiQyNA0KaGlncmVzcy1hdWRpdDpoaXQtcjEtMDQ2DQo=
redis-fixture-1  | 2026-09-23T10:19:56.358855629Z {"seq": 283, "time_ns": 3891136559383, "event": "redis_release_requested", "id": "hit-r1-031"}
redis-fixture-1  | 2026-09-23T10:19:56.359030771Z {"seq": 284, "time_ns": 3891136733247, "event": "redis_reply_released", "id": "hit-r1-031", "mode": "hit"}
redis-fixture-1  | 2026-09-23T10:19:56.363172846Z {"seq": 285, "time_ns": 3891140911576, "event": "client_complete", "id": "hit-r1-031", "status": "200", "curl_exit": 0, "body_sha256": "da87d065c0f96d585f02840dc10c88f7e8edac17ae77dbdae4b9e051a619338f"}
redis-fixture-1  | 2026-09-23T10:19:56.365313080Z {"seq": 286, "time_ns": 3891143015213, "event": "upstream_peer_closed", "id": "hit-r1-031"}
redis-fixture-1  | 2026-09-23T10:19:56.473061210Z {"seq": 287, "time_ns": 3891250736582, "event": "redis_release_requested", "id": "hit-r1-031"}
redis-fixture-1  | 2026-09-23T10:19:56.477292736Z {"seq": 288, "time_ns": 3891254970913, "event": "prepared", "id": "hit-r1-032", "mode": "hit", "key": "higress-audit:hit-r1-032", "value": "{\"source\":\"cache\",\"value\":\"fixture-only\"}"}
redis-fixture-1  | 2026-09-23T10:19:56.489798088Z {"seq": 289, "time_ns": 3891267522214, "event": "upstream_seen", "id": "hit-r1-032", "headers": {"host": "127.0.0.1:19468", "user-agent": "curl/7.81.0", "accept": "*/*", "x-http-cache-key": "hit-r1-032", "x-verification-id": "hit-r1-032", "x-forwarded-proto": "http", "x-envoy-original-host": "127.0.0.1:19468", "x-request-id": "20adbb4c-f9d3-4f09-8a02-1a5c7f09ce61", "x-envoy-expected-rq-timeout-ms": "15000", "req-start-time": "1790158796488"}}
redis-fixture-1  | 2026-09-23T10:19:56.492626649Z {"seq": 290, "time_ns": 3891270260530, "event": "redis_command", "id": "hit-r1-032", "command": "GET", "args": ["higress-audit:hit-r1-032"]}
redis-fixture-1  | 2026-09-23T10:19:56.492661122Z {"seq": 291, "time_ns": 3891270323676, "event": "redis_get_seen", "id": "hit-r1-032"}
redis-fixture-1  | 2026-09-23T10:19:56.503133922Z {"seq": 292, "time_ns": 3891280850774, "event": "redis_release_requested", "id": "hit-r1-032"}
envoy-1          | 2026-09-23T10:19:58.571085488Z [2026-09-23 10:19:58.571][29][debug][wasm] [external/envoy/source/extensions/common/wasm/context.cc:1538] wasm log response-cache response-cache response-cache: redis call end, request-id: 2f8ae80c-9ec6-4b58-8884-c83f1745a95e, respQuery: KjINCiQzDQpnZXQNCiQyNA0KaGlncmVzcy1hdWRpdDpoaXQtcjEtMDQ2DQo=, respValue: JDQxDQp7InNvdXJjZSI6ImNhY2hlIiwidmFsdWUiOiJmaXh0dXJlLW9ubHkifQ0K
envoy-1          | 2026-09-23T10:19:58.571100799Z [2026-09-23 10:19:58.571][29][info][wasm] [external/envoy/source/extensions/common/wasm/context.cc:1541] wasm log response-cache response-cache response-cache: [response-cache] [nil] [88029ffa-2eb8-4cee-a92d-739a5e4176cb] [response-cache] cache hit for key: hit-r1-046
envoy-1          | 2026-09-23T10:19:58.571163196Z [2026-09-23 10:19:58.571][29][debug][wasm] [external/envoy/source/extensions/common/wasm/context.cc:1538] wasm log response-cache response-cache response-cache: [response-cache] [nil] [88029ffa-2eb8-4cee-a92d-739a5e4176cb] [response-cache] [processCacheHit] cached response for key hit-r1-046: {"source":"cache","value":"fixture-only"}
envoy-1          | 2026-09-23T10:19:58.571349033Z [2026-09-23 10:19:58.571][29][debug][wasm] [external/envoy/source/extensions/common/wasm/context.cc:1538] wasm log response-cache response-cache response-cache: [response-cache] [nil] [88029ffa-2eb8-4cee-a92d-739a5e4176cb] SetResponseBodyBufferLimit: 10485760
envoy-1          | 2026-09-23T10:19:58.571415002Z [2026-09-23 10:19:58.571][29][debug][wasm] [external/envoy/source/extensions/common/wasm/context.cc:1538] wasm log response-cache response-cache response-cache: [response-cache] [nil] [88029ffa-2eb8-4cee-a92d-739a5e4176cb] [onHttpResponseBody] key is nil, skip cache
envoy-1          | 2026-09-23T10:19:58.700685741Z [2026-09-23 10:19:58.700][29][debug][wasm] [external/envoy/source/extensions/common/wasm/context.cc:1538] wasm log response-cache response-cache response-cache: [response-cache] [nil] [65272c4a-0784-4eb6-9b89-a4b987892fff] [onHttpRequestHeaders] cache key from request header: x-http-cache-key, key: hit-r1-047
envoy-1          | 2026-09-23T10:19:58.700708409Z [2026-09-23 10:19:58.700][29][debug][wasm] [external/envoy/source/extensions/common/wasm/context.cc:1538] wasm log response-cache response-cache response-cache: [response-cache] [nil] [65272c4a-0784-4eb6-9b89-a4b987892fff] [response-cache] [CheckCacheForKey] querying cache with key: higress-audit:hit-r1-047
envoy-1          | 2026-09-23T10:19:58.700932584Z [2026-09-23 10:19:58.700][29][debug][wasm] [external/envoy/source/extensions/common/wasm/context.cc:1538] wasm log response-cache response-cache response-cache: redis call start, request-id: 10f8fdf3-d3b0-4729-9071-ddb2321a46e4, respQuery: KjINCiQzDQpnZXQNCiQyNA0KaGlncmVzcy1hdWRpdDpoaXQtcjEtMDQ3DQo=
envoy-1          | 2026-09-23T10:19:58.718695730Z [2026-09-23 10:19:58.718][29][debug][wasm] [external/envoy/source/extensions/common/wasm/context.cc:1538] wasm log response-cache response-cache response-cache: redis call end, request-id: 10f8fdf3-d3b0-4729-9071-ddb2321a46e4, respQuery: KjINCiQzDQpnZXQNCiQyNA0KaGlncmVzcy1hdWRpdDpoaXQtcjEtMDQ3DQo=, respValue: JDQxDQp7InNvdXJjZSI6ImNhY2hlIiwidmFsdWUiOiJmaXh0dXJlLW9ubHkifQ0K
envoy-1          | 2026-09-23T10:19:58.718715129Z [2026-09-23 10:19:58.718][29][info][wasm] [external/envoy/source/extensions/common/wasm/context.cc:1541] wasm log response-cache response-cache response-cache: [response-cache] [nil] [65272c4a-0784-4eb6-9b89-a4b987892fff] [response-cache] cache hit for key: hit-r1-047
envoy-1          | 2026-09-23T10:19:58.718787090Z [2026-09-23 10:19:58.718][29][debug][wasm] [external/envoy/source/extensions/common/wasm/context.cc:1538] wasm log response-cache response-cache response-cache: [response-cache] [nil] [65272c4a-0784-4eb6-9b89-a4b987892fff] [response-cache] [processCacheHit] cached response for key hit-r1-047: {"source":"cache","value":"fixture-only"}
envoy-1          | 2026-09-23T10:19:58.719045712Z [2026-09-23 10:19:58.718][29][debug][wasm] [external/envoy/source/extensions/common/wasm/context.cc:1538] wasm log response-cache response-cache response-cache: [response-cache] [nil] [65272c4a-0784-4eb6-9b89-a4b987892fff] SetResponseBodyBufferLimit: 10485760
envoy-1          | 2026-09-23T10:19:58.719181834Z [2026-09-23 10:19:58.719][29][debug][wasm] [external/envoy/source/extensions/common/wasm/context.cc:1538] wasm log response-cache response-cache response-cache: [response-cache] [nil] [65272c4a-0784-4eb6-9b89-a4b987892fff] [onHttpResponseBody] key is nil, skip cache
envoy-1          | 2026-09-23T10:19:58.846461136Z [2026-09-23 10:19:58.846][29][debug][wasm] [external/envoy/source/extensions/common/wasm/context.cc:1538] wasm log response-cache response-cache response-cache: [response-cache] [nil] [5014e4c1-fd32-40b7-965f-9f344350ab39] [onHttpRequestHeaders] cache key from request header: x-http-cache-key, key: hit-r1-048
redis-fixture-1  | 2026-09-23T10:19:56.503301427Z {"seq": 293, "time_ns": 3891281008024, "event": "redis_reply_released", "id": "hit-r1-032", "mode": "hit"}
redis-fixture-1  | 2026-09-23T10:19:56.506857231Z {"seq": 294, "time_ns": 3891284578774, "event": "client_complete", "id": "hit-r1-032", "status": "200", "curl_exit": 0, "body_sha256": "da87d065c0f96d585f02840dc10c88f7e8edac17ae77dbdae4b9e051a619338f"}
redis-fixture-1  | 2026-09-23T10:19:56.508989604Z {"seq": 295, "time_ns": 3891286695151, "event": "upstream_peer_closed", "id": "hit-r1-032"}
redis-fixture-1  | 2026-09-23T10:19:56.616111027Z {"seq": 296, "time_ns": 3891393796600, "event": "redis_release_requested", "id": "hit-r1-032"}
redis-fixture-1  | 2026-09-23T10:19:56.619592168Z {"seq": 297, "time_ns": 3891397289126, "event": "prepared", "id": "hit-r1-033", "mode": "hit", "key": "higress-audit:hit-r1-033", "value": "{\"source\":\"cache\",\"value\":\"fixture-only\"}"}
redis-fixture-1  | 2026-09-23T10:19:56.631379840Z {"seq": 298, "time_ns": 3891408829833, "event": "redis_command", "id": "hit-r1-033", "command": "GET", "args": ["higress-audit:hit-r1-033"]}
redis-fixture-1  | 2026-09-23T10:19:56.631461027Z {"seq": 299, "time_ns": 3891409227293, "event": "upstream_seen", "id": "hit-r1-033", "headers": {"host": "127.0.0.1:19468", "user-agent": "curl/7.81.0", "accept": "*/*", "x-http-cache-key": "hit-r1-033", "x-verification-id": "hit-r1-033", "x-forwarded-proto": "http", "x-envoy-original-host": "127.0.0.1:19468", "x-request-id": "938c4f86-bb7c-4d7b-b5d0-fd7ec81214e3", "x-envoy-expected-rq-timeout-ms": "15000", "req-start-time": "1790158796629"}}
redis-fixture-1  | 2026-09-23T10:19:56.631511951Z {"seq": 300, "time_ns": 3891409281373, "event": "redis_get_seen", "id": "hit-r1-033"}
redis-fixture-1  | 2026-09-23T10:19:56.646974316Z {"seq": 301, "time_ns": 3891424716982, "event": "redis_release_requested", "id": "hit-r1-033"}
redis-fixture-1  | 2026-09-23T10:19:56.647153673Z {"seq": 302, "time_ns": 3891424879031, "event": "redis_reply_released", "id": "hit-r1-033", "mode": "hit"}
redis-fixture-1  | 2026-09-23T10:19:56.650872055Z {"seq": 303, "time_ns": 3891428622734, "event": "client_complete", "id": "hit-r1-033", "status": "200", "curl_exit": 0, "body_sha256": "da87d065c0f96d585f02840dc10c88f7e8edac17ae77dbdae4b9e051a619338f"}
redis-fixture-1  | 2026-09-23T10:19:56.652940211Z {"seq": 304, "time_ns": 3891430685991, "event": "upstream_peer_closed", "id": "hit-r1-033"}
redis-fixture-1  | 2026-09-23T10:19:56.760972246Z {"seq": 305, "time_ns": 3891538684725, "event": "redis_release_requested", "id": "hit-r1-033"}
redis-fixture-1  | 2026-09-23T10:19:56.765143150Z {"seq": 306, "time_ns": 3891542846154, "event": "prepared", "id": "hit-r1-034", "mode": "hit", "key": "higress-audit:hit-r1-034", "value": "{\"source\":\"cache\",\"value\":\"fixture-only\"}"}
envoy-1          | 2026-09-23T10:19:58.846495565Z [2026-09-23 10:19:58.846][29][debug][wasm] [external/envoy/source/extensions/common/wasm/context.cc:1538] wasm log response-cache response-cache response-cache: [response-cache] [nil] [5014e4c1-fd32-40b7-965f-9f344350ab39] [response-cache] [CheckCacheForKey] querying cache with key: higress-audit:hit-r1-048
redis-fixture-1  | 2026-09-23T10:19:56.777788626Z {"seq": 307, "time_ns": 3891555510810, "event": "upstream_seen", "id": "hit-r1-034", "headers": {"host": "127.0.0.1:19468", "user-agent": "curl/7.81.0", "accept": "*/*", "x-http-cache-key": "hit-r1-034", "x-verification-id": "hit-r1-034", "x-forwarded-proto": "http", "x-envoy-original-host": "127.0.0.1:19468", "x-request-id": "f916107a-5f2e-464b-ae2a-96366b507752", "x-envoy-expected-rq-timeout-ms": "15000", "req-start-time": "1790158796776"}}
redis-fixture-1  | 2026-09-23T10:19:56.780773977Z {"seq": 308, "time_ns": 3891558415010, "event": "redis_command", "id": "hit-r1-034", "command": "GET", "args": ["higress-audit:hit-r1-034"]}
redis-fixture-1  | 2026-09-23T10:19:56.780808041Z {"seq": 309, "time_ns": 3891558480686, "event": "redis_get_seen", "id": "hit-r1-034"}
redis-fixture-1  | 2026-09-23T10:19:56.794329364Z {"seq": 310, "time_ns": 3891571970435, "event": "redis_release_requested", "id": "hit-r1-034"}
redis-fixture-1  | 2026-09-23T10:19:56.794483526Z {"seq": 311, "time_ns": 3891572193859, "event": "redis_reply_released", "id": "hit-r1-034", "mode": "hit"}
envoy-1          | 2026-09-23T10:19:58.846589405Z [2026-09-23 10:19:58.846][29][debug][wasm] [external/envoy/source/extensions/common/wasm/context.cc:1538] wasm log response-cache response-cache response-cache: redis call start, request-id: cb5b0a8c-a454-4321-9755-28d78ad8e281, respQuery: KjINCiQzDQpnZXQNCiQyNA0KaGlncmVzcy1hdWRpdDpoaXQtcjEtMDQ4DQo=
envoy-1          | 2026-09-23T10:19:58.866344877Z [2026-09-23 10:19:58.866][29][debug][wasm] [external/envoy/source/extensions/common/wasm/context.cc:1538] wasm log response-cache response-cache response-cache: redis call end, request-id: cb5b0a8c-a454-4321-9755-28d78ad8e281, respQuery: KjINCiQzDQpnZXQNCiQyNA0KaGlncmVzcy1hdWRpdDpoaXQtcjEtMDQ4DQo=, respValue: JDQxDQp7InNvdXJjZSI6ImNhY2hlIiwidmFsdWUiOiJmaXh0dXJlLW9ubHkifQ0K
envoy-1          | 2026-09-23T10:19:58.866364620Z [2026-09-23 10:19:58.866][29][info][wasm] [external/envoy/source/extensions/common/wasm/context.cc:1541] wasm log response-cache response-cache response-cache: [response-cache] [nil] [5014e4c1-fd32-40b7-965f-9f344350ab39] [response-cache] cache hit for key: hit-r1-048
envoy-1          | 2026-09-23T10:19:58.866392684Z [2026-09-23 10:19:58.866][29][debug][wasm] [external/envoy/source/extensions/common/wasm/context.cc:1538] wasm log response-cache response-cache response-cache: [response-cache] [nil] [5014e4c1-fd32-40b7-965f-9f344350ab39] [response-cache] [processCacheHit] cached response for key hit-r1-048: {"source":"cache","value":"fixture-only"}
envoy-1          | 2026-09-23T10:19:58.866695024Z [2026-09-23 10:19:58.866][29][debug][wasm] [external/envoy/source/extensions/common/wasm/context.cc:1538] wasm log response-cache response-cache response-cache: [response-cache] [nil] [5014e4c1-fd32-40b7-965f-9f344350ab39] SetResponseBodyBufferLimit: 10485760
envoy-1          | 2026-09-23T10:19:58.866853808Z [2026-09-23 10:19:58.866][29][debug][wasm] [external/envoy/source/extensions/common/wasm/context.cc:1538] wasm log response-cache response-cache response-cache: [response-cache] [nil] [5014e4c1-fd32-40b7-965f-9f344350ab39] [onHttpResponseBody] key is nil, skip cache
envoy-1          | 2026-09-23T10:19:58.997653834Z [2026-09-23 10:19:58.997][29][debug][wasm] [external/envoy/source/extensions/common/wasm/context.cc:1538] wasm log response-cache response-cache response-cache: [response-cache] [nil] [31738d1c-6637-4655-b1b9-3028febfa35f] [onHttpRequestHeaders] cache key from request header: x-http-cache-key, key: hit-r1-049
redis-fixture-1  | 2026-09-23T10:19:56.798561236Z {"seq": 312, "time_ns": 3891576246961, "event": "client_complete", "id": "hit-r1-034", "status": "200", "curl_exit": 0, "body_sha256": "da87d065c0f96d585f02840dc10c88f7e8edac17ae77dbdae4b9e051a619338f"}
redis-fixture-1  | 2026-09-23T10:19:56.800841842Z {"seq": 313, "time_ns": 3891578473779, "event": "upstream_peer_closed", "id": "hit-r1-034"}
redis-fixture-1  | 2026-09-23T10:19:56.910107332Z {"seq": 314, "time_ns": 3891687697258, "event": "redis_release_requested", "id": "hit-r1-034"}
redis-fixture-1  | 2026-09-23T10:19:56.913990761Z {"seq": 315, "time_ns": 3891691601062, "event": "prepared", "id": "hit-r1-035", "mode": "hit", "key": "higress-audit:hit-r1-035", "value": "{\"source\":\"cache\",\"value\":\"fixture-only\"}"}
redis-fixture-1  | 2026-09-23T10:19:56.926819239Z {"seq": 316, "time_ns": 3891704404415, "event": "upstream_seen", "id": "hit-r1-035", "headers": {"host": "127.0.0.1:19468", "user-agent": "curl/7.81.0", "accept": "*/*", "x-http-cache-key": "hit-r1-035", "x-verification-id": "hit-r1-035", "x-forwarded-proto": "http", "x-envoy-original-host": "127.0.0.1:19468", "x-request-id": "b8edc6fe-d934-4e5c-a82f-1d35b60bd8eb", "x-envoy-expected-rq-timeout-ms": "15000", "req-start-time": "1790158796924"}}
redis-fixture-1  | 2026-09-23T10:19:56.929698905Z {"seq": 317, "time_ns": 3891707261660, "event": "redis_command", "id": "hit-r1-035", "command": "GET", "args": ["higress-audit:hit-r1-035"]}
redis-fixture-1  | 2026-09-23T10:19:56.929729630Z {"seq": 318, "time_ns": 3891707324647, "event": "redis_get_seen", "id": "hit-r1-035"}
redis-fixture-1  | 2026-09-23T10:19:56.941830566Z {"seq": 319, "time_ns": 3891719447537, "event": "redis_release_requested", "id": "hit-r1-035"}
redis-fixture-1  | 2026-09-23T10:19:56.941947103Z {"seq": 320, "time_ns": 3891719622031, "event": "redis_reply_released", "id": "hit-r1-035", "mode": "hit"}
redis-fixture-1  | 2026-09-23T10:19:56.946314683Z {"seq": 321, "time_ns": 3891723927684, "event": "client_complete", "id": "hit-r1-035", "status": "200", "curl_exit": 0, "body_sha256": "da87d065c0f96d585f02840dc10c88f7e8edac17ae77dbdae4b9e051a619338f"}
redis-fixture-1  | 2026-09-23T10:19:56.948550300Z {"seq": 322, "time_ns": 3891726213397, "event": "upstream_peer_closed", "id": "hit-r1-035"}
redis-fixture-1  | 2026-09-23T10:19:57.056771071Z {"seq": 323, "time_ns": 3891834379308, "event": "redis_release_requested", "id": "hit-r1-035"}
redis-fixture-1  | 2026-09-23T10:19:57.061339510Z {"seq": 324, "time_ns": 3891838964985, "event": "prepared", "id": "hit-r1-036", "mode": "hit", "key": "higress-audit:hit-r1-036", "value": "{\"source\":\"cache\",\"value\":\"fixture-only\"}"}
redis-fixture-1  | 2026-09-23T10:19:57.076302320Z {"seq": 325, "time_ns": 3891853856904, "event": "upstream_seen", "id": "hit-r1-036", "headers": {"host": "127.0.0.1:19468", "user-agent": "curl/7.81.0", "accept": "*/*", "x-http-cache-key": "hit-r1-036", "x-verification-id": "hit-r1-036", "x-forwarded-proto": "http", "x-envoy-original-host": "127.0.0.1:19468", "x-request-id": "9279dc5f-08dc-4e55-b65e-ef3e4c07146f", "x-envoy-expected-rq-timeout-ms": "15000", "req-start-time": "1790158797074"}}
redis-fixture-1  | 2026-09-23T10:19:57.078992413Z {"seq": 326, "time_ns": 3891856650180, "event": "redis_command", "id": "hit-r1-036", "command": "GET", "args": ["higress-audit:hit-r1-036"]}
envoy-1          | 2026-09-23T10:19:58.997707162Z [2026-09-23 10:19:58.997][29][debug][wasm] [external/envoy/source/extensions/common/wasm/context.cc:1538] wasm log response-cache response-cache response-cache: [response-cache] [nil] [31738d1c-6637-4655-b1b9-3028febfa35f] [response-cache] [CheckCacheForKey] querying cache with key: higress-audit:hit-r1-049
envoy-1          | 2026-09-23T10:19:58.997748496Z [2026-09-23 10:19:58.997][29][debug][wasm] [external/envoy/source/extensions/common/wasm/context.cc:1538] wasm log response-cache response-cache response-cache: redis call start, request-id: b6c53af9-63ff-47e9-9e1d-15b5e409b1ab, respQuery: KjINCiQzDQpnZXQNCiQyNA0KaGlncmVzcy1hdWRpdDpoaXQtcjEtMDQ5DQo=
envoy-1          | 2026-09-23T10:19:59.017076103Z [2026-09-23 10:19:59.016][29][debug][wasm] [external/envoy/source/extensions/common/wasm/context.cc:1538] wasm log response-cache response-cache response-cache: redis call end, request-id: b6c53af9-63ff-47e9-9e1d-15b5e409b1ab, respQuery: KjINCiQzDQpnZXQNCiQyNA0KaGlncmVzcy1hdWRpdDpoaXQtcjEtMDQ5DQo=, respValue: JDQxDQp7InNvdXJjZSI6ImNhY2hlIiwidmFsdWUiOiJmaXh0dXJlLW9ubHkifQ0K
envoy-1          | 2026-09-23T10:19:59.017100262Z [2026-09-23 10:19:59.017][29][info][wasm] [external/envoy/source/extensions/common/wasm/context.cc:1541] wasm log response-cache response-cache response-cache: [response-cache] [nil] [31738d1c-6637-4655-b1b9-3028febfa35f] [response-cache] cache hit for key: hit-r1-049
envoy-1          | 2026-09-23T10:19:59.017156956Z [2026-09-23 10:19:59.017][29][debug][wasm] [external/envoy/source/extensions/common/wasm/context.cc:1538] wasm log response-cache response-cache response-cache: [response-cache] [nil] [31738d1c-6637-4655-b1b9-3028febfa35f] [response-cache] [processCacheHit] cached response for key hit-r1-049: {"source":"cache","value":"fixture-only"}
envoy-1          | 2026-09-23T10:19:59.017416014Z [2026-09-23 10:19:59.017][29][debug][wasm] [external/envoy/source/extensions/common/wasm/context.cc:1538] wasm log response-cache response-cache response-cache: [response-cache] [nil] [31738d1c-6637-4655-b1b9-3028febfa35f] SetResponseBodyBufferLimit: 10485760
envoy-1          | 2026-09-23T10:19:59.017519900Z [2026-09-23 10:19:59.017][29][debug][wasm] [external/envoy/source/extensions/common/wasm/context.cc:1538] wasm log response-cache response-cache response-cache: [response-cache] [nil] [31738d1c-6637-4655-b1b9-3028febfa35f] [onHttpResponseBody] key is nil, skip cache
envoy-1          | 2026-09-23T10:19:59.160608830Z [2026-09-23 10:19:59.160][29][debug][wasm] [external/envoy/source/extensions/common/wasm/context.cc:1538] wasm log response-cache response-cache response-cache: [response-cache] [nil] [093e86e7-6dda-464a-a624-a41f0b969934] [onHttpRequestHeaders] cache key from request header: x-http-cache-key, key: hit-r2-000
envoy-1          | 2026-09-23T10:19:59.160643438Z [2026-09-23 10:19:59.160][29][debug][wasm] [external/envoy/source/extensions/common/wasm/context.cc:1538] wasm log response-cache response-cache response-cache: [response-cache] [nil] [093e86e7-6dda-464a-a624-a41f0b969934] [response-cache] [CheckCacheForKey] querying cache with key: higress-audit:hit-r2-000
envoy-1          | 2026-09-23T10:19:59.160657106Z [2026-09-23 10:19:59.160][29][debug][wasm] [external/envoy/source/extensions/common/wasm/context.cc:1538] wasm log response-cache response-cache response-cache: redis call start, request-id: 010ead22-9146-4d55-a61c-9c42aa69046c, respQuery: KjINCiQzDQpnZXQNCiQyNA0KaGlncmVzcy1hdWRpdDpoaXQtcjItMDAwDQo=
envoy-1          | 2026-09-23T10:19:59.177477987Z [2026-09-23 10:19:59.177][29][debug][wasm] [external/envoy/source/extensions/common/wasm/context.cc:1538] wasm log response-cache response-cache response-cache: redis call end, request-id: 010ead22-9146-4d55-a61c-9c42aa69046c, respQuery: KjINCiQzDQpnZXQNCiQyNA0KaGlncmVzcy1hdWRpdDpoaXQtcjItMDAwDQo=, respValue: JDQxDQp7InNvdXJjZSI6ImNhY2hlIiwidmFsdWUiOiJmaXh0dXJlLW9ubHkifQ0K
envoy-1          | 2026-09-23T10:19:59.177537502Z [2026-09-23 10:19:59.177][29][info][wasm] [external/envoy/source/extensions/common/wasm/context.cc:1541] wasm log response-cache response-cache response-cache: [response-cache] [nil] [093e86e7-6dda-464a-a624-a41f0b969934] [response-cache] cache hit for key: hit-r2-000
envoy-1          | 2026-09-23T10:19:59.177550879Z [2026-09-23 10:19:59.177][29][debug][wasm] [external/envoy/source/extensions/common/wasm/context.cc:1538] wasm log response-cache response-cache response-cache: [response-cache] [nil] [093e86e7-6dda-464a-a624-a41f0b969934] [response-cache] [processCacheHit] cached response for key hit-r2-000: {"source":"cache","value":"fixture-only"}
envoy-1          | 2026-09-23T10:19:59.177702970Z [2026-09-23 10:19:59.177][29][debug][wasm] [external/envoy/source/extensions/common/wasm/context.cc:1538] wasm log response-cache response-cache response-cache: [response-cache] [nil] [093e86e7-6dda-464a-a624-a41f0b969934] SetResponseBodyBufferLimit: 10485760
envoy-1          | 2026-09-23T10:19:59.177817157Z [2026-09-23 10:19:59.177][29][debug][wasm] [external/envoy/source/extensions/common/wasm/context.cc:1538] wasm log response-cache response-cache response-cache: [response-cache] [nil] [093e86e7-6dda-464a-a624-a41f0b969934] [onHttpResponseBody] key is nil, skip cache
envoy-1          | 2026-09-23T10:19:59.303045433Z [2026-09-23 10:19:59.302][29][debug][wasm] [external/envoy/source/extensions/common/wasm/context.cc:1538] wasm log response-cache response-cache response-cache: [response-cache] [nil] [7eb5d8cf-4f25-472b-8414-c5f349bc719e] [onHttpRequestHeaders] cache key from request header: x-http-cache-key, key: hit-r2-001
envoy-1          | 2026-09-23T10:19:59.303080753Z [2026-09-23 10:19:59.302][29][debug][wasm] [external/envoy/source/extensions/common/wasm/context.cc:1538] wasm log response-cache response-cache response-cache: [response-cache] [nil] [7eb5d8cf-4f25-472b-8414-c5f349bc719e] [response-cache] [CheckCacheForKey] querying cache with key: higress-audit:hit-r2-001
envoy-1          | 2026-09-23T10:19:59.303114405Z [2026-09-23 10:19:59.303][29][debug][wasm] [external/envoy/source/extensions/common/wasm/context.cc:1538] wasm log response-cache response-cache response-cache: redis call start, request-id: 69cdd7fb-04b7-46ca-acb9-438f6b16b5c2, respQuery: KjINCiQzDQpnZXQNCiQyNA0KaGlncmVzcy1hdWRpdDpoaXQtcjItMDAxDQo=
envoy-1          | 2026-09-23T10:19:59.323943676Z [2026-09-23 10:19:59.323][29][debug][wasm] [external/envoy/source/extensions/common/wasm/context.cc:1538] wasm log response-cache response-cache response-cache: redis call end, request-id: 69cdd7fb-04b7-46ca-acb9-438f6b16b5c2, respQuery: KjINCiQzDQpnZXQNCiQyNA0KaGlncmVzcy1hdWRpdDpoaXQtcjItMDAxDQo=, respValue: JDQxDQp7InNvdXJjZSI6ImNhY2hlIiwidmFsdWUiOiJmaXh0dXJlLW9ubHkifQ0K
envoy-1          | 2026-09-23T10:19:59.323961592Z [2026-09-23 10:19:59.323][29][info][wasm] [external/envoy/source/extensions/common/wasm/context.cc:1541] wasm log response-cache response-cache response-cache: [response-cache] [nil] [7eb5d8cf-4f25-472b-8414-c5f349bc719e] [response-cache] cache hit for key: hit-r2-001
envoy-1          | 2026-09-23T10:19:59.323972460Z [2026-09-23 10:19:59.323][29][debug][wasm] [external/envoy/source/extensions/common/wasm/context.cc:1538] wasm log response-cache response-cache response-cache: [response-cache] [nil] [7eb5d8cf-4f25-472b-8414-c5f349bc719e] [response-cache] [processCacheHit] cached response for key hit-r2-001: {"source":"cache","value":"fixture-only"}
envoy-1          | 2026-09-23T10:19:59.324158799Z [2026-09-23 10:19:59.324][29][debug][wasm] [external/envoy/source/extensions/common/wasm/context.cc:1538] wasm log response-cache response-cache response-cache: [response-cache] [nil] [7eb5d8cf-4f25-472b-8414-c5f349bc719e] SetResponseBodyBufferLimit: 10485760
envoy-1          | 2026-09-23T10:19:59.324214047Z [2026-09-23 10:19:59.324][29][debug][wasm] [external/envoy/source/extensions/common/wasm/context.cc:1538] wasm log response-cache response-cache response-cache: [response-cache] [nil] [7eb5d8cf-4f25-472b-8414-c5f349bc719e] [onHttpResponseBody] key is nil, skip cache
envoy-1          | 2026-09-23T10:19:59.450841588Z [2026-09-23 10:19:59.450][29][debug][wasm] [external/envoy/source/extensions/common/wasm/context.cc:1538] wasm log response-cache response-cache response-cache: [response-cache] [nil] [1ae1802b-5c9c-4caa-87ff-d441c70cbbc9] [onHttpRequestHeaders] cache key from request header: x-http-cache-key, key: hit-r2-002
envoy-1          | 2026-09-23T10:19:59.450877609Z [2026-09-23 10:19:59.450][29][debug][wasm] [external/envoy/source/extensions/common/wasm/context.cc:1538] wasm log response-cache response-cache response-cache: [response-cache] [nil] [1ae1802b-5c9c-4caa-87ff-d441c70cbbc9] [response-cache] [CheckCacheForKey] querying cache with key: higress-audit:hit-r2-002
envoy-1          | 2026-09-23T10:19:59.451051351Z [2026-09-23 10:19:59.450][29][debug][wasm] [external/envoy/source/extensions/common/wasm/context.cc:1538] wasm log response-cache response-cache response-cache: redis call start, request-id: 173c543c-3cb9-446e-8d3c-eab9a60cf509, respQuery: KjINCiQzDQpnZXQNCiQyNA0KaGlncmVzcy1hdWRpdDpoaXQtcjItMDAyDQo=
envoy-1          | 2026-09-23T10:19:59.472965834Z [2026-09-23 10:19:59.472][29][debug][wasm] [external/envoy/source/extensions/common/wasm/context.cc:1538] wasm log response-cache response-cache response-cache: redis call end, request-id: 173c543c-3cb9-446e-8d3c-eab9a60cf509, respQuery: KjINCiQzDQpnZXQNCiQyNA0KaGlncmVzcy1hdWRpdDpoaXQtcjItMDAyDQo=, respValue: JDQxDQp7InNvdXJjZSI6ImNhY2hlIiwidmFsdWUiOiJmaXh0dXJlLW9ubHkifQ0K
envoy-1          | 2026-09-23T10:19:59.472983686Z [2026-09-23 10:19:59.472][29][info][wasm] [external/envoy/source/extensions/common/wasm/context.cc:1541] wasm log response-cache response-cache response-cache: [response-cache] [nil] [1ae1802b-5c9c-4caa-87ff-d441c70cbbc9] [response-cache] cache hit for key: hit-r2-002
envoy-1          | 2026-09-23T10:19:59.472994901Z [2026-09-23 10:19:59.472][29][debug][wasm] [external/envoy/source/extensions/common/wasm/context.cc:1538] wasm log response-cache response-cache response-cache: [response-cache] [nil] [1ae1802b-5c9c-4caa-87ff-d441c70cbbc9] [response-cache] [processCacheHit] cached response for key hit-r2-002: {"source":"cache","value":"fixture-only"}
envoy-1          | 2026-09-23T10:19:59.473279824Z [2026-09-23 10:19:59.473][29][debug][wasm] [external/envoy/source/extensions/common/wasm/context.cc:1538] wasm log response-cache response-cache response-cache: [response-cache] [nil] [1ae1802b-5c9c-4caa-87ff-d441c70cbbc9] SetResponseBodyBufferLimit: 10485760
envoy-1          | 2026-09-23T10:19:59.473353629Z [2026-09-23 10:19:59.473][29][debug][wasm] [external/envoy/source/extensions/common/wasm/context.cc:1538] wasm log response-cache response-cache response-cache: [response-cache] [nil] [1ae1802b-5c9c-4caa-87ff-d441c70cbbc9] [onHttpResponseBody] key is nil, skip cache
envoy-1          | 2026-09-23T10:19:59.599454087Z [2026-09-23 10:19:59.599][29][debug][wasm] [external/envoy/source/extensions/common/wasm/context.cc:1538] wasm log response-cache response-cache response-cache: [response-cache] [nil] [99d84628-58be-4ade-884e-9d08ea327124] [onHttpRequestHeaders] cache key from request header: x-http-cache-key, key: hit-r2-003
envoy-1          | 2026-09-23T10:19:59.599487688Z [2026-09-23 10:19:59.599][29][debug][wasm] [external/envoy/source/extensions/common/wasm/context.cc:1538] wasm log response-cache response-cache response-cache: [response-cache] [nil] [99d84628-58be-4ade-884e-9d08ea327124] [response-cache] [CheckCacheForKey] querying cache with key: higress-audit:hit-r2-003
envoy-1          | 2026-09-23T10:19:59.599569628Z [2026-09-23 10:19:59.599][29][debug][wasm] [external/envoy/source/extensions/common/wasm/context.cc:1538] wasm log response-cache response-cache response-cache: redis call start, request-id: 4466a8e5-ace9-402e-a774-fc6f4a905ae2, respQuery: KjINCiQzDQpnZXQNCiQyNA0KaGlncmVzcy1hdWRpdDpoaXQtcjItMDAzDQo=
envoy-1          | 2026-09-23T10:19:59.620730050Z [2026-09-23 10:19:59.620][29][debug][wasm] [external/envoy/source/extensions/common/wasm/context.cc:1538] wasm log response-cache response-cache response-cache: redis call end, request-id: 4466a8e5-ace9-402e-a774-fc6f4a905ae2, respQuery: KjINCiQzDQpnZXQNCiQyNA0KaGlncmVzcy1hdWRpdDpoaXQtcjItMDAzDQo=, respValue: JDQxDQp7InNvdXJjZSI6ImNhY2hlIiwidmFsdWUiOiJmaXh0dXJlLW9ubHkifQ0K
envoy-1          | 2026-09-23T10:19:59.620764034Z [2026-09-23 10:19:59.620][29][info][wasm] [external/envoy/source/extensions/common/wasm/context.cc:1541] wasm log response-cache response-cache response-cache: [response-cache] [nil] [99d84628-58be-4ade-884e-9d08ea327124] [response-cache] cache hit for key: hit-r2-003
envoy-1          | 2026-09-23T10:19:59.620777265Z [2026-09-23 10:19:59.620][29][debug][wasm] [external/envoy/source/extensions/common/wasm/context.cc:1538] wasm log response-cache response-cache response-cache: [response-cache] [nil] [99d84628-58be-4ade-884e-9d08ea327124] [response-cache] [processCacheHit] cached response for key hit-r2-003: {"source":"cache","value":"fixture-only"}
redis-fixture-1  | 2026-09-23T10:19:57.079026069Z {"seq": 327, "time_ns": 3891856723665, "event": "redis_get_seen", "id": "hit-r1-036"}
redis-fixture-1  | 2026-09-23T10:19:57.090682658Z {"seq": 328, "time_ns": 3891868353321, "event": "redis_release_requested", "id": "hit-r1-036"}
redis-fixture-1  | 2026-09-23T10:19:57.090895479Z {"seq": 329, "time_ns": 3891868565419, "event": "redis_reply_released", "id": "hit-r1-036", "mode": "hit"}
redis-fixture-1  | 2026-09-23T10:19:57.094898018Z {"seq": 330, "time_ns": 3891872604333, "event": "client_complete", "id": "hit-r1-036", "status": "200", "curl_exit": 0, "body_sha256": "da87d065c0f96d585f02840dc10c88f7e8edac17ae77dbdae4b9e051a619338f"}
redis-fixture-1  | 2026-09-23T10:19:57.097222727Z {"seq": 331, "time_ns": 3891874805027, "event": "upstream_peer_closed", "id": "hit-r1-036"}
redis-fixture-1  | 2026-09-23T10:19:57.205036875Z {"seq": 332, "time_ns": 3891982644827, "event": "redis_release_requested", "id": "hit-r1-036"}
redis-fixture-1  | 2026-09-23T10:19:57.209103281Z {"seq": 333, "time_ns": 3891986837905, "event": "prepared", "id": "hit-r1-037", "mode": "hit", "key": "higress-audit:hit-r1-037", "value": "{\"source\":\"cache\",\"value\":\"fixture-only\"}"}
redis-fixture-1  | 2026-09-23T10:19:57.222213629Z {"seq": 334, "time_ns": 3891999743838, "event": "upstream_seen", "id": "hit-r1-037", "headers": {"host": "127.0.0.1:19468", "user-agent": "curl/7.81.0", "accept": "*/*", "x-http-cache-key": "hit-r1-037", "x-verification-id": "hit-r1-037", "x-forwarded-proto": "http", "x-envoy-original-host": "127.0.0.1:19468", "x-request-id": "1664f98c-0de0-49bc-ab60-739fed6e4ac9", "x-envoy-expected-rq-timeout-ms": "15000", "req-start-time": "1790158797220"}}
redis-fixture-1  | 2026-09-23T10:19:57.225172500Z {"seq": 335, "time_ns": 3892002734067, "event": "redis_command", "id": "hit-r1-037", "command": "GET", "args": ["higress-audit:hit-r1-037"]}
envoy-1          | 2026-09-23T10:19:59.621017755Z [2026-09-23 10:19:59.620][29][debug][wasm] [external/envoy/source/extensions/common/wasm/context.cc:1538] wasm log response-cache response-cache response-cache: [response-cache] [nil] [99d84628-58be-4ade-884e-9d08ea327124] SetResponseBodyBufferLimit: 10485760
envoy-1          | 2026-09-23T10:19:59.621120473Z [2026-09-23 10:19:59.621][29][debug][wasm] [external/envoy/source/extensions/common/wasm/context.cc:1538] wasm log response-cache response-cache response-cache: [response-cache] [nil] [99d84628-58be-4ade-884e-9d08ea327124] [onHttpResponseBody] key is nil, skip cache
envoy-1          | 2026-09-23T10:19:59.746387304Z [2026-09-23 10:19:59.746][29][debug][wasm] [external/envoy/source/extensions/common/wasm/context.cc:1538] wasm log response-cache response-cache response-cache: [response-cache] [nil] [f9849d8d-baa6-4499-b79f-ea89a46822da] [onHttpRequestHeaders] cache key from request header: x-http-cache-key, key: hit-r2-004
envoy-1          | 2026-09-23T10:19:59.746425164Z [2026-09-23 10:19:59.746][29][debug][wasm] [external/envoy/source/extensions/common/wasm/context.cc:1538] wasm log response-cache response-cache response-cache: [response-cache] [nil] [f9849d8d-baa6-4499-b79f-ea89a46822da] [response-cache] [CheckCacheForKey] querying cache with key: higress-audit:hit-r2-004
envoy-1          | 2026-09-23T10:19:59.746491157Z [2026-09-23 10:19:59.746][29][debug][wasm] [external/envoy/source/extensions/common/wasm/context.cc:1538] wasm log response-cache response-cache response-cache: redis call start, request-id: e3e5a3b4-f19c-47b1-9bd5-b356e660e755, respQuery: KjINCiQzDQpnZXQNCiQyNA0KaGlncmVzcy1hdWRpdDpoaXQtcjItMDA0DQo=
envoy-1          | 2026-09-23T10:19:59.754894694Z [2026-09-23 10:19:59.754][29][debug][wasm] [external/envoy/source/extensions/common/wasm/context.cc:1538] wasm log response-cache response-cache response-cache: redis call end, request-id: e3e5a3b4-f19c-47b1-9bd5-b356e660e755, respQuery: KjINCiQzDQpnZXQNCiQyNA0KaGlncmVzcy1hdWRpdDpoaXQtcjItMDA0DQo=, respValue: JDQxDQp7InNvdXJjZSI6ImNhY2hlIiwidmFsdWUiOiJmaXh0dXJlLW9ubHkifQ0K
envoy-1          | 2026-09-23T10:19:59.754976269Z [2026-09-23 10:19:59.754][29][info][wasm] [external/envoy/source/extensions/common/wasm/context.cc:1541] wasm log response-cache response-cache response-cache: [response-cache] [nil] [f9849d8d-baa6-4499-b79f-ea89a46822da] [response-cache] cache hit for key: hit-r2-004
envoy-1          | 2026-09-23T10:19:59.755029535Z [2026-09-23 10:19:59.754][29][debug][wasm] [external/envoy/source/extensions/common/wasm/context.cc:1538] wasm log response-cache response-cache response-cache: [response-cache] [nil] [f9849d8d-baa6-4499-b79f-ea89a46822da] [response-cache] [processCacheHit] cached response for key hit-r2-004: {"source":"cache","value":"fixture-only"}
envoy-1          | 2026-09-23T10:19:59.755369325Z [2026-09-23 10:19:59.755][29][debug][wasm] [external/envoy/source/extensions/common/wasm/context.cc:1538] wasm log response-cache response-cache response-cache: [response-cache] [nil] [f9849d8d-baa6-4499-b79f-ea89a46822da] SetResponseBodyBufferLimit: 10485760
envoy-1          | 2026-09-23T10:19:59.755501086Z [2026-09-23 10:19:59.755][29][debug][wasm] [external/envoy/source/extensions/common/wasm/context.cc:1538] wasm log response-cache response-cache response-cache: [response-cache] [nil] [f9849d8d-baa6-4499-b79f-ea89a46822da] [onHttpResponseBody] key is nil, skip cache
envoy-1          | 2026-09-23T10:19:59.881941291Z [2026-09-23 10:19:59.881][29][debug][wasm] [external/envoy/source/extensions/common/wasm/context.cc:1538] wasm log response-cache response-cache response-cache: [response-cache] [nil] [068d7a0c-dc12-4496-b406-4815f6c5c7de] [onHttpRequestHeaders] cache key from request header: x-http-cache-key, key: hit-r2-005
redis-fixture-1  | 2026-09-23T10:19:57.225223889Z {"seq": 336, "time_ns": 3892002808484, "event": "redis_get_seen", "id": "hit-r1-037"}
redis-fixture-1  | 2026-09-23T10:19:57.238996270Z {"seq": 337, "time_ns": 3892016613241, "event": "redis_release_requested", "id": "hit-r1-037"}
redis-fixture-1  | 2026-09-23T10:19:57.239051934Z {"seq": 338, "time_ns": 3892016773514, "event": "redis_reply_released", "id": "hit-r1-037", "mode": "hit"}
redis-fixture-1  | 2026-09-23T10:19:57.243076669Z {"seq": 339, "time_ns": 3892020761327, "event": "client_complete", "id": "hit-r1-037", "status": "200", "curl_exit": 0, "body_sha256": "da87d065c0f96d585f02840dc10c88f7e8edac17ae77dbdae4b9e051a619338f"}
redis-fixture-1  | 2026-09-23T10:19:57.245275213Z {"seq": 340, "time_ns": 3892022844247, "event": "upstream_peer_closed", "id": "hit-r1-037"}
redis-fixture-1  | 2026-09-23T10:19:57.353110833Z {"seq": 341, "time_ns": 3892130735219, "event": "redis_release_requested", "id": "hit-r1-037"}
redis-fixture-1  | 2026-09-23T10:19:57.357247740Z {"seq": 342, "time_ns": 3892134858984, "event": "prepared", "id": "hit-r1-038", "mode": "hit", "key": "higress-audit:hit-r1-038", "value": "{\"source\":\"cache\",\"value\":\"fixture-only\"}"}
redis-fixture-1  | 2026-09-23T10:19:57.372154853Z {"seq": 343, "time_ns": 3892149805946, "event": "upstream_seen", "id": "hit-r1-038", "headers": {"host": "127.0.0.1:19468", "user-agent": "curl/7.81.0", "accept": "*/*", "x-http-cache-key": "hit-r1-038", "x-verification-id": "hit-r1-038", "x-forwarded-proto": "http", "x-envoy-original-host": "127.0.0.1:19468", "x-request-id": "bd82e6a7-1f04-4301-a554-e7ef69f49300", "x-envoy-expected-rq-timeout-ms": "15000", "req-start-time": "1790158797370"}}
redis-fixture-1  | 2026-09-23T10:19:57.375066320Z {"seq": 344, "time_ns": 3892152629075, "event": "redis_command", "id": "hit-r1-038", "command": "GET", "args": ["higress-audit:hit-r1-038"]}
redis-fixture-1  | 2026-09-23T10:19:57.375100205Z {"seq": 345, "time_ns": 3892152702247, "event": "redis_get_seen", "id": "hit-r1-038"}
redis-fixture-1  | 2026-09-23T10:19:57.387219605Z {"seq": 346, "time_ns": 3892164921932, "event": "redis_release_requested", "id": "hit-r1-038"}
redis-fixture-1  | 2026-09-23T10:19:57.387374526Z {"seq": 347, "time_ns": 3892165081782, "event": "redis_reply_released", "id": "hit-r1-038", "mode": "hit"}
redis-fixture-1  | 2026-09-23T10:19:57.391501085Z {"seq": 348, "time_ns": 3892169105038, "event": "client_complete", "id": "hit-r1-038", "status": "200", "curl_exit": 0, "body_sha256": "da87d065c0f96d585f02840dc10c88f7e8edac17ae77dbdae4b9e051a619338f"}
redis-fixture-1  | 2026-09-23T10:19:57.393822355Z {"seq": 349, "time_ns": 3892171370419, "event": "upstream_peer_closed", "id": "hit-r1-038"}
redis-fixture-1  | 2026-09-23T10:19:57.502039416Z {"seq": 350, "time_ns": 3892279644168, "event": "redis_release_requested", "id": "hit-r1-038"}
redis-fixture-1  | 2026-09-23T10:19:57.506149941Z {"seq": 351, "time_ns": 3892283742131, "event": "prepared", "id": "hit-r1-039", "mode": "hit", "key": "higress-audit:hit-r1-039", "value": "{\"source\":\"cache\",\"value\":\"fixture-only\"}"}
redis-fixture-1  | 2026-09-23T10:19:57.520409471Z {"seq": 352, "time_ns": 3892298087780, "event": "upstream_seen", "id": "hit-r1-039", "headers": {"host": "127.0.0.1:19468", "user-agent": "curl/7.81.0", "accept": "*/*", "x-http-cache-key": "hit-r1-039", "x-verification-id": "hit-r1-039", "x-forwarded-proto": "http", "x-envoy-original-host": "127.0.0.1:19468", "x-request-id": "5d63bd0f-9738-4f55-b10f-6c37eb60663d", "x-envoy-expected-rq-timeout-ms": "15000", "req-start-time": "1790158797518"}}
redis-fixture-1  | 2026-09-23T10:19:57.523186767Z {"seq": 353, "time_ns": 3892300888018, "event": "redis_command", "id": "hit-r1-039", "command": "GET", "args": ["higress-audit:hit-r1-039"]}
redis-fixture-1  | 2026-09-23T10:19:57.523205128Z {"seq": 354, "time_ns": 3892300961678, "event": "redis_get_seen", "id": "hit-r1-039"}
redis-fixture-1  | 2026-09-23T10:19:57.537091262Z {"seq": 355, "time_ns": 3892314725208, "event": "redis_release_requested", "id": "hit-r1-039"}
redis-fixture-1  | 2026-09-23T10:19:57.537202468Z {"seq": 356, "time_ns": 3892314908802, "event": "redis_reply_released", "id": "hit-r1-039", "mode": "hit"}
redis-fixture-1  | 2026-09-23T10:19:57.541341265Z {"seq": 357, "time_ns": 3892319004236, "event": "client_complete", "id": "hit-r1-039", "status": "200", "curl_exit": 0, "body_sha256": "da87d065c0f96d585f02840dc10c88f7e8edac17ae77dbdae4b9e051a619338f"}
redis-fixture-1  | 2026-09-23T10:19:57.543438725Z {"seq": 358, "time_ns": 3892321054653, "event": "upstream_peer_closed", "id": "hit-r1-039"}
redis-fixture-1  | 2026-09-23T10:19:57.652039053Z {"seq": 359, "time_ns": 3892429577865, "event": "redis_release_requested", "id": "hit-r1-039"}
redis-fixture-1  | 2026-09-23T10:19:57.656415814Z {"seq": 360, "time_ns": 3892433991751, "event": "prepared", "id": "hit-r1-040", "mode": "hit", "key": "higress-audit:hit-r1-040", "value": "{\"source\":\"cache\",\"value\":\"fixture-only\"}"}
redis-fixture-1  | 2026-09-23T10:19:57.671234580Z {"seq": 361, "time_ns": 3892448950517, "event": "upstream_seen", "id": "hit-r1-040", "headers": {"host": "127.0.0.1:19468", "user-agent": "curl/7.81.0", "accept": "*/*", "x-http-cache-key": "hit-r1-040", "x-verification-id": "hit-r1-040", "x-forwarded-proto": "http", "x-envoy-original-host": "127.0.0.1:19468", "x-request-id": "a730e02e-7363-44b5-b965-8935c938c628", "x-envoy-expected-rq-timeout-ms": "15000", "req-start-time": "1790158797669"}}
redis-fixture-1  | 2026-09-23T10:19:57.671405402Z {"seq": 362, "time_ns": 3892449119814, "event": "redis_command", "id": "hit-r1-040", "command": "GET", "args": ["higress-audit:hit-r1-040"]}
redis-fixture-1  | 2026-09-23T10:19:57.671431174Z {"seq": 363, "time_ns": 3892449192314, "event": "redis_get_seen", "id": "hit-r1-040"}
redis-fixture-1  | 2026-09-23T10:19:57.685226231Z {"seq": 364, "time_ns": 3892462811059, "event": "redis_release_requested", "id": "hit-r1-040"}
redis-fixture-1  | 2026-09-23T10:19:57.685278332Z {"seq": 365, "time_ns": 3892462979120, "event": "redis_reply_released", "id": "hit-r1-040", "mode": "hit"}
redis-fixture-1  | 2026-09-23T10:19:57.689238405Z {"seq": 366, "time_ns": 3892466867258, "event": "client_complete", "id": "hit-r1-040", "status": "200", "curl_exit": 0, "body_sha256": "da87d065c0f96d585f02840dc10c88f7e8edac17ae77dbdae4b9e051a619338f"}
redis-fixture-1  | 2026-09-23T10:19:57.691693680Z {"seq": 367, "time_ns": 3892469280310, "event": "upstream_peer_closed", "id": "hit-r1-040"}
redis-fixture-1  | 2026-09-23T10:19:57.800566378Z {"seq": 368, "time_ns": 3892578140002, "event": "redis_release_requested", "id": "hit-r1-040"}
redis-fixture-1  | 2026-09-23T10:19:57.804313764Z {"seq": 369, "time_ns": 3892581946351, "event": "prepared", "id": "hit-r1-041", "mode": "hit", "key": "higress-audit:hit-r1-041", "value": "{\"source\":\"cache\",\"value\":\"fixture-only\"}"}
redis-fixture-1  | 2026-09-23T10:19:57.817148953Z {"seq": 370, "time_ns": 3892594698721, "event": "upstream_seen", "id": "hit-r1-041", "headers": {"host": "127.0.0.1:19468", "user-agent": "curl/7.81.0", "accept": "*/*", "x-http-cache-key": "hit-r1-041", "x-verification-id": "hit-r1-041", "x-forwarded-proto": "http", "x-envoy-original-host": "127.0.0.1:19468", "x-request-id": "483d5964-3a05-457c-9b0e-7dbba4880fd1", "x-envoy-expected-rq-timeout-ms": "15000", "req-start-time": "1790158797815"}}
redis-fixture-1  | 2026-09-23T10:19:57.819692712Z {"seq": 371, "time_ns": 3892597245035, "event": "redis_command", "id": "hit-r1-041", "command": "GET", "args": ["higress-audit:hit-r1-041"]}
redis-fixture-1  | 2026-09-23T10:19:57.819726921Z {"seq": 372, "time_ns": 3892597318453, "event": "redis_get_seen", "id": "hit-r1-041"}
redis-fixture-1  | 2026-09-23T10:19:57.833286780Z {"seq": 373, "time_ns": 3892610859907, "event": "redis_release_requested", "id": "hit-r1-041"}
redis-fixture-1  | 2026-09-23T10:19:57.833339141Z {"seq": 374, "time_ns": 3892611066078, "event": "redis_reply_released", "id": "hit-r1-041", "mode": "hit"}
redis-fixture-1  | 2026-09-23T10:19:57.837570993Z {"seq": 375, "time_ns": 3892615145438, "event": "client_complete", "id": "hit-r1-041", "status": "200", "curl_exit": 0, "body_sha256": "da87d065c0f96d585f02840dc10c88f7e8edac17ae77dbdae4b9e051a619338f"}
redis-fixture-1  | 2026-09-23T10:19:57.839657370Z {"seq": 376, "time_ns": 3892617248271, "event": "upstream_peer_closed", "id": "hit-r1-041"}
redis-fixture-1  | 2026-09-23T10:19:57.948439899Z {"seq": 377, "time_ns": 3892726017154, "event": "redis_release_requested", "id": "hit-r1-041"}
redis-fixture-1  | 2026-09-23T10:19:57.952504815Z {"seq": 378, "time_ns": 3892730150398, "event": "prepared", "id": "hit-r1-042", "mode": "hit", "key": "higress-audit:hit-r1-042", "value": "{\"source\":\"cache\",\"value\":\"fixture-only\"}"}
envoy-1          | 2026-09-23T10:19:59.881984364Z [2026-09-23 10:19:59.881][29][debug][wasm] [external/envoy/source/extensions/common/wasm/context.cc:1538] wasm log response-cache response-cache response-cache: [response-cache] [nil] [068d7a0c-dc12-4496-b406-4815f6c5c7de] [response-cache] [CheckCacheForKey] querying cache with key: higress-audit:hit-r2-005
envoy-1          | 2026-09-23T10:19:59.882161772Z [2026-09-23 10:19:59.882][29][debug][wasm] [external/envoy/source/extensions/common/wasm/context.cc:1538] wasm log response-cache response-cache response-cache: redis call start, request-id: 68983501-b0d5-46dc-8e21-192da1b0f156, respQuery: KjINCiQzDQpnZXQNCiQyNA0KaGlncmVzcy1hdWRpdDpoaXQtcjItMDA1DQo=
envoy-1          | 2026-09-23T10:19:59.891481899Z [2026-09-23 10:19:59.891][29][debug][wasm] [external/envoy/source/extensions/common/wasm/context.cc:1538] wasm log response-cache response-cache response-cache: redis call end, request-id: 68983501-b0d5-46dc-8e21-192da1b0f156, respQuery: KjINCiQzDQpnZXQNCiQyNA0KaGlncmVzcy1hdWRpdDpoaXQtcjItMDA1DQo=, respValue: JDQxDQp7InNvdXJjZSI6ImNhY2hlIiwidmFsdWUiOiJmaXh0dXJlLW9ubHkifQ0K
envoy-1          | 2026-09-23T10:19:59.891502295Z [2026-09-23 10:19:59.891][29][info][wasm] [external/envoy/source/extensions/common/wasm/context.cc:1541] wasm log response-cache response-cache response-cache: [response-cache] [nil] [068d7a0c-dc12-4496-b406-4815f6c5c7de] [response-cache] cache hit for key: hit-r2-005
envoy-1          | 2026-09-23T10:19:59.891513684Z [2026-09-23 10:19:59.891][29][debug][wasm] [external/envoy/source/extensions/common/wasm/context.cc:1538] wasm log response-cache response-cache response-cache: [response-cache] [nil] [068d7a0c-dc12-4496-b406-4815f6c5c7de] [response-cache] [processCacheHit] cached response for key hit-r2-005: {"source":"cache","value":"fixture-only"}
envoy-1          | 2026-09-23T10:19:59.891796946Z [2026-09-23 10:19:59.891][29][debug][wasm] [external/envoy/source/extensions/common/wasm/context.cc:1538] wasm log response-cache response-cache response-cache: [response-cache] [nil] [068d7a0c-dc12-4496-b406-4815f6c5c7de] SetResponseBodyBufferLimit: 10485760
envoy-1          | 2026-09-23T10:19:59.891907867Z [2026-09-23 10:19:59.891][29][debug][wasm] [external/envoy/source/extensions/common/wasm/context.cc:1538] wasm log response-cache response-cache response-cache: [response-cache] [nil] [068d7a0c-dc12-4496-b406-4815f6c5c7de] [onHttpResponseBody] key is nil, skip cache
redis-fixture-1  | 2026-09-23T10:19:57.965045646Z {"seq": 379, "time_ns": 3892742727971, "event": "upstream_seen", "id": "hit-r1-042", "headers": {"host": "127.0.0.1:19468", "user-agent": "curl/7.81.0", "accept": "*/*", "x-http-cache-key": "hit-r1-042", "x-verification-id": "hit-r1-042", "x-forwarded-proto": "http", "x-envoy-original-host": "127.0.0.1:19468", "x-request-id": "68af033d-62f3-41ca-a990-998c0a7c3b63", "x-envoy-expected-rq-timeout-ms": "15000", "req-start-time": "1790158797963"}}
redis-fixture-1  | 2026-09-23T10:19:57.967907868Z {"seq": 380, "time_ns": 3892745598247, "event": "redis_command", "id": "hit-r1-042", "command": "GET", "args": ["higress-audit:hit-r1-042"]}
redis-fixture-1  | 2026-09-23T10:19:57.967963692Z {"seq": 381, "time_ns": 3892745703484, "event": "redis_get_seen", "id": "hit-r1-042"}
redis-fixture-1  | 2026-09-23T10:19:57.981872343Z {"seq": 382, "time_ns": 3892759460793, "event": "redis_release_requested", "id": "hit-r1-042"}
redis-fixture-1  | 2026-09-23T10:19:57.981978612Z {"seq": 383, "time_ns": 3892759680096, "event": "redis_reply_released", "id": "hit-r1-042", "mode": "hit"}
redis-fixture-1  | 2026-09-23T10:19:57.986320009Z {"seq": 384, "time_ns": 3892763998244, "event": "client_complete", "id": "hit-r1-042", "status": "200", "curl_exit": 0, "body_sha256": "da87d065c0f96d585f02840dc10c88f7e8edac17ae77dbdae4b9e051a619338f"}
redis-fixture-1  | 2026-09-23T10:19:57.988562778Z {"seq": 385, "time_ns": 3892766181774, "event": "upstream_peer_closed", "id": "hit-r1-042"}
redis-fixture-1  | 2026-09-23T10:19:58.097532858Z {"seq": 386, "time_ns": 3892875160088, "event": "redis_release_requested", "id": "hit-r1-042"}
redis-fixture-1  | 2026-09-23T10:19:58.101738477Z {"seq": 387, "time_ns": 3892879355745, "event": "prepared", "id": "hit-r1-043", "mode": "hit", "key": "higress-audit:hit-r1-043", "value": "{\"source\":\"cache\",\"value\":\"fixture-only\"}"}
redis-fixture-1  | 2026-09-23T10:19:58.113880605Z {"seq": 388, "time_ns": 3892891549340, "event": "upstream_seen", "id": "hit-r1-043", "headers": {"host": "127.0.0.1:19468", "user-agent": "curl/7.81.0", "accept": "*/*", "x-http-cache-key": "hit-r1-043", "x-verification-id": "hit-r1-043", "x-forwarded-proto": "http", "x-envoy-original-host": "127.0.0.1:19468", "x-request-id": "272db32d-83ec-4029-b363-dea1e24abe45", "x-envoy-expected-rq-timeout-ms": "15000", "req-start-time": "1790158798112"}}
redis-fixture-1  | 2026-09-23T10:19:58.116829796Z {"seq": 389, "time_ns": 3892894421032, "event": "redis_command", "id": "hit-r1-043", "command": "GET", "args": ["higress-audit:hit-r1-043"]}
redis-fixture-1  | 2026-09-23T10:19:58.116862849Z {"seq": 390, "time_ns": 3892894495993, "event": "redis_get_seen", "id": "hit-r1-043"}
redis-fixture-1  | 2026-09-23T10:19:58.130363980Z {"seq": 391, "time_ns": 3892907895874, "event": "redis_release_requested", "id": "hit-r1-043"}
redis-fixture-1  | 2026-09-23T10:19:58.130396733Z {"seq": 392, "time_ns": 3892908056148, "event": "redis_reply_released", "id": "hit-r1-043", "mode": "hit"}
redis-fixture-1  | 2026-09-23T10:19:58.133864963Z {"seq": 393, "time_ns": 3892911442403, "event": "client_complete", "id": "hit-r1-043", "status": "200", "curl_exit": 0, "body_sha256": "da87d065c0f96d585f02840dc10c88f7e8edac17ae77dbdae4b9e051a619338f"}
redis-fixture-1  | 2026-09-23T10:19:58.135403866Z {"seq": 394, "time_ns": 3892912968856, "event": "upstream_peer_closed", "id": "hit-r1-043"}
redis-fixture-1  | 2026-09-23T10:19:58.244239595Z {"seq": 395, "time_ns": 3893021834444, "event": "redis_release_requested", "id": "hit-r1-043"}
redis-fixture-1  | 2026-09-23T10:19:58.248237388Z {"seq": 396, "time_ns": 3893025873465, "event": "prepared", "id": "hit-r1-044", "mode": "hit", "key": "higress-audit:hit-r1-044", "value": "{\"source\":\"cache\",\"value\":\"fixture-only\"}"}
redis-fixture-1  | 2026-09-23T10:19:58.260873034Z {"seq": 397, "time_ns": 3893038563913, "event": "upstream_seen", "id": "hit-r1-044", "headers": {"host": "127.0.0.1:19468", "user-agent": "curl/7.81.0", "accept": "*/*", "x-http-cache-key": "hit-r1-044", "x-verification-id": "hit-r1-044", "x-forwarded-proto": "http", "x-envoy-original-host": "127.0.0.1:19468", "x-request-id": "bb5b102d-ed1f-40e4-bda8-2bdb88643eaf", "x-envoy-expected-rq-timeout-ms": "15000", "req-start-time": "1790158798258"}}
redis-fixture-1  | 2026-09-23T10:19:58.263575569Z {"seq": 398, "time_ns": 3893041219433, "event": "redis_command", "id": "hit-r1-044", "command": "GET", "args": ["higress-audit:hit-r1-044"]}
redis-fixture-1  | 2026-09-23T10:19:58.263610093Z {"seq": 399, "time_ns": 3893041259553, "event": "redis_get_seen", "id": "hit-r1-044"}
redis-fixture-1  | 2026-09-23T10:19:58.274355155Z {"seq": 400, "time_ns": 3893052063534, "event": "redis_release_requested", "id": "hit-r1-044"}
redis-fixture-1  | 2026-09-23T10:19:58.274423856Z {"seq": 401, "time_ns": 3893052187689, "event": "redis_reply_released", "id": "hit-r1-044", "mode": "hit"}
redis-fixture-1  | 2026-09-23T10:19:58.277720772Z {"seq": 402, "time_ns": 3893055402760, "event": "client_complete", "id": "hit-r1-044", "status": "200", "curl_exit": 0, "body_sha256": "da87d065c0f96d585f02840dc10c88f7e8edac17ae77dbdae4b9e051a619338f"}
redis-fixture-1  | 2026-09-23T10:19:58.279156000Z {"seq": 403, "time_ns": 3893056881292, "event": "upstream_peer_closed", "id": "hit-r1-044"}
redis-fixture-1  | 2026-09-23T10:19:58.388418352Z {"seq": 404, "time_ns": 3893165987280, "event": "redis_release_requested", "id": "hit-r1-044"}
envoy-1          | 2026-09-23T10:20:00.018538434Z [2026-09-23 10:20:00.018][29][debug][wasm] [external/envoy/source/extensions/common/wasm/context.cc:1538] wasm log response-cache response-cache response-cache: [response-cache] [nil] [f21c17c2-f063-4b4b-8cf7-01138bc30f58] [onHttpRequestHeaders] cache key from request header: x-http-cache-key, key: hit-r2-006
envoy-1          | 2026-09-23T10:20:00.018571974Z [2026-09-23 10:20:00.018][29][debug][wasm] [external/envoy/source/extensions/common/wasm/context.cc:1538] wasm log response-cache response-cache response-cache: [response-cache] [nil] [f21c17c2-f063-4b4b-8cf7-01138bc30f58] [response-cache] [CheckCacheForKey] querying cache with key: higress-audit:hit-r2-006
envoy-1          | 2026-09-23T10:20:00.018771280Z [2026-09-23 10:20:00.018][29][debug][wasm] [external/envoy/source/extensions/common/wasm/context.cc:1538] wasm log response-cache response-cache response-cache: redis call start, request-id: c40aaa7b-6ec0-4b4b-bb6a-50adddf4aa15, respQuery: KjINCiQzDQpnZXQNCiQyNA0KaGlncmVzcy1hdWRpdDpoaXQtcjItMDA2DQo=
envoy-1          | 2026-09-23T10:20:00.030153299Z [2026-09-23 10:20:00.030][29][debug][wasm] [external/envoy/source/extensions/common/wasm/context.cc:1538] wasm log response-cache response-cache response-cache: redis call end, request-id: c40aaa7b-6ec0-4b4b-bb6a-50adddf4aa15, respQuery: KjINCiQzDQpnZXQNCiQyNA0KaGlncmVzcy1hdWRpdDpoaXQtcjItMDA2DQo=, respValue: JDQxDQp7InNvdXJjZSI6ImNhY2hlIiwidmFsdWUiOiJmaXh0dXJlLW9ubHkifQ0K
envoy-1          | 2026-09-23T10:20:00.030194259Z [2026-09-23 10:20:00.030][29][info][wasm] [external/envoy/source/extensions/common/wasm/context.cc:1541] wasm log response-cache response-cache response-cache: [response-cache] [nil] [f21c17c2-f063-4b4b-8cf7-01138bc30f58] [response-cache] cache hit for key: hit-r2-006
envoy-1          | 2026-09-23T10:20:00.030249076Z [2026-09-23 10:20:00.030][29][debug][wasm] [external/envoy/source/extensions/common/wasm/context.cc:1538] wasm log response-cache response-cache response-cache: [response-cache] [nil] [f21c17c2-f063-4b4b-8cf7-01138bc30f58] [response-cache] [processCacheHit] cached response for key hit-r2-006: {"source":"cache","value":"fixture-only"}
envoy-1          | 2026-09-23T10:20:00.030560520Z [2026-09-23 10:20:00.030][29][debug][wasm] [external/envoy/source/extensions/common/wasm/context.cc:1538] wasm log response-cache response-cache response-cache: [response-cache] [nil] [f21c17c2-f063-4b4b-8cf7-01138bc30f58] SetResponseBodyBufferLimit: 10485760
envoy-1          | 2026-09-23T10:20:00.030669403Z [2026-09-23 10:20:00.030][29][debug][wasm] [external/envoy/source/extensions/common/wasm/context.cc:1538] wasm log response-cache response-cache response-cache: [response-cache] [nil] [f21c17c2-f063-4b4b-8cf7-01138bc30f58] [onHttpResponseBody] key is nil, skip cache
envoy-1          | 2026-09-23T10:20:00.156894494Z [2026-09-23 10:20:00.156][29][debug][wasm] [external/envoy/source/extensions/common/wasm/context.cc:1538] wasm log response-cache response-cache response-cache: [response-cache] [nil] [7becda3b-892e-470e-9cc7-dab02c40d1c5] [onHttpRequestHeaders] cache key from request header: x-http-cache-key, key: hit-r2-007
redis-fixture-1  | 2026-09-23T10:19:58.392532548Z {"seq": 405, "time_ns": 3893170165154, "event": "prepared", "id": "hit-r1-045", "mode": "hit", "key": "higress-audit:hit-r1-045", "value": "{\"source\":\"cache\",\"value\":\"fixture-only\"}"}
redis-fixture-1  | 2026-09-23T10:19:58.404736637Z {"seq": 406, "time_ns": 3893182333506, "event": "upstream_seen", "id": "hit-r1-045", "headers": {"host": "127.0.0.1:19468", "user-agent": "curl/7.81.0", "accept": "*/*", "x-http-cache-key": "hit-r1-045", "x-verification-id": "hit-r1-045", "x-forwarded-proto": "http", "x-envoy-original-host": "127.0.0.1:19468", "x-request-id": "12ccd5ec-707c-4b24-8a4d-e8a170648000", "x-envoy-expected-rq-timeout-ms": "15000", "req-start-time": "1790158798403"}}
redis-fixture-1  | 2026-09-23T10:19:58.407337966Z {"seq": 407, "time_ns": 3893184974231, "event": "redis_command", "id": "hit-r1-045", "command": "GET", "args": ["higress-audit:hit-r1-045"]}
redis-fixture-1  | 2026-09-23T10:19:58.407371717Z {"seq": 408, "time_ns": 3893185005034, "event": "redis_get_seen", "id": "hit-r1-045"}
redis-fixture-1  | 2026-09-23T10:19:58.422758194Z {"seq": 409, "time_ns": 3893200349219, "event": "redis_release_requested", "id": "hit-r1-045"}
redis-fixture-1  | 2026-09-23T10:19:58.422809860Z {"seq": 410, "time_ns": 3893200502037, "event": "redis_reply_released", "id": "hit-r1-045", "mode": "hit"}
redis-fixture-1  | 2026-09-23T10:19:58.426977260Z {"seq": 411, "time_ns": 3893204576023, "event": "client_complete", "id": "hit-r1-045", "status": "200", "curl_exit": 0, "body_sha256": "da87d065c0f96d585f02840dc10c88f7e8edac17ae77dbdae4b9e051a619338f"}
redis-fixture-1  | 2026-09-23T10:19:58.429139292Z {"seq": 412, "time_ns": 3893206726000, "event": "upstream_peer_closed", "id": "hit-r1-045"}
redis-fixture-1  | 2026-09-23T10:19:58.537401485Z {"seq": 413, "time_ns": 3893314992817, "event": "redis_release_requested", "id": "hit-r1-045"}
envoy-1          | 2026-09-23T10:20:00.156924689Z [2026-09-23 10:20:00.156][29][debug][wasm] [external/envoy/source/extensions/common/wasm/context.cc:1538] wasm log response-cache response-cache response-cache: [response-cache] [nil] [7becda3b-892e-470e-9cc7-dab02c40d1c5] [response-cache] [CheckCacheForKey] querying cache with key: higress-audit:hit-r2-007
envoy-1          | 2026-09-23T10:20:00.157073519Z [2026-09-23 10:20:00.157][29][debug][wasm] [external/envoy/source/extensions/common/wasm/context.cc:1538] wasm log response-cache response-cache response-cache: redis call start, request-id: ae6a52cb-437d-4725-af11-f4bc99452f82, respQuery: KjINCiQzDQpnZXQNCiQyNA0KaGlncmVzcy1hdWRpdDpoaXQtcjItMDA3DQo=
envoy-1          | 2026-09-23T10:20:00.176625764Z [2026-09-23 10:20:00.176][29][debug][wasm] [external/envoy/source/extensions/common/wasm/context.cc:1538] wasm log response-cache response-cache response-cache: redis call end, request-id: ae6a52cb-437d-4725-af11-f4bc99452f82, respQuery: KjINCiQzDQpnZXQNCiQyNA0KaGlncmVzcy1hdWRpdDpoaXQtcjItMDA3DQo=, respValue: JDQxDQp7InNvdXJjZSI6ImNhY2hlIiwidmFsdWUiOiJmaXh0dXJlLW9ubHkifQ0K
envoy-1          | 2026-09-23T10:20:00.176642488Z [2026-09-23 10:20:00.176][29][info][wasm] [external/envoy/source/extensions/common/wasm/context.cc:1541] wasm log response-cache response-cache response-cache: [response-cache] [nil] [7becda3b-892e-470e-9cc7-dab02c40d1c5] [response-cache] cache hit for key: hit-r2-007
envoy-1          | 2026-09-23T10:20:00.176716441Z [2026-09-23 10:20:00.176][29][debug][wasm] [external/envoy/source/extensions/common/wasm/context.cc:1538] wasm log response-cache response-cache response-cache: [response-cache] [nil] [7becda3b-892e-470e-9cc7-dab02c40d1c5] [response-cache] [processCacheHit] cached response for key hit-r2-007: {"source":"cache","value":"fixture-only"}
envoy-1          | 2026-09-23T10:20:00.176967647Z [2026-09-23 10:20:00.176][29][debug][wasm] [external/envoy/source/extensions/common/wasm/context.cc:1538] wasm log response-cache response-cache response-cache: [response-cache] [nil] [7becda3b-892e-470e-9cc7-dab02c40d1c5] SetResponseBodyBufferLimit: 10485760
envoy-1          | 2026-09-23T10:20:00.177073635Z [2026-09-23 10:20:00.177][29][debug][wasm] [external/envoy/source/extensions/common/wasm/context.cc:1538] wasm log response-cache response-cache response-cache: [response-cache] [nil] [7becda3b-892e-470e-9cc7-dab02c40d1c5] [onHttpResponseBody] key is nil, skip cache
envoy-1          | 2026-09-23T10:20:00.303338983Z [2026-09-23 10:20:00.303][29][debug][wasm] [external/envoy/source/extensions/common/wasm/context.cc:1538] wasm log response-cache response-cache response-cache: [response-cache] [nil] [88a05ce9-0fb5-461d-a30e-c54993c57715] [onHttpRequestHeaders] cache key from request header: x-http-cache-key, key: hit-r2-008
redis-fixture-1  | 2026-09-23T10:19:58.540549942Z {"seq": 414, "time_ns": 3893318258827, "event": "prepared", "id": "hit-r1-046", "mode": "hit", "key": "higress-audit:hit-r1-046", "value": "{\"source\":\"cache\",\"value\":\"fixture-only\"}"}
redis-fixture-1  | 2026-09-23T10:19:58.552305632Z {"seq": 415, "time_ns": 3893329978237, "event": "upstream_seen", "id": "hit-r1-046", "headers": {"host": "127.0.0.1:19468", "user-agent": "curl/7.81.0", "accept": "*/*", "x-http-cache-key": "hit-r1-046", "x-verification-id": "hit-r1-046", "x-forwarded-proto": "http", "x-envoy-original-host": "127.0.0.1:19468", "x-request-id": "88029ffa-2eb8-4cee-a92d-739a5e4176cb", "x-envoy-expected-rq-timeout-ms": "15000", "req-start-time": "1790158798551"}}
redis-fixture-1  | 2026-09-23T10:19:58.555125254Z {"seq": 416, "time_ns": 3893332805554, "event": "redis_command", "id": "hit-r1-046", "command": "GET", "args": ["higress-audit:hit-r1-046"]}
redis-fixture-1  | 2026-09-23T10:19:58.555175649Z {"seq": 417, "time_ns": 3893332878793, "event": "redis_get_seen", "id": "hit-r1-046"}
redis-fixture-1  | 2026-09-23T10:19:58.570566971Z {"seq": 418, "time_ns": 3893348285496, "event": "redis_release_requested", "id": "hit-r1-046"}
redis-fixture-1  | 2026-09-23T10:19:58.570734024Z {"seq": 419, "time_ns": 3893348434241, "event": "redis_reply_released", "id": "hit-r1-046", "mode": "hit"}
redis-fixture-1  | 2026-09-23T10:19:58.574404148Z {"seq": 420, "time_ns": 3893352066526, "event": "client_complete", "id": "hit-r1-046", "status": "200", "curl_exit": 0, "body_sha256": "da87d065c0f96d585f02840dc10c88f7e8edac17ae77dbdae4b9e051a619338f"}
redis-fixture-1  | 2026-09-23T10:19:58.576225242Z {"seq": 421, "time_ns": 3893353841443, "event": "upstream_peer_closed", "id": "hit-r1-046"}
redis-fixture-1  | 2026-09-23T10:19:58.684824467Z {"seq": 422, "time_ns": 3893462466354, "event": "redis_release_requested", "id": "hit-r1-046"}
redis-fixture-1  | 2026-09-23T10:19:58.688739113Z {"seq": 423, "time_ns": 3893466472736, "event": "prepared", "id": "hit-r1-047", "mode": "hit", "key": "higress-audit:hit-r1-047", "value": "{\"source\":\"cache\",\"value\":\"fixture-only\"}"}
redis-fixture-1  | 2026-09-23T10:19:58.702093073Z {"seq": 424, "time_ns": 3893479716091, "event": "upstream_seen", "id": "hit-r1-047", "headers": {"host": "127.0.0.1:19468", "user-agent": "curl/7.81.0", "accept": "*/*", "x-http-cache-key": "hit-r1-047", "x-verification-id": "hit-r1-047", "x-forwarded-proto": "http", "x-envoy-original-host": "127.0.0.1:19468", "x-request-id": "65272c4a-0784-4eb6-9b89-a4b987892fff", "x-envoy-expected-rq-timeout-ms": "15000", "req-start-time": "1790158798700"}}
redis-fixture-1  | 2026-09-23T10:19:58.705052853Z {"seq": 425, "time_ns": 3893482617733, "event": "redis_command", "id": "hit-r1-047", "command": "GET", "args": ["higress-audit:hit-r1-047"]}
redis-fixture-1  | 2026-09-23T10:19:58.705086013Z {"seq": 426, "time_ns": 3893482693629, "event": "redis_get_seen", "id": "hit-r1-047"}
envoy-1          | 2026-09-23T10:20:00.303373327Z [2026-09-23 10:20:00.303][29][debug][wasm] [external/envoy/source/extensions/common/wasm/context.cc:1538] wasm log response-cache response-cache response-cache: [response-cache] [nil] [88a05ce9-0fb5-461d-a30e-c54993c57715] [response-cache] [CheckCacheForKey] querying cache with key: higress-audit:hit-r2-008
envoy-1          | 2026-09-23T10:20:00.303420959Z [2026-09-23 10:20:00.303][29][debug][wasm] [external/envoy/source/extensions/common/wasm/context.cc:1538] wasm log response-cache response-cache response-cache: redis call start, request-id: 7e34fce7-d959-47ed-a832-be7e1803f724, respQuery: KjINCiQzDQpnZXQNCiQyNA0KaGlncmVzcy1hdWRpdDpoaXQtcjItMDA4DQo=
envoy-1          | 2026-09-23T10:20:00.326262074Z [2026-09-23 10:20:00.326][29][debug][wasm] [external/envoy/source/extensions/common/wasm/context.cc:1538] wasm log response-cache response-cache response-cache: redis call end, request-id: 7e34fce7-d959-47ed-a832-be7e1803f724, respQuery: KjINCiQzDQpnZXQNCiQyNA0KaGlncmVzcy1hdWRpdDpoaXQtcjItMDA4DQo=, respValue: JDQxDQp7InNvdXJjZSI6ImNhY2hlIiwidmFsdWUiOiJmaXh0dXJlLW9ubHkifQ0K
envoy-1          | 2026-09-23T10:20:00.326299318Z [2026-09-23 10:20:00.326][29][info][wasm] [external/envoy/source/extensions/common/wasm/context.cc:1541] wasm log response-cache response-cache response-cache: [response-cache] [nil] [88a05ce9-0fb5-461d-a30e-c54993c57715] [response-cache] cache hit for key: hit-r2-008
envoy-1          | 2026-09-23T10:20:00.326338782Z [2026-09-23 10:20:00.326][29][debug][wasm] [external/envoy/source/extensions/common/wasm/context.cc:1538] wasm log response-cache response-cache response-cache: [response-cache] [nil] [88a05ce9-0fb5-461d-a30e-c54993c57715] [response-cache] [processCacheHit] cached response for key hit-r2-008: {"source":"cache","value":"fixture-only"}
envoy-1          | 2026-09-23T10:20:00.326677624Z [2026-09-23 10:20:00.326][29][debug][wasm] [external/envoy/source/extensions/common/wasm/context.cc:1538] wasm log response-cache response-cache response-cache: [response-cache] [nil] [88a05ce9-0fb5-461d-a30e-c54993c57715] SetResponseBodyBufferLimit: 10485760
envoy-1          | 2026-09-23T10:20:00.326787486Z [2026-09-23 10:20:00.326][29][debug][wasm] [external/envoy/source/extensions/common/wasm/context.cc:1538] wasm log response-cache response-cache response-cache: [response-cache] [nil] [88a05ce9-0fb5-461d-a30e-c54993c57715] [onHttpResponseBody] key is nil, skip cache
envoy-1          | 2026-09-23T10:20:00.453596542Z [2026-09-23 10:20:00.453][29][debug][wasm] [external/envoy/source/extensions/common/wasm/context.cc:1538] wasm log response-cache response-cache response-cache: [response-cache] [nil] [1296ba7e-6503-4995-a5e1-ad59bfc8000c] [onHttpRequestHeaders] cache key from request header: x-http-cache-key, key: hit-r2-009
envoy-1          | 2026-09-23T10:20:00.453632918Z [2026-09-23 10:20:00.453][29][debug][wasm] [external/envoy/source/extensions/common/wasm/context.cc:1538] wasm log response-cache response-cache response-cache: [response-cache] [nil] [1296ba7e-6503-4995-a5e1-ad59bfc8000c] [response-cache] [CheckCacheForKey] querying cache with key: higress-audit:hit-r2-009
envoy-1          | 2026-09-23T10:20:00.453701143Z [2026-09-23 10:20:00.453][29][debug][wasm] [external/envoy/source/extensions/common/wasm/context.cc:1538] wasm log response-cache response-cache response-cache: redis call start, request-id: 4bd7b1d1-c0bd-4a02-9d81-b15efb653d99, respQuery: KjINCiQzDQpnZXQNCiQyNA0KaGlncmVzcy1hdWRpdDpoaXQtcjItMDA5DQo=
envoy-1          | 2026-09-23T10:20:00.463787407Z [2026-09-23 10:20:00.463][29][debug][wasm] [external/envoy/source/extensions/common/wasm/context.cc:1538] wasm log response-cache response-cache response-cache: redis call end, request-id: 4bd7b1d1-c0bd-4a02-9d81-b15efb653d99, respQuery: KjINCiQzDQpnZXQNCiQyNA0KaGlncmVzcy1hdWRpdDpoaXQtcjItMDA5DQo=, respValue: JDQxDQp7InNvdXJjZSI6ImNhY2hlIiwidmFsdWUiOiJmaXh0dXJlLW9ubHkifQ0K
redis-fixture-1  | 2026-09-23T10:19:58.718152642Z {"seq": 427, "time_ns": 3893495743927, "event": "redis_release_requested", "id": "hit-r1-047"}
redis-fixture-1  | 2026-09-23T10:19:58.718184879Z {"seq": 428, "time_ns": 3893495913690, "event": "redis_reply_released", "id": "hit-r1-047", "mode": "hit"}
redis-fixture-1  | 2026-09-23T10:19:58.722216988Z {"seq": 429, "time_ns": 3893499787714, "event": "client_complete", "id": "hit-r1-047", "status": "200", "curl_exit": 0, "body_sha256": "da87d065c0f96d585f02840dc10c88f7e8edac17ae77dbdae4b9e051a619338f"}
redis-fixture-1  | 2026-09-23T10:19:58.723857100Z {"seq": 430, "time_ns": 3893501448777, "event": "upstream_peer_closed", "id": "hit-r1-047"}
redis-fixture-1  | 2026-09-23T10:19:58.832026198Z {"seq": 431, "time_ns": 3893609603075, "event": "redis_release_requested", "id": "hit-r1-047"}
redis-fixture-1  | 2026-09-23T10:19:58.835650334Z {"seq": 432, "time_ns": 3893613263441, "event": "prepared", "id": "hit-r1-048", "mode": "hit", "key": "higress-audit:hit-r1-048", "value": "{\"source\":\"cache\",\"value\":\"fixture-only\"}"}
envoy-1          | 2026-09-23T10:20:00.463803890Z [2026-09-23 10:20:00.463][29][info][wasm] [external/envoy/source/extensions/common/wasm/context.cc:1541] wasm log response-cache response-cache response-cache: [response-cache] [nil] [1296ba7e-6503-4995-a5e1-ad59bfc8000c] [response-cache] cache hit for key: hit-r2-009
envoy-1          | 2026-09-23T10:20:00.463868968Z [2026-09-23 10:20:00.463][29][debug][wasm] [external/envoy/source/extensions/common/wasm/context.cc:1538] wasm log response-cache response-cache response-cache: [response-cache] [nil] [1296ba7e-6503-4995-a5e1-ad59bfc8000c] [response-cache] [processCacheHit] cached response for key hit-r2-009: {"source":"cache","value":"fixture-only"}
envoy-1          | 2026-09-23T10:20:00.464144353Z [2026-09-23 10:20:00.464][29][debug][wasm] [external/envoy/source/extensions/common/wasm/context.cc:1538] wasm log response-cache response-cache response-cache: [response-cache] [nil] [1296ba7e-6503-4995-a5e1-ad59bfc8000c] SetResponseBodyBufferLimit: 10485760
envoy-1          | 2026-09-23T10:20:00.464263262Z [2026-09-23 10:20:00.464][29][debug][wasm] [external/envoy/source/extensions/common/wasm/context.cc:1538] wasm log response-cache response-cache response-cache: [response-cache] [nil] [1296ba7e-6503-4995-a5e1-ad59bfc8000c] [onHttpResponseBody] key is nil, skip cache
envoy-1          | 2026-09-23T10:20:00.589544380Z [2026-09-23 10:20:00.589][29][debug][wasm] [external/envoy/source/extensions/common/wasm/context.cc:1538] wasm log response-cache response-cache response-cache: [response-cache] [nil] [59084c16-4aae-427d-9975-651ba3328305] [onHttpRequestHeaders] cache key from request header: x-http-cache-key, key: hit-r2-010
envoy-1          | 2026-09-23T10:20:00.589572521Z [2026-09-23 10:20:00.589][29][debug][wasm] [external/envoy/source/extensions/common/wasm/context.cc:1538] wasm log response-cache response-cache response-cache: [response-cache] [nil] [59084c16-4aae-427d-9975-651ba3328305] [response-cache] [CheckCacheForKey] querying cache with key: higress-audit:hit-r2-010
envoy-1          | 2026-09-23T10:20:00.589734699Z [2026-09-23 10:20:00.589][29][debug][wasm] [external/envoy/source/extensions/common/wasm/context.cc:1538] wasm log response-cache response-cache response-cache: redis call start, request-id: 6c70cbcd-8522-4814-9448-6adcc4343104, respQuery: KjINCiQzDQpnZXQNCiQyNA0KaGlncmVzcy1hdWRpdDpoaXQtcjItMDEwDQo=
envoy-1          | 2026-09-23T10:20:00.600070327Z [2026-09-23 10:20:00.599][29][debug][wasm] [external/envoy/source/extensions/common/wasm/context.cc:1538] wasm log response-cache response-cache response-cache: redis call end, request-id: 6c70cbcd-8522-4814-9448-6adcc4343104, respQuery: KjINCiQzDQpnZXQNCiQyNA0KaGlncmVzcy1hdWRpdDpoaXQtcjItMDEwDQo=, respValue: JDQxDQp7InNvdXJjZSI6ImNhY2hlIiwidmFsdWUiOiJmaXh0dXJlLW9ubHkifQ0K
envoy-1          | 2026-09-23T10:20:00.600108515Z [2026-09-23 10:20:00.600][29][info][wasm] [external/envoy/source/extensions/common/wasm/context.cc:1541] wasm log response-cache response-cache response-cache: [response-cache] [nil] [59084c16-4aae-427d-9975-651ba3328305] [response-cache] cache hit for key: hit-r2-010
envoy-1          | 2026-09-23T10:20:00.600185486Z [2026-09-23 10:20:00.600][29][debug][wasm] [external/envoy/source/extensions/common/wasm/context.cc:1538] wasm log response-cache response-cache response-cache: [response-cache] [nil] [59084c16-4aae-427d-9975-651ba3328305] [response-cache] [processCacheHit] cached response for key hit-r2-010: {"source":"cache","value":"fixture-only"}
envoy-1          | 2026-09-23T10:20:00.600475888Z [2026-09-23 10:20:00.600][29][debug][wasm] [external/envoy/source/extensions/common/wasm/context.cc:1538] wasm log response-cache response-cache response-cache: [response-cache] [nil] [59084c16-4aae-427d-9975-651ba3328305] SetResponseBodyBufferLimit: 10485760
envoy-1          | 2026-09-23T10:20:00.600586379Z [2026-09-23 10:20:00.600][29][debug][wasm] [external/envoy/source/extensions/common/wasm/context.cc:1538] wasm log response-cache response-cache response-cache: [response-cache] [nil] [59084c16-4aae-427d-9975-651ba3328305] [onHttpResponseBody] key is nil, skip cache
envoy-1          | 2026-09-23T10:20:00.728012544Z [2026-09-23 10:20:00.727][29][debug][wasm] [external/envoy/source/extensions/common/wasm/context.cc:1538] wasm log response-cache response-cache response-cache: [response-cache] [nil] [5932bbb1-7834-49be-97cc-686c400e6a80] [onHttpRequestHeaders] cache key from request header: x-http-cache-key, key: hit-r2-011
envoy-1          | 2026-09-23T10:20:00.728047040Z [2026-09-23 10:20:00.727][29][debug][wasm] [external/envoy/source/extensions/common/wasm/context.cc:1538] wasm log response-cache response-cache response-cache: [response-cache] [nil] [5932bbb1-7834-49be-97cc-686c400e6a80] [response-cache] [CheckCacheForKey] querying cache with key: higress-audit:hit-r2-011
envoy-1          | 2026-09-23T10:20:00.728120061Z [2026-09-23 10:20:00.728][29][debug][wasm] [external/envoy/source/extensions/common/wasm/context.cc:1538] wasm log response-cache response-cache response-cache: redis call start, request-id: 7599cecb-dc66-4208-a011-dfbfec9efc7f, respQuery: KjINCiQzDQpnZXQNCiQyNA0KaGlncmVzcy1hdWRpdDpoaXQtcjItMDExDQo=
envoy-1          | 2026-09-23T10:20:00.750633580Z [2026-09-23 10:20:00.750][29][debug][wasm] [external/envoy/source/extensions/common/wasm/context.cc:1538] wasm log response-cache response-cache response-cache: redis call end, request-id: 7599cecb-dc66-4208-a011-dfbfec9efc7f, respQuery: KjINCiQzDQpnZXQNCiQyNA0KaGlncmVzcy1hdWRpdDpoaXQtcjItMDExDQo=, respValue: JDQxDQp7InNvdXJjZSI6ImNhY2hlIiwidmFsdWUiOiJmaXh0dXJlLW9ubHkifQ0K
envoy-1          | 2026-09-23T10:20:00.750652504Z [2026-09-23 10:20:00.750][29][info][wasm] [external/envoy/source/extensions/common/wasm/context.cc:1541] wasm log response-cache response-cache response-cache: [response-cache] [nil] [5932bbb1-7834-49be-97cc-686c400e6a80] [response-cache] cache hit for key: hit-r2-011
envoy-1          | 2026-09-23T10:20:00.750721069Z [2026-09-23 10:20:00.750][29][debug][wasm] [external/envoy/source/extensions/common/wasm/context.cc:1538] wasm log response-cache response-cache response-cache: [response-cache] [nil] [5932bbb1-7834-49be-97cc-686c400e6a80] [response-cache] [processCacheHit] cached response for key hit-r2-011: {"source":"cache","value":"fixture-only"}
envoy-1          | 2026-09-23T10:20:00.750969072Z [2026-09-23 10:20:00.750][29][debug][wasm] [external/envoy/source/extensions/common/wasm/context.cc:1538] wasm log response-cache response-cache response-cache: [response-cache] [nil] [5932bbb1-7834-49be-97cc-686c400e6a80] SetResponseBodyBufferLimit: 10485760
envoy-1          | 2026-09-23T10:20:00.751076384Z [2026-09-23 10:20:00.751][29][debug][wasm] [external/envoy/source/extensions/common/wasm/context.cc:1538] wasm log response-cache response-cache response-cache: [response-cache] [nil] [5932bbb1-7834-49be-97cc-686c400e6a80] [onHttpResponseBody] key is nil, skip cache
envoy-1          | 2026-09-23T10:20:00.879318507Z [2026-09-23 10:20:00.879][29][debug][wasm] [external/envoy/source/extensions/common/wasm/context.cc:1538] wasm log response-cache response-cache response-cache: [response-cache] [nil] [7f841cc4-47d1-49e9-a45b-216dc5ceba70] [onHttpRequestHeaders] cache key from request header: x-http-cache-key, key: hit-r2-012
envoy-1          | 2026-09-23T10:20:00.879373432Z [2026-09-23 10:20:00.879][29][debug][wasm] [external/envoy/source/extensions/common/wasm/context.cc:1538] wasm log response-cache response-cache response-cache: [response-cache] [nil] [7f841cc4-47d1-49e9-a45b-216dc5ceba70] [response-cache] [CheckCacheForKey] querying cache with key: higress-audit:hit-r2-012
envoy-1          | 2026-09-23T10:20:00.879573545Z [2026-09-23 10:20:00.879][29][debug][wasm] [external/envoy/source/extensions/common/wasm/context.cc:1538] wasm log response-cache response-cache response-cache: redis call start, request-id: 74fb6d9b-a2fd-4d4c-927a-1d55560938f0, respQuery: KjINCiQzDQpnZXQNCiQyNA0KaGlncmVzcy1hdWRpdDpoaXQtcjItMDEyDQo=
envoy-1          | 2026-09-23T10:20:00.904979880Z [2026-09-23 10:20:00.904][29][debug][wasm] [external/envoy/source/extensions/common/wasm/context.cc:1538] wasm log response-cache response-cache response-cache: redis call end, request-id: 74fb6d9b-a2fd-4d4c-927a-1d55560938f0, respQuery: KjINCiQzDQpnZXQNCiQyNA0KaGlncmVzcy1hdWRpdDpoaXQtcjItMDEyDQo=, respValue: JDQxDQp7InNvdXJjZSI6ImNhY2hlIiwidmFsdWUiOiJmaXh0dXJlLW9ubHkifQ0K
envoy-1          | 2026-09-23T10:20:00.905033585Z [2026-09-23 10:20:00.904][29][info][wasm] [external/envoy/source/extensions/common/wasm/context.cc:1541] wasm log response-cache response-cache response-cache: [response-cache] [nil] [7f841cc4-47d1-49e9-a45b-216dc5ceba70] [response-cache] cache hit for key: hit-r2-012
envoy-1          | 2026-09-23T10:20:00.905168144Z [2026-09-23 10:20:00.905][29][debug][wasm] [external/envoy/source/extensions/common/wasm/context.cc:1538] wasm log response-cache response-cache response-cache: [response-cache] [nil] [7f841cc4-47d1-49e9-a45b-216dc5ceba70] [response-cache] [processCacheHit] cached response for key hit-r2-012: {"source":"cache","value":"fixture-only"}
envoy-1          | 2026-09-23T10:20:00.905566703Z [2026-09-23 10:20:00.905][29][debug][wasm] [external/envoy/source/extensions/common/wasm/context.cc:1538] wasm log response-cache response-cache response-cache: [response-cache] [nil] [7f841cc4-47d1-49e9-a45b-216dc5ceba70] SetResponseBodyBufferLimit: 10485760
envoy-1          | 2026-09-23T10:20:00.905683052Z [2026-09-23 10:20:00.905][29][debug][wasm] [external/envoy/source/extensions/common/wasm/context.cc:1538] wasm log response-cache response-cache response-cache: [response-cache] [nil] [7f841cc4-47d1-49e9-a45b-216dc5ceba70] [onHttpResponseBody] key is nil, skip cache
envoy-1          | 2026-09-23T10:20:01.031878559Z [2026-09-23 10:20:01.031][29][debug][wasm] [external/envoy/source/extensions/common/wasm/context.cc:1538] wasm log response-cache response-cache response-cache: [response-cache] [nil] [2a0d4472-ee42-4dcd-b2ec-f3ec456bb8af] [onHttpRequestHeaders] cache key from request header: x-http-cache-key, key: hit-r2-013
envoy-1          | 2026-09-23T10:20:01.031908675Z [2026-09-23 10:20:01.031][29][debug][wasm] [external/envoy/source/extensions/common/wasm/context.cc:1538] wasm log response-cache response-cache response-cache: [response-cache] [nil] [2a0d4472-ee42-4dcd-b2ec-f3ec456bb8af] [response-cache] [CheckCacheForKey] querying cache with key: higress-audit:hit-r2-013
envoy-1          | 2026-09-23T10:20:01.032045517Z [2026-09-23 10:20:01.031][29][debug][wasm] [external/envoy/source/extensions/common/wasm/context.cc:1538] wasm log response-cache response-cache response-cache: redis call start, request-id: db28b617-cd49-4af1-91d8-0a027a613107, respQuery: KjINCiQzDQpnZXQNCiQyNA0KaGlncmVzcy1hdWRpdDpoaXQtcjItMDEzDQo=
redis-fixture-1  | 2026-09-23T10:19:58.847673470Z {"seq": 433, "time_ns": 3893625091439, "event": "redis_command", "id": "hit-r1-048", "command": "GET", "args": ["higress-audit:hit-r1-048"]}
redis-fixture-1  | 2026-09-23T10:19:58.847766463Z {"seq": 434, "time_ns": 3893625513844, "event": "upstream_seen", "id": "hit-r1-048", "headers": {"host": "127.0.0.1:19468", "user-agent": "curl/7.81.0", "accept": "*/*", "x-http-cache-key": "hit-r1-048", "x-verification-id": "hit-r1-048", "x-forwarded-proto": "http", "x-envoy-original-host": "127.0.0.1:19468", "x-request-id": "5014e4c1-fd32-40b7-965f-9f344350ab39", "x-envoy-expected-rq-timeout-ms": "15000", "req-start-time": "1790158798845"}}
redis-fixture-1  | 2026-09-23T10:19:58.847817011Z {"seq": 435, "time_ns": 3893625570464, "event": "redis_get_seen", "id": "hit-r1-048"}
redis-fixture-1  | 2026-09-23T10:19:58.865780441Z {"seq": 436, "time_ns": 3893643390133, "event": "redis_release_requested", "id": "hit-r1-048"}
redis-fixture-1  | 2026-09-23T10:19:58.865832676Z {"seq": 437, "time_ns": 3893643554509, "event": "redis_reply_released", "id": "hit-r1-048", "mode": "hit"}
redis-fixture-1  | 2026-09-23T10:19:58.870024169Z {"seq": 438, "time_ns": 3893647680213, "event": "client_complete", "id": "hit-r1-048", "status": "200", "curl_exit": 0, "body_sha256": "da87d065c0f96d585f02840dc10c88f7e8edac17ae77dbdae4b9e051a619338f"}
redis-fixture-1  | 2026-09-23T10:19:58.872219045Z {"seq": 439, "time_ns": 3893649793925, "event": "upstream_peer_closed", "id": "hit-r1-048"}
redis-fixture-1  | 2026-09-23T10:19:58.981375294Z {"seq": 440, "time_ns": 3893758928000, "event": "redis_release_requested", "id": "hit-r1-048"}
redis-fixture-1  | 2026-09-23T10:19:58.986248356Z {"seq": 441, "time_ns": 3893763808062, "event": "prepared", "id": "hit-r1-049", "mode": "hit", "key": "higress-audit:hit-r1-049", "value": "{\"source\":\"cache\",\"value\":\"fixture-only\"}"}
redis-fixture-1  | 2026-09-23T10:19:58.998569384Z {"seq": 442, "time_ns": 3893776229510, "event": "redis_command", "id": "hit-r1-049", "command": "GET", "args": ["higress-audit:hit-r1-049"]}
redis-fixture-1  | 2026-09-23T10:19:58.998591176Z {"seq": 443, "time_ns": 3893776353766, "event": "redis_get_seen", "id": "hit-r1-049"}
redis-fixture-1  | 2026-09-23T10:19:58.998929544Z {"seq": 444, "time_ns": 3893776643073, "event": "upstream_seen", "id": "hit-r1-049", "headers": {"host": "127.0.0.1:19468", "user-agent": "curl/7.81.0", "accept": "*/*", "x-http-cache-key": "hit-r1-049", "x-verification-id": "hit-r1-049", "x-forwarded-proto": "http", "x-envoy-original-host": "127.0.0.1:19468", "x-request-id": "31738d1c-6637-4655-b1b9-3028febfa35f", "x-envoy-expected-rq-timeout-ms": "15000", "req-start-time": "1790158798997"}}
redis-fixture-1  | 2026-09-23T10:19:59.016551710Z {"seq": 445, "time_ns": 3893794094683, "event": "redis_release_requested", "id": "hit-r1-049"}
redis-fixture-1  | 2026-09-23T10:19:59.016585171Z {"seq": 446, "time_ns": 3893794240468, "event": "redis_reply_released", "id": "hit-r1-049", "mode": "hit"}
redis-fixture-1  | 2026-09-23T10:19:59.020539292Z {"seq": 447, "time_ns": 3893798164443, "event": "client_complete", "id": "hit-r1-049", "status": "200", "curl_exit": 0, "body_sha256": "da87d065c0f96d585f02840dc10c88f7e8edac17ae77dbdae4b9e051a619338f"}
redis-fixture-1  | 2026-09-23T10:19:59.022657903Z {"seq": 448, "time_ns": 3893800322314, "event": "upstream_peer_closed", "id": "hit-r1-049"}
redis-fixture-1  | 2026-09-23T10:19:59.130061156Z {"seq": 449, "time_ns": 3893907712460, "event": "redis_release_requested", "id": "hit-r1-049"}
redis-fixture-1  | 2026-09-23T10:19:59.149199818Z {"seq": 0, "time_ns": 3893926827191, "event": "prepared", "id": "hit-r2-000", "mode": "hit", "key": "higress-audit:hit-r2-000", "value": "{\"source\":\"cache\",\"value\":\"fixture-only\"}"}
redis-fixture-1  | 2026-09-23T10:19:59.161600180Z {"seq": 1, "time_ns": 3893939225522, "event": "upstream_seen", "id": "hit-r2-000", "headers": {"host": "127.0.0.1:19468", "user-agent": "curl/7.81.0", "accept": "*/*", "x-http-cache-key": "hit-r2-000", "x-verification-id": "hit-r2-000", "x-forwarded-proto": "http", "x-envoy-original-host": "127.0.0.1:19468", "x-request-id": "093e86e7-6dda-464a-a624-a41f0b969934", "x-envoy-expected-rq-timeout-ms": "15000", "req-start-time": "1790158799160"}}
redis-fixture-1  | 2026-09-23T10:19:59.164420332Z {"seq": 2, "time_ns": 3893942018695, "event": "redis_command", "id": "hit-r2-000", "command": "GET", "args": ["higress-audit:hit-r2-000"]}
redis-fixture-1  | 2026-09-23T10:19:59.164438472Z {"seq": 3, "time_ns": 3893942099147, "event": "redis_get_seen", "id": "hit-r2-000"}
redis-fixture-1  | 2026-09-23T10:19:59.176957758Z {"seq": 4, "time_ns": 3893954615322, "event": "redis_release_requested", "id": "hit-r2-000"}
redis-fixture-1  | 2026-09-23T10:19:59.177066981Z {"seq": 5, "time_ns": 3893954791955, "event": "redis_reply_released", "id": "hit-r2-000", "mode": "hit"}
envoy-1          | 2026-09-23T10:20:01.044536608Z [2026-09-23 10:20:01.044][29][debug][wasm] [external/envoy/source/extensions/common/wasm/context.cc:1538] wasm log response-cache response-cache response-cache: redis call end, request-id: db28b617-cd49-4af1-91d8-0a027a613107, respQuery: KjINCiQzDQpnZXQNCiQyNA0KaGlncmVzcy1hdWRpdDpoaXQtcjItMDEzDQo=, respValue: JDQxDQp7InNvdXJjZSI6ImNhY2hlIiwidmFsdWUiOiJmaXh0dXJlLW9ubHkifQ0K
envoy-1          | 2026-09-23T10:20:01.044594945Z [2026-09-23 10:20:01.044][29][info][wasm] [external/envoy/source/extensions/common/wasm/context.cc:1541] wasm log response-cache response-cache response-cache: [response-cache] [nil] [2a0d4472-ee42-4dcd-b2ec-f3ec456bb8af] [response-cache] cache hit for key: hit-r2-013
envoy-1          | 2026-09-23T10:20:01.044668269Z [2026-09-23 10:20:01.044][29][debug][wasm] [external/envoy/source/extensions/common/wasm/context.cc:1538] wasm log response-cache response-cache response-cache: [response-cache] [nil] [2a0d4472-ee42-4dcd-b2ec-f3ec456bb8af] [response-cache] [processCacheHit] cached response for key hit-r2-013: {"source":"cache","value":"fixture-only"}
envoy-1          | 2026-09-23T10:20:01.044962224Z [2026-09-23 10:20:01.044][29][debug][wasm] [external/envoy/source/extensions/common/wasm/context.cc:1538] wasm log response-cache response-cache response-cache: [response-cache] [nil] [2a0d4472-ee42-4dcd-b2ec-f3ec456bb8af] SetResponseBodyBufferLimit: 10485760
redis-fixture-1  | 2026-09-23T10:19:59.180727384Z {"seq": 6, "time_ns": 3893958353533, "event": "client_complete", "id": "hit-r2-000", "status": "200", "curl_exit": 0, "body_sha256": "da87d065c0f96d585f02840dc10c88f7e8edac17ae77dbdae4b9e051a619338f"}
redis-fixture-1  | 2026-09-23T10:19:59.182322410Z {"seq": 7, "time_ns": 3893959951034, "event": "upstream_peer_closed", "id": "hit-r2-000"}
redis-fixture-1  | 2026-09-23T10:19:59.287463014Z {"seq": 8, "time_ns": 3894064998305, "event": "redis_release_requested", "id": "hit-r2-000"}
redis-fixture-1  | 2026-09-23T10:19:59.291053673Z {"seq": 9, "time_ns": 3894068684639, "event": "prepared", "id": "hit-r2-001", "mode": "hit", "key": "higress-audit:hit-r2-001", "value": "{\"source\":\"cache\",\"value\":\"fixture-only\"}"}
redis-fixture-1  | 2026-09-23T10:19:59.304044165Z {"seq": 10, "time_ns": 3894081728275, "event": "upstream_seen", "id": "hit-r2-001", "headers": {"host": "127.0.0.1:19468", "user-agent": "curl/7.81.0", "accept": "*/*", "x-http-cache-key": "hit-r2-001", "x-verification-id": "hit-r2-001", "x-forwarded-proto": "http", "x-envoy-original-host": "127.0.0.1:19468", "x-request-id": "7eb5d8cf-4f25-472b-8414-c5f349bc719e", "x-envoy-expected-rq-timeout-ms": "15000", "req-start-time": "1790158799302"}}
redis-fixture-1  | 2026-09-23T10:19:59.307137168Z {"seq": 11, "time_ns": 3894084780478, "event": "redis_command", "id": "hit-r2-001", "command": "GET", "args": ["higress-audit:hit-r2-001"]}
redis-fixture-1  | 2026-09-23T10:19:59.307170301Z {"seq": 12, "time_ns": 3894084876934, "event": "redis_get_seen", "id": "hit-r2-001"}
redis-fixture-1  | 2026-09-23T10:19:59.323515254Z {"seq": 13, "time_ns": 3894101105882, "event": "redis_release_requested", "id": "hit-r2-001"}
redis-fixture-1  | 2026-09-23T10:19:59.323570041Z {"seq": 14, "time_ns": 3894101321471, "event": "redis_reply_released", "id": "hit-r2-001", "mode": "hit"}
redis-fixture-1  | 2026-09-23T10:19:59.327163125Z {"seq": 15, "time_ns": 3894104826671, "event": "client_complete", "id": "hit-r2-001", "status": "200", "curl_exit": 0, "body_sha256": "da87d065c0f96d585f02840dc10c88f7e8edac17ae77dbdae4b9e051a619338f"}
redis-fixture-1  | 2026-09-23T10:19:59.329203981Z {"seq": 16, "time_ns": 3894106794874, "event": "upstream_peer_closed", "id": "hit-r2-001"}
redis-fixture-1  | 2026-09-23T10:19:59.435230898Z {"seq": 17, "time_ns": 3894212841745, "event": "redis_release_requested", "id": "hit-r2-001"}
redis-fixture-1  | 2026-09-23T10:19:59.438807709Z {"seq": 18, "time_ns": 3894216463688, "event": "prepared", "id": "hit-r2-002", "mode": "hit", "key": "higress-audit:hit-r2-002", "value": "{\"source\":\"cache\",\"value\":\"fixture-only\"}"}
redis-fixture-1  | 2026-09-23T10:19:59.452120279Z {"seq": 19, "time_ns": 3894229790536, "event": "upstream_seen", "id": "hit-r2-002", "headers": {"host": "127.0.0.1:19468", "user-agent": "curl/7.81.0", "accept": "*/*", "x-http-cache-key": "hit-r2-002", "x-verification-id": "hit-r2-002", "x-forwarded-proto": "http", "x-envoy-original-host": "127.0.0.1:19468", "x-request-id": "1ae1802b-5c9c-4caa-87ff-d441c70cbbc9", "x-envoy-expected-rq-timeout-ms": "15000", "req-start-time": "1790158799450"}}
redis-fixture-1  | 2026-09-23T10:19:59.455136093Z {"seq": 20, "time_ns": 3894232732841, "event": "redis_command", "id": "hit-r2-002", "command": "GET", "args": ["higress-audit:hit-r2-002"]}
redis-fixture-1  | 2026-09-23T10:19:59.455170430Z {"seq": 21, "time_ns": 3894232859118, "event": "redis_get_seen", "id": "hit-r2-002"}
redis-fixture-1  | 2026-09-23T10:19:59.472379373Z {"seq": 22, "time_ns": 3894249964868, "event": "redis_release_requested", "id": "hit-r2-002"}
redis-fixture-1  | 2026-09-23T10:19:59.472435233Z {"seq": 23, "time_ns": 3894250131794, "event": "redis_reply_released", "id": "hit-r2-002", "mode": "hit"}
redis-fixture-1  | 2026-09-23T10:19:59.476580642Z {"seq": 24, "time_ns": 3894254165259, "event": "client_complete", "id": "hit-r2-002", "status": "200", "curl_exit": 0, "body_sha256": "da87d065c0f96d585f02840dc10c88f7e8edac17ae77dbdae4b9e051a619338f"}
redis-fixture-1  | 2026-09-23T10:19:59.478629785Z {"seq": 25, "time_ns": 3894256310187, "event": "upstream_peer_closed", "id": "hit-r2-002"}
redis-fixture-1  | 2026-09-23T10:19:59.584114122Z {"seq": 26, "time_ns": 3894361672779, "event": "redis_release_requested", "id": "hit-r2-002"}
redis-fixture-1  | 2026-09-23T10:19:59.588346078Z {"seq": 27, "time_ns": 3894365884629, "event": "prepared", "id": "hit-r2-003", "mode": "hit", "key": "higress-audit:hit-r2-003", "value": "{\"source\":\"cache\",\"value\":\"fixture-only\"}"}
envoy-1          | 2026-09-23T10:20:01.045077172Z [2026-09-23 10:20:01.045][29][debug][wasm] [external/envoy/source/extensions/common/wasm/context.cc:1538] wasm log response-cache response-cache response-cache: [response-cache] [nil] [2a0d4472-ee42-4dcd-b2ec-f3ec456bb8af] [onHttpResponseBody] key is nil, skip cache
redis-fixture-1  | 2026-09-23T10:19:59.600794877Z {"seq": 28, "time_ns": 3894378407571, "event": "upstream_seen", "id": "hit-r2-003", "headers": {"host": "127.0.0.1:19468", "user-agent": "curl/7.81.0", "accept": "*/*", "x-http-cache-key": "hit-r2-003", "x-verification-id": "hit-r2-003", "x-forwarded-proto": "http", "x-envoy-original-host": "127.0.0.1:19468", "x-request-id": "99d84628-58be-4ade-884e-9d08ea327124", "x-envoy-expected-rq-timeout-ms": "15000", "req-start-time": "1790158799598"}}
redis-fixture-1  | 2026-09-23T10:19:59.603837717Z {"seq": 29, "time_ns": 3894381444967, "event": "redis_command", "id": "hit-r2-003", "command": "GET", "args": ["higress-audit:hit-r2-003"]}
redis-fixture-1  | 2026-09-23T10:19:59.603870860Z {"seq": 30, "time_ns": 3894381573449, "event": "redis_get_seen", "id": "hit-r2-003"}
redis-fixture-1  | 2026-09-23T10:19:59.620081528Z {"seq": 31, "time_ns": 3894397705885, "event": "redis_release_requested", "id": "hit-r2-003"}
redis-fixture-1  | 2026-09-23T10:19:59.620154957Z {"seq": 32, "time_ns": 3894397879309, "event": "redis_reply_released", "id": "hit-r2-003", "mode": "hit"}
redis-fixture-1  | 2026-09-23T10:19:59.624724164Z {"seq": 33, "time_ns": 3894402297141, "event": "client_complete", "id": "hit-r2-003", "status": "200", "curl_exit": 0, "body_sha256": "da87d065c0f96d585f02840dc10c88f7e8edac17ae77dbdae4b9e051a619338f"}
redis-fixture-1  | 2026-09-23T10:19:59.626703995Z {"seq": 34, "time_ns": 3894404396859, "event": "upstream_peer_closed", "id": "hit-r2-003"}
redis-fixture-1  | 2026-09-23T10:19:59.732445151Z {"seq": 35, "time_ns": 3894510029601, "event": "redis_release_requested", "id": "hit-r2-003"}
redis-fixture-1  | 2026-09-23T10:19:59.735596946Z {"seq": 36, "time_ns": 3894513178598, "event": "prepared", "id": "hit-r2-004", "mode": "hit", "key": "higress-audit:hit-r2-004", "value": "{\"source\":\"cache\",\"value\":\"fixture-only\"}"}
redis-fixture-1  | 2026-09-23T10:19:59.747083826Z {"seq": 37, "time_ns": 3894524729343, "event": "redis_command", "id": "hit-r2-004", "command": "GET", "args": ["higress-audit:hit-r2-004"]}
redis-fixture-1  | 2026-09-23T10:19:59.747107082Z {"seq": 38, "time_ns": 3894524859808, "event": "redis_get_seen", "id": "hit-r2-004"}
redis-fixture-1  | 2026-09-23T10:19:59.747405929Z {"seq": 39, "time_ns": 3894525133602, "event": "upstream_seen", "id": "hit-r2-004", "headers": {"host": "127.0.0.1:19468", "user-agent": "curl/7.81.0", "accept": "*/*", "x-http-cache-key": "hit-r2-004", "x-verification-id": "hit-r2-004", "x-forwarded-proto": "http", "x-envoy-original-host": "127.0.0.1:19468", "x-request-id": "f9849d8d-baa6-4499-b79f-ea89a46822da", "x-envoy-expected-rq-timeout-ms": "15000", "req-start-time": "1790158799745"}}
redis-fixture-1  | 2026-09-23T10:19:59.754414630Z {"seq": 40, "time_ns": 3894532109236, "event": "redis_release_requested", "id": "hit-r2-004"}
redis-fixture-1  | 2026-09-23T10:19:59.754540503Z {"seq": 41, "time_ns": 3894532262950, "event": "redis_reply_released", "id": "hit-r2-004", "mode": "hit"}
redis-fixture-1  | 2026-09-23T10:19:59.758437065Z {"seq": 42, "time_ns": 3894536136612, "event": "client_complete", "id": "hit-r2-004", "status": "200", "curl_exit": 0, "body_sha256": "da87d065c0f96d585f02840dc10c88f7e8edac17ae77dbdae4b9e051a619338f"}
envoy-1          | 2026-09-23T10:20:01.173052012Z [2026-09-23 10:20:01.172][29][debug][wasm] [external/envoy/source/extensions/common/wasm/context.cc:1538] wasm log response-cache response-cache response-cache: [response-cache] [nil] [3856477d-e7d2-4a20-ad8c-5f2f57f0ff97] [onHttpRequestHeaders] cache key from request header: x-http-cache-key, key: hit-r2-014
envoy-1          | 2026-09-23T10:20:01.173107253Z [2026-09-23 10:20:01.172][29][debug][wasm] [external/envoy/source/extensions/common/wasm/context.cc:1538] wasm log response-cache response-cache response-cache: [response-cache] [nil] [3856477d-e7d2-4a20-ad8c-5f2f57f0ff97] [response-cache] [CheckCacheForKey] querying cache with key: higress-audit:hit-r2-014
envoy-1          | 2026-09-23T10:20:01.173196545Z [2026-09-23 10:20:01.173][29][debug][wasm] [external/envoy/source/extensions/common/wasm/context.cc:1538] wasm log response-cache response-cache response-cache: redis call start, request-id: b07c159b-be13-4521-8dfa-896c1919d104, respQuery: KjINCiQzDQpnZXQNCiQyNA0KaGlncmVzcy1hdWRpdDpoaXQtcjItMDE0DQo=
envoy-1          | 2026-09-23T10:20:01.185860830Z [2026-09-23 10:20:01.185][29][debug][wasm] [external/envoy/source/extensions/common/wasm/context.cc:1538] wasm log response-cache response-cache response-cache: redis call end, request-id: b07c159b-be13-4521-8dfa-896c1919d104, respQuery: KjINCiQzDQpnZXQNCiQyNA0KaGlncmVzcy1hdWRpdDpoaXQtcjItMDE0DQo=, respValue: JDQxDQp7InNvdXJjZSI6ImNhY2hlIiwidmFsdWUiOiJmaXh0dXJlLW9ubHkifQ0K
envoy-1          | 2026-09-23T10:20:01.185898091Z [2026-09-23 10:20:01.185][29][info][wasm] [external/envoy/source/extensions/common/wasm/context.cc:1541] wasm log response-cache response-cache response-cache: [response-cache] [nil] [3856477d-e7d2-4a20-ad8c-5f2f57f0ff97] [response-cache] cache hit for key: hit-r2-014
envoy-1          | 2026-09-23T10:20:01.185917207Z [2026-09-23 10:20:01.185][29][debug][wasm] [external/envoy/source/extensions/common/wasm/context.cc:1538] wasm log response-cache response-cache response-cache: [response-cache] [nil] [3856477d-e7d2-4a20-ad8c-5f2f57f0ff97] [response-cache] [processCacheHit] cached response for key hit-r2-014: {"source":"cache","value":"fixture-only"}
envoy-1          | 2026-09-23T10:20:01.186291829Z [2026-09-23 10:20:01.186][29][debug][wasm] [external/envoy/source/extensions/common/wasm/context.cc:1538] wasm log response-cache response-cache response-cache: [response-cache] [nil] [3856477d-e7d2-4a20-ad8c-5f2f57f0ff97] SetResponseBodyBufferLimit: 10485760
envoy-1          | 2026-09-23T10:20:01.186403702Z [2026-09-23 10:20:01.186][29][debug][wasm] [external/envoy/source/extensions/common/wasm/context.cc:1538] wasm log response-cache response-cache response-cache: [response-cache] [nil] [3856477d-e7d2-4a20-ad8c-5f2f57f0ff97] [onHttpResponseBody] key is nil, skip cache
envoy-1          | 2026-09-23T10:20:01.315449995Z [2026-09-23 10:20:01.315][29][debug][wasm] [external/envoy/source/extensions/common/wasm/context.cc:1538] wasm log response-cache response-cache response-cache: [response-cache] [nil] [6dc80562-1578-4f84-a5c7-5b0ab6ae39b1] [onHttpRequestHeaders] cache key from request header: x-http-cache-key, key: hit-r2-015
envoy-1          | 2026-09-23T10:20:01.315495887Z [2026-09-23 10:20:01.315][29][debug][wasm] [external/envoy/source/extensions/common/wasm/context.cc:1538] wasm log response-cache response-cache response-cache: [response-cache] [nil] [6dc80562-1578-4f84-a5c7-5b0ab6ae39b1] [response-cache] [CheckCacheForKey] querying cache with key: higress-audit:hit-r2-015
envoy-1          | 2026-09-23T10:20:01.315560929Z [2026-09-23 10:20:01.315][29][debug][wasm] [external/envoy/source/extensions/common/wasm/context.cc:1538] wasm log response-cache response-cache response-cache: redis call start, request-id: 24588229-17cb-4deb-98bc-1a9dfe9f8a83, respQuery: KjINCiQzDQpnZXQNCiQyNA0KaGlncmVzcy1hdWRpdDpoaXQtcjItMDE1DQo=
envoy-1          | 2026-09-23T10:20:01.344710894Z [2026-09-23 10:20:01.344][29][debug][wasm] [external/envoy/source/extensions/common/wasm/context.cc:1538] wasm log response-cache response-cache response-cache: redis call end, request-id: 24588229-17cb-4deb-98bc-1a9dfe9f8a83, respQuery: KjINCiQzDQpnZXQNCiQyNA0KaGlncmVzcy1hdWRpdDpoaXQtcjItMDE1DQo=, respValue: JDQxDQp7InNvdXJjZSI6ImNhY2hlIiwidmFsdWUiOiJmaXh0dXJlLW9ubHkifQ0K
redis-fixture-1  | 2026-09-23T10:19:59.760075400Z {"seq": 43, "time_ns": 3894537735883, "event": "upstream_peer_closed", "id": "hit-r2-004"}
redis-fixture-1  | 2026-09-23T10:19:59.866345951Z {"seq": 44, "time_ns": 3894643981131, "event": "redis_release_requested", "id": "hit-r2-004"}
redis-fixture-1  | 2026-09-23T10:19:59.870653892Z {"seq": 45, "time_ns": 3894648332317, "event": "prepared", "id": "hit-r2-005", "mode": "hit", "key": "higress-audit:hit-r2-005", "value": "{\"source\":\"cache\",\"value\":\"fixture-only\"}"}
redis-fixture-1  | 2026-09-23T10:19:59.883051992Z {"seq": 46, "time_ns": 3894660729699, "event": "redis_command", "id": "hit-r2-005", "command": "GET", "args": ["higress-audit:hit-r2-005"]}
redis-fixture-1  | 2026-09-23T10:19:59.883249801Z {"seq": 47, "time_ns": 3894660954061, "event": "redis_get_seen", "id": "hit-r2-005"}
envoy-1          | 2026-09-23T10:20:01.344744875Z [2026-09-23 10:20:01.344][29][info][wasm] [external/envoy/source/extensions/common/wasm/context.cc:1541] wasm log response-cache response-cache response-cache: [response-cache] [nil] [6dc80562-1578-4f84-a5c7-5b0ab6ae39b1] [response-cache] cache hit for key: hit-r2-015
envoy-1          | 2026-09-23T10:20:01.344797877Z [2026-09-23 10:20:01.344][29][debug][wasm] [external/envoy/source/extensions/common/wasm/context.cc:1538] wasm log response-cache response-cache response-cache: [response-cache] [nil] [6dc80562-1578-4f84-a5c7-5b0ab6ae39b1] [response-cache] [processCacheHit] cached response for key hit-r2-015: {"source":"cache","value":"fixture-only"}
envoy-1          | 2026-09-23T10:20:01.345097295Z [2026-09-23 10:20:01.345][29][debug][wasm] [external/envoy/source/extensions/common/wasm/context.cc:1538] wasm log response-cache response-cache response-cache: [response-cache] [nil] [6dc80562-1578-4f84-a5c7-5b0ab6ae39b1] SetResponseBodyBufferLimit: 10485760
envoy-1          | 2026-09-23T10:20:01.345216005Z [2026-09-23 10:20:01.345][29][debug][wasm] [external/envoy/source/extensions/common/wasm/context.cc:1538] wasm log response-cache response-cache response-cache: [response-cache] [nil] [6dc80562-1578-4f84-a5c7-5b0ab6ae39b1] [onHttpResponseBody] key is nil, skip cache
envoy-1          | 2026-09-23T10:20:01.475020802Z [2026-09-23 10:20:01.474][29][debug][wasm] [external/envoy/source/extensions/common/wasm/context.cc:1538] wasm log response-cache response-cache response-cache: [response-cache] [nil] [29cb776c-d5b6-49c4-a538-7dba06a85aa2] [onHttpRequestHeaders] cache key from request header: x-http-cache-key, key: hit-r2-016
envoy-1          | 2026-09-23T10:20:01.475062765Z [2026-09-23 10:20:01.474][29][debug][wasm] [external/envoy/source/extensions/common/wasm/context.cc:1538] wasm log response-cache response-cache response-cache: [response-cache] [nil] [29cb776c-d5b6-49c4-a538-7dba06a85aa2] [response-cache] [CheckCacheForKey] querying cache with key: higress-audit:hit-r2-016
envoy-1          | 2026-09-23T10:20:01.475184327Z [2026-09-23 10:20:01.475][29][debug][wasm] [external/envoy/source/extensions/common/wasm/context.cc:1538] wasm log response-cache response-cache response-cache: redis call start, request-id: 4b5b5910-e784-4a80-9062-83df0bd653ba, respQuery: KjINCiQzDQpnZXQNCiQyNA0KaGlncmVzcy1hdWRpdDpoaXQtcjItMDE2DQo=
envoy-1          | 2026-09-23T10:20:01.497242739Z [2026-09-23 10:20:01.497][29][debug][wasm] [external/envoy/source/extensions/common/wasm/context.cc:1538] wasm log response-cache response-cache response-cache: redis call end, request-id: 4b5b5910-e784-4a80-9062-83df0bd653ba, respQuery: KjINCiQzDQpnZXQNCiQyNA0KaGlncmVzcy1hdWRpdDpoaXQtcjItMDE2DQo=, respValue: JDQxDQp7InNvdXJjZSI6ImNhY2hlIiwidmFsdWUiOiJmaXh0dXJlLW9ubHkifQ0K
envoy-1          | 2026-09-23T10:20:01.497262839Z [2026-09-23 10:20:01.497][29][info][wasm] [external/envoy/source/extensions/common/wasm/context.cc:1541] wasm log response-cache response-cache response-cache: [response-cache] [nil] [29cb776c-d5b6-49c4-a538-7dba06a85aa2] [response-cache] cache hit for key: hit-r2-016
envoy-1          | 2026-09-23T10:20:01.497292267Z [2026-09-23 10:20:01.497][29][debug][wasm] [external/envoy/source/extensions/common/wasm/context.cc:1538] wasm log response-cache response-cache response-cache: [response-cache] [nil] [29cb776c-d5b6-49c4-a538-7dba06a85aa2] [response-cache] [processCacheHit] cached response for key hit-r2-016: {"source":"cache","value":"fixture-only"}
envoy-1          | 2026-09-23T10:20:01.497595673Z [2026-09-23 10:20:01.497][29][debug][wasm] [external/envoy/source/extensions/common/wasm/context.cc:1538] wasm log response-cache response-cache response-cache: [response-cache] [nil] [29cb776c-d5b6-49c4-a538-7dba06a85aa2] SetResponseBodyBufferLimit: 10485760
envoy-1          | 2026-09-23T10:20:01.497711948Z [2026-09-23 10:20:01.497][29][debug][wasm] [external/envoy/source/extensions/common/wasm/context.cc:1538] wasm log response-cache response-cache response-cache: [response-cache] [nil] [29cb776c-d5b6-49c4-a538-7dba06a85aa2] [onHttpResponseBody] key is nil, skip cache
redis-fixture-1  | 2026-09-23T10:19:59.883766361Z {"seq": 48, "time_ns": 3894661470560, "event": "upstream_seen", "id": "hit-r2-005", "headers": {"host": "127.0.0.1:19468", "user-agent": "curl/7.81.0", "accept": "*/*", "x-http-cache-key": "hit-r2-005", "x-verification-id": "hit-r2-005", "x-forwarded-proto": "http", "x-envoy-original-host": "127.0.0.1:19468", "x-request-id": "068d7a0c-dc12-4496-b406-4815f6c5c7de", "x-envoy-expected-rq-timeout-ms": "15000", "req-start-time": "1790158799881"}}
redis-fixture-1  | 2026-09-23T10:19:59.890820767Z {"seq": 49, "time_ns": 3894668496422, "event": "redis_release_requested", "id": "hit-r2-005"}
redis-fixture-1  | 2026-09-23T10:19:59.890940412Z {"seq": 50, "time_ns": 3894668630652, "event": "redis_reply_released", "id": "hit-r2-005", "mode": "hit"}
redis-fixture-1  | 2026-09-23T10:19:59.895008550Z {"seq": 51, "time_ns": 3894672711664, "event": "client_complete", "id": "hit-r2-005", "status": "200", "curl_exit": 0, "body_sha256": "da87d065c0f96d585f02840dc10c88f7e8edac17ae77dbdae4b9e051a619338f"}
redis-fixture-1  | 2026-09-23T10:19:59.897269955Z {"seq": 52, "time_ns": 3894674909880, "event": "upstream_peer_closed", "id": "hit-r2-005"}
redis-fixture-1  | 2026-09-23T10:20:00.003080096Z {"seq": 53, "time_ns": 3894780754731, "event": "redis_release_requested", "id": "hit-r2-005"}
redis-fixture-1  | 2026-09-23T10:20:00.007111379Z {"seq": 54, "time_ns": 3894784812358, "event": "prepared", "id": "hit-r2-006", "mode": "hit", "key": "higress-audit:hit-r2-006", "value": "{\"source\":\"cache\",\"value\":\"fixture-only\"}"}
redis-fixture-1  | 2026-09-23T10:20:00.022524528Z {"seq": 55, "time_ns": 3894800167699, "event": "redis_command", "id": "hit-r2-006", "command": "GET", "args": ["higress-audit:hit-r2-006"]}
redis-fixture-1  | 2026-09-23T10:20:00.022547848Z {"seq": 56, "time_ns": 3894800255935, "event": "redis_get_seen", "id": "hit-r2-006"}
redis-fixture-1  | 2026-09-23T10:20:00.022919562Z {"seq": 57, "time_ns": 3894800640754, "event": "upstream_seen", "id": "hit-r2-006", "headers": {"host": "127.0.0.1:19468", "user-agent": "curl/7.81.0", "accept": "*/*", "x-http-cache-key": "hit-r2-006", "x-verification-id": "hit-r2-006", "x-forwarded-proto": "http", "x-envoy-original-host": "127.0.0.1:19468", "x-request-id": "f21c17c2-f063-4b4b-8cf7-01138bc30f58", "x-envoy-expected-rq-timeout-ms": "15000", "req-start-time": "1790158800018"}}
redis-fixture-1  | 2026-09-23T10:20:00.029605638Z {"seq": 58, "time_ns": 3894807257323, "event": "redis_release_requested", "id": "hit-r2-006"}
redis-fixture-1  | 2026-09-23T10:20:00.029708864Z {"seq": 59, "time_ns": 3894807425655, "event": "redis_reply_released", "id": "hit-r2-006", "mode": "hit"}
redis-fixture-1  | 2026-09-23T10:20:00.033739322Z {"seq": 60, "time_ns": 3894811417446, "event": "client_complete", "id": "hit-r2-006", "status": "200", "curl_exit": 0, "body_sha256": "da87d065c0f96d585f02840dc10c88f7e8edac17ae77dbdae4b9e051a619338f"}
redis-fixture-1  | 2026-09-23T10:20:00.035555711Z {"seq": 61, "time_ns": 3894813166518, "event": "upstream_peer_closed", "id": "hit-r2-006"}
redis-fixture-1  | 2026-09-23T10:20:00.141457384Z {"seq": 62, "time_ns": 3894919121303, "event": "redis_release_requested", "id": "hit-r2-006"}
redis-fixture-1  | 2026-09-23T10:20:00.145633475Z {"seq": 63, "time_ns": 3894923180602, "event": "prepared", "id": "hit-r2-007", "mode": "hit", "key": "higress-audit:hit-r2-007", "value": "{\"source\":\"cache\",\"value\":\"fixture-only\"}"}
redis-fixture-1  | 2026-09-23T10:20:00.158393968Z {"seq": 64, "time_ns": 3894936014137, "event": "upstream_seen", "id": "hit-r2-007", "headers": {"host": "127.0.0.1:19468", "user-agent": "curl/7.81.0", "accept": "*/*", "x-http-cache-key": "hit-r2-007", "x-verification-id": "hit-r2-007", "x-forwarded-proto": "http", "x-envoy-original-host": "127.0.0.1:19468", "x-request-id": "7becda3b-892e-470e-9cc7-dab02c40d1c5", "x-envoy-expected-rq-timeout-ms": "15000", "req-start-time": "1790158800156"}}
redis-fixture-1  | 2026-09-23T10:20:00.161016180Z {"seq": 65, "time_ns": 3894938643240, "event": "redis_command", "id": "hit-r2-007", "command": "GET", "args": ["higress-audit:hit-r2-007"]}
redis-fixture-1  | 2026-09-23T10:20:00.161033744Z {"seq": 66, "time_ns": 3894938721788, "event": "redis_get_seen", "id": "hit-r2-007"}
redis-fixture-1  | 2026-09-23T10:20:00.176059935Z {"seq": 67, "time_ns": 3894953694071, "event": "redis_release_requested", "id": "hit-r2-007"}
redis-fixture-1  | 2026-09-23T10:20:00.176205213Z {"seq": 68, "time_ns": 3894953905109, "event": "redis_reply_released", "id": "hit-r2-007", "mode": "hit"}
redis-fixture-1  | 2026-09-23T10:20:00.179902445Z {"seq": 69, "time_ns": 3894957537829, "event": "client_complete", "id": "hit-r2-007", "status": "200", "curl_exit": 0, "body_sha256": "da87d065c0f96d585f02840dc10c88f7e8edac17ae77dbdae4b9e051a619338f"}
redis-fixture-1  | 2026-09-23T10:20:00.181700962Z {"seq": 70, "time_ns": 3894959372342, "event": "upstream_peer_closed", "id": "hit-r2-007"}
redis-fixture-1  | 2026-09-23T10:20:00.287866709Z {"seq": 71, "time_ns": 3895065559017, "event": "redis_release_requested", "id": "hit-r2-007"}
redis-fixture-1  | 2026-09-23T10:20:00.292027280Z {"seq": 72, "time_ns": 3895069683193, "event": "prepared", "id": "hit-r2-008", "mode": "hit", "key": "higress-audit:hit-r2-008", "value": "{\"source\":\"cache\",\"value\":\"fixture-only\"}"}
redis-fixture-1  | 2026-09-23T10:20:00.304650897Z {"seq": 73, "time_ns": 3895082195699, "event": "upstream_seen", "id": "hit-r2-008", "headers": {"host": "127.0.0.1:19468", "user-agent": "curl/7.81.0", "accept": "*/*", "x-http-cache-key": "hit-r2-008", "x-verification-id": "hit-r2-008", "x-forwarded-proto": "http", "x-envoy-original-host": "127.0.0.1:19468", "x-request-id": "88a05ce9-0fb5-461d-a30e-c54993c57715", "x-envoy-expected-rq-timeout-ms": "15000", "req-start-time": "1790158800302"}}
redis-fixture-1  | 2026-09-23T10:20:00.308070975Z {"seq": 74, "time_ns": 3895085657879, "event": "redis_command", "id": "hit-r2-008", "command": "GET", "args": ["higress-audit:hit-r2-008"]}
redis-fixture-1  | 2026-09-23T10:20:00.308105551Z {"seq": 75, "time_ns": 3895085741439, "event": "redis_get_seen", "id": "hit-r2-008"}
redis-fixture-1  | 2026-09-23T10:20:00.325567517Z {"seq": 76, "time_ns": 3895103186672, "event": "redis_release_requested", "id": "hit-r2-008"}
redis-fixture-1  | 2026-09-23T10:20:00.325746157Z {"seq": 77, "time_ns": 3895103397450, "event": "redis_reply_released", "id": "hit-r2-008", "mode": "hit"}
envoy-1          | 2026-09-23T10:20:01.628748399Z [2026-09-23 10:20:01.628][29][debug][wasm] [external/envoy/source/extensions/common/wasm/context.cc:1538] wasm log response-cache response-cache response-cache: [response-cache] [nil] [08d0abb3-ce0f-4720-a2fe-4287220e70c7] [onHttpRequestHeaders] cache key from request header: x-http-cache-key, key: hit-r2-017
envoy-1          | 2026-09-23T10:20:01.628782398Z [2026-09-23 10:20:01.628][29][debug][wasm] [external/envoy/source/extensions/common/wasm/context.cc:1538] wasm log response-cache response-cache response-cache: [response-cache] [nil] [08d0abb3-ce0f-4720-a2fe-4287220e70c7] [response-cache] [CheckCacheForKey] querying cache with key: higress-audit:hit-r2-017
envoy-1          | 2026-09-23T10:20:01.628937064Z [2026-09-23 10:20:01.628][29][debug][wasm] [external/envoy/source/extensions/common/wasm/context.cc:1538] wasm log response-cache response-cache response-cache: redis call start, request-id: 37e7c7f1-a900-49b8-870d-4cd2d3391f63, respQuery: KjINCiQzDQpnZXQNCiQyNA0KaGlncmVzcy1hdWRpdDpoaXQtcjItMDE3DQo=
envoy-1          | 2026-09-23T10:20:01.642364334Z [2026-09-23 10:20:01.642][29][debug][wasm] [external/envoy/source/extensions/common/wasm/context.cc:1538] wasm log response-cache response-cache response-cache: redis call end, request-id: 37e7c7f1-a900-49b8-870d-4cd2d3391f63, respQuery: KjINCiQzDQpnZXQNCiQyNA0KaGlncmVzcy1hdWRpdDpoaXQtcjItMDE3DQo=, respValue: JDQxDQp7InNvdXJjZSI6ImNhY2hlIiwidmFsdWUiOiJmaXh0dXJlLW9ubHkifQ0K
envoy-1          | 2026-09-23T10:20:01.642382575Z [2026-09-23 10:20:01.642][29][info][wasm] [external/envoy/source/extensions/common/wasm/context.cc:1541] wasm log response-cache response-cache response-cache: [response-cache] [nil] [08d0abb3-ce0f-4720-a2fe-4287220e70c7] [response-cache] cache hit for key: hit-r2-017
envoy-1          | 2026-09-23T10:20:01.642461664Z [2026-09-23 10:20:01.642][29][debug][wasm] [external/envoy/source/extensions/common/wasm/context.cc:1538] wasm log response-cache response-cache response-cache: [response-cache] [nil] [08d0abb3-ce0f-4720-a2fe-4287220e70c7] [response-cache] [processCacheHit] cached response for key hit-r2-017: {"source":"cache","value":"fixture-only"}
redis-fixture-1  | 2026-09-23T10:20:00.330092039Z {"seq": 78, "time_ns": 3895107744859, "event": "client_complete", "id": "hit-r2-008", "status": "200", "curl_exit": 0, "body_sha256": "da87d065c0f96d585f02840dc10c88f7e8edac17ae77dbdae4b9e051a619338f"}
redis-fixture-1  | 2026-09-23T10:20:00.332172943Z {"seq": 79, "time_ns": 3895109807222, "event": "upstream_peer_closed", "id": "hit-r2-008"}
redis-fixture-1  | 2026-09-23T10:20:00.438443726Z {"seq": 80, "time_ns": 3895216101743, "event": "redis_release_requested", "id": "hit-r2-008"}
redis-fixture-1  | 2026-09-23T10:20:00.442466828Z {"seq": 81, "time_ns": 3895220197901, "event": "prepared", "id": "hit-r2-009", "mode": "hit", "key": "higress-audit:hit-r2-009", "value": "{\"source\":\"cache\",\"value\":\"fixture-only\"}"}
redis-fixture-1  | 2026-09-23T10:20:00.454552672Z {"seq": 82, "time_ns": 3895232274436, "event": "redis_command", "id": "hit-r2-009", "command": "GET", "args": ["higress-audit:hit-r2-009"]}
redis-fixture-1  | 2026-09-23T10:20:00.454572577Z {"seq": 83, "time_ns": 3895232332055, "event": "redis_get_seen", "id": "hit-r2-009"}
redis-fixture-1  | 2026-09-23T10:20:00.454840083Z {"seq": 84, "time_ns": 3895232577156, "event": "upstream_seen", "id": "hit-r2-009", "headers": {"host": "127.0.0.1:19468", "user-agent": "curl/7.81.0", "accept": "*/*", "x-http-cache-key": "hit-r2-009", "x-verification-id": "hit-r2-009", "x-forwarded-proto": "http", "x-envoy-original-host": "127.0.0.1:19468", "x-request-id": "1296ba7e-6503-4995-a5e1-ad59bfc8000c", "x-envoy-expected-rq-timeout-ms": "15000", "req-start-time": "1790158800453"}}
redis-fixture-1  | 2026-09-23T10:20:00.463187150Z {"seq": 85, "time_ns": 3895240930278, "event": "redis_release_requested", "id": "hit-r2-009"}
redis-fixture-1  | 2026-09-23T10:20:00.463316014Z {"seq": 86, "time_ns": 3895241069107, "event": "redis_reply_released", "id": "hit-r2-009", "mode": "hit"}
redis-fixture-1  | 2026-09-23T10:20:00.467148918Z {"seq": 87, "time_ns": 3895244901064, "event": "client_complete", "id": "hit-r2-009", "status": "200", "curl_exit": 0, "body_sha256": "da87d065c0f96d585f02840dc10c88f7e8edac17ae77dbdae4b9e051a619338f"}
redis-fixture-1  | 2026-09-23T10:20:00.469202273Z {"seq": 88, "time_ns": 3895246895191, "event": "upstream_peer_closed", "id": "hit-r2-009"}
redis-fixture-1  | 2026-09-23T10:20:00.574971008Z {"seq": 89, "time_ns": 3895352602577, "event": "redis_release_requested", "id": "hit-r2-009"}
redis-fixture-1  | 2026-09-23T10:20:00.578691771Z {"seq": 90, "time_ns": 3895356429212, "event": "prepared", "id": "hit-r2-010", "mode": "hit", "key": "higress-audit:hit-r2-010", "value": "{\"source\":\"cache\",\"value\":\"fixture-only\"}"}
redis-fixture-1  | 2026-09-23T10:20:00.590576218Z {"seq": 91, "time_ns": 3895368315594, "event": "redis_command", "id": "hit-r2-010", "command": "GET", "args": ["higress-audit:hit-r2-010"]}
envoy-1          | 2026-09-23T10:20:01.642733497Z [2026-09-23 10:20:01.642][29][debug][wasm] [external/envoy/source/extensions/common/wasm/context.cc:1538] wasm log response-cache response-cache response-cache: [response-cache] [nil] [08d0abb3-ce0f-4720-a2fe-4287220e70c7] SetResponseBodyBufferLimit: 10485760
envoy-1          | 2026-09-23T10:20:01.642846191Z [2026-09-23 10:20:01.642][29][debug][wasm] [external/envoy/source/extensions/common/wasm/context.cc:1538] wasm log response-cache response-cache response-cache: [response-cache] [nil] [08d0abb3-ce0f-4720-a2fe-4287220e70c7] [onHttpResponseBody] key is nil, skip cache
envoy-1          | 2026-09-23T10:20:01.681786732Z RID=hit-r1-000 CODE=200 DETAIL=via_wasm::response-cache::response-cache.hit FLAGS=- UPSTREAM=172.30.0.2:8080
envoy-1          | 2026-09-23T10:20:01.681826955Z RID=hit-r1-001 CODE=200 DETAIL=via_wasm::response-cache::response-cache.hit FLAGS=- UPSTREAM=172.30.0.2:8080
envoy-1          | 2026-09-23T10:20:01.681840280Z RID=hit-r1-002 CODE=200 DETAIL=via_wasm::response-cache::response-cache.hit FLAGS=- UPSTREAM=172.30.0.2:8080
envoy-1          | 2026-09-23T10:20:01.681851908Z RID=hit-r1-003 CODE=200 DETAIL=via_wasm::response-cache::response-cache.hit FLAGS=- UPSTREAM=172.30.0.2:8080
envoy-1          | 2026-09-23T10:20:01.681882348Z RID=hit-r1-004 CODE=200 DETAIL=via_wasm::response-cache::response-cache.hit FLAGS=- UPSTREAM=172.30.0.2:8080
envoy-1          | 2026-09-23T10:20:01.681893713Z RID=hit-r1-005 CODE=200 DETAIL=via_wasm::response-cache::response-cache.hit FLAGS=- UPSTREAM=172.30.0.2:8080
envoy-1          | 2026-09-23T10:20:01.681904605Z RID=hit-r1-006 CODE=200 DETAIL=via_wasm::response-cache::response-cache.hit FLAGS=- UPSTREAM=172.30.0.2:8080
redis-fixture-1  | 2026-09-23T10:20:00.590610723Z {"seq": 92, "time_ns": 3895368386680, "event": "redis_get_seen", "id": "hit-r2-010"}
redis-fixture-1  | 2026-09-23T10:20:00.590898833Z {"seq": 93, "time_ns": 3895368648037, "event": "upstream_seen", "id": "hit-r2-010", "headers": {"host": "127.0.0.1:19468", "user-agent": "curl/7.81.0", "accept": "*/*", "x-http-cache-key": "hit-r2-010", "x-verification-id": "hit-r2-010", "x-forwarded-proto": "http", "x-envoy-original-host": "127.0.0.1:19468", "x-request-id": "59084c16-4aae-427d-9975-651ba3328305", "x-envoy-expected-rq-timeout-ms": "15000", "req-start-time": "1790158800589"}}
redis-fixture-1  | 2026-09-23T10:20:00.599659075Z {"seq": 94, "time_ns": 3895377313633, "event": "redis_release_requested", "id": "hit-r2-010"}
redis-fixture-1  | 2026-09-23T10:20:00.599686546Z {"seq": 95, "time_ns": 3895377451946, "event": "redis_reply_released", "id": "hit-r2-010", "mode": "hit"}
redis-fixture-1  | 2026-09-23T10:20:00.603555427Z {"seq": 96, "time_ns": 3895381267654, "event": "client_complete", "id": "hit-r2-010", "status": "200", "curl_exit": 0, "body_sha256": "da87d065c0f96d585f02840dc10c88f7e8edac17ae77dbdae4b9e051a619338f"}
redis-fixture-1  | 2026-09-23T10:20:00.605495900Z {"seq": 97, "time_ns": 3895383241644, "event": "upstream_peer_closed", "id": "hit-r2-010"}
redis-fixture-1  | 2026-09-23T10:20:00.711876501Z {"seq": 98, "time_ns": 3895489508254, "event": "redis_release_requested", "id": "hit-r2-010"}
redis-fixture-1  | 2026-09-23T10:20:00.715540376Z {"seq": 99, "time_ns": 3895493126599, "event": "prepared", "id": "hit-r2-011", "mode": "hit", "key": "higress-audit:hit-r2-011", "value": "{\"source\":\"cache\",\"value\":\"fixture-only\"}"}
redis-fixture-1  | 2026-09-23T10:20:00.729350487Z {"seq": 100, "time_ns": 3895506907554, "event": "upstream_seen", "id": "hit-r2-011", "headers": {"host": "127.0.0.1:19468", "user-agent": "curl/7.81.0", "accept": "*/*", "x-http-cache-key": "hit-r2-011", "x-verification-id": "hit-r2-011", "x-forwarded-proto": "http", "x-envoy-original-host": "127.0.0.1:19468", "x-request-id": "5932bbb1-7834-49be-97cc-686c400e6a80", "x-envoy-expected-rq-timeout-ms": "15000", "req-start-time": "1790158800727"}}
redis-fixture-1  | 2026-09-23T10:20:00.732343845Z {"seq": 101, "time_ns": 3895509894404, "event": "redis_command", "id": "hit-r2-011", "command": "GET", "args": ["higress-audit:hit-r2-011"]}
redis-fixture-1  | 2026-09-23T10:20:00.732378001Z {"seq": 102, "time_ns": 3895510023689, "event": "redis_get_seen", "id": "hit-r2-011"}
redis-fixture-1  | 2026-09-23T10:20:00.750077656Z {"seq": 103, "time_ns": 3895527649210, "event": "redis_release_requested", "id": "hit-r2-011"}
redis-fixture-1  | 2026-09-23T10:20:00.750138413Z {"seq": 104, "time_ns": 3895527859958, "event": "redis_reply_released", "id": "hit-r2-011", "mode": "hit"}
redis-fixture-1  | 2026-09-23T10:20:00.754677239Z {"seq": 105, "time_ns": 3895532266107, "event": "client_complete", "id": "hit-r2-011", "status": "200", "curl_exit": 0, "body_sha256": "da87d065c0f96d585f02840dc10c88f7e8edac17ae77dbdae4b9e051a619338f"}
redis-fixture-1  | 2026-09-23T10:20:00.756743991Z {"seq": 106, "time_ns": 3895534332488, "event": "upstream_peer_closed", "id": "hit-r2-011"}
envoy-1          | 2026-09-23T10:20:01.681915480Z RID=hit-r1-007 CODE=200 DETAIL=via_wasm::response-cache::response-cache.hit FLAGS=- UPSTREAM=172.30.0.2:8080
envoy-1          | 2026-09-23T10:20:01.681926436Z RID=hit-r1-008 CODE=200 DETAIL=via_wasm::response-cache::response-cache.hit FLAGS=- UPSTREAM=172.30.0.2:8080
envoy-1          | 2026-09-23T10:20:01.681937325Z RID=hit-r1-009 CODE=200 DETAIL=via_wasm::response-cache::response-cache.hit FLAGS=- UPSTREAM=172.30.0.2:8080
envoy-1          | 2026-09-23T10:20:01.681948528Z RID=hit-r1-010 CODE=200 DETAIL=via_wasm::response-cache::response-cache.hit FLAGS=- UPSTREAM=172.30.0.2:8080
envoy-1          | 2026-09-23T10:20:01.681959476Z RID=hit-r1-011 CODE=200 DETAIL=via_wasm::response-cache::response-cache.hit FLAGS=- UPSTREAM=172.30.0.2:8080
envoy-1          | 2026-09-23T10:20:01.681970329Z RID=hit-r1-012 CODE=200 DETAIL=via_wasm::response-cache::response-cache.hit FLAGS=- UPSTREAM=172.30.0.2:8080
envoy-1          | 2026-09-23T10:20:01.681981437Z RID=hit-r1-013 CODE=200 DETAIL=via_wasm::response-cache::response-cache.hit FLAGS=- UPSTREAM=172.30.0.2:8080
envoy-1          | 2026-09-23T10:20:01.681992345Z RID=hit-r1-014 CODE=200 DETAIL=via_wasm::response-cache::response-cache.hit FLAGS=- UPSTREAM=172.30.0.2:8080
envoy-1          | 2026-09-23T10:20:01.682003205Z RID=hit-r1-015 CODE=200 DETAIL=via_wasm::response-cache::response-cache.hit FLAGS=- UPSTREAM=172.30.0.2:8080
envoy-1          | 2026-09-23T10:20:01.682014069Z RID=hit-r1-016 CODE=200 DETAIL=via_wasm::response-cache::response-cache.hit FLAGS=- UPSTREAM=172.30.0.2:8080
envoy-1          | 2026-09-23T10:20:01.682024945Z RID=hit-r1-017 CODE=200 DETAIL=via_wasm::response-cache::response-cache.hit FLAGS=- UPSTREAM=172.30.0.2:8080
redis-fixture-1  | 2026-09-23T10:20:00.863083134Z {"seq": 107, "time_ns": 3895640685823, "event": "redis_release_requested", "id": "hit-r2-011"}
redis-fixture-1  | 2026-09-23T10:20:00.867327888Z {"seq": 108, "time_ns": 3895644965285, "event": "prepared", "id": "hit-r2-012", "mode": "hit", "key": "higress-audit:hit-r2-012", "value": "{\"source\":\"cache\",\"value\":\"fixture-only\"}"}
redis-fixture-1  | 2026-09-23T10:20:00.880632737Z {"seq": 109, "time_ns": 3895658317242, "event": "upstream_seen", "id": "hit-r2-012", "headers": {"host": "127.0.0.1:19468", "user-agent": "curl/7.81.0", "accept": "*/*", "x-http-cache-key": "hit-r2-012", "x-verification-id": "hit-r2-012", "x-forwarded-proto": "http", "x-envoy-original-host": "127.0.0.1:19468", "x-request-id": "7f841cc4-47d1-49e9-a45b-216dc5ceba70", "x-envoy-expected-rq-timeout-ms": "15000", "req-start-time": "1790158800878"}}
redis-fixture-1  | 2026-09-23T10:20:00.884782308Z {"seq": 110, "time_ns": 3895662371195, "event": "redis_command", "id": "hit-r2-012", "command": "GET", "args": ["higress-audit:hit-r2-012"]}
envoy-1          | 2026-09-23T10:20:01.682037957Z RID=hit-r1-018 CODE=200 DETAIL=via_wasm::response-cache::response-cache.hit FLAGS=- UPSTREAM=172.30.0.2:8080
envoy-1          | 2026-09-23T10:20:01.682048905Z RID=hit-r1-019 CODE=200 DETAIL=via_wasm::response-cache::response-cache.hit FLAGS=- UPSTREAM=172.30.0.2:8080
envoy-1          | 2026-09-23T10:20:01.682059994Z RID=hit-r1-020 CODE=200 DETAIL=via_wasm::response-cache::response-cache.hit FLAGS=- UPSTREAM=172.30.0.2:8080
envoy-1          | 2026-09-23T10:20:01.682070894Z RID=hit-r1-021 CODE=200 DETAIL=via_wasm::response-cache::response-cache.hit FLAGS=- UPSTREAM=172.30.0.2:8080
envoy-1          | 2026-09-23T10:20:01.682081794Z RID=hit-r1-022 CODE=200 DETAIL=via_wasm::response-cache::response-cache.hit FLAGS=- UPSTREAM=172.30.0.2:8080
envoy-1          | 2026-09-23T10:20:01.682092690Z RID=hit-r1-023 CODE=200 DETAIL=via_wasm::response-cache::response-cache.hit FLAGS=- UPSTREAM=172.30.0.2:8080
envoy-1          | 2026-09-23T10:20:01.682103569Z RID=hit-r1-024 CODE=200 DETAIL=via_wasm::response-cache::response-cache.hit FLAGS=- UPSTREAM=172.30.0.2:8080
envoy-1          | 2026-09-23T10:20:01.682114441Z RID=hit-r1-025 CODE=200 DETAIL=via_wasm::response-cache::response-cache.hit FLAGS=- UPSTREAM=172.30.0.2:8080
envoy-1          | 2026-09-23T10:20:01.682125486Z RID=hit-r1-026 CODE=200 DETAIL=via_wasm::response-cache::response-cache.hit FLAGS=- UPSTREAM=172.30.0.2:8080
redis-fixture-1  | 2026-09-23T10:20:00.884815913Z {"seq": 111, "time_ns": 3895662451576, "event": "redis_get_seen", "id": "hit-r2-012"}
redis-fixture-1  | 2026-09-23T10:20:00.904398075Z {"seq": 112, "time_ns": 3895682089807, "event": "redis_release_requested", "id": "hit-r2-012"}
redis-fixture-1  | 2026-09-23T10:20:00.904498347Z {"seq": 113, "time_ns": 3895682250874, "event": "redis_reply_released", "id": "hit-r2-012", "mode": "hit"}
redis-fixture-1  | 2026-09-23T10:20:00.909107398Z {"seq": 114, "time_ns": 3895686784523, "event": "client_complete", "id": "hit-r2-012", "status": "200", "curl_exit": 0, "body_sha256": "da87d065c0f96d585f02840dc10c88f7e8edac17ae77dbdae4b9e051a619338f"}
redis-fixture-1  | 2026-09-23T10:20:00.910854344Z {"seq": 115, "time_ns": 3895688584912, "event": "upstream_peer_closed", "id": "hit-r2-012"}
redis-fixture-1  | 2026-09-23T10:20:01.017241752Z {"seq": 116, "time_ns": 3895794824787, "event": "redis_release_requested", "id": "hit-r2-012"}
redis-fixture-1  | 2026-09-23T10:20:01.020653281Z {"seq": 117, "time_ns": 3895798292393, "event": "prepared", "id": "hit-r2-013", "mode": "hit", "key": "higress-audit:hit-r2-013", "value": "{\"source\":\"cache\",\"value\":\"fixture-only\"}"}
redis-fixture-1  | 2026-09-23T10:20:01.033464587Z {"seq": 118, "time_ns": 3895811087155, "event": "upstream_seen", "id": "hit-r2-013", "headers": {"host": "127.0.0.1:19468", "user-agent": "curl/7.81.0", "accept": "*/*", "x-http-cache-key": "hit-r2-013", "x-verification-id": "hit-r2-013", "x-forwarded-proto": "http", "x-envoy-original-host": "127.0.0.1:19468", "x-request-id": "2a0d4472-ee42-4dcd-b2ec-f3ec456bb8af", "x-envoy-expected-rq-timeout-ms": "15000", "req-start-time": "1790158801031"}}
redis-fixture-1  | 2026-09-23T10:20:01.036027071Z {"seq": 119, "time_ns": 3895813685561, "event": "redis_command", "id": "hit-r2-013", "command": "GET", "args": ["higress-audit:hit-r2-013"]}
redis-fixture-1  | 2026-09-23T10:20:01.036047563Z {"seq": 120, "time_ns": 3895813726008, "event": "redis_get_seen", "id": "hit-r2-013"}
redis-fixture-1  | 2026-09-23T10:20:01.044019160Z {"seq": 121, "time_ns": 3895821702775, "event": "redis_release_requested", "id": "hit-r2-013"}
redis-fixture-1  | 2026-09-23T10:20:01.044123320Z {"seq": 122, "time_ns": 3895821847280, "event": "redis_reply_released", "id": "hit-r2-013", "mode": "hit"}
redis-fixture-1  | 2026-09-23T10:20:01.048778765Z {"seq": 123, "time_ns": 3895826468776, "event": "client_complete", "id": "hit-r2-013", "status": "200", "curl_exit": 0, "body_sha256": "da87d065c0f96d585f02840dc10c88f7e8edac17ae77dbdae4b9e051a619338f"}
redis-fixture-1  | 2026-09-23T10:20:01.051268963Z {"seq": 124, "time_ns": 3895829008003, "event": "upstream_peer_closed", "id": "hit-r2-013"}
redis-fixture-1  | 2026-09-23T10:20:01.158639627Z {"seq": 125, "time_ns": 3895936289263, "event": "redis_release_requested", "id": "hit-r2-013"}
redis-fixture-1  | 2026-09-23T10:20:01.161927103Z {"seq": 126, "time_ns": 3895939601567, "event": "prepared", "id": "hit-r2-014", "mode": "hit", "key": "higress-audit:hit-r2-014", "value": "{\"source\":\"cache\",\"value\":\"fixture-only\"}"}
redis-fixture-1  | 2026-09-23T10:20:01.174281310Z {"seq": 127, "time_ns": 3895951914543, "event": "upstream_seen", "id": "hit-r2-014", "headers": {"host": "127.0.0.1:19468", "user-agent": "curl/7.81.0", "accept": "*/*", "x-http-cache-key": "hit-r2-014", "x-verification-id": "hit-r2-014", "x-forwarded-proto": "http", "x-envoy-original-host": "127.0.0.1:19468", "x-request-id": "3856477d-e7d2-4a20-ad8c-5f2f57f0ff97", "x-envoy-expected-rq-timeout-ms": "15000", "req-start-time": "1790158801172"}}
redis-fixture-1  | 2026-09-23T10:20:01.177317613Z {"seq": 128, "time_ns": 3895954840019, "event": "redis_command", "id": "hit-r2-014", "command": "GET", "args": ["higress-audit:hit-r2-014"]}
redis-fixture-1  | 2026-09-23T10:20:01.177350962Z {"seq": 129, "time_ns": 3895954918893, "event": "redis_get_seen", "id": "hit-r2-014"}
redis-fixture-1  | 2026-09-23T10:20:01.185262337Z {"seq": 130, "time_ns": 3895962876250, "event": "redis_release_requested", "id": "hit-r2-014"}
redis-fixture-1  | 2026-09-23T10:20:01.185344063Z {"seq": 131, "time_ns": 3895963050607, "event": "redis_reply_released", "id": "hit-r2-014", "mode": "hit"}
envoy-1          | 2026-09-23T10:20:01.682144882Z RID=hit-r1-027 CODE=200 DETAIL=via_wasm::response-cache::response-cache.hit FLAGS=- UPSTREAM=172.30.0.2:8080
envoy-1          | 2026-09-23T10:20:01.682155879Z RID=hit-r1-028 CODE=200 DETAIL=via_wasm::response-cache::response-cache.hit FLAGS=- UPSTREAM=172.30.0.2:8080
envoy-1          | 2026-09-23T10:20:01.682166770Z RID=hit-r1-029 CODE=200 DETAIL=via_wasm::response-cache::response-cache.hit FLAGS=- UPSTREAM=172.30.0.2:8080
envoy-1          | 2026-09-23T10:20:01.682201570Z RID=hit-r1-030 CODE=200 DETAIL=via_wasm::response-cache::response-cache.hit FLAGS=- UPSTREAM=172.30.0.2:8080
envoy-1          | 2026-09-23T10:20:01.682219047Z RID=hit-r1-031 CODE=200 DETAIL=via_wasm::response-cache::response-cache.hit FLAGS=- UPSTREAM=172.30.0.2:8080
envoy-1          | 2026-09-23T10:20:01.682228575Z RID=hit-r1-032 CODE=200 DETAIL=via_wasm::response-cache::response-cache.hit FLAGS=- UPSTREAM=172.30.0.2:8080
envoy-1          | 2026-09-23T10:20:01.682238003Z RID=hit-r1-033 CODE=200 DETAIL=via_wasm::response-cache::response-cache.hit FLAGS=- UPSTREAM=172.30.0.2:8080
envoy-1          | 2026-09-23T10:20:01.682247667Z RID=hit-r1-034 CODE=200 DETAIL=via_wasm::response-cache::response-cache.hit FLAGS=- UPSTREAM=172.30.0.2:8080
redis-fixture-1  | 2026-09-23T10:20:01.189708091Z {"seq": 132, "time_ns": 3895967323200, "event": "client_complete", "id": "hit-r2-014", "status": "200", "curl_exit": 0, "body_sha256": "da87d065c0f96d585f02840dc10c88f7e8edac17ae77dbdae4b9e051a619338f"}
redis-fixture-1  | 2026-09-23T10:20:01.191711043Z {"seq": 133, "time_ns": 3895969353801, "event": "upstream_peer_closed", "id": "hit-r2-014"}
redis-fixture-1  | 2026-09-23T10:20:01.298968025Z {"seq": 134, "time_ns": 3896076625483, "event": "redis_release_requested", "id": "hit-r2-014"}
redis-fixture-1  | 2026-09-23T10:20:01.303003321Z {"seq": 135, "time_ns": 3896080673133, "event": "prepared", "id": "hit-r2-015", "mode": "hit", "key": "higress-audit:hit-r2-015", "value": "{\"source\":\"cache\",\"value\":\"fixture-only\"}"}
redis-fixture-1  | 2026-09-23T10:20:01.323375116Z {"seq": 136, "time_ns": 3896100234313, "event": "redis_command", "id": "hit-r2-015", "command": "GET", "args": ["higress-audit:hit-r2-015"]}
redis-fixture-1  | 2026-09-23T10:20:01.323650710Z {"seq": 137, "time_ns": 3896101351895, "event": "upstream_seen", "id": "hit-r2-015", "headers": {"host": "127.0.0.1:19468", "user-agent": "curl/7.81.0", "accept": "*/*", "x-http-cache-key": "hit-r2-015", "x-verification-id": "hit-r2-015", "x-forwarded-proto": "http", "x-envoy-original-host": "127.0.0.1:19468", "x-request-id": "6dc80562-1578-4f84-a5c7-5b0ab6ae39b1", "x-envoy-expected-rq-timeout-ms": "15000", "req-start-time": "1790158801314"}}
redis-fixture-1  | 2026-09-23T10:20:01.324458352Z {"seq": 138, "time_ns": 3896102185697, "event": "redis_get_seen", "id": "hit-r2-015"}
redis-fixture-1  | 2026-09-23T10:20:01.343971600Z {"seq": 139, "time_ns": 3896121618293, "event": "redis_release_requested", "id": "hit-r2-015"}
envoy-1          | 2026-09-23T10:20:01.682257039Z RID=hit-r1-035 CODE=200 DETAIL=via_wasm::response-cache::response-cache.hit FLAGS=- UPSTREAM=172.30.0.2:8080
redis-fixture-1  | 2026-09-23T10:20:01.344161658Z {"seq": 140, "time_ns": 3896121881935, "event": "redis_reply_released", "id": "hit-r2-015", "mode": "hit"}
redis-fixture-1  | 2026-09-23T10:20:01.348167440Z {"seq": 141, "time_ns": 3896125855194, "event": "client_complete", "id": "hit-r2-015", "status": "200", "curl_exit": 0, "body_sha256": "da87d065c0f96d585f02840dc10c88f7e8edac17ae77dbdae4b9e051a619338f"}
redis-fixture-1  | 2026-09-23T10:20:01.349813115Z {"seq": 142, "time_ns": 3896127502037, "event": "upstream_peer_closed", "id": "hit-r2-015"}
envoy-1          | 2026-09-23T10:20:01.682266367Z RID=hit-r1-036 CODE=200 DETAIL=via_wasm::response-cache::response-cache.hit FLAGS=- UPSTREAM=172.30.0.2:8080
envoy-1          | 2026-09-23T10:20:01.682276399Z RID=hit-r1-037 CODE=200 DETAIL=via_wasm::response-cache::response-cache.hit FLAGS=- UPSTREAM=172.30.0.2:8080
redis-fixture-1  | 2026-09-23T10:20:01.456266815Z {"seq": 143, "time_ns": 3896233909435, "event": "redis_release_requested", "id": "hit-r2-015"}
redis-fixture-1  | 2026-09-23T10:20:01.460296040Z {"seq": 144, "time_ns": 3896237914546, "event": "prepared", "id": "hit-r2-016", "mode": "hit", "key": "higress-audit:hit-r2-016", "value": "{\"source\":\"cache\",\"value\":\"fixture-only\"}"}
redis-fixture-1  | 2026-09-23T10:20:01.477891183Z {"seq": 145, "time_ns": 3896255459396, "event": "upstream_seen", "id": "hit-r2-016", "headers": {"host": "127.0.0.1:19468", "user-agent": "curl/7.81.0", "accept": "*/*", "x-http-cache-key": "hit-r2-016", "x-verification-id": "hit-r2-016", "x-forwarded-proto": "http", "x-envoy-original-host": "127.0.0.1:19468", "x-request-id": "29cb776c-d5b6-49c4-a538-7dba06a85aa2", "x-envoy-expected-rq-timeout-ms": "15000", "req-start-time": "1790158801474"}}
redis-fixture-1  | 2026-09-23T10:20:01.479216334Z {"seq": 146, "time_ns": 3896256859205, "event": "redis_command", "id": "hit-r2-016", "command": "GET", "args": ["higress-audit:hit-r2-016"]}
redis-fixture-1  | 2026-09-23T10:20:01.479249545Z {"seq": 147, "time_ns": 3896256922855, "event": "redis_get_seen", "id": "hit-r2-016"}
redis-fixture-1  | 2026-09-23T10:20:01.496692263Z {"seq": 148, "time_ns": 3896274319886, "event": "redis_release_requested", "id": "hit-r2-016"}
redis-fixture-1  | 2026-09-23T10:20:01.496947013Z {"seq": 149, "time_ns": 3896274460368, "event": "redis_reply_released", "id": "hit-r2-016", "mode": "hit"}
redis-fixture-1  | 2026-09-23T10:20:01.501471312Z {"seq": 150, "time_ns": 3896279034658, "event": "client_complete", "id": "hit-r2-016", "status": "200", "curl_exit": 0, "body_sha256": "da87d065c0f96d585f02840dc10c88f7e8edac17ae77dbdae4b9e051a619338f"}
redis-fixture-1  | 2026-09-23T10:20:01.504333281Z {"seq": 151, "time_ns": 3896281913173, "event": "upstream_peer_closed", "id": "hit-r2-016"}
redis-fixture-1  | 2026-09-23T10:20:01.611569068Z {"seq": 152, "time_ns": 3896389196688, "event": "redis_release_requested", "id": "hit-r2-016"}
envoy-1          | 2026-09-23T10:20:01.682286796Z RID=hit-r1-038 CODE=200 DETAIL=via_wasm::response-cache::response-cache.hit FLAGS=- UPSTREAM=172.30.0.2:8080
envoy-1          | 2026-09-23T10:20:01.682296212Z RID=hit-r1-039 CODE=200 DETAIL=via_wasm::response-cache::response-cache.hit FLAGS=- UPSTREAM=172.30.0.2:8080
envoy-1          | 2026-09-23T10:20:01.682305516Z RID=hit-r1-040 CODE=200 DETAIL=via_wasm::response-cache::response-cache.hit FLAGS=- UPSTREAM=172.30.0.2:8080
envoy-1          | 2026-09-23T10:20:01.682314891Z RID=hit-r1-041 CODE=200 DETAIL=via_wasm::response-cache::response-cache.hit FLAGS=- UPSTREAM=172.30.0.2:8080
envoy-1          | 2026-09-23T10:20:01.682324684Z RID=hit-r1-042 CODE=200 DETAIL=via_wasm::response-cache::response-cache.hit FLAGS=- UPSTREAM=172.30.0.2:8080
envoy-1          | 2026-09-23T10:20:01.682334072Z RID=hit-r1-043 CODE=200 DETAIL=via_wasm::response-cache::response-cache.hit FLAGS=- UPSTREAM=172.30.0.2:8080
envoy-1          | 2026-09-23T10:20:01.682343444Z RID=hit-r1-044 CODE=200 DETAIL=via_wasm::response-cache::response-cache.hit FLAGS=- UPSTREAM=172.30.0.2:8080
envoy-1          | 2026-09-23T10:20:01.682352828Z RID=hit-r1-045 CODE=200 DETAIL=via_wasm::response-cache::response-cache.hit FLAGS=- UPSTREAM=172.30.0.2:8080
redis-fixture-1  | 2026-09-23T10:20:01.616616670Z {"seq": 153, "time_ns": 3896394192210, "event": "prepared", "id": "hit-r2-017", "mode": "hit", "key": "higress-audit:hit-r2-017", "value": "{\"source\":\"cache\",\"value\":\"fixture-only\"}"}
envoy-1          | 2026-09-23T10:20:01.682362259Z RID=hit-r1-046 CODE=200 DETAIL=via_wasm::response-cache::response-cache.hit FLAGS=- UPSTREAM=172.30.0.2:8080
envoy-1          | 2026-09-23T10:20:01.682372115Z RID=hit-r1-047 CODE=200 DETAIL=via_wasm::response-cache::response-cache.hit FLAGS=- UPSTREAM=172.30.0.2:8080
envoy-1          | 2026-09-23T10:20:01.682381588Z RID=hit-r1-048 CODE=200 DETAIL=via_wasm::response-cache::response-cache.hit FLAGS=- UPSTREAM=172.30.0.2:8080
redis-fixture-1  | 2026-09-23T10:20:01.630374583Z {"seq": 154, "time_ns": 3896408035331, "event": "upstream_seen", "id": "hit-r2-017", "headers": {"host": "127.0.0.1:19468", "user-agent": "curl/7.81.0", "accept": "*/*", "x-http-cache-key": "hit-r2-017", "x-verification-id": "hit-r2-017", "x-forwarded-proto": "http", "x-envoy-original-host": "127.0.0.1:19468", "x-request-id": "08d0abb3-ce0f-4720-a2fe-4287220e70c7", "x-envoy-expected-rq-timeout-ms": "15000", "req-start-time": "1790158801628"}}
redis-fixture-1  | 2026-09-23T10:20:01.633111492Z {"seq": 155, "time_ns": 3896410619583, "event": "redis_command", "id": "hit-r2-017", "command": "GET", "args": ["higress-audit:hit-r2-017"]}
redis-fixture-1  | 2026-09-23T10:20:01.633269262Z {"seq": 156, "time_ns": 3896410987254, "event": "redis_get_seen", "id": "hit-r2-017"}
envoy-1          | 2026-09-23T10:20:01.682390932Z RID=hit-r1-049 CODE=200 DETAIL=via_wasm::response-cache::response-cache.hit FLAGS=- UPSTREAM=172.30.0.2:8080
envoy-1          | 2026-09-23T10:20:01.682409461Z RID=hit-r2-000 CODE=200 DETAIL=via_wasm::response-cache::response-cache.hit FLAGS=- UPSTREAM=172.30.0.2:8080
envoy-1          | 2026-09-23T10:20:01.682419085Z RID=hit-r2-001 CODE=200 DETAIL=via_wasm::response-cache::response-cache.hit FLAGS=- UPSTREAM=172.30.0.2:8080
envoy-1          | 2026-09-23T10:20:01.682428413Z RID=hit-r2-002 CODE=200 DETAIL=via_wasm::response-cache::response-cache.hit FLAGS=- UPSTREAM=172.30.0.2:8080
envoy-1          | 2026-09-23T10:20:01.682437905Z RID=hit-r2-003 CODE=200 DETAIL=via_wasm::response-cache::response-cache.hit FLAGS=- UPSTREAM=172.30.0.2:8080
envoy-1          | 2026-09-23T10:20:01.682447368Z RID=hit-r2-004 CODE=200 DETAIL=via_wasm::response-cache::response-cache.hit FLAGS=- UPSTREAM=172.30.0.2:8080
envoy-1          | 2026-09-23T10:20:01.682456756Z RID=hit-r2-005 CODE=200 DETAIL=via_wasm::response-cache::response-cache.hit FLAGS=- UPSTREAM=172.30.0.2:8080
envoy-1          | 2026-09-23T10:20:01.682466801Z RID=hit-r2-006 CODE=200 DETAIL=via_wasm::response-cache::response-cache.hit FLAGS=- UPSTREAM=172.30.0.2:8080
redis-fixture-1  | 2026-09-23T10:20:01.641882239Z {"seq": 157, "time_ns": 3896419468944, "event": "redis_release_requested", "id": "hit-r2-017"}
redis-fixture-1  | 2026-09-23T10:20:01.641932720Z {"seq": 158, "time_ns": 3896419612788, "event": "redis_reply_released", "id": "hit-r2-017", "mode": "hit"}
redis-fixture-1  | 2026-09-23T10:20:01.646376900Z {"seq": 159, "time_ns": 3896424063513, "event": "client_complete", "id": "hit-r2-017", "status": "200", "curl_exit": 0, "body_sha256": "da87d065c0f96d585f02840dc10c88f7e8edac17ae77dbdae4b9e051a619338f"}
envoy-1          | 2026-09-23T10:20:01.682476508Z RID=hit-r2-007 CODE=200 DETAIL=via_wasm::response-cache::response-cache.hit FLAGS=- UPSTREAM=172.30.0.2:8080
envoy-1          | 2026-09-23T10:20:01.682486084Z RID=hit-r2-008 CODE=200 DETAIL=via_wasm::response-cache::response-cache.hit FLAGS=- UPSTREAM=172.30.0.2:8080
envoy-1          | 2026-09-23T10:20:01.682495540Z RID=hit-r2-009 CODE=200 DETAIL=via_wasm::response-cache::response-cache.hit FLAGS=- UPSTREAM=172.30.0.2:8080
envoy-1          | 2026-09-23T10:20:01.682505048Z RID=hit-r2-010 CODE=200 DETAIL=via_wasm::response-cache::response-cache.hit FLAGS=- UPSTREAM=172.30.0.2:8080
envoy-1          | 2026-09-23T10:20:01.682514645Z RID=hit-r2-011 CODE=200 DETAIL=via_wasm::response-cache::response-cache.hit FLAGS=- UPSTREAM=172.30.0.2:8080
envoy-1          | 2026-09-23T10:20:01.682524137Z RID=hit-r2-012 CODE=200 DETAIL=via_wasm::response-cache::response-cache.hit FLAGS=- UPSTREAM=172.30.0.2:8080
envoy-1          | 2026-09-23T10:20:01.682533822Z RID=hit-r2-013 CODE=200 DETAIL=via_wasm::response-cache::response-cache.hit FLAGS=- UPSTREAM=172.30.0.2:8080
envoy-1          | 2026-09-23T10:20:01.682543370Z RID=hit-r2-014 CODE=200 DETAIL=via_wasm::response-cache::response-cache.hit FLAGS=- UPSTREAM=172.30.0.2:8080
envoy-1          | 2026-09-23T10:20:01.682552725Z RID=hit-r2-015 CODE=200 DETAIL=via_wasm::response-cache::response-cache.hit FLAGS=- UPSTREAM=172.30.0.2:8080
envoy-1          | 2026-09-23T10:20:01.682562182Z RID=hit-r2-016 CODE=200 DETAIL=via_wasm::response-cache::response-cache.hit FLAGS=- UPSTREAM=172.30.0.2:8080
envoy-1          | 2026-09-23T10:20:01.682571606Z RID=hit-r2-017 CODE=200 DETAIL=via_wasm::response-cache::response-cache.hit FLAGS=- UPSTREAM=172.30.0.2:8080
envoy-1          | 2026-09-23T10:20:01.775182441Z [2026-09-23 10:20:01.774][29][debug][wasm] [external/envoy/source/extensions/common/wasm/context.cc:1538] wasm log response-cache response-cache response-cache: [response-cache] [nil] [ab9d118d-660e-41e1-aff4-b40d8ba3f1c6] [onHttpRequestHeaders] cache key from request header: x-http-cache-key, key: hit-r2-018
envoy-1          | 2026-09-23T10:20:01.775217969Z [2026-09-23 10:20:01.774][29][debug][wasm] [external/envoy/source/extensions/common/wasm/context.cc:1538] wasm log response-cache response-cache response-cache: [response-cache] [nil] [ab9d118d-660e-41e1-aff4-b40d8ba3f1c6] [response-cache] [CheckCacheForKey] querying cache with key: higress-audit:hit-r2-018
envoy-1          | 2026-09-23T10:20:01.775296213Z [2026-09-23 10:20:01.775][29][debug][wasm] [external/envoy/source/extensions/common/wasm/context.cc:1538] wasm log response-cache response-cache response-cache: redis call start, request-id: 4a4c234c-8726-484d-a121-2336a6370f8c, respQuery: KjINCiQzDQpnZXQNCiQyNA0KaGlncmVzcy1hdWRpdDpoaXQtcjItMDE4DQo=
envoy-1          | 2026-09-23T10:20:01.802892480Z [2026-09-23 10:20:01.802][29][debug][wasm] [external/envoy/source/extensions/common/wasm/context.cc:1538] wasm log response-cache response-cache response-cache: redis call end, request-id: 4a4c234c-8726-484d-a121-2336a6370f8c, respQuery: KjINCiQzDQpnZXQNCiQyNA0KaGlncmVzcy1hdWRpdDpoaXQtcjItMDE4DQo=, respValue: JDQxDQp7InNvdXJjZSI6ImNhY2hlIiwidmFsdWUiOiJmaXh0dXJlLW9ubHkifQ0K
envoy-1          | 2026-09-23T10:20:01.802912952Z [2026-09-23 10:20:01.802][29][info][wasm] [external/envoy/source/extensions/common/wasm/context.cc:1541] wasm log response-cache response-cache response-cache: [response-cache] [nil] [ab9d118d-660e-41e1-aff4-b40d8ba3f1c6] [response-cache] cache hit for key: hit-r2-018
envoy-1          | 2026-09-23T10:20:01.802970257Z [2026-09-23 10:20:01.802][29][debug][wasm] [external/envoy/source/extensions/common/wasm/context.cc:1538] wasm log response-cache response-cache response-cache: [response-cache] [nil] [ab9d118d-660e-41e1-aff4-b40d8ba3f1c6] [response-cache] [processCacheHit] cached response for key hit-r2-018: {"source":"cache","value":"fixture-only"}
envoy-1          | 2026-09-23T10:20:01.803259402Z [2026-09-23 10:20:01.803][29][debug][wasm] [external/envoy/source/extensions/common/wasm/context.cc:1538] wasm log response-cache response-cache response-cache: [response-cache] [nil] [ab9d118d-660e-41e1-aff4-b40d8ba3f1c6] SetResponseBodyBufferLimit: 10485760
envoy-1          | 2026-09-23T10:20:01.803432368Z [2026-09-23 10:20:01.803][29][debug][wasm] [external/envoy/source/extensions/common/wasm/context.cc:1538] wasm log response-cache response-cache response-cache: [response-cache] [nil] [ab9d118d-660e-41e1-aff4-b40d8ba3f1c6] [onHttpResponseBody] key is nil, skip cache
envoy-1          | 2026-09-23T10:20:01.934018005Z [2026-09-23 10:20:01.933][29][debug][wasm] [external/envoy/source/extensions/common/wasm/context.cc:1538] wasm log response-cache response-cache response-cache: [response-cache] [nil] [5ed080f6-2dc0-4652-8218-ebd4434c694b] [onHttpRequestHeaders] cache key from request header: x-http-cache-key, key: hit-r2-019
envoy-1          | 2026-09-23T10:20:01.934052621Z [2026-09-23 10:20:01.933][29][debug][wasm] [external/envoy/source/extensions/common/wasm/context.cc:1538] wasm log response-cache response-cache response-cache: [response-cache] [nil] [5ed080f6-2dc0-4652-8218-ebd4434c694b] [response-cache] [CheckCacheForKey] querying cache with key: higress-audit:hit-r2-019
envoy-1          | 2026-09-23T10:20:01.934087097Z [2026-09-23 10:20:01.934][29][debug][wasm] [external/envoy/source/extensions/common/wasm/context.cc:1538] wasm log response-cache response-cache response-cache: redis call start, request-id: 7c3e346b-c06e-4eaf-9ce9-87dc4413a808, respQuery: KjINCiQzDQpnZXQNCiQyNA0KaGlncmVzcy1hdWRpdDpoaXQtcjItMDE5DQo=
envoy-1          | 2026-09-23T10:20:01.947644009Z [2026-09-23 10:20:01.947][29][debug][wasm] [external/envoy/source/extensions/common/wasm/context.cc:1538] wasm log response-cache response-cache response-cache: redis call end, request-id: 7c3e346b-c06e-4eaf-9ce9-87dc4413a808, respQuery: KjINCiQzDQpnZXQNCiQyNA0KaGlncmVzcy1hdWRpdDpoaXQtcjItMDE5DQo=, respValue: JDQxDQp7InNvdXJjZSI6ImNhY2hlIiwidmFsdWUiOiJmaXh0dXJlLW9ubHkifQ0K
redis-fixture-1  | 2026-09-23T10:20:01.648661979Z {"seq": 160, "time_ns": 3896426297978, "event": "upstream_peer_closed", "id": "hit-r2-017"}
redis-fixture-1  | 2026-09-23T10:20:01.756577991Z {"seq": 161, "time_ns": 3896534238722, "event": "redis_release_requested", "id": "hit-r2-017"}
redis-fixture-1  | 2026-09-23T10:20:01.761640673Z {"seq": 162, "time_ns": 3896539213503, "event": "prepared", "id": "hit-r2-018", "mode": "hit", "key": "higress-audit:hit-r2-018", "value": "{\"source\":\"cache\",\"value\":\"fixture-only\"}"}
redis-fixture-1  | 2026-09-23T10:20:01.776517887Z {"seq": 163, "time_ns": 3896554082162, "event": "upstream_seen", "id": "hit-r2-018", "headers": {"host": "127.0.0.1:19468", "user-agent": "curl/7.81.0", "accept": "*/*", "x-http-cache-key": "hit-r2-018", "x-verification-id": "hit-r2-018", "x-forwarded-proto": "http", "x-envoy-original-host": "127.0.0.1:19468", "x-request-id": "ab9d118d-660e-41e1-aff4-b40d8ba3f1c6", "x-envoy-expected-rq-timeout-ms": "15000", "req-start-time": "1790158801774"}}
redis-fixture-1  | 2026-09-23T10:20:01.781023609Z {"seq": 164, "time_ns": 3896558558011, "event": "redis_command", "id": "hit-r2-018", "command": "GET", "args": ["higress-audit:hit-r2-018"]}
redis-fixture-1  | 2026-09-23T10:20:01.781058985Z {"seq": 165, "time_ns": 3896558701901, "event": "redis_get_seen", "id": "hit-r2-018"}
redis-fixture-1  | 2026-09-23T10:20:01.802476756Z {"seq": 166, "time_ns": 3896580072115, "event": "redis_release_requested", "id": "hit-r2-018"}
redis-fixture-1  | 2026-09-23T10:20:01.802510933Z {"seq": 167, "time_ns": 3896580214669, "event": "redis_reply_released", "id": "hit-r2-018", "mode": "hit"}
redis-fixture-1  | 2026-09-23T10:20:01.806901219Z {"seq": 168, "time_ns": 3896584505920, "event": "client_complete", "id": "hit-r2-018", "status": "200", "curl_exit": 0, "body_sha256": "da87d065c0f96d585f02840dc10c88f7e8edac17ae77dbdae4b9e051a619338f"}
redis-fixture-1  | 2026-09-23T10:20:01.809464867Z {"seq": 169, "time_ns": 3896587083845, "event": "upstream_peer_closed", "id": "hit-r2-018"}
redis-fixture-1  | 2026-09-23T10:20:01.916774193Z {"seq": 170, "time_ns": 3896694362140, "event": "redis_release_requested", "id": "hit-r2-018"}
redis-fixture-1  | 2026-09-23T10:20:01.921975813Z {"seq": 171, "time_ns": 3896699562441, "event": "prepared", "id": "hit-r2-019", "mode": "hit", "key": "higress-audit:hit-r2-019", "value": "{\"source\":\"cache\",\"value\":\"fixture-only\"}"}
redis-fixture-1  | 2026-09-23T10:20:01.935299158Z {"seq": 172, "time_ns": 3896712885551, "event": "upstream_seen", "id": "hit-r2-019", "headers": {"host": "127.0.0.1:19468", "user-agent": "curl/7.81.0", "accept": "*/*", "x-http-cache-key": "hit-r2-019", "x-verification-id": "hit-r2-019", "x-forwarded-proto": "http", "x-envoy-original-host": "127.0.0.1:19468", "x-request-id": "5ed080f6-2dc0-4652-8218-ebd4434c694b", "x-envoy-expected-rq-timeout-ms": "15000", "req-start-time": "1790158801933"}}
redis-fixture-1  | 2026-09-23T10:20:01.935356539Z {"seq": 173, "time_ns": 3896713047830, "event": "redis_command", "id": "hit-r2-019", "command": "GET", "args": ["higress-audit:hit-r2-019"]}
redis-fixture-1  | 2026-09-23T10:20:01.935370798Z {"seq": 174, "time_ns": 3896713125240, "event": "redis_get_seen", "id": "hit-r2-019"}
redis-fixture-1  | 2026-09-23T10:20:01.947040004Z {"seq": 175, "time_ns": 3896724623659, "event": "redis_release_requested", "id": "hit-r2-019"}
redis-fixture-1  | 2026-09-23T10:20:01.947128260Z {"seq": 176, "time_ns": 3896724841649, "event": "redis_reply_released", "id": "hit-r2-019", "mode": "hit"}
redis-fixture-1  | 2026-09-23T10:20:01.951649095Z {"seq": 177, "time_ns": 3896729218304, "event": "client_complete", "id": "hit-r2-019", "status": "200", "curl_exit": 0, "body_sha256": "da87d065c0f96d585f02840dc10c88f7e8edac17ae77dbdae4b9e051a619338f"}
redis-fixture-1  | 2026-09-23T10:20:01.954259055Z {"seq": 178, "time_ns": 3896731763913, "event": "upstream_peer_closed", "id": "hit-r2-019"}
redis-fixture-1  | 2026-09-23T10:20:02.061779296Z {"seq": 179, "time_ns": 3896839405470, "event": "redis_release_requested", "id": "hit-r2-019"}
redis-fixture-1  | 2026-09-23T10:20:02.066114157Z {"seq": 180, "time_ns": 3896843772935, "event": "prepared", "id": "hit-r2-020", "mode": "hit", "key": "higress-audit:hit-r2-020", "value": "{\"source\":\"cache\",\"value\":\"fixture-only\"}"}
redis-fixture-1  | 2026-09-23T10:20:02.079163236Z {"seq": 181, "time_ns": 3896856820043, "event": "redis_command", "id": "hit-r2-020", "command": "GET", "args": ["higress-audit:hit-r2-020"]}
redis-fixture-1  | 2026-09-23T10:20:02.079213109Z {"seq": 182, "time_ns": 3896856957493, "event": "redis_get_seen", "id": "hit-r2-020"}
envoy-1          | 2026-09-23T10:20:01.947678173Z [2026-09-23 10:20:01.947][29][info][wasm] [external/envoy/source/extensions/common/wasm/context.cc:1541] wasm log response-cache response-cache response-cache: [response-cache] [nil] [5ed080f6-2dc0-4652-8218-ebd4434c694b] [response-cache] cache hit for key: hit-r2-019
envoy-1          | 2026-09-23T10:20:01.947713846Z [2026-09-23 10:20:01.947][29][debug][wasm] [external/envoy/source/extensions/common/wasm/context.cc:1538] wasm log response-cache response-cache response-cache: [response-cache] [nil] [5ed080f6-2dc0-4652-8218-ebd4434c694b] [response-cache] [processCacheHit] cached response for key hit-r2-019: {"source":"cache","value":"fixture-only"}
envoy-1          | 2026-09-23T10:20:01.947977316Z [2026-09-23 10:20:01.947][29][debug][wasm] [external/envoy/source/extensions/common/wasm/context.cc:1538] wasm log response-cache response-cache response-cache: [response-cache] [nil] [5ed080f6-2dc0-4652-8218-ebd4434c694b] SetResponseBodyBufferLimit: 10485760
envoy-1          | 2026-09-23T10:20:01.948094152Z [2026-09-23 10:20:01.948][29][debug][wasm] [external/envoy/source/extensions/common/wasm/context.cc:1538] wasm log response-cache response-cache response-cache: [response-cache] [nil] [5ed080f6-2dc0-4652-8218-ebd4434c694b] [onHttpResponseBody] key is nil, skip cache
envoy-1          | 2026-09-23T10:20:02.078170073Z [2026-09-23 10:20:02.077][29][debug][wasm] [external/envoy/source/extensions/common/wasm/context.cc:1538] wasm log response-cache response-cache response-cache: [response-cache] [nil] [d7a2e070-c56d-458d-9fec-5aa4a662c8a1] [onHttpRequestHeaders] cache key from request header: x-http-cache-key, key: hit-r2-020
envoy-1          | 2026-09-23T10:20:02.078235413Z [2026-09-23 10:20:02.078][29][debug][wasm] [external/envoy/source/extensions/common/wasm/context.cc:1538] wasm log response-cache response-cache response-cache: [response-cache] [nil] [d7a2e070-c56d-458d-9fec-5aa4a662c8a1] [response-cache] [CheckCacheForKey] querying cache with key: higress-audit:hit-r2-020
redis-fixture-1  | 2026-09-23T10:20:02.079557332Z {"seq": 183, "time_ns": 3896857288365, "event": "upstream_seen", "id": "hit-r2-020", "headers": {"host": "127.0.0.1:19468", "user-agent": "curl/7.81.0", "accept": "*/*", "x-http-cache-key": "hit-r2-020", "x-verification-id": "hit-r2-020", "x-forwarded-proto": "http", "x-envoy-original-host": "127.0.0.1:19468", "x-request-id": "d7a2e070-c56d-458d-9fec-5aa4a662c8a1", "x-envoy-expected-rq-timeout-ms": "15000", "req-start-time": "1790158802077"}}
redis-fixture-1  | 2026-09-23T10:20:02.092862024Z {"seq": 184, "time_ns": 3896870418000, "event": "redis_release_requested", "id": "hit-r2-020"}
redis-fixture-1  | 2026-09-23T10:20:02.092894809Z {"seq": 185, "time_ns": 3896870603472, "event": "redis_reply_released", "id": "hit-r2-020", "mode": "hit"}
redis-fixture-1  | 2026-09-23T10:20:02.097388728Z {"seq": 186, "time_ns": 3896875050233, "event": "client_complete", "id": "hit-r2-020", "status": "200", "curl_exit": 0, "body_sha256": "da87d065c0f96d585f02840dc10c88f7e8edac17ae77dbdae4b9e051a619338f"}
redis-fixture-1  | 2026-09-23T10:20:02.099867907Z {"seq": 187, "time_ns": 3896877467449, "event": "upstream_peer_closed", "id": "hit-r2-020"}
redis-fixture-1  | 2026-09-23T10:20:02.207516011Z {"seq": 188, "time_ns": 3896985159908, "event": "redis_release_requested", "id": "hit-r2-020"}
redis-fixture-1  | 2026-09-23T10:20:02.212070450Z {"seq": 189, "time_ns": 3896989759503, "event": "prepared", "id": "hit-r2-021", "mode": "hit", "key": "higress-audit:hit-r2-021", "value": "{\"source\":\"cache\",\"value\":\"fixture-only\"}"}
redis-fixture-1  | 2026-09-23T10:20:02.224947965Z {"seq": 190, "time_ns": 3897002494708, "event": "upstream_seen", "id": "hit-r2-021", "headers": {"host": "127.0.0.1:19468", "user-agent": "curl/7.81.0", "accept": "*/*", "x-http-cache-key": "hit-r2-021", "x-verification-id": "hit-r2-021", "x-forwarded-proto": "http", "x-envoy-original-host": "127.0.0.1:19468", "x-request-id": "bdd54606-0ef0-4585-8ed7-27ff4905b515", "x-envoy-expected-rq-timeout-ms": "15000", "req-start-time": "1790158802222"}}
redis-fixture-1  | 2026-09-23T10:20:02.227581285Z {"seq": 191, "time_ns": 3897005185309, "event": "redis_command", "id": "hit-r2-021", "command": "GET", "args": ["higress-audit:hit-r2-021"]}
redis-fixture-1  | 2026-09-23T10:20:02.227614677Z {"seq": 192, "time_ns": 3897005259732, "event": "redis_get_seen", "id": "hit-r2-021"}
redis-fixture-1  | 2026-09-23T10:20:02.237894872Z {"seq": 193, "time_ns": 3897015590668, "event": "redis_release_requested", "id": "hit-r2-021"}
redis-fixture-1  | 2026-09-23T10:20:02.237967140Z {"seq": 194, "time_ns": 3897015700827, "event": "redis_reply_released", "id": "hit-r2-021", "mode": "hit"}
redis-fixture-1  | 2026-09-23T10:20:02.242155973Z {"seq": 195, "time_ns": 3897019795908, "event": "client_complete", "id": "hit-r2-021", "status": "200", "curl_exit": 0, "body_sha256": "da87d065c0f96d585f02840dc10c88f7e8edac17ae77dbdae4b9e051a619338f"}
redis-fixture-1  | 2026-09-23T10:20:02.244440614Z {"seq": 196, "time_ns": 3897022077625, "event": "upstream_peer_closed", "id": "hit-r2-021"}
envoy-1          | 2026-09-23T10:20:02.078321626Z [2026-09-23 10:20:02.078][29][debug][wasm] [external/envoy/source/extensions/common/wasm/context.cc:1538] wasm log response-cache response-cache response-cache: redis call start, request-id: cfe5c8f6-7338-4ba1-9ba7-cebdcb77c57c, respQuery: KjINCiQzDQpnZXQNCiQyNA0KaGlncmVzcy1hdWRpdDpoaXQtcjItMDIwDQo=
envoy-1          | 2026-09-23T10:20:02.093267192Z [2026-09-23 10:20:02.093][29][debug][wasm] [external/envoy/source/extensions/common/wasm/context.cc:1538] wasm log response-cache response-cache response-cache: redis call end, request-id: cfe5c8f6-7338-4ba1-9ba7-cebdcb77c57c, respQuery: KjINCiQzDQpnZXQNCiQyNA0KaGlncmVzcy1hdWRpdDpoaXQtcjItMDIwDQo=, respValue: JDQxDQp7InNvdXJjZSI6ImNhY2hlIiwidmFsdWUiOiJmaXh0dXJlLW9ubHkifQ0K
envoy-1          | 2026-09-23T10:20:02.093308789Z [2026-09-23 10:20:02.093][29][info][wasm] [external/envoy/source/extensions/common/wasm/context.cc:1541] wasm log response-cache response-cache response-cache: [response-cache] [nil] [d7a2e070-c56d-458d-9fec-5aa4a662c8a1] [response-cache] cache hit for key: hit-r2-020
envoy-1          | 2026-09-23T10:20:02.093330321Z [2026-09-23 10:20:02.093][29][debug][wasm] [external/envoy/source/extensions/common/wasm/context.cc:1538] wasm log response-cache response-cache response-cache: [response-cache] [nil] [d7a2e070-c56d-458d-9fec-5aa4a662c8a1] [response-cache] [processCacheHit] cached response for key hit-r2-020: {"source":"cache","value":"fixture-only"}
envoy-1          | 2026-09-23T10:20:02.093638622Z [2026-09-23 10:20:02.093][29][debug][wasm] [external/envoy/source/extensions/common/wasm/context.cc:1538] wasm log response-cache response-cache response-cache: [response-cache] [nil] [d7a2e070-c56d-458d-9fec-5aa4a662c8a1] SetResponseBodyBufferLimit: 10485760
envoy-1          | 2026-09-23T10:20:02.093787700Z [2026-09-23 10:20:02.093][29][debug][wasm] [external/envoy/source/extensions/common/wasm/context.cc:1538] wasm log response-cache response-cache response-cache: [response-cache] [nil] [d7a2e070-c56d-458d-9fec-5aa4a662c8a1] [onHttpResponseBody] key is nil, skip cache
redis-fixture-1  | 2026-09-23T10:20:02.351911362Z {"seq": 197, "time_ns": 3897129553931, "event": "redis_release_requested", "id": "hit-r2-021"}
redis-fixture-1  | 2026-09-23T10:20:02.355863896Z {"seq": 198, "time_ns": 3897133563866, "event": "prepared", "id": "hit-r2-022", "mode": "hit", "key": "higress-audit:hit-r2-022", "value": "{\"source\":\"cache\",\"value\":\"fixture-only\"}"}
redis-fixture-1  | 2026-09-23T10:20:02.369089577Z {"seq": 199, "time_ns": 3897146724703, "event": "upstream_seen", "id": "hit-r2-022", "headers": {"host": "127.0.0.1:19468", "user-agent": "curl/7.81.0", "accept": "*/*", "x-http-cache-key": "hit-r2-022", "x-verification-id": "hit-r2-022", "x-forwarded-proto": "http", "x-envoy-original-host": "127.0.0.1:19468", "x-request-id": "5d93cc5c-7f8f-4b07-a4d1-9ed207174275", "x-envoy-expected-rq-timeout-ms": "15000", "req-start-time": "1790158802367"}}
redis-fixture-1  | 2026-09-23T10:20:02.371958931Z {"seq": 200, "time_ns": 3897149585710, "event": "redis_command", "id": "hit-r2-022", "command": "GET", "args": ["higress-audit:hit-r2-022"]}
redis-fixture-1  | 2026-09-23T10:20:02.371983916Z {"seq": 201, "time_ns": 3897149662843, "event": "redis_get_seen", "id": "hit-r2-022"}
redis-fixture-1  | 2026-09-23T10:20:02.382153681Z {"seq": 202, "time_ns": 3897159847946, "event": "redis_release_requested", "id": "hit-r2-022"}
envoy-1          | 2026-09-23T10:20:02.223322585Z [2026-09-23 10:20:02.223][29][debug][wasm] [external/envoy/source/extensions/common/wasm/context.cc:1538] wasm log response-cache response-cache response-cache: [response-cache] [nil] [bdd54606-0ef0-4585-8ed7-27ff4905b515] [onHttpRequestHeaders] cache key from request header: x-http-cache-key, key: hit-r2-021
envoy-1          | 2026-09-23T10:20:02.223387830Z [2026-09-23 10:20:02.223][29][debug][wasm] [external/envoy/source/extensions/common/wasm/context.cc:1538] wasm log response-cache response-cache response-cache: [response-cache] [nil] [bdd54606-0ef0-4585-8ed7-27ff4905b515] [response-cache] [CheckCacheForKey] querying cache with key: higress-audit:hit-r2-021
envoy-1          | 2026-09-23T10:20:02.223607122Z [2026-09-23 10:20:02.223][29][debug][wasm] [external/envoy/source/extensions/common/wasm/context.cc:1538] wasm log response-cache response-cache response-cache: redis call start, request-id: a2998bd6-8cfd-4a76-a920-b8adc199495f, respQuery: KjINCiQzDQpnZXQNCiQyNA0KaGlncmVzcy1hdWRpdDpoaXQtcjItMDIxDQo=
envoy-1          | 2026-09-23T10:20:02.238374615Z [2026-09-23 10:20:02.238][29][debug][wasm] [external/envoy/source/extensions/common/wasm/context.cc:1538] wasm log response-cache response-cache response-cache: redis call end, request-id: a2998bd6-8cfd-4a76-a920-b8adc199495f, respQuery: KjINCiQzDQpnZXQNCiQyNA0KaGlncmVzcy1hdWRpdDpoaXQtcjItMDIxDQo=, respValue: JDQxDQp7InNvdXJjZSI6ImNhY2hlIiwidmFsdWUiOiJmaXh0dXJlLW9ubHkifQ0K
envoy-1          | 2026-09-23T10:20:02.238410235Z [2026-09-23 10:20:02.238][29][info][wasm] [external/envoy/source/extensions/common/wasm/context.cc:1541] wasm log response-cache response-cache response-cache: [response-cache] [nil] [bdd54606-0ef0-4585-8ed7-27ff4905b515] [response-cache] cache hit for key: hit-r2-021
envoy-1          | 2026-09-23T10:20:02.238485445Z [2026-09-23 10:20:02.238][29][debug][wasm] [external/envoy/source/extensions/common/wasm/context.cc:1538] wasm log response-cache response-cache response-cache: [response-cache] [nil] [bdd54606-0ef0-4585-8ed7-27ff4905b515] [response-cache] [processCacheHit] cached response for key hit-r2-021: {"source":"cache","value":"fixture-only"}
envoy-1          | 2026-09-23T10:20:02.238781810Z [2026-09-23 10:20:02.238][29][debug][wasm] [external/envoy/source/extensions/common/wasm/context.cc:1538] wasm log response-cache response-cache response-cache: [response-cache] [nil] [bdd54606-0ef0-4585-8ed7-27ff4905b515] SetResponseBodyBufferLimit: 10485760
redis-fixture-1  | 2026-09-23T10:20:02.382306290Z {"seq": 203, "time_ns": 3897159983451, "event": "redis_reply_released", "id": "hit-r2-022", "mode": "hit"}
redis-fixture-1  | 2026-09-23T10:20:02.386565363Z {"seq": 204, "time_ns": 3897164252393, "event": "client_complete", "id": "hit-r2-022", "status": "200", "curl_exit": 0, "body_sha256": "da87d065c0f96d585f02840dc10c88f7e8edac17ae77dbdae4b9e051a619338f"}
redis-fixture-1  | 2026-09-23T10:20:02.388944012Z {"seq": 205, "time_ns": 3897166582528, "event": "upstream_peer_closed", "id": "hit-r2-022"}
envoy-1          | 2026-09-23T10:20:02.238904424Z [2026-09-23 10:20:02.238][29][debug][wasm] [external/envoy/source/extensions/common/wasm/context.cc:1538] wasm log response-cache response-cache response-cache: [response-cache] [nil] [bdd54606-0ef0-4585-8ed7-27ff4905b515] [onHttpResponseBody] key is nil, skip cache
envoy-1          | 2026-09-23T10:20:02.367915517Z [2026-09-23 10:20:02.367][29][debug][wasm] [external/envoy/source/extensions/common/wasm/context.cc:1538] wasm log response-cache response-cache response-cache: [response-cache] [nil] [5d93cc5c-7f8f-4b07-a4d1-9ed207174275] [onHttpRequestHeaders] cache key from request header: x-http-cache-key, key: hit-r2-022
envoy-1          | 2026-09-23T10:20:02.367956041Z [2026-09-23 10:20:02.367][29][debug][wasm] [external/envoy/source/extensions/common/wasm/context.cc:1538] wasm log response-cache response-cache response-cache: [response-cache] [nil] [5d93cc5c-7f8f-4b07-a4d1-9ed207174275] [response-cache] [CheckCacheForKey] querying cache with key: higress-audit:hit-r2-022
envoy-1          | 2026-09-23T10:20:02.368017933Z [2026-09-23 10:20:02.367][29][debug][wasm] [external/envoy/source/extensions/common/wasm/context.cc:1538] wasm log response-cache response-cache response-cache: redis call start, request-id: a75ba3af-57e3-4e54-9eff-18a585f2bd82, respQuery: KjINCiQzDQpnZXQNCiQyNA0KaGlncmVzcy1hdWRpdDpoaXQtcjItMDIyDQo=
envoy-1          | 2026-09-23T10:20:02.382729514Z [2026-09-23 10:20:02.382][29][debug][wasm] [external/envoy/source/extensions/common/wasm/context.cc:1538] wasm log response-cache response-cache response-cache: redis call end, request-id: a75ba3af-57e3-4e54-9eff-18a585f2bd82, respQuery: KjINCiQzDQpnZXQNCiQyNA0KaGlncmVzcy1hdWRpdDpoaXQtcjItMDIyDQo=, respValue: JDQxDQp7InNvdXJjZSI6ImNhY2hlIiwidmFsdWUiOiJmaXh0dXJlLW9ubHkifQ0K
envoy-1          | 2026-09-23T10:20:02.382890287Z [2026-09-23 10:20:02.382][29][info][wasm] [external/envoy/source/extensions/common/wasm/context.cc:1541] wasm log response-cache response-cache response-cache: [response-cache] [nil] [5d93cc5c-7f8f-4b07-a4d1-9ed207174275] [response-cache] cache hit for key: hit-r2-022
envoy-1          | 2026-09-23T10:20:02.382932843Z [2026-09-23 10:20:02.382][29][debug][wasm] [external/envoy/source/extensions/common/wasm/context.cc:1538] wasm log response-cache response-cache response-cache: [response-cache] [nil] [5d93cc5c-7f8f-4b07-a4d1-9ed207174275] [response-cache] [processCacheHit] cached response for key hit-r2-022: {"source":"cache","value":"fixture-only"}
redis-fixture-1  | 2026-09-23T10:20:02.496945366Z {"seq": 206, "time_ns": 3897274522200, "event": "redis_release_requested", "id": "hit-r2-022"}
redis-fixture-1  | 2026-09-23T10:20:02.501007196Z {"seq": 207, "time_ns": 3897278579074, "event": "prepared", "id": "hit-r2-023", "mode": "hit", "key": "higress-audit:hit-r2-023", "value": "{\"source\":\"cache\",\"value\":\"fixture-only\"}"}
redis-fixture-1  | 2026-09-23T10:20:02.513545071Z {"seq": 208, "time_ns": 3897291206678, "event": "upstream_seen", "id": "hit-r2-023", "headers": {"host": "127.0.0.1:19468", "user-agent": "curl/7.81.0", "accept": "*/*", "x-http-cache-key": "hit-r2-023", "x-verification-id": "hit-r2-023", "x-forwarded-proto": "http", "x-envoy-original-host": "127.0.0.1:19468", "x-request-id": "049dda4e-b636-43c3-9170-c3978fe32faf", "x-envoy-expected-rq-timeout-ms": "15000", "req-start-time": "1790158802511"}}
redis-fixture-1  | 2026-09-23T10:20:02.516529095Z {"seq": 209, "time_ns": 3897294135977, "event": "redis_command", "id": "hit-r2-023", "command": "GET", "args": ["higress-audit:hit-r2-023"]}
redis-fixture-1  | 2026-09-23T10:20:02.516546790Z {"seq": 210, "time_ns": 3897294212626, "event": "redis_get_seen", "id": "hit-r2-023"}
redis-fixture-1  | 2026-09-23T10:20:02.526287475Z {"seq": 211, "time_ns": 3897303907491, "event": "redis_release_requested", "id": "hit-r2-023"}
envoy-1          | 2026-09-23T10:20:02.383202013Z [2026-09-23 10:20:02.383][29][debug][wasm] [external/envoy/source/extensions/common/wasm/context.cc:1538] wasm log response-cache response-cache response-cache: [response-cache] [nil] [5d93cc5c-7f8f-4b07-a4d1-9ed207174275] SetResponseBodyBufferLimit: 10485760
envoy-1          | 2026-09-23T10:20:02.383318325Z [2026-09-23 10:20:02.383][29][debug][wasm] [external/envoy/source/extensions/common/wasm/context.cc:1538] wasm log response-cache response-cache response-cache: [response-cache] [nil] [5d93cc5c-7f8f-4b07-a4d1-9ed207174275] [onHttpResponseBody] key is nil, skip cache
envoy-1          | 2026-09-23T10:20:02.512455328Z [2026-09-23 10:20:02.512][29][debug][wasm] [external/envoy/source/extensions/common/wasm/context.cc:1538] wasm log response-cache response-cache response-cache: [response-cache] [nil] [049dda4e-b636-43c3-9170-c3978fe32faf] [onHttpRequestHeaders] cache key from request header: x-http-cache-key, key: hit-r2-023
envoy-1          | 2026-09-23T10:20:02.512488556Z [2026-09-23 10:20:02.512][29][debug][wasm] [external/envoy/source/extensions/common/wasm/context.cc:1538] wasm log response-cache response-cache response-cache: [response-cache] [nil] [049dda4e-b636-43c3-9170-c3978fe32faf] [response-cache] [CheckCacheForKey] querying cache with key: higress-audit:hit-r2-023
envoy-1          | 2026-09-23T10:20:02.512525132Z [2026-09-23 10:20:02.512][29][debug][wasm] [external/envoy/source/extensions/common/wasm/context.cc:1538] wasm log response-cache response-cache response-cache: redis call start, request-id: cf4fca0b-858e-41da-9620-032e5f2c899c, respQuery: KjINCiQzDQpnZXQNCiQyNA0KaGlncmVzcy1hdWRpdDpoaXQtcjItMDIzDQo=
envoy-1          | 2026-09-23T10:20:02.526751431Z [2026-09-23 10:20:02.526][29][debug][wasm] [external/envoy/source/extensions/common/wasm/context.cc:1538] wasm log response-cache response-cache response-cache: redis call end, request-id: cf4fca0b-858e-41da-9620-032e5f2c899c, respQuery: KjINCiQzDQpnZXQNCiQyNA0KaGlncmVzcy1hdWRpdDpoaXQtcjItMDIzDQo=, respValue: JDQxDQp7InNvdXJjZSI6ImNhY2hlIiwidmFsdWUiOiJmaXh0dXJlLW9ubHkifQ0K
envoy-1          | 2026-09-23T10:20:02.526767713Z [2026-09-23 10:20:02.526][29][info][wasm] [external/envoy/source/extensions/common/wasm/context.cc:1541] wasm log response-cache response-cache response-cache: [response-cache] [nil] [049dda4e-b636-43c3-9170-c3978fe32faf] [response-cache] cache hit for key: hit-r2-023
envoy-1          | 2026-09-23T10:20:02.526835346Z [2026-09-23 10:20:02.526][29][debug][wasm] [external/envoy/source/extensions/common/wasm/context.cc:1538] wasm log response-cache response-cache response-cache: [response-cache] [nil] [049dda4e-b636-43c3-9170-c3978fe32faf] [response-cache] [processCacheHit] cached response for key hit-r2-023: {"source":"cache","value":"fixture-only"}
envoy-1          | 2026-09-23T10:20:02.527093118Z [2026-09-23 10:20:02.527][29][debug][wasm] [external/envoy/source/extensions/common/wasm/context.cc:1538] wasm log response-cache response-cache response-cache: [response-cache] [nil] [049dda4e-b636-43c3-9170-c3978fe32faf] SetResponseBodyBufferLimit: 10485760
envoy-1          | 2026-09-23T10:20:02.527197575Z [2026-09-23 10:20:02.527][29][debug][wasm] [external/envoy/source/extensions/common/wasm/context.cc:1538] wasm log response-cache response-cache response-cache: [response-cache] [nil] [049dda4e-b636-43c3-9170-c3978fe32faf] [onHttpResponseBody] key is nil, skip cache
envoy-1          | 2026-09-23T10:20:02.657041311Z [2026-09-23 10:20:02.656][29][debug][wasm] [external/envoy/source/extensions/common/wasm/context.cc:1538] wasm log response-cache response-cache response-cache: [response-cache] [nil] [7f9319cc-3a2d-417d-bd32-ab3f81e75144] [onHttpRequestHeaders] cache key from request header: x-http-cache-key, key: hit-r2-024
envoy-1          | 2026-09-23T10:20:02.657076291Z [2026-09-23 10:20:02.656][29][debug][wasm] [external/envoy/source/extensions/common/wasm/context.cc:1538] wasm log response-cache response-cache response-cache: [response-cache] [nil] [7f9319cc-3a2d-417d-bd32-ab3f81e75144] [response-cache] [CheckCacheForKey] querying cache with key: higress-audit:hit-r2-024
envoy-1          | 2026-09-23T10:20:02.657108604Z [2026-09-23 10:20:02.657][29][debug][wasm] [external/envoy/source/extensions/common/wasm/context.cc:1538] wasm log response-cache response-cache response-cache: redis call start, request-id: d8fba810-f829-417a-bc36-196f38858aa7, respQuery: KjINCiQzDQpnZXQNCiQyNA0KaGlncmVzcy1hdWRpdDpoaXQtcjItMDI0DQo=
envoy-1          | 2026-09-23T10:20:02.671322807Z [2026-09-23 10:20:02.671][29][debug][wasm] [external/envoy/source/extensions/common/wasm/context.cc:1538] wasm log response-cache response-cache response-cache: redis call end, request-id: d8fba810-f829-417a-bc36-196f38858aa7, respQuery: KjINCiQzDQpnZXQNCiQyNA0KaGlncmVzcy1hdWRpdDpoaXQtcjItMDI0DQo=, respValue: JDQxDQp7InNvdXJjZSI6ImNhY2hlIiwidmFsdWUiOiJmaXh0dXJlLW9ubHkifQ0K
envoy-1          | 2026-09-23T10:20:02.671341560Z [2026-09-23 10:20:02.671][29][info][wasm] [external/envoy/source/extensions/common/wasm/context.cc:1541] wasm log response-cache response-cache response-cache: [response-cache] [nil] [7f9319cc-3a2d-417d-bd32-ab3f81e75144] [response-cache] cache hit for key: hit-r2-024
envoy-1          | 2026-09-23T10:20:02.671352948Z [2026-09-23 10:20:02.671][29][debug][wasm] [external/envoy/source/extensions/common/wasm/context.cc:1538] wasm log response-cache response-cache response-cache: [response-cache] [nil] [7f9319cc-3a2d-417d-bd32-ab3f81e75144] [response-cache] [processCacheHit] cached response for key hit-r2-024: {"source":"cache","value":"fixture-only"}
envoy-1          | 2026-09-23T10:20:02.671629007Z [2026-09-23 10:20:02.671][29][debug][wasm] [external/envoy/source/extensions/common/wasm/context.cc:1538] wasm log response-cache response-cache response-cache: [response-cache] [nil] [7f9319cc-3a2d-417d-bd32-ab3f81e75144] SetResponseBodyBufferLimit: 10485760
envoy-1          | 2026-09-23T10:20:02.671712810Z [2026-09-23 10:20:02.671][29][debug][wasm] [external/envoy/source/extensions/common/wasm/context.cc:1538] wasm log response-cache response-cache response-cache: [response-cache] [nil] [7f9319cc-3a2d-417d-bd32-ab3f81e75144] [onHttpResponseBody] key is nil, skip cache
envoy-1          | 2026-09-23T10:20:02.801013774Z [2026-09-23 10:20:02.800][29][debug][wasm] [external/envoy/source/extensions/common/wasm/context.cc:1538] wasm log response-cache response-cache response-cache: [response-cache] [nil] [51c4bcba-1510-440f-8a50-8d348c5cea4e] [onHttpRequestHeaders] cache key from request header: x-http-cache-key, key: hit-r2-025
envoy-1          | 2026-09-23T10:20:02.801064502Z [2026-09-23 10:20:02.800][29][debug][wasm] [external/envoy/source/extensions/common/wasm/context.cc:1538] wasm log response-cache response-cache response-cache: [response-cache] [nil] [51c4bcba-1510-440f-8a50-8d348c5cea4e] [response-cache] [CheckCacheForKey] querying cache with key: higress-audit:hit-r2-025
redis-fixture-1  | 2026-09-23T10:20:02.526325892Z {"seq": 212, "time_ns": 3897304063649, "event": "redis_reply_released", "id": "hit-r2-023", "mode": "hit"}
redis-fixture-1  | 2026-09-23T10:20:02.530357649Z {"seq": 213, "time_ns": 3897308074776, "event": "client_complete", "id": "hit-r2-023", "status": "200", "curl_exit": 0, "body_sha256": "da87d065c0f96d585f02840dc10c88f7e8edac17ae77dbdae4b9e051a619338f"}
redis-fixture-1  | 2026-09-23T10:20:02.532641125Z {"seq": 214, "time_ns": 3897310271670, "event": "upstream_peer_closed", "id": "hit-r2-023"}
redis-fixture-1  | 2026-09-23T10:20:02.640408228Z {"seq": 215, "time_ns": 3897417977983, "event": "redis_release_requested", "id": "hit-r2-023"}
redis-fixture-1  | 2026-09-23T10:20:02.644485923Z {"seq": 216, "time_ns": 3897422070615, "event": "prepared", "id": "hit-r2-024", "mode": "hit", "key": "higress-audit:hit-r2-024", "value": "{\"source\":\"cache\",\"value\":\"fixture-only\"}"}
redis-fixture-1  | 2026-09-23T10:20:02.658507998Z {"seq": 217, "time_ns": 3897436070671, "event": "upstream_seen", "id": "hit-r2-024", "headers": {"host": "127.0.0.1:19468", "user-agent": "curl/7.81.0", "accept": "*/*", "x-http-cache-key": "hit-r2-024", "x-verification-id": "hit-r2-024", "x-forwarded-proto": "http", "x-envoy-original-host": "127.0.0.1:19468", "x-request-id": "7f9319cc-3a2d-417d-bd32-ab3f81e75144", "x-envoy-expected-rq-timeout-ms": "15000", "req-start-time": "1790158802656"}}
redis-fixture-1  | 2026-09-23T10:20:02.661132198Z {"seq": 218, "time_ns": 3897438716084, "event": "redis_command", "id": "hit-r2-024", "command": "GET", "args": ["higress-audit:hit-r2-024"]}
redis-fixture-1  | 2026-09-23T10:20:02.661163295Z {"seq": 219, "time_ns": 3897438756203, "event": "redis_get_seen", "id": "hit-r2-024"}
redis-fixture-1  | 2026-09-23T10:20:02.670895453Z {"seq": 220, "time_ns": 3897448470734, "event": "redis_release_requested", "id": "hit-r2-024"}
redis-fixture-1  | 2026-09-23T10:20:02.670928129Z {"seq": 221, "time_ns": 3897448584946, "event": "redis_reply_released", "id": "hit-r2-024", "mode": "hit"}
redis-fixture-1  | 2026-09-23T10:20:02.674947756Z {"seq": 222, "time_ns": 3897452578602, "event": "client_complete", "id": "hit-r2-024", "status": "200", "curl_exit": 0, "body_sha256": "da87d065c0f96d585f02840dc10c88f7e8edac17ae77dbdae4b9e051a619338f"}
redis-fixture-1  | 2026-09-23T10:20:02.677334586Z {"seq": 223, "time_ns": 3897454925776, "event": "upstream_peer_closed", "id": "hit-r2-024"}
redis-fixture-1  | 2026-09-23T10:20:02.785154852Z {"seq": 224, "time_ns": 3897562722017, "event": "redis_release_requested", "id": "hit-r2-024"}
redis-fixture-1  | 2026-09-23T10:20:02.788965278Z {"seq": 225, "time_ns": 3897566551733, "event": "prepared", "id": "hit-r2-025", "mode": "hit", "key": "higress-audit:hit-r2-025", "value": "{\"source\":\"cache\",\"value\":\"fixture-only\"}"}
envoy-1          | 2026-09-23T10:20:02.801132414Z [2026-09-23 10:20:02.801][29][debug][wasm] [external/envoy/source/extensions/common/wasm/context.cc:1538] wasm log response-cache response-cache response-cache: redis call start, request-id: 66f34c7a-6cbf-45ac-8f36-ad2a07b9f260, respQuery: KjINCiQzDQpnZXQNCiQyNA0KaGlncmVzcy1hdWRpdDpoaXQtcjItMDI1DQo=
envoy-1          | 2026-09-23T10:20:02.815064414Z [2026-09-23 10:20:02.814][29][debug][wasm] [external/envoy/source/extensions/common/wasm/context.cc:1538] wasm log response-cache response-cache response-cache: redis call end, request-id: 66f34c7a-6cbf-45ac-8f36-ad2a07b9f260, respQuery: KjINCiQzDQpnZXQNCiQyNA0KaGlncmVzcy1hdWRpdDpoaXQtcjItMDI1DQo=, respValue: JDQxDQp7InNvdXJjZSI6ImNhY2hlIiwidmFsdWUiOiJmaXh0dXJlLW9ubHkifQ0K
envoy-1          | 2026-09-23T10:20:02.815096809Z [2026-09-23 10:20:02.815][29][info][wasm] [external/envoy/source/extensions/common/wasm/context.cc:1541] wasm log response-cache response-cache response-cache: [response-cache] [nil] [51c4bcba-1510-440f-8a50-8d348c5cea4e] [response-cache] cache hit for key: hit-r2-025
redis-fixture-1  | 2026-09-23T10:20:02.802544050Z {"seq": 226, "time_ns": 3897580177887, "event": "upstream_seen", "id": "hit-r2-025", "headers": {"host": "127.0.0.1:19468", "user-agent": "curl/7.81.0", "accept": "*/*", "x-http-cache-key": "hit-r2-025", "x-verification-id": "hit-r2-025", "x-forwarded-proto": "http", "x-envoy-original-host": "127.0.0.1:19468", "x-request-id": "51c4bcba-1510-440f-8a50-8d348c5cea4e", "x-envoy-expected-rq-timeout-ms": "15000", "req-start-time": "1790158802800"}}
redis-fixture-1  | 2026-09-23T10:20:02.805178494Z {"seq": 227, "time_ns": 3897582762928, "event": "redis_command", "id": "hit-r2-025", "command": "GET", "args": ["higress-audit:hit-r2-025"]}
redis-fixture-1  | 2026-09-23T10:20:02.805209422Z {"seq": 228, "time_ns": 3897582804571, "event": "redis_get_seen", "id": "hit-r2-025"}
redis-fixture-1  | 2026-09-23T10:20:02.814607962Z {"seq": 229, "time_ns": 3897592252636, "event": "redis_release_requested", "id": "hit-r2-025"}
redis-fixture-1  | 2026-09-23T10:20:02.814657650Z {"seq": 230, "time_ns": 3897592364511, "event": "redis_reply_released", "id": "hit-r2-025", "mode": "hit"}
redis-fixture-1  | 2026-09-23T10:20:02.823084847Z {"seq": 231, "time_ns": 3897600718783, "event": "client_complete", "id": "hit-r2-025", "status": "200", "curl_exit": 0, "body_sha256": "da87d065c0f96d585f02840dc10c88f7e8edac17ae77dbdae4b9e051a619338f"}
redis-fixture-1  | 2026-09-23T10:20:02.827457012Z {"seq": 232, "time_ns": 3897605027763, "event": "upstream_peer_closed", "id": "hit-r2-025"}
redis-fixture-1  | 2026-09-23T10:20:02.935361699Z {"seq": 233, "time_ns": 3897712976103, "event": "redis_release_requested", "id": "hit-r2-025"}
redis-fixture-1  | 2026-09-23T10:20:02.939639533Z {"seq": 234, "time_ns": 3897717234012, "event": "prepared", "id": "hit-r2-026", "mode": "hit", "key": "higress-audit:hit-r2-026", "value": "{\"source\":\"cache\",\"value\":\"fixture-only\"}"}
redis-fixture-1  | 2026-09-23T10:20:02.954098565Z {"seq": 235, "time_ns": 3897731728082, "event": "upstream_seen", "id": "hit-r2-026", "headers": {"host": "127.0.0.1:19468", "user-agent": "curl/7.81.0", "accept": "*/*", "x-http-cache-key": "hit-r2-026", "x-verification-id": "hit-r2-026", "x-forwarded-proto": "http", "x-envoy-original-host": "127.0.0.1:19468", "x-request-id": "19f9f946-7b39-443c-afc2-ef33e17e02a6", "x-envoy-expected-rq-timeout-ms": "15000", "req-start-time": "1790158802951"}}
redis-fixture-1  | 2026-09-23T10:20:02.956677402Z {"seq": 236, "time_ns": 3897734371402, "event": "redis_command", "id": "hit-r2-026", "command": "GET", "args": ["higress-audit:hit-r2-026"]}
redis-fixture-1  | 2026-09-23T10:20:02.956970780Z {"seq": 237, "time_ns": 3897734455522, "event": "redis_get_seen", "id": "hit-r2-026"}
redis-fixture-1  | 2026-09-23T10:20:02.965811452Z {"seq": 238, "time_ns": 3897743429074, "event": "redis_release_requested", "id": "hit-r2-026"}
redis-fixture-1  | 2026-09-23T10:20:02.965909993Z {"seq": 239, "time_ns": 3897743616485, "event": "redis_reply_released", "id": "hit-r2-026", "mode": "hit"}
redis-fixture-1  | 2026-09-23T10:20:02.970169009Z {"seq": 240, "time_ns": 3897747794022, "event": "client_complete", "id": "hit-r2-026", "status": "200", "curl_exit": 0, "body_sha256": "da87d065c0f96d585f02840dc10c88f7e8edac17ae77dbdae4b9e051a619338f"}
redis-fixture-1  | 2026-09-23T10:20:02.972405814Z {"seq": 241, "time_ns": 3897750046929, "event": "upstream_peer_closed", "id": "hit-r2-026"}
redis-fixture-1  | 2026-09-23T10:20:03.080051912Z {"seq": 242, "time_ns": 3897857627437, "event": "redis_release_requested", "id": "hit-r2-026"}
redis-fixture-1  | 2026-09-23T10:20:03.084124338Z {"seq": 243, "time_ns": 3897861804804, "event": "prepared", "id": "hit-r2-027", "mode": "hit", "key": "higress-audit:hit-r2-027", "value": "{\"source\":\"cache\",\"value\":\"fixture-only\"}"}
redis-fixture-1  | 2026-09-23T10:20:03.098065346Z {"seq": 244, "time_ns": 3897875637085, "event": "upstream_seen", "id": "hit-r2-027", "headers": {"host": "127.0.0.1:19468", "user-agent": "curl/7.81.0", "accept": "*/*", "x-http-cache-key": "hit-r2-027", "x-verification-id": "hit-r2-027", "x-forwarded-proto": "http", "x-envoy-original-host": "127.0.0.1:19468", "x-request-id": "4f2f22c0-6e06-4a3d-af8b-87032a49174a", "x-envoy-expected-rq-timeout-ms": "15000", "req-start-time": "1790158803096"}}
redis-fixture-1  | 2026-09-23T10:20:03.100647681Z {"seq": 245, "time_ns": 3897878280402, "event": "redis_command", "id": "hit-r2-027", "command": "GET", "args": ["higress-audit:hit-r2-027"]}
redis-fixture-1  | 2026-09-23T10:20:03.100679737Z {"seq": 246, "time_ns": 3897878322982, "event": "redis_get_seen", "id": "hit-r2-027"}
redis-fixture-1  | 2026-09-23T10:20:03.110662966Z {"seq": 247, "time_ns": 3897888306895, "event": "redis_release_requested", "id": "hit-r2-027"}
redis-fixture-1  | 2026-09-23T10:20:03.110723226Z {"seq": 248, "time_ns": 3897888454743, "event": "redis_reply_released", "id": "hit-r2-027", "mode": "hit"}
redis-fixture-1  | 2026-09-23T10:20:03.115059839Z {"seq": 249, "time_ns": 3897892697803, "event": "client_complete", "id": "hit-r2-027", "status": "200", "curl_exit": 0, "body_sha256": "da87d065c0f96d585f02840dc10c88f7e8edac17ae77dbdae4b9e051a619338f"}
redis-fixture-1  | 2026-09-23T10:20:03.117053118Z {"seq": 250, "time_ns": 3897894707064, "event": "upstream_peer_closed", "id": "hit-r2-027"}
redis-fixture-1  | 2026-09-23T10:20:03.225671767Z {"seq": 251, "time_ns": 3898003227483, "event": "redis_release_requested", "id": "hit-r2-027"}
redis-fixture-1  | 2026-09-23T10:20:03.229668870Z {"seq": 252, "time_ns": 3898007325250, "event": "prepared", "id": "hit-r2-028", "mode": "hit", "key": "higress-audit:hit-r2-028", "value": "{\"source\":\"cache\",\"value\":\"fixture-only\"}"}
redis-fixture-1  | 2026-09-23T10:20:03.242261610Z {"seq": 253, "time_ns": 3898019916737, "event": "upstream_seen", "id": "hit-r2-028", "headers": {"host": "127.0.0.1:19468", "user-agent": "curl/7.81.0", "accept": "*/*", "x-http-cache-key": "hit-r2-028", "x-verification-id": "hit-r2-028", "x-forwarded-proto": "http", "x-envoy-original-host": "127.0.0.1:19468", "x-request-id": "1c1390f8-a840-4e82-a8a6-471f0318d495", "x-envoy-expected-rq-timeout-ms": "15000", "req-start-time": "1790158803240"}}
redis-fixture-1  | 2026-09-23T10:20:03.245247869Z {"seq": 254, "time_ns": 3898022798559, "event": "redis_command", "id": "hit-r2-028", "command": "GET", "args": ["higress-audit:hit-r2-028"]}
redis-fixture-1  | 2026-09-23T10:20:03.245279116Z {"seq": 255, "time_ns": 3898022874368, "event": "redis_get_seen", "id": "hit-r2-028"}
redis-fixture-1  | 2026-09-23T10:20:03.255375222Z {"seq": 256, "time_ns": 3898033019863, "event": "redis_release_requested", "id": "hit-r2-028"}
redis-fixture-1  | 2026-09-23T10:20:03.255437882Z {"seq": 257, "time_ns": 3898033159961, "event": "redis_reply_released", "id": "hit-r2-028", "mode": "hit"}
redis-fixture-1  | 2026-09-23T10:20:03.259170275Z {"seq": 258, "time_ns": 3898036806969, "event": "client_complete", "id": "hit-r2-028", "status": "200", "curl_exit": 0, "body_sha256": "da87d065c0f96d585f02840dc10c88f7e8edac17ae77dbdae4b9e051a619338f"}
redis-fixture-1  | 2026-09-23T10:20:03.261393231Z {"seq": 259, "time_ns": 3898039024937, "event": "upstream_peer_closed", "id": "hit-r2-028"}
envoy-1          | 2026-09-23T10:20:02.815137105Z [2026-09-23 10:20:02.815][29][debug][wasm] [external/envoy/source/extensions/common/wasm/context.cc:1538] wasm log response-cache response-cache response-cache: [response-cache] [nil] [51c4bcba-1510-440f-8a50-8d348c5cea4e] [response-cache] [processCacheHit] cached response for key hit-r2-025: {"source":"cache","value":"fixture-only"}
envoy-1          | 2026-09-23T10:20:02.815426628Z [2026-09-23 10:20:02.815][29][debug][wasm] [external/envoy/source/extensions/common/wasm/context.cc:1538] wasm log response-cache response-cache response-cache: [response-cache] [nil] [51c4bcba-1510-440f-8a50-8d348c5cea4e] SetResponseBodyBufferLimit: 10485760
envoy-1          | 2026-09-23T10:20:02.815544964Z [2026-09-23 10:20:02.815][29][debug][wasm] [external/envoy/source/extensions/common/wasm/context.cc:1538] wasm log response-cache response-cache response-cache: [response-cache] [nil] [51c4bcba-1510-440f-8a50-8d348c5cea4e] [onHttpResponseBody] key is nil, skip cache
envoy-1          | 2026-09-23T10:20:02.952543631Z [2026-09-23 10:20:02.952][29][debug][wasm] [external/envoy/source/extensions/common/wasm/context.cc:1538] wasm log response-cache response-cache response-cache: [response-cache] [nil] [19f9f946-7b39-443c-afc2-ef33e17e02a6] [onHttpRequestHeaders] cache key from request header: x-http-cache-key, key: hit-r2-026
envoy-1          | 2026-09-23T10:20:02.952558362Z [2026-09-23 10:20:02.952][29][debug][wasm] [external/envoy/source/extensions/common/wasm/context.cc:1538] wasm log response-cache response-cache response-cache: [response-cache] [nil] [19f9f946-7b39-443c-afc2-ef33e17e02a6] [response-cache] [CheckCacheForKey] querying cache with key: higress-audit:hit-r2-026
envoy-1          | 2026-09-23T10:20:02.952615880Z [2026-09-23 10:20:02.952][29][debug][wasm] [external/envoy/source/extensions/common/wasm/context.cc:1538] wasm log response-cache response-cache response-cache: redis call start, request-id: e6fcc006-c8d7-445a-b9f3-9a4ca320fa60, respQuery: KjINCiQzDQpnZXQNCiQyNA0KaGlncmVzcy1hdWRpdDpoaXQtcjItMDI2DQo=
redis-fixture-1  | 2026-09-23T10:20:03.369753799Z {"seq": 260, "time_ns": 3898147393547, "event": "redis_release_requested", "id": "hit-r2-028"}
redis-fixture-1  | 2026-09-23T10:20:03.373914518Z {"seq": 261, "time_ns": 3898151553923, "event": "prepared", "id": "hit-r2-029", "mode": "hit", "key": "higress-audit:hit-r2-029", "value": "{\"source\":\"cache\",\"value\":\"fixture-only\"}"}
redis-fixture-1  | 2026-09-23T10:20:03.386571815Z {"seq": 262, "time_ns": 3898164253102, "event": "upstream_seen", "id": "hit-r2-029", "headers": {"host": "127.0.0.1:19468", "user-agent": "curl/7.81.0", "accept": "*/*", "x-http-cache-key": "hit-r2-029", "x-verification-id": "hit-r2-029", "x-forwarded-proto": "http", "x-envoy-original-host": "127.0.0.1:19468", "x-request-id": "c2b7b562-9a7a-4b3c-945c-16e2dad37012", "x-envoy-expected-rq-timeout-ms": "15000", "req-start-time": "1790158803384"}}
redis-fixture-1  | 2026-09-23T10:20:03.389457201Z {"seq": 263, "time_ns": 3898167069580, "event": "redis_command", "id": "hit-r2-029", "command": "GET", "args": ["higress-audit:hit-r2-029"]}
redis-fixture-1  | 2026-09-23T10:20:03.389489278Z {"seq": 264, "time_ns": 3898167142989, "event": "redis_get_seen", "id": "hit-r2-029"}
envoy-1          | 2026-09-23T10:20:02.966418165Z [2026-09-23 10:20:02.966][29][debug][wasm] [external/envoy/source/extensions/common/wasm/context.cc:1538] wasm log response-cache response-cache response-cache: redis call end, request-id: e6fcc006-c8d7-445a-b9f3-9a4ca320fa60, respQuery: KjINCiQzDQpnZXQNCiQyNA0KaGlncmVzcy1hdWRpdDpoaXQtcjItMDI2DQo=, respValue: JDQxDQp7InNvdXJjZSI6ImNhY2hlIiwidmFsdWUiOiJmaXh0dXJlLW9ubHkifQ0K
redis-fixture-1  | 2026-09-23T10:20:03.400411525Z {"seq": 265, "time_ns": 3898178054887, "event": "redis_release_requested", "id": "hit-r2-029"}
redis-fixture-1  | 2026-09-23T10:20:03.400465290Z {"seq": 266, "time_ns": 3898178185433, "event": "redis_reply_released", "id": "hit-r2-029", "mode": "hit"}
redis-fixture-1  | 2026-09-23T10:20:03.404831934Z {"seq": 267, "time_ns": 3898182442603, "event": "client_complete", "id": "hit-r2-029", "status": "200", "curl_exit": 0, "body_sha256": "da87d065c0f96d585f02840dc10c88f7e8edac17ae77dbdae4b9e051a619338f"}
redis-fixture-1  | 2026-09-23T10:20:03.406990575Z {"seq": 268, "time_ns": 3898184636541, "event": "upstream_peer_closed", "id": "hit-r2-029"}
redis-fixture-1  | 2026-09-23T10:20:03.514640668Z {"seq": 269, "time_ns": 3898292280515, "event": "redis_release_requested", "id": "hit-r2-029"}
redis-fixture-1  | 2026-09-23T10:20:03.518658219Z {"seq": 270, "time_ns": 3898296203094, "event": "prepared", "id": "hit-r2-030", "mode": "hit", "key": "higress-audit:hit-r2-030", "value": "{\"source\":\"cache\",\"value\":\"fixture-only\"}"}
redis-fixture-1  | 2026-09-23T10:20:03.532471145Z {"seq": 271, "time_ns": 3898310075289, "event": "upstream_seen", "id": "hit-r2-030", "headers": {"host": "127.0.0.1:19468", "user-agent": "curl/7.81.0", "accept": "*/*", "x-http-cache-key": "hit-r2-030", "x-verification-id": "hit-r2-030", "x-forwarded-proto": "http", "x-envoy-original-host": "127.0.0.1:19468", "x-request-id": "cdeec12f-b36c-4292-bf15-713451f3217e", "x-envoy-expected-rq-timeout-ms": "15000", "req-start-time": "1790158803530"}}
redis-fixture-1  | 2026-09-23T10:20:03.535004401Z {"seq": 272, "time_ns": 3898312612956, "event": "redis_command", "id": "hit-r2-030", "command": "GET", "args": ["higress-audit:hit-r2-030"]}
redis-fixture-1  | 2026-09-23T10:20:03.535055757Z {"seq": 273, "time_ns": 3898312687569, "event": "redis_get_seen", "id": "hit-r2-030"}
redis-fixture-1  | 2026-09-23T10:20:03.546840579Z {"seq": 274, "time_ns": 3898324450786, "event": "redis_release_requested", "id": "hit-r2-030"}
redis-fixture-1  | 2026-09-23T10:20:03.546885971Z {"seq": 275, "time_ns": 3898324590152, "event": "redis_reply_released", "id": "hit-r2-030", "mode": "hit"}
redis-fixture-1  | 2026-09-23T10:20:03.550903577Z {"seq": 276, "time_ns": 3898328546245, "event": "client_complete", "id": "hit-r2-030", "status": "200", "curl_exit": 0, "body_sha256": "da87d065c0f96d585f02840dc10c88f7e8edac17ae77dbdae4b9e051a619338f"}
redis-fixture-1  | 2026-09-23T10:20:03.552940465Z {"seq": 277, "time_ns": 3898330592345, "event": "upstream_peer_closed", "id": "hit-r2-030"}
envoy-1          | 2026-09-23T10:20:02.966474140Z [2026-09-23 10:20:02.966][29][info][wasm] [external/envoy/source/extensions/common/wasm/context.cc:1541] wasm log response-cache response-cache response-cache: [response-cache] [nil] [19f9f946-7b39-443c-afc2-ef33e17e02a6] [response-cache] cache hit for key: hit-r2-026
envoy-1          | 2026-09-23T10:20:02.966493100Z [2026-09-23 10:20:02.966][29][debug][wasm] [external/envoy/source/extensions/common/wasm/context.cc:1538] wasm log response-cache response-cache response-cache: [response-cache] [nil] [19f9f946-7b39-443c-afc2-ef33e17e02a6] [response-cache] [processCacheHit] cached response for key hit-r2-026: {"source":"cache","value":"fixture-only"}
envoy-1          | 2026-09-23T10:20:02.966788655Z [2026-09-23 10:20:02.966][29][debug][wasm] [external/envoy/source/extensions/common/wasm/context.cc:1538] wasm log response-cache response-cache response-cache: [response-cache] [nil] [19f9f946-7b39-443c-afc2-ef33e17e02a6] SetResponseBodyBufferLimit: 10485760
envoy-1          | 2026-09-23T10:20:02.966889144Z [2026-09-23 10:20:02.966][29][debug][wasm] [external/envoy/source/extensions/common/wasm/context.cc:1538] wasm log response-cache response-cache response-cache: [response-cache] [nil] [19f9f946-7b39-443c-afc2-ef33e17e02a6] [onHttpResponseBody] key is nil, skip cache
envoy-1          | 2026-09-23T10:20:03.096543049Z [2026-09-23 10:20:03.096][29][debug][wasm] [external/envoy/source/extensions/common/wasm/context.cc:1538] wasm log response-cache response-cache response-cache: [response-cache] [nil] [4f2f22c0-6e06-4a3d-af8b-87032a49174a] [onHttpRequestHeaders] cache key from request header: x-http-cache-key, key: hit-r2-027
redis-fixture-1  | 2026-09-23T10:20:03.660975258Z {"seq": 278, "time_ns": 3898438530620, "event": "redis_release_requested", "id": "hit-r2-030"}
redis-fixture-1  | 2026-09-23T10:20:03.664967248Z {"seq": 279, "time_ns": 3898442602610, "event": "prepared", "id": "hit-r2-031", "mode": "hit", "key": "higress-audit:hit-r2-031", "value": "{\"source\":\"cache\",\"value\":\"fixture-only\"}"}
redis-fixture-1  | 2026-09-23T10:20:03.677592053Z {"seq": 280, "time_ns": 3898455187643, "event": "upstream_seen", "id": "hit-r2-031", "headers": {"host": "127.0.0.1:19468", "user-agent": "curl/7.81.0", "accept": "*/*", "x-http-cache-key": "hit-r2-031", "x-verification-id": "hit-r2-031", "x-forwarded-proto": "http", "x-envoy-original-host": "127.0.0.1:19468", "x-request-id": "b66fcd71-0658-490a-bf6a-09d7ac8b7865", "x-envoy-expected-rq-timeout-ms": "15000", "req-start-time": "1790158803675"}}
redis-fixture-1  | 2026-09-23T10:20:03.680354862Z {"seq": 281, "time_ns": 3898457989470, "event": "redis_command", "id": "hit-r2-031", "command": "GET", "args": ["higress-audit:hit-r2-031"]}
redis-fixture-1  | 2026-09-23T10:20:03.680388109Z {"seq": 282, "time_ns": 3898458031334, "event": "redis_get_seen", "id": "hit-r2-031"}
envoy-1          | 2026-09-23T10:20:03.096575198Z [2026-09-23 10:20:03.096][29][debug][wasm] [external/envoy/source/extensions/common/wasm/context.cc:1538] wasm log response-cache response-cache response-cache: [response-cache] [nil] [4f2f22c0-6e06-4a3d-af8b-87032a49174a] [response-cache] [CheckCacheForKey] querying cache with key: higress-audit:hit-r2-027
envoy-1          | 2026-09-23T10:20:03.096701982Z [2026-09-23 10:20:03.096][29][debug][wasm] [external/envoy/source/extensions/common/wasm/context.cc:1538] wasm log response-cache response-cache response-cache: redis call start, request-id: 71ae62fc-5944-473d-9cab-29ffdef55686, respQuery: KjINCiQzDQpnZXQNCiQyNA0KaGlncmVzcy1hdWRpdDpoaXQtcjItMDI3DQo=
envoy-1          | 2026-09-23T10:20:03.111151705Z [2026-09-23 10:20:03.111][29][debug][wasm] [external/envoy/source/extensions/common/wasm/context.cc:1538] wasm log response-cache response-cache response-cache: redis call end, request-id: 71ae62fc-5944-473d-9cab-29ffdef55686, respQuery: KjINCiQzDQpnZXQNCiQyNA0KaGlncmVzcy1hdWRpdDpoaXQtcjItMDI3DQo=, respValue: JDQxDQp7InNvdXJjZSI6ImNhY2hlIiwidmFsdWUiOiJmaXh0dXJlLW9ubHkifQ0K
envoy-1          | 2026-09-23T10:20:03.111186954Z [2026-09-23 10:20:03.111][29][info][wasm] [external/envoy/source/extensions/common/wasm/context.cc:1541] wasm log response-cache response-cache response-cache: [response-cache] [nil] [4f2f22c0-6e06-4a3d-af8b-87032a49174a] [response-cache] cache hit for key: hit-r2-027
envoy-1          | 2026-09-23T10:20:03.111256602Z [2026-09-23 10:20:03.111][29][debug][wasm] [external/envoy/source/extensions/common/wasm/context.cc:1538] wasm log response-cache response-cache response-cache: [response-cache] [nil] [4f2f22c0-6e06-4a3d-af8b-87032a49174a] [response-cache] [processCacheHit] cached response for key hit-r2-027: {"source":"cache","value":"fixture-only"}
envoy-1          | 2026-09-23T10:20:03.111573541Z [2026-09-23 10:20:03.111][29][debug][wasm] [external/envoy/source/extensions/common/wasm/context.cc:1538] wasm log response-cache response-cache response-cache: [response-cache] [nil] [4f2f22c0-6e06-4a3d-af8b-87032a49174a] SetResponseBodyBufferLimit: 10485760
envoy-1          | 2026-09-23T10:20:03.111699082Z [2026-09-23 10:20:03.111][29][debug][wasm] [external/envoy/source/extensions/common/wasm/context.cc:1538] wasm log response-cache response-cache response-cache: [response-cache] [nil] [4f2f22c0-6e06-4a3d-af8b-87032a49174a] [onHttpResponseBody] key is nil, skip cache
envoy-1          | 2026-09-23T10:20:03.241007336Z [2026-09-23 10:20:03.240][29][debug][wasm] [external/envoy/source/extensions/common/wasm/context.cc:1538] wasm log response-cache response-cache response-cache: [response-cache] [nil] [1c1390f8-a840-4e82-a8a6-471f0318d495] [onHttpRequestHeaders] cache key from request header: x-http-cache-key, key: hit-r2-028
envoy-1          | 2026-09-23T10:20:03.241046465Z [2026-09-23 10:20:03.240][29][debug][wasm] [external/envoy/source/extensions/common/wasm/context.cc:1538] wasm log response-cache response-cache response-cache: [response-cache] [nil] [1c1390f8-a840-4e82-a8a6-471f0318d495] [response-cache] [CheckCacheForKey] querying cache with key: higress-audit:hit-r2-028
envoy-1          | 2026-09-23T10:20:03.241149925Z [2026-09-23 10:20:03.241][29][debug][wasm] [external/envoy/source/extensions/common/wasm/context.cc:1538] wasm log response-cache response-cache response-cache: redis call start, request-id: e5e13633-69d8-43b5-9d08-b7c830699836, respQuery: KjINCiQzDQpnZXQNCiQyNA0KaGlncmVzcy1hdWRpdDpoaXQtcjItMDI4DQo=
envoy-1          | 2026-09-23T10:20:03.255782521Z [2026-09-23 10:20:03.255][29][debug][wasm] [external/envoy/source/extensions/common/wasm/context.cc:1538] wasm log response-cache response-cache response-cache: redis call end, request-id: e5e13633-69d8-43b5-9d08-b7c830699836, respQuery: KjINCiQzDQpnZXQNCiQyNA0KaGlncmVzcy1hdWRpdDpoaXQtcjItMDI4DQo=, respValue: JDQxDQp7InNvdXJjZSI6ImNhY2hlIiwidmFsdWUiOiJmaXh0dXJlLW9ubHkifQ0K
envoy-1          | 2026-09-23T10:20:03.255815106Z [2026-09-23 10:20:03.255][29][info][wasm] [external/envoy/source/extensions/common/wasm/context.cc:1541] wasm log response-cache response-cache response-cache: [response-cache] [nil] [1c1390f8-a840-4e82-a8a6-471f0318d495] [response-cache] cache hit for key: hit-r2-028
envoy-1          | 2026-09-23T10:20:03.255880381Z [2026-09-23 10:20:03.255][29][debug][wasm] [external/envoy/source/extensions/common/wasm/context.cc:1538] wasm log response-cache response-cache response-cache: [response-cache] [nil] [1c1390f8-a840-4e82-a8a6-471f0318d495] [response-cache] [processCacheHit] cached response for key hit-r2-028: {"source":"cache","value":"fixture-only"}
envoy-1          | 2026-09-23T10:20:03.256165444Z [2026-09-23 10:20:03.256][29][debug][wasm] [external/envoy/source/extensions/common/wasm/context.cc:1538] wasm log response-cache response-cache response-cache: [response-cache] [nil] [1c1390f8-a840-4e82-a8a6-471f0318d495] SetResponseBodyBufferLimit: 10485760
envoy-1          | 2026-09-23T10:20:03.256286100Z [2026-09-23 10:20:03.256][29][debug][wasm] [external/envoy/source/extensions/common/wasm/context.cc:1538] wasm log response-cache response-cache response-cache: [response-cache] [nil] [1c1390f8-a840-4e82-a8a6-471f0318d495] [onHttpResponseBody] key is nil, skip cache
envoy-1          | 2026-09-23T10:20:03.385202552Z [2026-09-23 10:20:03.385][29][debug][wasm] [external/envoy/source/extensions/common/wasm/context.cc:1538] wasm log response-cache response-cache response-cache: [response-cache] [nil] [c2b7b562-9a7a-4b3c-945c-16e2dad37012] [onHttpRequestHeaders] cache key from request header: x-http-cache-key, key: hit-r2-029
envoy-1          | 2026-09-23T10:20:03.385242325Z [2026-09-23 10:20:03.385][29][debug][wasm] [external/envoy/source/extensions/common/wasm/context.cc:1538] wasm log response-cache response-cache response-cache: [response-cache] [nil] [c2b7b562-9a7a-4b3c-945c-16e2dad37012] [response-cache] [CheckCacheForKey] querying cache with key: higress-audit:hit-r2-029
envoy-1          | 2026-09-23T10:20:03.385412967Z [2026-09-23 10:20:03.385][29][debug][wasm] [external/envoy/source/extensions/common/wasm/context.cc:1538] wasm log response-cache response-cache response-cache: redis call start, request-id: 9d111c77-f064-4edc-b310-3a4fbd0dec1e, respQuery: KjINCiQzDQpnZXQNCiQyNA0KaGlncmVzcy1hdWRpdDpoaXQtcjItMDI5DQo=
envoy-1          | 2026-09-23T10:20:03.400925596Z [2026-09-23 10:20:03.400][29][debug][wasm] [external/envoy/source/extensions/common/wasm/context.cc:1538] wasm log response-cache response-cache response-cache: redis call end, request-id: 9d111c77-f064-4edc-b310-3a4fbd0dec1e, respQuery: KjINCiQzDQpnZXQNCiQyNA0KaGlncmVzcy1hdWRpdDpoaXQtcjItMDI5DQo=, respValue: JDQxDQp7InNvdXJjZSI6ImNhY2hlIiwidmFsdWUiOiJmaXh0dXJlLW9ubHkifQ0K
envoy-1          | 2026-09-23T10:20:03.400957909Z [2026-09-23 10:20:03.400][29][info][wasm] [external/envoy/source/extensions/common/wasm/context.cc:1541] wasm log response-cache response-cache response-cache: [response-cache] [nil] [c2b7b562-9a7a-4b3c-945c-16e2dad37012] [response-cache] cache hit for key: hit-r2-029
envoy-1          | 2026-09-23T10:20:03.400977606Z [2026-09-23 10:20:03.400][29][debug][wasm] [external/envoy/source/extensions/common/wasm/context.cc:1538] wasm log response-cache response-cache response-cache: [response-cache] [nil] [c2b7b562-9a7a-4b3c-945c-16e2dad37012] [response-cache] [processCacheHit] cached response for key hit-r2-029: {"source":"cache","value":"fixture-only"}
envoy-1          | 2026-09-23T10:20:03.401265819Z [2026-09-23 10:20:03.401][29][debug][wasm] [external/envoy/source/extensions/common/wasm/context.cc:1538] wasm log response-cache response-cache response-cache: [response-cache] [nil] [c2b7b562-9a7a-4b3c-945c-16e2dad37012] SetResponseBodyBufferLimit: 10485760
envoy-1          | 2026-09-23T10:20:03.401412213Z [2026-09-23 10:20:03.401][29][debug][wasm] [external/envoy/source/extensions/common/wasm/context.cc:1538] wasm log response-cache response-cache response-cache: [response-cache] [nil] [c2b7b562-9a7a-4b3c-945c-16e2dad37012] [onHttpResponseBody] key is nil, skip cache
envoy-1          | 2026-09-23T10:20:03.530851813Z [2026-09-23 10:20:03.530][29][debug][wasm] [external/envoy/source/extensions/common/wasm/context.cc:1538] wasm log response-cache response-cache response-cache: [response-cache] [nil] [cdeec12f-b36c-4292-bf15-713451f3217e] [onHttpRequestHeaders] cache key from request header: x-http-cache-key, key: hit-r2-030
envoy-1          | 2026-09-23T10:20:03.530891668Z [2026-09-23 10:20:03.530][29][debug][wasm] [external/envoy/source/extensions/common/wasm/context.cc:1538] wasm log response-cache response-cache response-cache: [response-cache] [nil] [cdeec12f-b36c-4292-bf15-713451f3217e] [response-cache] [CheckCacheForKey] querying cache with key: higress-audit:hit-r2-030
envoy-1          | 2026-09-23T10:20:03.531029638Z [2026-09-23 10:20:03.530][29][debug][wasm] [external/envoy/source/extensions/common/wasm/context.cc:1538] wasm log response-cache response-cache response-cache: redis call start, request-id: e6e31961-1425-4032-92d2-48d124f73ac0, respQuery: KjINCiQzDQpnZXQNCiQyNA0KaGlncmVzcy1hdWRpdDpoaXQtcjItMDMwDQo=
envoy-1          | 2026-09-23T10:20:03.547260314Z [2026-09-23 10:20:03.547][29][debug][wasm] [external/envoy/source/extensions/common/wasm/context.cc:1538] wasm log response-cache response-cache response-cache: redis call end, request-id: e6e31961-1425-4032-92d2-48d124f73ac0, respQuery: KjINCiQzDQpnZXQNCiQyNA0KaGlncmVzcy1hdWRpdDpoaXQtcjItMDMwDQo=, respValue: JDQxDQp7InNvdXJjZSI6ImNhY2hlIiwidmFsdWUiOiJmaXh0dXJlLW9ubHkifQ0K
envoy-1          | 2026-09-23T10:20:03.547292958Z [2026-09-23 10:20:03.547][29][info][wasm] [external/envoy/source/extensions/common/wasm/context.cc:1541] wasm log response-cache response-cache response-cache: [response-cache] [nil] [cdeec12f-b36c-4292-bf15-713451f3217e] [response-cache] cache hit for key: hit-r2-030
envoy-1          | 2026-09-23T10:20:03.547327542Z [2026-09-23 10:20:03.547][29][debug][wasm] [external/envoy/source/extensions/common/wasm/context.cc:1538] wasm log response-cache response-cache response-cache: [response-cache] [nil] [cdeec12f-b36c-4292-bf15-713451f3217e] [response-cache] [processCacheHit] cached response for key hit-r2-030: {"source":"cache","value":"fixture-only"}
redis-fixture-1  | 2026-09-23T10:20:03.691396718Z {"seq": 283, "time_ns": 3898468955226, "event": "redis_release_requested", "id": "hit-r2-031"}
redis-fixture-1  | 2026-09-23T10:20:03.691437571Z {"seq": 284, "time_ns": 3898469080362, "event": "redis_reply_released", "id": "hit-r2-031", "mode": "hit"}
redis-fixture-1  | 2026-09-23T10:20:03.695585354Z {"seq": 285, "time_ns": 3898473199646, "event": "client_complete", "id": "hit-r2-031", "status": "200", "curl_exit": 0, "body_sha256": "da87d065c0f96d585f02840dc10c88f7e8edac17ae77dbdae4b9e051a619338f"}
redis-fixture-1  | 2026-09-23T10:20:03.697853899Z {"seq": 286, "time_ns": 3898475535056, "event": "upstream_peer_closed", "id": "hit-r2-031"}
redis-fixture-1  | 2026-09-23T10:20:03.806571605Z {"seq": 287, "time_ns": 3898584203723, "event": "redis_release_requested", "id": "hit-r2-031"}
redis-fixture-1  | 2026-09-23T10:20:03.810579076Z {"seq": 288, "time_ns": 3898588192131, "event": "prepared", "id": "hit-r2-032", "mode": "hit", "key": "higress-audit:hit-r2-032", "value": "{\"source\":\"cache\",\"value\":\"fixture-only\"}"}
redis-fixture-1  | 2026-09-23T10:20:03.824187732Z {"seq": 289, "time_ns": 3898601840264, "event": "upstream_seen", "id": "hit-r2-032", "headers": {"host": "127.0.0.1:19468", "user-agent": "curl/7.81.0", "accept": "*/*", "x-http-cache-key": "hit-r2-032", "x-verification-id": "hit-r2-032", "x-forwarded-proto": "http", "x-envoy-original-host": "127.0.0.1:19468", "x-request-id": "3a8a9a9d-18a0-4a38-aca6-608adf1b177e", "x-envoy-expected-rq-timeout-ms": "15000", "req-start-time": "1790158803822"}}
redis-fixture-1  | 2026-09-23T10:20:03.826860175Z {"seq": 290, "time_ns": 3898604539941, "event": "redis_command", "id": "hit-r2-032", "command": "GET", "args": ["higress-audit:hit-r2-032"]}
redis-fixture-1  | 2026-09-23T10:20:03.826893036Z {"seq": 291, "time_ns": 3898604582981, "event": "redis_get_seen", "id": "hit-r2-032"}
redis-fixture-1  | 2026-09-23T10:20:03.839078433Z {"seq": 292, "time_ns": 3898616633679, "event": "redis_release_requested", "id": "hit-r2-032"}
redis-fixture-1  | 2026-09-23T10:20:03.839111174Z {"seq": 293, "time_ns": 3898616753494, "event": "redis_reply_released", "id": "hit-r2-032", "mode": "hit"}
redis-fixture-1  | 2026-09-23T10:20:03.843171373Z {"seq": 294, "time_ns": 3898620895063, "event": "client_complete", "id": "hit-r2-032", "status": "200", "curl_exit": 0, "body_sha256": "da87d065c0f96d585f02840dc10c88f7e8edac17ae77dbdae4b9e051a619338f"}
redis-fixture-1  | 2026-09-23T10:20:03.845638011Z {"seq": 295, "time_ns": 3898623295226, "event": "upstream_peer_closed", "id": "hit-r2-032"}
redis-fixture-1  | 2026-09-23T10:20:03.954455826Z {"seq": 296, "time_ns": 3898732083300, "event": "redis_release_requested", "id": "hit-r2-032"}
redis-fixture-1  | 2026-09-23T10:20:03.958957436Z {"seq": 297, "time_ns": 3898736650861, "event": "prepared", "id": "hit-r2-033", "mode": "hit", "key": "higress-audit:hit-r2-033", "value": "{\"source\":\"cache\",\"value\":\"fixture-only\"}"}
redis-fixture-1  | 2026-09-23T10:20:03.972445391Z {"seq": 298, "time_ns": 3898750026082, "event": "upstream_seen", "id": "hit-r2-033", "headers": {"host": "127.0.0.1:19468", "user-agent": "curl/7.81.0", "accept": "*/*", "x-http-cache-key": "hit-r2-033", "x-verification-id": "hit-r2-033", "x-forwarded-proto": "http", "x-envoy-original-host": "127.0.0.1:19468", "x-request-id": "1c35cb05-bc17-4756-b2d4-08e89f12ee12", "x-envoy-expected-rq-timeout-ms": "15000", "req-start-time": "1790158803970"}}
redis-fixture-1  | 2026-09-23T10:20:03.975261529Z {"seq": 299, "time_ns": 3898752818399, "event": "redis_command", "id": "hit-r2-033", "command": "GET", "args": ["higress-audit:hit-r2-033"]}
redis-fixture-1  | 2026-09-23T10:20:03.975294748Z {"seq": 300, "time_ns": 3898752891268, "event": "redis_get_seen", "id": "hit-r2-033"}
redis-fixture-1  | 2026-09-23T10:20:03.987548702Z {"seq": 301, "time_ns": 3898765122142, "event": "redis_release_requested", "id": "hit-r2-033"}
redis-fixture-1  | 2026-09-23T10:20:03.987647591Z {"seq": 302, "time_ns": 3898765330251, "event": "redis_reply_released", "id": "hit-r2-033", "mode": "hit"}
redis-fixture-1  | 2026-09-23T10:20:03.991764626Z {"seq": 303, "time_ns": 3898769384707, "event": "client_complete", "id": "hit-r2-033", "status": "200", "curl_exit": 0, "body_sha256": "da87d065c0f96d585f02840dc10c88f7e8edac17ae77dbdae4b9e051a619338f"}
redis-fixture-1  | 2026-09-23T10:20:03.994009276Z {"seq": 304, "time_ns": 3898771699124, "event": "upstream_peer_closed", "id": "hit-r2-033"}
redis-fixture-1  | 2026-09-23T10:20:04.101939603Z {"seq": 305, "time_ns": 3898879542571, "event": "redis_release_requested", "id": "hit-r2-033"}
redis-fixture-1  | 2026-09-23T10:20:04.106668135Z {"seq": 306, "time_ns": 3898884339791, "event": "prepared", "id": "hit-r2-034", "mode": "hit", "key": "higress-audit:hit-r2-034", "value": "{\"source\":\"cache\",\"value\":\"fixture-only\"}"}
redis-fixture-1  | 2026-09-23T10:20:04.122589150Z {"seq": 307, "time_ns": 3898900226873, "event": "redis_command", "id": "hit-r2-034", "command": "GET", "args": ["higress-audit:hit-r2-034"]}
envoy-1          | 2026-09-23T10:20:03.547570333Z [2026-09-23 10:20:03.547][29][debug][wasm] [external/envoy/source/extensions/common/wasm/context.cc:1538] wasm log response-cache response-cache response-cache: [response-cache] [nil] [cdeec12f-b36c-4292-bf15-713451f3217e] SetResponseBodyBufferLimit: 10485760
envoy-1          | 2026-09-23T10:20:03.547681749Z [2026-09-23 10:20:03.547][29][debug][wasm] [external/envoy/source/extensions/common/wasm/context.cc:1538] wasm log response-cache response-cache response-cache: [response-cache] [nil] [cdeec12f-b36c-4292-bf15-713451f3217e] [onHttpResponseBody] key is nil, skip cache
envoy-1          | 2026-09-23T10:20:03.676241498Z [2026-09-23 10:20:03.676][29][debug][wasm] [external/envoy/source/extensions/common/wasm/context.cc:1538] wasm log response-cache response-cache response-cache: [response-cache] [nil] [b66fcd71-0658-490a-bf6a-09d7ac8b7865] [onHttpRequestHeaders] cache key from request header: x-http-cache-key, key: hit-r2-031
envoy-1          | 2026-09-23T10:20:03.676281423Z [2026-09-23 10:20:03.676][29][debug][wasm] [external/envoy/source/extensions/common/wasm/context.cc:1538] wasm log response-cache response-cache response-cache: [response-cache] [nil] [b66fcd71-0658-490a-bf6a-09d7ac8b7865] [response-cache] [CheckCacheForKey] querying cache with key: higress-audit:hit-r2-031
envoy-1          | 2026-09-23T10:20:03.676385279Z [2026-09-23 10:20:03.676][29][debug][wasm] [external/envoy/source/extensions/common/wasm/context.cc:1538] wasm log response-cache response-cache response-cache: redis call start, request-id: 8a29480a-8b95-489a-8e8f-51ee92d896c1, respQuery: KjINCiQzDQpnZXQNCiQyNA0KaGlncmVzcy1hdWRpdDpoaXQtcjItMDMxDQo=
envoy-1          | 2026-09-23T10:20:03.691750549Z [2026-09-23 10:20:03.691][29][debug][wasm] [external/envoy/source/extensions/common/wasm/context.cc:1538] wasm log response-cache response-cache response-cache: redis call end, request-id: 8a29480a-8b95-489a-8e8f-51ee92d896c1, respQuery: KjINCiQzDQpnZXQNCiQyNA0KaGlncmVzcy1hdWRpdDpoaXQtcjItMDMxDQo=, respValue: JDQxDQp7InNvdXJjZSI6ImNhY2hlIiwidmFsdWUiOiJmaXh0dXJlLW9ubHkifQ0K
envoy-1          | 2026-09-23T10:20:03.691801361Z [2026-09-23 10:20:03.691][29][info][wasm] [external/envoy/source/extensions/common/wasm/context.cc:1541] wasm log response-cache response-cache response-cache: [response-cache] [nil] [b66fcd71-0658-490a-bf6a-09d7ac8b7865] [response-cache] cache hit for key: hit-r2-031
envoy-1          | 2026-09-23T10:20:03.691849085Z [2026-09-23 10:20:03.691][29][debug][wasm] [external/envoy/source/extensions/common/wasm/context.cc:1538] wasm log response-cache response-cache response-cache: [response-cache] [nil] [b66fcd71-0658-490a-bf6a-09d7ac8b7865] [response-cache] [processCacheHit] cached response for key hit-r2-031: {"source":"cache","value":"fixture-only"}
envoy-1          | 2026-09-23T10:20:03.692137687Z [2026-09-23 10:20:03.692][29][debug][wasm] [external/envoy/source/extensions/common/wasm/context.cc:1538] wasm log response-cache response-cache response-cache: [response-cache] [nil] [b66fcd71-0658-490a-bf6a-09d7ac8b7865] SetResponseBodyBufferLimit: 10485760
envoy-1          | 2026-09-23T10:20:03.692261401Z [2026-09-23 10:20:03.692][29][debug][wasm] [external/envoy/source/extensions/common/wasm/context.cc:1538] wasm log response-cache response-cache response-cache: [response-cache] [nil] [b66fcd71-0658-490a-bf6a-09d7ac8b7865] [onHttpResponseBody] key is nil, skip cache
envoy-1          | 2026-09-23T10:20:03.822819106Z [2026-09-23 10:20:03.822][29][debug][wasm] [external/envoy/source/extensions/common/wasm/context.cc:1538] wasm log response-cache response-cache response-cache: [response-cache] [nil] [3a8a9a9d-18a0-4a38-aca6-608adf1b177e] [onHttpRequestHeaders] cache key from request header: x-http-cache-key, key: hit-r2-032
envoy-1          | 2026-09-23T10:20:03.822858722Z [2026-09-23 10:20:03.822][29][debug][wasm] [external/envoy/source/extensions/common/wasm/context.cc:1538] wasm log response-cache response-cache response-cache: [response-cache] [nil] [3a8a9a9d-18a0-4a38-aca6-608adf1b177e] [response-cache] [CheckCacheForKey] querying cache with key: higress-audit:hit-r2-032
envoy-1          | 2026-09-23T10:20:03.823057695Z [2026-09-23 10:20:03.822][29][debug][wasm] [external/envoy/source/extensions/common/wasm/context.cc:1538] wasm log response-cache response-cache response-cache: redis call start, request-id: c4236f65-41e7-4e8f-a6b7-633dc9e62a6f, respQuery: KjINCiQzDQpnZXQNCiQyNA0KaGlncmVzcy1hdWRpdDpoaXQtcjItMDMyDQo=
envoy-1          | 2026-09-23T10:20:03.839564349Z [2026-09-23 10:20:03.839][29][debug][wasm] [external/envoy/source/extensions/common/wasm/context.cc:1538] wasm log response-cache response-cache response-cache: redis call end, request-id: c4236f65-41e7-4e8f-a6b7-633dc9e62a6f, respQuery: KjINCiQzDQpnZXQNCiQyNA0KaGlncmVzcy1hdWRpdDpoaXQtcjItMDMyDQo=, respValue: JDQxDQp7InNvdXJjZSI6ImNhY2hlIiwidmFsdWUiOiJmaXh0dXJlLW9ubHkifQ0K
envoy-1          | 2026-09-23T10:20:03.839606241Z [2026-09-23 10:20:03.839][29][info][wasm] [external/envoy/source/extensions/common/wasm/context.cc:1541] wasm log response-cache response-cache response-cache: [response-cache] [nil] [3a8a9a9d-18a0-4a38-aca6-608adf1b177e] [response-cache] cache hit for key: hit-r2-032
redis-fixture-1  | 2026-09-23T10:20:04.123038165Z {"seq": 308, "time_ns": 3898900733622, "event": "upstream_seen", "id": "hit-r2-034", "headers": {"host": "127.0.0.1:19468", "user-agent": "curl/7.81.0", "accept": "*/*", "x-http-cache-key": "hit-r2-034", "x-verification-id": "hit-r2-034", "x-forwarded-proto": "http", "x-envoy-original-host": "127.0.0.1:19468", "x-request-id": "5401f736-6f3b-4ac4-b63d-edabbc921f15", "x-envoy-expected-rq-timeout-ms": "15000", "req-start-time": "1790158804117"}}
redis-fixture-1  | 2026-09-23T10:20:04.123085058Z {"seq": 309, "time_ns": 3898900787558, "event": "redis_get_seen", "id": "hit-r2-034"}
redis-fixture-1  | 2026-09-23T10:20:04.134127129Z {"seq": 310, "time_ns": 3898911800576, "event": "redis_release_requested", "id": "hit-r2-034"}
redis-fixture-1  | 2026-09-23T10:20:04.134321118Z {"seq": 311, "time_ns": 3898912027330, "event": "redis_reply_released", "id": "hit-r2-034", "mode": "hit"}
redis-fixture-1  | 2026-09-23T10:20:04.138539455Z {"seq": 312, "time_ns": 3898916229922, "event": "client_complete", "id": "hit-r2-034", "status": "200", "curl_exit": 0, "body_sha256": "da87d065c0f96d585f02840dc10c88f7e8edac17ae77dbdae4b9e051a619338f"}
redis-fixture-1  | 2026-09-23T10:20:04.141108138Z {"seq": 313, "time_ns": 3898918659900, "event": "upstream_peer_closed", "id": "hit-r2-034"}
redis-fixture-1  | 2026-09-23T10:20:04.250602738Z {"seq": 314, "time_ns": 3899028273146, "event": "redis_release_requested", "id": "hit-r2-034"}
redis-fixture-1  | 2026-09-23T10:20:04.254961860Z {"seq": 315, "time_ns": 3899032657398, "event": "prepared", "id": "hit-r2-035", "mode": "hit", "key": "higress-audit:hit-r2-035", "value": "{\"source\":\"cache\",\"value\":\"fixture-only\"}"}
redis-fixture-1  | 2026-09-23T10:20:04.269381421Z {"seq": 316, "time_ns": 3899046983521, "event": "upstream_seen", "id": "hit-r2-035", "headers": {"host": "127.0.0.1:19468", "user-agent": "curl/7.81.0", "accept": "*/*", "x-http-cache-key": "hit-r2-035", "x-verification-id": "hit-r2-035", "x-forwarded-proto": "http", "x-envoy-original-host": "127.0.0.1:19468", "x-request-id": "8bacf7fd-2c3d-4709-9baf-8bef983f5b18", "x-envoy-expected-rq-timeout-ms": "15000", "req-start-time": "1790158804267"}}
redis-fixture-1  | 2026-09-23T10:20:04.271888000Z {"seq": 317, "time_ns": 3899049497073, "event": "redis_command", "id": "hit-r2-035", "command": "GET", "args": ["higress-audit:hit-r2-035"]}
envoy-1          | 2026-09-23T10:20:03.839625637Z [2026-09-23 10:20:03.839][29][debug][wasm] [external/envoy/source/extensions/common/wasm/context.cc:1538] wasm log response-cache response-cache response-cache: [response-cache] [nil] [3a8a9a9d-18a0-4a38-aca6-608adf1b177e] [response-cache] [processCacheHit] cached response for key hit-r2-032: {"source":"cache","value":"fixture-only"}
envoy-1          | 2026-09-23T10:20:03.839893759Z [2026-09-23 10:20:03.839][29][debug][wasm] [external/envoy/source/extensions/common/wasm/context.cc:1538] wasm log response-cache response-cache response-cache: [response-cache] [nil] [3a8a9a9d-18a0-4a38-aca6-608adf1b177e] SetResponseBodyBufferLimit: 10485760
envoy-1          | 2026-09-23T10:20:03.840037744Z [2026-09-23 10:20:03.839][29][debug][wasm] [external/envoy/source/extensions/common/wasm/context.cc:1538] wasm log response-cache response-cache response-cache: [response-cache] [nil] [3a8a9a9d-18a0-4a38-aca6-608adf1b177e] [onHttpResponseBody] key is nil, skip cache
envoy-1          | 2026-09-23T10:20:03.971083877Z [2026-09-23 10:20:03.970][29][debug][wasm] [external/envoy/source/extensions/common/wasm/context.cc:1538] wasm log response-cache response-cache response-cache: [response-cache] [nil] [1c35cb05-bc17-4756-b2d4-08e89f12ee12] [onHttpRequestHeaders] cache key from request header: x-http-cache-key, key: hit-r2-033
envoy-1          | 2026-09-23T10:20:03.971116049Z [2026-09-23 10:20:03.971][29][debug][wasm] [external/envoy/source/extensions/common/wasm/context.cc:1538] wasm log response-cache response-cache response-cache: [response-cache] [nil] [1c35cb05-bc17-4756-b2d4-08e89f12ee12] [response-cache] [CheckCacheForKey] querying cache with key: higress-audit:hit-r2-033
envoy-1          | 2026-09-23T10:20:03.971272639Z [2026-09-23 10:20:03.971][29][debug][wasm] [external/envoy/source/extensions/common/wasm/context.cc:1538] wasm log response-cache response-cache response-cache: redis call start, request-id: f03c2d75-c4ab-418b-b8e4-d8e35e8f0de8, respQuery: KjINCiQzDQpnZXQNCiQyNA0KaGlncmVzcy1hdWRpdDpoaXQtcjItMDMzDQo=
envoy-1          | 2026-09-23T10:20:03.988093974Z [2026-09-23 10:20:03.987][29][debug][wasm] [external/envoy/source/extensions/common/wasm/context.cc:1538] wasm log response-cache response-cache response-cache: redis call end, request-id: f03c2d75-c4ab-418b-b8e4-d8e35e8f0de8, respQuery: KjINCiQzDQpnZXQNCiQyNA0KaGlncmVzcy1hdWRpdDpoaXQtcjItMDMzDQo=, respValue: JDQxDQp7InNvdXJjZSI6ImNhY2hlIiwidmFsdWUiOiJmaXh0dXJlLW9ubHkifQ0K
envoy-1          | 2026-09-23T10:20:03.988144771Z [2026-09-23 10:20:03.988][29][info][wasm] [external/envoy/source/extensions/common/wasm/context.cc:1541] wasm log response-cache response-cache response-cache: [response-cache] [nil] [1c35cb05-bc17-4756-b2d4-08e89f12ee12] [response-cache] cache hit for key: hit-r2-033
envoy-1          | 2026-09-23T10:20:03.988161703Z [2026-09-23 10:20:03.988][29][debug][wasm] [external/envoy/source/extensions/common/wasm/context.cc:1538] wasm log response-cache response-cache response-cache: [response-cache] [nil] [1c35cb05-bc17-4756-b2d4-08e89f12ee12] [response-cache] [processCacheHit] cached response for key hit-r2-033: {"source":"cache","value":"fixture-only"}
envoy-1          | 2026-09-23T10:20:03.988404925Z [2026-09-23 10:20:03.988][29][debug][wasm] [external/envoy/source/extensions/common/wasm/context.cc:1538] wasm log response-cache response-cache response-cache: [response-cache] [nil] [1c35cb05-bc17-4756-b2d4-08e89f12ee12] SetResponseBodyBufferLimit: 10485760
envoy-1          | 2026-09-23T10:20:03.988509965Z [2026-09-23 10:20:03.988][29][debug][wasm] [external/envoy/source/extensions/common/wasm/context.cc:1538] wasm log response-cache response-cache response-cache: [response-cache] [nil] [1c35cb05-bc17-4756-b2d4-08e89f12ee12] [onHttpResponseBody] key is nil, skip cache
redis-fixture-1  | 2026-09-23T10:20:04.271920857Z {"seq": 318, "time_ns": 3899049572448, "event": "redis_get_seen", "id": "hit-r2-035"}
redis-fixture-1  | 2026-09-23T10:20:04.283622495Z {"seq": 319, "time_ns": 3899061300212, "event": "redis_release_requested", "id": "hit-r2-035"}
redis-fixture-1  | 2026-09-23T10:20:04.283799463Z {"seq": 320, "time_ns": 3899061475964, "event": "redis_reply_released", "id": "hit-r2-035", "mode": "hit"}
redis-fixture-1  | 2026-09-23T10:20:04.288116137Z {"seq": 321, "time_ns": 3899065688297, "event": "client_complete", "id": "hit-r2-035", "status": "200", "curl_exit": 0, "body_sha256": "da87d065c0f96d585f02840dc10c88f7e8edac17ae77dbdae4b9e051a619338f"}
redis-fixture-1  | 2026-09-23T10:20:04.290308062Z {"seq": 322, "time_ns": 3899067987439, "event": "upstream_peer_closed", "id": "hit-r2-035"}
redis-fixture-1  | 2026-09-23T10:20:04.399316821Z {"seq": 323, "time_ns": 3899176989647, "event": "redis_release_requested", "id": "hit-r2-035"}
redis-fixture-1  | 2026-09-23T10:20:04.403784111Z {"seq": 324, "time_ns": 3899181411712, "event": "prepared", "id": "hit-r2-036", "mode": "hit", "key": "higress-audit:hit-r2-036", "value": "{\"source\":\"cache\",\"value\":\"fixture-only\"}"}
redis-fixture-1  | 2026-09-23T10:20:04.417936744Z {"seq": 325, "time_ns": 3899195466919, "event": "upstream_seen", "id": "hit-r2-036", "headers": {"host": "127.0.0.1:19468", "user-agent": "curl/7.81.0", "accept": "*/*", "x-http-cache-key": "hit-r2-036", "x-verification-id": "hit-r2-036", "x-forwarded-proto": "http", "x-envoy-original-host": "127.0.0.1:19468", "x-request-id": "45148fae-7b17-4eeb-a2ee-0afb500a133e", "x-envoy-expected-rq-timeout-ms": "15000", "req-start-time": "1790158804415"}}
redis-fixture-1  | 2026-09-23T10:20:04.420457927Z {"seq": 326, "time_ns": 3899198063910, "event": "redis_command", "id": "hit-r2-036", "command": "GET", "args": ["higress-audit:hit-r2-036"]}
redis-fixture-1  | 2026-09-23T10:20:04.420490795Z {"seq": 327, "time_ns": 3899198139207, "event": "redis_get_seen", "id": "hit-r2-036"}
redis-fixture-1  | 2026-09-23T10:20:04.432229356Z {"seq": 328, "time_ns": 3899209836180, "event": "redis_release_requested", "id": "hit-r2-036"}
redis-fixture-1  | 2026-09-23T10:20:04.432391906Z {"seq": 329, "time_ns": 3899210055494, "event": "redis_reply_released", "id": "hit-r2-036", "mode": "hit"}
redis-fixture-1  | 2026-09-23T10:20:04.436584962Z {"seq": 330, "time_ns": 3899214163441, "event": "client_complete", "id": "hit-r2-036", "status": "200", "curl_exit": 0, "body_sha256": "da87d065c0f96d585f02840dc10c88f7e8edac17ae77dbdae4b9e051a619338f"}
redis-fixture-1  | 2026-09-23T10:20:04.438947348Z {"seq": 331, "time_ns": 3899216564105, "event": "upstream_peer_closed", "id": "hit-r2-036"}
redis-fixture-1  | 2026-09-23T10:20:04.547562605Z {"seq": 332, "time_ns": 3899325218250, "event": "redis_release_requested", "id": "hit-r2-036"}
redis-fixture-1  | 2026-09-23T10:20:04.552420698Z {"seq": 333, "time_ns": 3899330035670, "event": "prepared", "id": "hit-r2-037", "mode": "hit", "key": "higress-audit:hit-r2-037", "value": "{\"source\":\"cache\",\"value\":\"fixture-only\"}"}
redis-fixture-1  | 2026-09-23T10:20:04.565472310Z {"seq": 334, "time_ns": 3899343051836, "event": "upstream_seen", "id": "hit-r2-037", "headers": {"host": "127.0.0.1:19468", "user-agent": "curl/7.81.0", "accept": "*/*", "x-http-cache-key": "hit-r2-037", "x-verification-id": "hit-r2-037", "x-forwarded-proto": "http", "x-envoy-original-host": "127.0.0.1:19468", "x-request-id": "fae0f186-b929-49d1-bb56-ec4b67adc1a6", "x-envoy-expected-rq-timeout-ms": "15000", "req-start-time": "1790158804563"}}
redis-fixture-1  | 2026-09-23T10:20:04.568360148Z {"seq": 335, "time_ns": 3899345957548, "event": "redis_command", "id": "hit-r2-037", "command": "GET", "args": ["higress-audit:hit-r2-037"]}
redis-fixture-1  | 2026-09-23T10:20:04.568401364Z {"seq": 336, "time_ns": 3899346032527, "event": "redis_get_seen", "id": "hit-r2-037"}
redis-fixture-1  | 2026-09-23T10:20:04.580696333Z {"seq": 337, "time_ns": 3899358364395, "event": "redis_release_requested", "id": "hit-r2-037"}
redis-fixture-1  | 2026-09-23T10:20:04.580875595Z {"seq": 338, "time_ns": 3899358547991, "event": "redis_reply_released", "id": "hit-r2-037", "mode": "hit"}
redis-fixture-1  | 2026-09-23T10:20:04.584585903Z {"seq": 339, "time_ns": 3899362157644, "event": "client_complete", "id": "hit-r2-037", "status": "200", "curl_exit": 0, "body_sha256": "da87d065c0f96d585f02840dc10c88f7e8edac17ae77dbdae4b9e051a619338f"}
redis-fixture-1  | 2026-09-23T10:20:04.587009018Z {"seq": 340, "time_ns": 3899364643733, "event": "upstream_peer_closed", "id": "hit-r2-037"}
redis-fixture-1  | 2026-09-23T10:20:04.696177967Z {"seq": 341, "time_ns": 3899473751613, "event": "redis_release_requested", "id": "hit-r2-037"}
redis-fixture-1  | 2026-09-23T10:20:04.700645537Z {"seq": 342, "time_ns": 3899478272514, "event": "prepared", "id": "hit-r2-038", "mode": "hit", "key": "higress-audit:hit-r2-038", "value": "{\"source\":\"cache\",\"value\":\"fixture-only\"}"}
redis-fixture-1  | 2026-09-23T10:20:04.713579488Z {"seq": 343, "time_ns": 3899491153534, "event": "upstream_seen", "id": "hit-r2-038", "headers": {"host": "127.0.0.1:19468", "user-agent": "curl/7.81.0", "accept": "*/*", "x-http-cache-key": "hit-r2-038", "x-verification-id": "hit-r2-038", "x-forwarded-proto": "http", "x-envoy-original-host": "127.0.0.1:19468", "x-request-id": "e06a60b2-f507-4e58-b6d9-bc7e3de617ea", "x-envoy-expected-rq-timeout-ms": "15000", "req-start-time": "1790158804711"}}
redis-fixture-1  | 2026-09-23T10:20:04.716402009Z {"seq": 344, "time_ns": 3899493955080, "event": "redis_command", "id": "hit-r2-038", "command": "GET", "args": ["higress-audit:hit-r2-038"]}
redis-fixture-1  | 2026-09-23T10:20:04.716435602Z {"seq": 345, "time_ns": 3899494030346, "event": "redis_get_seen", "id": "hit-r2-038"}
redis-fixture-1  | 2026-09-23T10:20:04.730615863Z {"seq": 346, "time_ns": 3899508286530, "event": "redis_release_requested", "id": "hit-r2-038"}
redis-fixture-1  | 2026-09-23T10:20:04.730798204Z {"seq": 347, "time_ns": 3899508463119, "event": "redis_reply_released", "id": "hit-r2-038", "mode": "hit"}
redis-fixture-1  | 2026-09-23T10:20:04.735210121Z {"seq": 348, "time_ns": 3899512749616, "event": "client_complete", "id": "hit-r2-038", "status": "200", "curl_exit": 0, "body_sha256": "da87d065c0f96d585f02840dc10c88f7e8edac17ae77dbdae4b9e051a619338f"}
redis-fixture-1  | 2026-09-23T10:20:04.737437363Z {"seq": 349, "time_ns": 3899515059085, "event": "upstream_peer_closed", "id": "hit-r2-038"}
redis-fixture-1  | 2026-09-23T10:20:04.846895546Z {"seq": 350, "time_ns": 3899624521904, "event": "redis_release_requested", "id": "hit-r2-038"}
redis-fixture-1  | 2026-09-23T10:20:04.851237439Z {"seq": 351, "time_ns": 3899628920940, "event": "prepared", "id": "hit-r2-039", "mode": "hit", "key": "higress-audit:hit-r2-039", "value": "{\"source\":\"cache\",\"value\":\"fixture-only\"}"}
redis-fixture-1  | 2026-09-23T10:20:04.864595297Z {"seq": 352, "time_ns": 3899642254454, "event": "upstream_seen", "id": "hit-r2-039", "headers": {"host": "127.0.0.1:19468", "user-agent": "curl/7.81.0", "accept": "*/*", "x-http-cache-key": "hit-r2-039", "x-verification-id": "hit-r2-039", "x-forwarded-proto": "http", "x-envoy-original-host": "127.0.0.1:19468", "x-request-id": "c8f6e54b-d5f5-4ec7-8030-80f6a10e55a6", "x-envoy-expected-rq-timeout-ms": "15000", "req-start-time": "1790158804863"}}
redis-fixture-1  | 2026-09-23T10:20:04.867641949Z {"seq": 353, "time_ns": 3899645198051, "event": "redis_command", "id": "hit-r2-039", "command": "GET", "args": ["higress-audit:hit-r2-039"]}
redis-fixture-1  | 2026-09-23T10:20:04.867691124Z {"seq": 354, "time_ns": 3899645273359, "event": "redis_get_seen", "id": "hit-r2-039"}
redis-fixture-1  | 2026-09-23T10:20:04.880132159Z {"seq": 355, "time_ns": 3899657739340, "event": "redis_release_requested", "id": "hit-r2-039"}
redis-fixture-1  | 2026-09-23T10:20:04.880316669Z {"seq": 356, "time_ns": 3899657944245, "event": "redis_reply_released", "id": "hit-r2-039", "mode": "hit"}
redis-fixture-1  | 2026-09-23T10:20:04.884874775Z {"seq": 357, "time_ns": 3899662444095, "event": "client_complete", "id": "hit-r2-039", "status": "200", "curl_exit": 0, "body_sha256": "da87d065c0f96d585f02840dc10c88f7e8edac17ae77dbdae4b9e051a619338f"}
redis-fixture-1  | 2026-09-23T10:20:04.887116485Z {"seq": 358, "time_ns": 3899664744414, "event": "upstream_peer_closed", "id": "hit-r2-039"}
redis-fixture-1  | 2026-09-23T10:20:04.995927792Z {"seq": 359, "time_ns": 3899773485162, "event": "redis_release_requested", "id": "hit-r2-039"}
redis-fixture-1  | 2026-09-23T10:20:05.000482226Z {"seq": 360, "time_ns": 3899778049006, "event": "prepared", "id": "hit-r2-040", "mode": "hit", "key": "higress-audit:hit-r2-040", "value": "{\"source\":\"cache\",\"value\":\"fixture-only\"}"}
redis-fixture-1  | 2026-09-23T10:20:05.013319805Z {"seq": 361, "time_ns": 3899790906416, "event": "upstream_seen", "id": "hit-r2-040", "headers": {"host": "127.0.0.1:19468", "user-agent": "curl/7.81.0", "accept": "*/*", "x-http-cache-key": "hit-r2-040", "x-verification-id": "hit-r2-040", "x-forwarded-proto": "http", "x-envoy-original-host": "127.0.0.1:19468", "x-request-id": "35909979-3650-4126-8bfa-1f17d9f704eb", "x-envoy-expected-rq-timeout-ms": "15000", "req-start-time": "1790158805011"}}
redis-fixture-1  | 2026-09-23T10:20:05.015894749Z {"seq": 362, "time_ns": 3899793488583, "event": "redis_command", "id": "hit-r2-040", "command": "GET", "args": ["higress-audit:hit-r2-040"]}
redis-fixture-1  | 2026-09-23T10:20:05.015912864Z {"seq": 363, "time_ns": 3899793563367, "event": "redis_get_seen", "id": "hit-r2-040"}
redis-fixture-1  | 2026-09-23T10:20:05.029386664Z {"seq": 364, "time_ns": 3899807045874, "event": "redis_release_requested", "id": "hit-r2-040"}
envoy-1          | 2026-09-23T10:20:04.117813392Z [2026-09-23 10:20:04.117][29][debug][wasm] [external/envoy/source/extensions/common/wasm/context.cc:1538] wasm log response-cache response-cache response-cache: [response-cache] [nil] [5401f736-6f3b-4ac4-b63d-edabbc921f15] [onHttpRequestHeaders] cache key from request header: x-http-cache-key, key: hit-r2-034
envoy-1          | 2026-09-23T10:20:04.117849381Z [2026-09-23 10:20:04.117][29][debug][wasm] [external/envoy/source/extensions/common/wasm/context.cc:1538] wasm log response-cache response-cache response-cache: [response-cache] [nil] [5401f736-6f3b-4ac4-b63d-edabbc921f15] [response-cache] [CheckCacheForKey] querying cache with key: higress-audit:hit-r2-034
envoy-1          | 2026-09-23T10:20:04.117925057Z [2026-09-23 10:20:04.117][29][debug][wasm] [external/envoy/source/extensions/common/wasm/context.cc:1538] wasm log response-cache response-cache response-cache: redis call start, request-id: f7bf7762-be2e-493e-84a4-fef860efa899, respQuery: KjINCiQzDQpnZXQNCiQyNA0KaGlncmVzcy1hdWRpdDpoaXQtcjItMDM0DQo=
envoy-1          | 2026-09-23T10:20:04.134708214Z [2026-09-23 10:20:04.134][29][debug][wasm] [external/envoy/source/extensions/common/wasm/context.cc:1538] wasm log response-cache response-cache response-cache: redis call end, request-id: f7bf7762-be2e-493e-84a4-fef860efa899, respQuery: KjINCiQzDQpnZXQNCiQyNA0KaGlncmVzcy1hdWRpdDpoaXQtcjItMDM0DQo=, respValue: JDQxDQp7InNvdXJjZSI6ImNhY2hlIiwidmFsdWUiOiJmaXh0dXJlLW9ubHkifQ0K
envoy-1          | 2026-09-23T10:20:04.134733694Z [2026-09-23 10:20:04.134][29][info][wasm] [external/envoy/source/extensions/common/wasm/context.cc:1541] wasm log response-cache response-cache response-cache: [response-cache] [nil] [5401f736-6f3b-4ac4-b63d-edabbc921f15] [response-cache] cache hit for key: hit-r2-034
envoy-1          | 2026-09-23T10:20:04.134819331Z [2026-09-23 10:20:04.134][29][debug][wasm] [external/envoy/source/extensions/common/wasm/context.cc:1538] wasm log response-cache response-cache response-cache: [response-cache] [nil] [5401f736-6f3b-4ac4-b63d-edabbc921f15] [response-cache] [processCacheHit] cached response for key hit-r2-034: {"source":"cache","value":"fixture-only"}
envoy-1          | 2026-09-23T10:20:04.135133089Z [2026-09-23 10:20:04.135][29][debug][wasm] [external/envoy/source/extensions/common/wasm/context.cc:1538] wasm log response-cache response-cache response-cache: [response-cache] [nil] [5401f736-6f3b-4ac4-b63d-edabbc921f15] SetResponseBodyBufferLimit: 10485760
envoy-1          | 2026-09-23T10:20:04.135288542Z [2026-09-23 10:20:04.135][29][debug][wasm] [external/envoy/source/extensions/common/wasm/context.cc:1538] wasm log response-cache response-cache response-cache: [response-cache] [nil] [5401f736-6f3b-4ac4-b63d-edabbc921f15] [onHttpResponseBody] key is nil, skip cache
envoy-1          | 2026-09-23T10:20:04.267708705Z [2026-09-23 10:20:04.267][29][debug][wasm] [external/envoy/source/extensions/common/wasm/context.cc:1538] wasm log response-cache response-cache response-cache: [response-cache] [nil] [8bacf7fd-2c3d-4709-9baf-8bef983f5b18] [onHttpRequestHeaders] cache key from request header: x-http-cache-key, key: hit-r2-035
redis-fixture-1  | 2026-09-23T10:20:05.029600525Z {"seq": 365, "time_ns": 3899807260420, "event": "redis_reply_released", "id": "hit-r2-040", "mode": "hit"}
redis-fixture-1  | 2026-09-23T10:20:05.034121979Z {"seq": 366, "time_ns": 3899811744858, "event": "client_complete", "id": "hit-r2-040", "status": "200", "curl_exit": 0, "body_sha256": "da87d065c0f96d585f02840dc10c88f7e8edac17ae77dbdae4b9e051a619338f"}
envoy-1          | 2026-09-23T10:20:04.267743021Z [2026-09-23 10:20:04.267][29][debug][wasm] [external/envoy/source/extensions/common/wasm/context.cc:1538] wasm log response-cache response-cache response-cache: [response-cache] [nil] [8bacf7fd-2c3d-4709-9baf-8bef983f5b18] [response-cache] [CheckCacheForKey] querying cache with key: higress-audit:hit-r2-035
envoy-1          | 2026-09-23T10:20:04.267838358Z [2026-09-23 10:20:04.267][29][debug][wasm] [external/envoy/source/extensions/common/wasm/context.cc:1538] wasm log response-cache response-cache response-cache: redis call start, request-id: 91c3a1a1-56f1-46fd-bec0-25aa944102b0, respQuery: KjINCiQzDQpnZXQNCiQyNA0KaGlncmVzcy1hdWRpdDpoaXQtcjItMDM1DQo=
envoy-1          | 2026-09-23T10:20:04.284306927Z [2026-09-23 10:20:04.284][29][debug][wasm] [external/envoy/source/extensions/common/wasm/context.cc:1538] wasm log response-cache response-cache response-cache: redis call end, request-id: 91c3a1a1-56f1-46fd-bec0-25aa944102b0, respQuery: KjINCiQzDQpnZXQNCiQyNA0KaGlncmVzcy1hdWRpdDpoaXQtcjItMDM1DQo=, respValue: JDQxDQp7InNvdXJjZSI6ImNhY2hlIiwidmFsdWUiOiJmaXh0dXJlLW9ubHkifQ0K
envoy-1          | 2026-09-23T10:20:04.284332699Z [2026-09-23 10:20:04.284][29][info][wasm] [external/envoy/source/extensions/common/wasm/context.cc:1541] wasm log response-cache response-cache response-cache: [response-cache] [nil] [8bacf7fd-2c3d-4709-9baf-8bef983f5b18] [response-cache] cache hit for key: hit-r2-035
envoy-1          | 2026-09-23T10:20:04.284393272Z [2026-09-23 10:20:04.284][29][debug][wasm] [external/envoy/source/extensions/common/wasm/context.cc:1538] wasm log response-cache response-cache response-cache: [response-cache] [nil] [8bacf7fd-2c3d-4709-9baf-8bef983f5b18] [response-cache] [processCacheHit] cached response for key hit-r2-035: {"source":"cache","value":"fixture-only"}
envoy-1          | 2026-09-23T10:20:04.284659579Z [2026-09-23 10:20:04.284][29][debug][wasm] [external/envoy/source/extensions/common/wasm/context.cc:1538] wasm log response-cache response-cache response-cache: [response-cache] [nil] [8bacf7fd-2c3d-4709-9baf-8bef983f5b18] SetResponseBodyBufferLimit: 10485760
envoy-1          | 2026-09-23T10:20:04.284779452Z [2026-09-23 10:20:04.284][29][debug][wasm] [external/envoy/source/extensions/common/wasm/context.cc:1538] wasm log response-cache response-cache response-cache: [response-cache] [nil] [8bacf7fd-2c3d-4709-9baf-8bef983f5b18] [onHttpResponseBody] key is nil, skip cache
envoy-1          | 2026-09-23T10:20:04.416244587Z [2026-09-23 10:20:04.416][29][debug][wasm] [external/envoy/source/extensions/common/wasm/context.cc:1538] wasm log response-cache response-cache response-cache: [response-cache] [nil] [45148fae-7b17-4eeb-a2ee-0afb500a133e] [onHttpRequestHeaders] cache key from request header: x-http-cache-key, key: hit-r2-036
envoy-1          | 2026-09-23T10:20:04.416297607Z [2026-09-23 10:20:04.416][29][debug][wasm] [external/envoy/source/extensions/common/wasm/context.cc:1538] wasm log response-cache response-cache response-cache: [response-cache] [nil] [45148fae-7b17-4eeb-a2ee-0afb500a133e] [response-cache] [CheckCacheForKey] querying cache with key: higress-audit:hit-r2-036
envoy-1          | 2026-09-23T10:20:04.416421724Z [2026-09-23 10:20:04.416][29][debug][wasm] [external/envoy/source/extensions/common/wasm/context.cc:1538] wasm log response-cache response-cache response-cache: redis call start, request-id: 5e47a46d-87a0-48f0-8bf4-294699e14bec, respQuery: KjINCiQzDQpnZXQNCiQyNA0KaGlncmVzcy1hdWRpdDpoaXQtcjItMDM2DQo=
envoy-1          | 2026-09-23T10:20:04.432880521Z [2026-09-23 10:20:04.432][29][debug][wasm] [external/envoy/source/extensions/common/wasm/context.cc:1538] wasm log response-cache response-cache response-cache: redis call end, request-id: 5e47a46d-87a0-48f0-8bf4-294699e14bec, respQuery: KjINCiQzDQpnZXQNCiQyNA0KaGlncmVzcy1hdWRpdDpoaXQtcjItMDM2DQo=, respValue: JDQxDQp7InNvdXJjZSI6ImNhY2hlIiwidmFsdWUiOiJmaXh0dXJlLW9ubHkifQ0K
envoy-1          | 2026-09-23T10:20:04.432927110Z [2026-09-23 10:20:04.432][29][info][wasm] [external/envoy/source/extensions/common/wasm/context.cc:1541] wasm log response-cache response-cache response-cache: [response-cache] [nil] [45148fae-7b17-4eeb-a2ee-0afb500a133e] [response-cache] cache hit for key: hit-r2-036
envoy-1          | 2026-09-23T10:20:04.432943682Z [2026-09-23 10:20:04.432][29][debug][wasm] [external/envoy/source/extensions/common/wasm/context.cc:1538] wasm log response-cache response-cache response-cache: [response-cache] [nil] [45148fae-7b17-4eeb-a2ee-0afb500a133e] [response-cache] [processCacheHit] cached response for key hit-r2-036: {"source":"cache","value":"fixture-only"}
envoy-1          | 2026-09-23T10:20:04.433204356Z [2026-09-23 10:20:04.433][29][debug][wasm] [external/envoy/source/extensions/common/wasm/context.cc:1538] wasm log response-cache response-cache response-cache: [response-cache] [nil] [45148fae-7b17-4eeb-a2ee-0afb500a133e] SetResponseBodyBufferLimit: 10485760
envoy-1          | 2026-09-23T10:20:04.433314445Z [2026-09-23 10:20:04.433][29][debug][wasm] [external/envoy/source/extensions/common/wasm/context.cc:1538] wasm log response-cache response-cache response-cache: [response-cache] [nil] [45148fae-7b17-4eeb-a2ee-0afb500a133e] [onHttpResponseBody] key is nil, skip cache
envoy-1          | 2026-09-23T10:20:04.564214352Z [2026-09-23 10:20:04.564][29][debug][wasm] [external/envoy/source/extensions/common/wasm/context.cc:1538] wasm log response-cache response-cache response-cache: [response-cache] [nil] [fae0f186-b929-49d1-bb56-ec4b67adc1a6] [onHttpRequestHeaders] cache key from request header: x-http-cache-key, key: hit-r2-037
envoy-1          | 2026-09-23T10:20:04.564249437Z [2026-09-23 10:20:04.564][29][debug][wasm] [external/envoy/source/extensions/common/wasm/context.cc:1538] wasm log response-cache response-cache response-cache: [response-cache] [nil] [fae0f186-b929-49d1-bb56-ec4b67adc1a6] [response-cache] [CheckCacheForKey] querying cache with key: higress-audit:hit-r2-037
envoy-1          | 2026-09-23T10:20:04.564351382Z [2026-09-23 10:20:04.564][29][debug][wasm] [external/envoy/source/extensions/common/wasm/context.cc:1538] wasm log response-cache response-cache response-cache: redis call start, request-id: 6b6460ef-8ceb-46b7-9810-0ecdce453741, respQuery: KjINCiQzDQpnZXQNCiQyNA0KaGlncmVzcy1hdWRpdDpoaXQtcjItMDM3DQo=
envoy-1          | 2026-09-23T10:20:04.581194733Z [2026-09-23 10:20:04.581][29][debug][wasm] [external/envoy/source/extensions/common/wasm/context.cc:1538] wasm log response-cache response-cache response-cache: redis call end, request-id: 6b6460ef-8ceb-46b7-9810-0ecdce453741, respQuery: KjINCiQzDQpnZXQNCiQyNA0KaGlncmVzcy1hdWRpdDpoaXQtcjItMDM3DQo=, respValue: JDQxDQp7InNvdXJjZSI6ImNhY2hlIiwidmFsdWUiOiJmaXh0dXJlLW9ubHkifQ0K
envoy-1          | 2026-09-23T10:20:04.581236990Z [2026-09-23 10:20:04.581][29][info][wasm] [external/envoy/source/extensions/common/wasm/context.cc:1541] wasm log response-cache response-cache response-cache: [response-cache] [nil] [fae0f186-b929-49d1-bb56-ec4b67adc1a6] [response-cache] cache hit for key: hit-r2-037
envoy-1          | 2026-09-23T10:20:04.581248746Z [2026-09-23 10:20:04.581][29][debug][wasm] [external/envoy/source/extensions/common/wasm/context.cc:1538] wasm log response-cache response-cache response-cache: [response-cache] [nil] [fae0f186-b929-49d1-bb56-ec4b67adc1a6] [response-cache] [processCacheHit] cached response for key hit-r2-037: {"source":"cache","value":"fixture-only"}
envoy-1          | 2026-09-23T10:20:04.581377167Z [2026-09-23 10:20:04.581][29][debug][wasm] [external/envoy/source/extensions/common/wasm/context.cc:1538] wasm log response-cache response-cache response-cache: [response-cache] [nil] [fae0f186-b929-49d1-bb56-ec4b67adc1a6] SetResponseBodyBufferLimit: 10485760
envoy-1          | 2026-09-23T10:20:04.581409932Z [2026-09-23 10:20:04.581][29][debug][wasm] [external/envoy/source/extensions/common/wasm/context.cc:1538] wasm log response-cache response-cache response-cache: [response-cache] [nil] [fae0f186-b929-49d1-bb56-ec4b67adc1a6] [onHttpResponseBody] key is nil, skip cache
envoy-1          | 2026-09-23T10:20:04.712291955Z [2026-09-23 10:20:04.712][29][debug][wasm] [external/envoy/source/extensions/common/wasm/context.cc:1538] wasm log response-cache response-cache response-cache: [response-cache] [nil] [e06a60b2-f507-4e58-b6d9-bc7e3de617ea] [onHttpRequestHeaders] cache key from request header: x-http-cache-key, key: hit-r2-038
redis-fixture-1  | 2026-09-23T10:20:05.036578841Z {"seq": 367, "time_ns": 3899814166765, "event": "upstream_peer_closed", "id": "hit-r2-040"}
redis-fixture-1  | 2026-09-23T10:20:05.145020590Z {"seq": 368, "time_ns": 3899922606180, "event": "redis_release_requested", "id": "hit-r2-040"}
redis-fixture-1  | 2026-09-23T10:20:05.149542012Z {"seq": 369, "time_ns": 3899927159564, "event": "prepared", "id": "hit-r2-041", "mode": "hit", "key": "higress-audit:hit-r2-041", "value": "{\"source\":\"cache\",\"value\":\"fixture-only\"}"}
redis-fixture-1  | 2026-09-23T10:20:05.162342050Z {"seq": 370, "time_ns": 3899939945685, "event": "upstream_seen", "id": "hit-r2-041", "headers": {"host": "127.0.0.1:19468", "user-agent": "curl/7.81.0", "accept": "*/*", "x-http-cache-key": "hit-r2-041", "x-verification-id": "hit-r2-041", "x-forwarded-proto": "http", "x-envoy-original-host": "127.0.0.1:19468", "x-request-id": "03cc9614-5a85-4d8a-abb1-c14e163ca318", "x-envoy-expected-rq-timeout-ms": "15000", "req-start-time": "1790158805160"}}
redis-fixture-1  | 2026-09-23T10:20:05.164923126Z {"seq": 371, "time_ns": 3899942529493, "event": "redis_command", "id": "hit-r2-041", "command": "GET", "args": ["higress-audit:hit-r2-041"]}
redis-fixture-1  | 2026-09-23T10:20:05.164953646Z {"seq": 372, "time_ns": 3899942609949, "event": "redis_get_seen", "id": "hit-r2-041"}
redis-fixture-1  | 2026-09-23T10:20:05.181221466Z {"seq": 373, "time_ns": 3899958872443, "event": "redis_release_requested", "id": "hit-r2-041"}
redis-fixture-1  | 2026-09-23T10:20:05.181357782Z {"seq": 374, "time_ns": 3899959033378, "event": "redis_reply_released", "id": "hit-r2-041", "mode": "hit"}
redis-fixture-1  | 2026-09-23T10:20:05.185358937Z {"seq": 375, "time_ns": 3899963000220, "event": "client_complete", "id": "hit-r2-041", "status": "200", "curl_exit": 0, "body_sha256": "da87d065c0f96d585f02840dc10c88f7e8edac17ae77dbdae4b9e051a619338f"}
redis-fixture-1  | 2026-09-23T10:20:05.187568395Z {"seq": 376, "time_ns": 3899965212771, "event": "upstream_peer_closed", "id": "hit-r2-041"}
redis-fixture-1  | 2026-09-23T10:20:05.296480238Z {"seq": 377, "time_ns": 3900074061514, "event": "redis_release_requested", "id": "hit-r2-041"}
envoy-1          | 2026-09-23T10:20:04.712325271Z [2026-09-23 10:20:04.712][29][debug][wasm] [external/envoy/source/extensions/common/wasm/context.cc:1538] wasm log response-cache response-cache response-cache: [response-cache] [nil] [e06a60b2-f507-4e58-b6d9-bc7e3de617ea] [response-cache] [CheckCacheForKey] querying cache with key: higress-audit:hit-r2-038
envoy-1          | 2026-09-23T10:20:04.712358023Z [2026-09-23 10:20:04.712][29][debug][wasm] [external/envoy/source/extensions/common/wasm/context.cc:1538] wasm log response-cache response-cache response-cache: redis call start, request-id: 74463bc8-7de2-4c9c-9565-17b86d3588cf, respQuery: KjINCiQzDQpnZXQNCiQyNA0KaGlncmVzcy1hdWRpdDpoaXQtcjItMDM4DQo=
envoy-1          | 2026-09-23T10:20:04.731314451Z [2026-09-23 10:20:04.731][29][debug][wasm] [external/envoy/source/extensions/common/wasm/context.cc:1538] wasm log response-cache response-cache response-cache: redis call end, request-id: 74463bc8-7de2-4c9c-9565-17b86d3588cf, respQuery: KjINCiQzDQpnZXQNCiQyNA0KaGlncmVzcy1hdWRpdDpoaXQtcjItMDM4DQo=, respValue: JDQxDQp7InNvdXJjZSI6ImNhY2hlIiwidmFsdWUiOiJmaXh0dXJlLW9ubHkifQ0K
envoy-1          | 2026-09-23T10:20:04.731346788Z [2026-09-23 10:20:04.731][29][info][wasm] [external/envoy/source/extensions/common/wasm/context.cc:1541] wasm log response-cache response-cache response-cache: [response-cache] [nil] [e06a60b2-f507-4e58-b6d9-bc7e3de617ea] [response-cache] cache hit for key: hit-r2-038
envoy-1          | 2026-09-23T10:20:04.731359557Z [2026-09-23 10:20:04.731][29][debug][wasm] [external/envoy/source/extensions/common/wasm/context.cc:1538] wasm log response-cache response-cache response-cache: [response-cache] [nil] [e06a60b2-f507-4e58-b6d9-bc7e3de617ea] [response-cache] [processCacheHit] cached response for key hit-r2-038: {"source":"cache","value":"fixture-only"}
envoy-1          | 2026-09-23T10:20:04.731582237Z [2026-09-23 10:20:04.731][29][debug][wasm] [external/envoy/source/extensions/common/wasm/context.cc:1538] wasm log response-cache response-cache response-cache: [response-cache] [nil] [e06a60b2-f507-4e58-b6d9-bc7e3de617ea] SetResponseBodyBufferLimit: 10485760
envoy-1          | 2026-09-23T10:20:04.731679890Z [2026-09-23 10:20:04.731][29][debug][wasm] [external/envoy/source/extensions/common/wasm/context.cc:1538] wasm log response-cache response-cache response-cache: [response-cache] [nil] [e06a60b2-f507-4e58-b6d9-bc7e3de617ea] [onHttpResponseBody] key is nil, skip cache
redis-fixture-1  | 2026-09-23T10:20:05.300830239Z {"seq": 378, "time_ns": 3900078480038, "event": "prepared", "id": "hit-r2-042", "mode": "hit", "key": "higress-audit:hit-r2-042", "value": "{\"source\":\"cache\",\"value\":\"fixture-only\"}"}
redis-fixture-1  | 2026-09-23T10:20:05.313690325Z {"seq": 379, "time_ns": 3900091277665, "event": "upstream_seen", "id": "hit-r2-042", "headers": {"host": "127.0.0.1:19468", "user-agent": "curl/7.81.0", "accept": "*/*", "x-http-cache-key": "hit-r2-042", "x-verification-id": "hit-r2-042", "x-forwarded-proto": "http", "x-envoy-original-host": "127.0.0.1:19468", "x-request-id": "7d08de3f-3248-423d-ab1d-ef88875e1eb4", "x-envoy-expected-rq-timeout-ms": "15000", "req-start-time": "1790158805311"}}
redis-fixture-1  | 2026-09-23T10:20:05.316559255Z {"seq": 380, "time_ns": 3900094131667, "event": "redis_command", "id": "hit-r2-042", "command": "GET", "args": ["higress-audit:hit-r2-042"]}
redis-fixture-1  | 2026-09-23T10:20:05.316596036Z {"seq": 381, "time_ns": 3900094206463, "event": "redis_get_seen", "id": "hit-r2-042"}
redis-fixture-1  | 2026-09-23T10:20:05.332077434Z {"seq": 382, "time_ns": 3900109741006, "event": "redis_release_requested", "id": "hit-r2-042"}
redis-fixture-1  | 2026-09-23T10:20:05.332162486Z {"seq": 383, "time_ns": 3900109891199, "event": "redis_reply_released", "id": "hit-r2-042", "mode": "hit"}
redis-fixture-1  | 2026-09-23T10:20:05.336562620Z {"seq": 384, "time_ns": 3900114231259, "event": "client_complete", "id": "hit-r2-042", "status": "200", "curl_exit": 0, "body_sha256": "da87d065c0f96d585f02840dc10c88f7e8edac17ae77dbdae4b9e051a619338f"}
envoy-1          | 2026-09-23T10:20:04.863534096Z [2026-09-23 10:20:04.863][29][debug][wasm] [external/envoy/source/extensions/common/wasm/context.cc:1538] wasm log response-cache response-cache response-cache: [response-cache] [nil] [c8f6e54b-d5f5-4ec7-8030-80f6a10e55a6] [onHttpRequestHeaders] cache key from request header: x-http-cache-key, key: hit-r2-039
envoy-1          | 2026-09-23T10:20:04.863566369Z [2026-09-23 10:20:04.863][29][debug][wasm] [external/envoy/source/extensions/common/wasm/context.cc:1538] wasm log response-cache response-cache response-cache: [response-cache] [nil] [c8f6e54b-d5f5-4ec7-8030-80f6a10e55a6] [response-cache] [CheckCacheForKey] querying cache with key: higress-audit:hit-r2-039
envoy-1          | 2026-09-23T10:20:04.863599354Z [2026-09-23 10:20:04.863][29][debug][wasm] [external/envoy/source/extensions/common/wasm/context.cc:1538] wasm log response-cache response-cache response-cache: redis call start, request-id: 381eec8e-fa03-414b-9ad9-37fc9da8371b, respQuery: KjINCiQzDQpnZXQNCiQyNA0KaGlncmVzcy1hdWRpdDpoaXQtcjItMDM5DQo=
envoy-1          | 2026-09-23T10:20:04.880864449Z [2026-09-23 10:20:04.880][29][debug][wasm] [external/envoy/source/extensions/common/wasm/context.cc:1538] wasm log response-cache response-cache response-cache: redis call end, request-id: 381eec8e-fa03-414b-9ad9-37fc9da8371b, respQuery: KjINCiQzDQpnZXQNCiQyNA0KaGlncmVzcy1hdWRpdDpoaXQtcjItMDM5DQo=, respValue: JDQxDQp7InNvdXJjZSI6ImNhY2hlIiwidmFsdWUiOiJmaXh0dXJlLW9ubHkifQ0K
envoy-1          | 2026-09-23T10:20:04.880884898Z [2026-09-23 10:20:04.880][29][info][wasm] [external/envoy/source/extensions/common/wasm/context.cc:1541] wasm log response-cache response-cache response-cache: [response-cache] [nil] [c8f6e54b-d5f5-4ec7-8030-80f6a10e55a6] [response-cache] cache hit for key: hit-r2-039
envoy-1          | 2026-09-23T10:20:04.880895918Z [2026-09-23 10:20:04.880][29][debug][wasm] [external/envoy/source/extensions/common/wasm/context.cc:1538] wasm log response-cache response-cache response-cache: [response-cache] [nil] [c8f6e54b-d5f5-4ec7-8030-80f6a10e55a6] [response-cache] [processCacheHit] cached response for key hit-r2-039: {"source":"cache","value":"fixture-only"}
envoy-1          | 2026-09-23T10:20:04.881143420Z [2026-09-23 10:20:04.881][29][debug][wasm] [external/envoy/source/extensions/common/wasm/context.cc:1538] wasm log response-cache response-cache response-cache: [response-cache] [nil] [c8f6e54b-d5f5-4ec7-8030-80f6a10e55a6] SetResponseBodyBufferLimit: 10485760
envoy-1          | 2026-09-23T10:20:04.881241536Z [2026-09-23 10:20:04.881][29][debug][wasm] [external/envoy/source/extensions/common/wasm/context.cc:1538] wasm log response-cache response-cache response-cache: [response-cache] [nil] [c8f6e54b-d5f5-4ec7-8030-80f6a10e55a6] [onHttpResponseBody] key is nil, skip cache
envoy-1          | 2026-09-23T10:20:05.011774049Z [2026-09-23 10:20:05.011][29][debug][wasm] [external/envoy/source/extensions/common/wasm/context.cc:1538] wasm log response-cache response-cache response-cache: [response-cache] [nil] [35909979-3650-4126-8bfa-1f17d9f704eb] [onHttpRequestHeaders] cache key from request header: x-http-cache-key, key: hit-r2-040
envoy-1          | 2026-09-23T10:20:05.011803255Z [2026-09-23 10:20:05.011][29][debug][wasm] [external/envoy/source/extensions/common/wasm/context.cc:1538] wasm log response-cache response-cache response-cache: [response-cache] [nil] [35909979-3650-4126-8bfa-1f17d9f704eb] [response-cache] [CheckCacheForKey] querying cache with key: higress-audit:hit-r2-040
redis-fixture-1  | 2026-09-23T10:20:05.339021735Z {"seq": 385, "time_ns": 3900116668201, "event": "upstream_peer_closed", "id": "hit-r2-042"}
redis-fixture-1  | 2026-09-23T10:20:05.448712556Z {"seq": 386, "time_ns": 3900226300363, "event": "redis_release_requested", "id": "hit-r2-042"}
redis-fixture-1  | 2026-09-23T10:20:05.453318999Z {"seq": 387, "time_ns": 3900230903440, "event": "prepared", "id": "hit-r2-043", "mode": "hit", "key": "higress-audit:hit-r2-043", "value": "{\"source\":\"cache\",\"value\":\"fixture-only\"}"}
redis-fixture-1  | 2026-09-23T10:20:05.466069180Z {"seq": 388, "time_ns": 3900243663112, "event": "upstream_seen", "id": "hit-r2-043", "headers": {"host": "127.0.0.1:19468", "user-agent": "curl/7.81.0", "accept": "*/*", "x-http-cache-key": "hit-r2-043", "x-verification-id": "hit-r2-043", "x-forwarded-proto": "http", "x-envoy-original-host": "127.0.0.1:19468", "x-request-id": "d1425205-c354-4dc5-a619-0026c2433f88", "x-envoy-expected-rq-timeout-ms": "15000", "req-start-time": "1790158805464"}}
redis-fixture-1  | 2026-09-23T10:20:05.468543719Z {"seq": 389, "time_ns": 3900246186009, "event": "redis_command", "id": "hit-r2-043", "command": "GET", "args": ["higress-audit:hit-r2-043"]}
redis-fixture-1  | 2026-09-23T10:20:05.468577100Z {"seq": 390, "time_ns": 3900246226975, "event": "redis_get_seen", "id": "hit-r2-043"}
redis-fixture-1  | 2026-09-23T10:20:05.485297463Z {"seq": 391, "time_ns": 3900262936088, "event": "redis_release_requested", "id": "hit-r2-043"}
redis-fixture-1  | 2026-09-23T10:20:05.485420172Z {"seq": 392, "time_ns": 3900263087355, "event": "redis_reply_released", "id": "hit-r2-043", "mode": "hit"}
redis-fixture-1  | 2026-09-23T10:20:05.489570105Z {"seq": 393, "time_ns": 3900267187422, "event": "client_complete", "id": "hit-r2-043", "status": "200", "curl_exit": 0, "body_sha256": "da87d065c0f96d585f02840dc10c88f7e8edac17ae77dbdae4b9e051a619338f"}
redis-fixture-1  | 2026-09-23T10:20:05.492008890Z {"seq": 394, "time_ns": 3900269586957, "event": "upstream_peer_closed", "id": "hit-r2-043"}
redis-fixture-1  | 2026-09-23T10:20:05.601156351Z {"seq": 395, "time_ns": 3900378825376, "event": "redis_release_requested", "id": "hit-r2-043"}
redis-fixture-1  | 2026-09-23T10:20:05.606106238Z {"seq": 396, "time_ns": 3900383750465, "event": "prepared", "id": "hit-r2-044", "mode": "hit", "key": "higress-audit:hit-r2-044", "value": "{\"source\":\"cache\",\"value\":\"fixture-only\"}"}
redis-fixture-1  | 2026-09-23T10:20:05.624885530Z {"seq": 397, "time_ns": 3900402487807, "event": "redis_command", "id": "hit-r2-044", "command": "GET", "args": ["higress-audit:hit-r2-044"]}
redis-fixture-1  | 2026-09-23T10:20:05.624904944Z {"seq": 398, "time_ns": 3900402577205, "event": "redis_get_seen", "id": "hit-r2-044"}
redis-fixture-1  | 2026-09-23T10:20:05.625057608Z {"seq": 399, "time_ns": 3900402781490, "event": "upstream_seen", "id": "hit-r2-044", "headers": {"host": "127.0.0.1:19468", "user-agent": "curl/7.81.0", "accept": "*/*", "x-http-cache-key": "hit-r2-044", "x-verification-id": "hit-r2-044", "x-forwarded-proto": "http", "x-envoy-original-host": "127.0.0.1:19468", "x-request-id": "808cfcf3-2764-4a13-9dc0-2a718b20b7dd", "x-envoy-expected-rq-timeout-ms": "15000", "req-start-time": "1790158805617"}}
envoy-1          | 2026-09-23T10:20:05.011844637Z [2026-09-23 10:20:05.011][29][debug][wasm] [external/envoy/source/extensions/common/wasm/context.cc:1538] wasm log response-cache response-cache response-cache: redis call start, request-id: 76c0d7bc-e607-4998-a8c0-57d7c3205c9e, respQuery: KjINCiQzDQpnZXQNCiQyNA0KaGlncmVzcy1hdWRpdDpoaXQtcjItMDQwDQo=
envoy-1          | 2026-09-23T10:20:05.030196165Z [2026-09-23 10:20:05.030][29][debug][wasm] [external/envoy/source/extensions/common/wasm/context.cc:1538] wasm log response-cache response-cache response-cache: redis call end, request-id: 76c0d7bc-e607-4998-a8c0-57d7c3205c9e, respQuery: KjINCiQzDQpnZXQNCiQyNA0KaGlncmVzcy1hdWRpdDpoaXQtcjItMDQwDQo=, respValue: JDQxDQp7InNvdXJjZSI6ImNhY2hlIiwidmFsdWUiOiJmaXh0dXJlLW9ubHkifQ0K
envoy-1          | 2026-09-23T10:20:05.030214441Z [2026-09-23 10:20:05.030][29][info][wasm] [external/envoy/source/extensions/common/wasm/context.cc:1541] wasm log response-cache response-cache response-cache: [response-cache] [nil] [35909979-3650-4126-8bfa-1f17d9f704eb] [response-cache] cache hit for key: hit-r2-040
envoy-1          | 2026-09-23T10:20:05.030225049Z [2026-09-23 10:20:05.030][29][debug][wasm] [external/envoy/source/extensions/common/wasm/context.cc:1538] wasm log response-cache response-cache response-cache: [response-cache] [nil] [35909979-3650-4126-8bfa-1f17d9f704eb] [response-cache] [processCacheHit] cached response for key hit-r2-040: {"source":"cache","value":"fixture-only"}
envoy-1          | 2026-09-23T10:20:05.030510576Z [2026-09-23 10:20:05.030][29][debug][wasm] [external/envoy/source/extensions/common/wasm/context.cc:1538] wasm log response-cache response-cache response-cache: [response-cache] [nil] [35909979-3650-4126-8bfa-1f17d9f704eb] SetResponseBodyBufferLimit: 10485760
envoy-1          | 2026-09-23T10:20:05.030587096Z [2026-09-23 10:20:05.030][29][debug][wasm] [external/envoy/source/extensions/common/wasm/context.cc:1538] wasm log response-cache response-cache response-cache: [response-cache] [nil] [35909979-3650-4126-8bfa-1f17d9f704eb] [onHttpResponseBody] key is nil, skip cache
envoy-1          | 2026-09-23T10:20:05.160870886Z [2026-09-23 10:20:05.160][29][debug][wasm] [external/envoy/source/extensions/common/wasm/context.cc:1538] wasm log response-cache response-cache response-cache: [response-cache] [nil] [03cc9614-5a85-4d8a-abb1-c14e163ca318] [onHttpRequestHeaders] cache key from request header: x-http-cache-key, key: hit-r2-041
envoy-1          | 2026-09-23T10:20:05.160903375Z [2026-09-23 10:20:05.160][29][debug][wasm] [external/envoy/source/extensions/common/wasm/context.cc:1538] wasm log response-cache response-cache response-cache: [response-cache] [nil] [03cc9614-5a85-4d8a-abb1-c14e163ca318] [response-cache] [CheckCacheForKey] querying cache with key: higress-audit:hit-r2-041
envoy-1          | 2026-09-23T10:20:05.160936582Z [2026-09-23 10:20:05.160][29][debug][wasm] [external/envoy/source/extensions/common/wasm/context.cc:1538] wasm log response-cache response-cache response-cache: redis call start, request-id: 2b42d437-fcbf-48a9-9f60-8290e985a76c, respQuery: KjINCiQzDQpnZXQNCiQyNA0KaGlncmVzcy1hdWRpdDpoaXQtcjItMDQxDQo=
envoy-1          | 2026-09-23T10:20:05.181802687Z [2026-09-23 10:20:05.181][29][debug][wasm] [external/envoy/source/extensions/common/wasm/context.cc:1538] wasm log response-cache response-cache response-cache: redis call end, request-id: 2b42d437-fcbf-48a9-9f60-8290e985a76c, respQuery: KjINCiQzDQpnZXQNCiQyNA0KaGlncmVzcy1hdWRpdDpoaXQtcjItMDQxDQo=, respValue: JDQxDQp7InNvdXJjZSI6ImNhY2hlIiwidmFsdWUiOiJmaXh0dXJlLW9ubHkifQ0K
envoy-1          | 2026-09-23T10:20:05.181853667Z [2026-09-23 10:20:05.181][29][info][wasm] [external/envoy/source/extensions/common/wasm/context.cc:1541] wasm log response-cache response-cache response-cache: [response-cache] [nil] [03cc9614-5a85-4d8a-abb1-c14e163ca318] [response-cache] cache hit for key: hit-r2-041
envoy-1          | 2026-09-23T10:20:05.181869255Z [2026-09-23 10:20:05.181][29][debug][wasm] [external/envoy/source/extensions/common/wasm/context.cc:1538] wasm log response-cache response-cache response-cache: [response-cache] [nil] [03cc9614-5a85-4d8a-abb1-c14e163ca318] [response-cache] [processCacheHit] cached response for key hit-r2-041: {"source":"cache","value":"fixture-only"}
envoy-1          | 2026-09-23T10:20:05.182103196Z [2026-09-23 10:20:05.182][29][debug][wasm] [external/envoy/source/extensions/common/wasm/context.cc:1538] wasm log response-cache response-cache response-cache: [response-cache] [nil] [03cc9614-5a85-4d8a-abb1-c14e163ca318] SetResponseBodyBufferLimit: 10485760
envoy-1          | 2026-09-23T10:20:05.182220229Z [2026-09-23 10:20:05.182][29][debug][wasm] [external/envoy/source/extensions/common/wasm/context.cc:1538] wasm log response-cache response-cache response-cache: [response-cache] [nil] [03cc9614-5a85-4d8a-abb1-c14e163ca318] [onHttpResponseBody] key is nil, skip cache
envoy-1          | 2026-09-23T10:20:05.312473964Z [2026-09-23 10:20:05.312][29][debug][wasm] [external/envoy/source/extensions/common/wasm/context.cc:1538] wasm log response-cache response-cache response-cache: [response-cache] [nil] [7d08de3f-3248-423d-ab1d-ef88875e1eb4] [onHttpRequestHeaders] cache key from request header: x-http-cache-key, key: hit-r2-042
envoy-1          | 2026-09-23T10:20:05.312506252Z [2026-09-23 10:20:05.312][29][debug][wasm] [external/envoy/source/extensions/common/wasm/context.cc:1538] wasm log response-cache response-cache response-cache: [response-cache] [nil] [7d08de3f-3248-423d-ab1d-ef88875e1eb4] [response-cache] [CheckCacheForKey] querying cache with key: higress-audit:hit-r2-042
envoy-1          | 2026-09-23T10:20:05.312519072Z [2026-09-23 10:20:05.312][29][debug][wasm] [external/envoy/source/extensions/common/wasm/context.cc:1538] wasm log response-cache response-cache response-cache: redis call start, request-id: 28106663-7b61-4d77-9311-9060fbfb74d4, respQuery: KjINCiQzDQpnZXQNCiQyNA0KaGlncmVzcy1hdWRpdDpoaXQtcjItMDQyDQo=
envoy-1          | 2026-09-23T10:20:05.332655573Z [2026-09-23 10:20:05.332][29][debug][wasm] [external/envoy/source/extensions/common/wasm/context.cc:1538] wasm log response-cache response-cache response-cache: redis call end, request-id: 28106663-7b61-4d77-9311-9060fbfb74d4, respQuery: KjINCiQzDQpnZXQNCiQyNA0KaGlncmVzcy1hdWRpdDpoaXQtcjItMDQyDQo=, respValue: JDQxDQp7InNvdXJjZSI6ImNhY2hlIiwidmFsdWUiOiJmaXh0dXJlLW9ubHkifQ0K
envoy-1          | 2026-09-23T10:20:05.332680046Z [2026-09-23 10:20:05.332][29][info][wasm] [external/envoy/source/extensions/common/wasm/context.cc:1541] wasm log response-cache response-cache response-cache: [response-cache] [nil] [7d08de3f-3248-423d-ab1d-ef88875e1eb4] [response-cache] cache hit for key: hit-r2-042
envoy-1          | 2026-09-23T10:20:05.332792630Z [2026-09-23 10:20:05.332][29][debug][wasm] [external/envoy/source/extensions/common/wasm/context.cc:1538] wasm log response-cache response-cache response-cache: [response-cache] [nil] [7d08de3f-3248-423d-ab1d-ef88875e1eb4] [response-cache] [processCacheHit] cached response for key hit-r2-042: {"source":"cache","value":"fixture-only"}
redis-fixture-1  | 2026-09-23T10:20:05.649749131Z {"seq": 400, "time_ns": 3900427330908, "event": "redis_release_requested", "id": "hit-r2-044"}
redis-fixture-1  | 2026-09-23T10:20:05.649800138Z {"seq": 401, "time_ns": 3900427506251, "event": "redis_reply_released", "id": "hit-r2-044", "mode": "hit"}
redis-fixture-1  | 2026-09-23T10:20:05.654472442Z {"seq": 402, "time_ns": 3900432140995, "event": "client_complete", "id": "hit-r2-044", "status": "200", "curl_exit": 0, "body_sha256": "da87d065c0f96d585f02840dc10c88f7e8edac17ae77dbdae4b9e051a619338f"}
redis-fixture-1  | 2026-09-23T10:20:05.656626435Z {"seq": 403, "time_ns": 3900434247300, "event": "upstream_peer_closed", "id": "hit-r2-044"}
redis-fixture-1  | 2026-09-23T10:20:05.765707415Z {"seq": 404, "time_ns": 3900543335255, "event": "redis_release_requested", "id": "hit-r2-044"}
redis-fixture-1  | 2026-09-23T10:20:05.770136377Z {"seq": 405, "time_ns": 3900547822578, "event": "prepared", "id": "hit-r2-045", "mode": "hit", "key": "higress-audit:hit-r2-045", "value": "{\"source\":\"cache\",\"value\":\"fixture-only\"}"}
redis-fixture-1  | 2026-09-23T10:20:05.783520700Z {"seq": 406, "time_ns": 3900560921909, "event": "redis_command", "id": "hit-r2-045", "command": "GET", "args": ["higress-audit:hit-r2-045"]}
redis-fixture-1  | 2026-09-23T10:20:05.783628876Z {"seq": 407, "time_ns": 3900561353115, "event": "upstream_seen", "id": "hit-r2-045", "headers": {"host": "127.0.0.1:19468", "user-agent": "curl/7.81.0", "accept": "*/*", "x-http-cache-key": "hit-r2-045", "x-verification-id": "hit-r2-045", "x-forwarded-proto": "http", "x-envoy-original-host": "127.0.0.1:19468", "x-request-id": "748c7f25-f94d-4a7a-a02a-a3190659f437", "x-envoy-expected-rq-timeout-ms": "15000", "req-start-time": "1790158805781"}}
redis-fixture-1  | 2026-09-23T10:20:05.783668108Z {"seq": 408, "time_ns": 3900561408644, "event": "redis_get_seen", "id": "hit-r2-045"}
redis-fixture-1  | 2026-09-23T10:20:05.801509652Z {"seq": 409, "time_ns": 3900579147504, "event": "redis_release_requested", "id": "hit-r2-045"}
redis-fixture-1  | 2026-09-23T10:20:05.801630565Z {"seq": 410, "time_ns": 3900579323825, "event": "redis_reply_released", "id": "hit-r2-045", "mode": "hit"}
redis-fixture-1  | 2026-09-23T10:20:05.805998371Z {"seq": 411, "time_ns": 3900583591359, "event": "client_complete", "id": "hit-r2-045", "status": "200", "curl_exit": 0, "body_sha256": "da87d065c0f96d585f02840dc10c88f7e8edac17ae77dbdae4b9e051a619338f"}
redis-fixture-1  | 2026-09-23T10:20:05.808034682Z {"seq": 412, "time_ns": 3900585737376, "event": "upstream_peer_closed", "id": "hit-r2-045"}
redis-fixture-1  | 2026-09-23T10:20:05.916674384Z {"seq": 413, "time_ns": 3900694307585, "event": "redis_release_requested", "id": "hit-r2-045"}
redis-fixture-1  | 2026-09-23T10:20:05.920991704Z {"seq": 414, "time_ns": 3900698608081, "event": "prepared", "id": "hit-r2-046", "mode": "hit", "key": "higress-audit:hit-r2-046", "value": "{\"source\":\"cache\",\"value\":\"fixture-only\"}"}
envoy-1          | 2026-09-23T10:20:05.333060313Z [2026-09-23 10:20:05.332][29][debug][wasm] [external/envoy/source/extensions/common/wasm/context.cc:1538] wasm log response-cache response-cache response-cache: [response-cache] [nil] [7d08de3f-3248-423d-ab1d-ef88875e1eb4] SetResponseBodyBufferLimit: 10485760
envoy-1          | 2026-09-23T10:20:05.333168078Z [2026-09-23 10:20:05.333][29][debug][wasm] [external/envoy/source/extensions/common/wasm/context.cc:1538] wasm log response-cache response-cache response-cache: [response-cache] [nil] [7d08de3f-3248-423d-ab1d-ef88875e1eb4] [onHttpResponseBody] key is nil, skip cache
envoy-1          | 2026-09-23T10:20:05.464565085Z [2026-09-23 10:20:05.464][29][debug][wasm] [external/envoy/source/extensions/common/wasm/context.cc:1538] wasm log response-cache response-cache response-cache: [response-cache] [nil] [d1425205-c354-4dc5-a619-0026c2433f88] [onHttpRequestHeaders] cache key from request header: x-http-cache-key, key: hit-r2-043
envoy-1          | 2026-09-23T10:20:05.464599297Z [2026-09-23 10:20:05.464][29][debug][wasm] [external/envoy/source/extensions/common/wasm/context.cc:1538] wasm log response-cache response-cache response-cache: [response-cache] [nil] [d1425205-c354-4dc5-a619-0026c2433f88] [response-cache] [CheckCacheForKey] querying cache with key: higress-audit:hit-r2-043
envoy-1          | 2026-09-23T10:20:05.464654041Z [2026-09-23 10:20:05.464][29][debug][wasm] [external/envoy/source/extensions/common/wasm/context.cc:1538] wasm log response-cache response-cache response-cache: redis call start, request-id: ef1a1bf9-5421-405a-8d8b-e86d5624e353, respQuery: KjINCiQzDQpnZXQNCiQyNA0KaGlncmVzcy1hdWRpdDpoaXQtcjItMDQzDQo=
envoy-1          | 2026-09-23T10:20:05.485920296Z [2026-09-23 10:20:05.485][29][debug][wasm] [external/envoy/source/extensions/common/wasm/context.cc:1538] wasm log response-cache response-cache response-cache: redis call end, request-id: ef1a1bf9-5421-405a-8d8b-e86d5624e353, respQuery: KjINCiQzDQpnZXQNCiQyNA0KaGlncmVzcy1hdWRpdDpoaXQtcjItMDQzDQo=, respValue: JDQxDQp7InNvdXJjZSI6ImNhY2hlIiwidmFsdWUiOiJmaXh0dXJlLW9ubHkifQ0K
envoy-1          | 2026-09-23T10:20:05.485954588Z [2026-09-23 10:20:05.485][29][info][wasm] [external/envoy/source/extensions/common/wasm/context.cc:1541] wasm log response-cache response-cache response-cache: [response-cache] [nil] [d1425205-c354-4dc5-a619-0026c2433f88] [response-cache] cache hit for key: hit-r2-043
envoy-1          | 2026-09-23T10:20:05.485977273Z [2026-09-23 10:20:05.485][29][debug][wasm] [external/envoy/source/extensions/common/wasm/context.cc:1538] wasm log response-cache response-cache response-cache: [response-cache] [nil] [d1425205-c354-4dc5-a619-0026c2433f88] [response-cache] [processCacheHit] cached response for key hit-r2-043: {"source":"cache","value":"fixture-only"}
redis-fixture-1  | 2026-09-23T10:20:05.933678701Z {"seq": 415, "time_ns": 3900711314638, "event": "upstream_seen", "id": "hit-r2-046", "headers": {"host": "127.0.0.1:19468", "user-agent": "curl/7.81.0", "accept": "*/*", "x-http-cache-key": "hit-r2-046", "x-verification-id": "hit-r2-046", "x-forwarded-proto": "http", "x-envoy-original-host": "127.0.0.1:19468", "x-request-id": "2aeed625-ea67-4fff-8131-b507b963521a", "x-envoy-expected-rq-timeout-ms": "15000", "req-start-time": "1790158805932"}}
redis-fixture-1  | 2026-09-23T10:20:05.936409957Z {"seq": 416, "time_ns": 3900714026834, "event": "redis_command", "id": "hit-r2-046", "command": "GET", "args": ["higress-audit:hit-r2-046"]}
redis-fixture-1  | 2026-09-23T10:20:05.936428650Z {"seq": 417, "time_ns": 3900714102030, "event": "redis_get_seen", "id": "hit-r2-046"}
redis-fixture-1  | 2026-09-23T10:20:05.950317479Z {"seq": 418, "time_ns": 3900728048214, "event": "redis_release_requested", "id": "hit-r2-046"}
redis-fixture-1  | 2026-09-23T10:20:05.950464650Z {"seq": 419, "time_ns": 3900728178746, "event": "redis_reply_released", "id": "hit-r2-046", "mode": "hit"}
redis-fixture-1  | 2026-09-23T10:20:05.954472761Z {"seq": 420, "time_ns": 3900732176157, "event": "client_complete", "id": "hit-r2-046", "status": "200", "curl_exit": 0, "body_sha256": "da87d065c0f96d585f02840dc10c88f7e8edac17ae77dbdae4b9e051a619338f"}
redis-fixture-1  | 2026-09-23T10:20:05.956733066Z {"seq": 421, "time_ns": 3900734392997, "event": "upstream_peer_closed", "id": "hit-r2-046"}
envoy-1          | 2026-09-23T10:20:05.486239906Z [2026-09-23 10:20:05.486][29][debug][wasm] [external/envoy/source/extensions/common/wasm/context.cc:1538] wasm log response-cache response-cache response-cache: [response-cache] [nil] [d1425205-c354-4dc5-a619-0026c2433f88] SetResponseBodyBufferLimit: 10485760
redis-fixture-1  | 2026-09-23T10:20:06.065871453Z {"seq": 422, "time_ns": 3900843467378, "event": "redis_release_requested", "id": "hit-r2-046"}
redis-fixture-1  | 2026-09-23T10:20:06.070450900Z {"seq": 423, "time_ns": 3900848089980, "event": "prepared", "id": "hit-r2-047", "mode": "hit", "key": "higress-audit:hit-r2-047", "value": "{\"source\":\"cache\",\"value\":\"fixture-only\"}"}
redis-fixture-1  | 2026-09-23T10:20:06.084206110Z {"seq": 424, "time_ns": 3900861600840, "event": "redis_command", "id": "hit-r2-047", "command": "GET", "args": ["higress-audit:hit-r2-047"]}
redis-fixture-1  | 2026-09-23T10:20:06.084339167Z {"seq": 425, "time_ns": 3900862041549, "event": "upstream_seen", "id": "hit-r2-047", "headers": {"host": "127.0.0.1:19468", "user-agent": "curl/7.81.0", "accept": "*/*", "x-http-cache-key": "hit-r2-047", "x-verification-id": "hit-r2-047", "x-forwarded-proto": "http", "x-envoy-original-host": "127.0.0.1:19468", "x-request-id": "99c9d1be-3c3d-4363-a9e4-439fa8da3a1d", "x-envoy-expected-rq-timeout-ms": "15000", "req-start-time": "1790158806082"}}
redis-fixture-1  | 2026-09-23T10:20:06.084375792Z {"seq": 426, "time_ns": 3900862096944, "event": "redis_get_seen", "id": "hit-r2-047"}
redis-fixture-1  | 2026-09-23T10:20:06.102591110Z {"seq": 427, "time_ns": 3900880175749, "event": "redis_release_requested", "id": "hit-r2-047"}
redis-fixture-1  | 2026-09-23T10:20:06.102644492Z {"seq": 428, "time_ns": 3900880376384, "event": "redis_reply_released", "id": "hit-r2-047", "mode": "hit"}
redis-fixture-1  | 2026-09-23T10:20:06.107360148Z {"seq": 429, "time_ns": 3900884995859, "event": "client_complete", "id": "hit-r2-047", "status": "200", "curl_exit": 0, "body_sha256": "da87d065c0f96d585f02840dc10c88f7e8edac17ae77dbdae4b9e051a619338f"}
envoy-1          | 2026-09-23T10:20:05.486379632Z [2026-09-23 10:20:05.486][29][debug][wasm] [external/envoy/source/extensions/common/wasm/context.cc:1538] wasm log response-cache response-cache response-cache: [response-cache] [nil] [d1425205-c354-4dc5-a619-0026c2433f88] [onHttpResponseBody] key is nil, skip cache
envoy-1          | 2026-09-23T10:20:05.617879544Z [2026-09-23 10:20:05.617][29][debug][wasm] [external/envoy/source/extensions/common/wasm/context.cc:1538] wasm log response-cache response-cache response-cache: [response-cache] [nil] [808cfcf3-2764-4a13-9dc0-2a718b20b7dd] [onHttpRequestHeaders] cache key from request header: x-http-cache-key, key: hit-r2-044
envoy-1          | 2026-09-23T10:20:05.617914268Z [2026-09-23 10:20:05.617][29][debug][wasm] [external/envoy/source/extensions/common/wasm/context.cc:1538] wasm log response-cache response-cache response-cache: [response-cache] [nil] [808cfcf3-2764-4a13-9dc0-2a718b20b7dd] [response-cache] [CheckCacheForKey] querying cache with key: higress-audit:hit-r2-044
envoy-1          | 2026-09-23T10:20:05.618021505Z [2026-09-23 10:20:05.617][29][debug][wasm] [external/envoy/source/extensions/common/wasm/context.cc:1538] wasm log response-cache response-cache response-cache: redis call start, request-id: 5191f089-160b-4510-9aab-e2a184d6ceb6, respQuery: KjINCiQzDQpnZXQNCiQyNA0KaGlncmVzcy1hdWRpdDpoaXQtcjItMDQ0DQo=
envoy-1          | 2026-09-23T10:20:05.650346311Z [2026-09-23 10:20:05.650][29][debug][wasm] [external/envoy/source/extensions/common/wasm/context.cc:1538] wasm log response-cache response-cache response-cache: redis call end, request-id: 5191f089-160b-4510-9aab-e2a184d6ceb6, respQuery: KjINCiQzDQpnZXQNCiQyNA0KaGlncmVzcy1hdWRpdDpoaXQtcjItMDQ0DQo=, respValue: JDQxDQp7InNvdXJjZSI6ImNhY2hlIiwidmFsdWUiOiJmaXh0dXJlLW9ubHkifQ0K
envoy-1          | 2026-09-23T10:20:05.650391091Z [2026-09-23 10:20:05.650][29][info][wasm] [external/envoy/source/extensions/common/wasm/context.cc:1541] wasm log response-cache response-cache response-cache: [response-cache] [nil] [808cfcf3-2764-4a13-9dc0-2a718b20b7dd] [response-cache] cache hit for key: hit-r2-044
redis-fixture-1  | 2026-09-23T10:20:06.109665305Z {"seq": 430, "time_ns": 3900887308560, "event": "upstream_peer_closed", "id": "hit-r2-047"}
redis-fixture-1  | 2026-09-23T10:20:06.220096648Z {"seq": 431, "time_ns": 3900997683839, "event": "redis_release_requested", "id": "hit-r2-047"}
redis-fixture-1  | 2026-09-23T10:20:06.224293308Z {"seq": 432, "time_ns": 3901001945286, "event": "prepared", "id": "hit-r2-048", "mode": "hit", "key": "higress-audit:hit-r2-048", "value": "{\"source\":\"cache\",\"value\":\"fixture-only\"}"}
redis-fixture-1  | 2026-09-23T10:20:06.239258027Z {"seq": 433, "time_ns": 3901016846446, "event": "upstream_seen", "id": "hit-r2-048", "headers": {"host": "127.0.0.1:19468", "user-agent": "curl/7.81.0", "accept": "*/*", "x-http-cache-key": "hit-r2-048", "x-verification-id": "hit-r2-048", "x-forwarded-proto": "http", "x-envoy-original-host": "127.0.0.1:19468", "x-request-id": "27924b8c-62f9-4d67-98ec-8b713513af01", "x-envoy-expected-rq-timeout-ms": "15000", "req-start-time": "1790158806236"}}
redis-fixture-1  | 2026-09-23T10:20:06.241655682Z {"seq": 434, "time_ns": 3901019324238, "event": "redis_command", "id": "hit-r2-048", "command": "GET", "args": ["higress-audit:hit-r2-048"]}
redis-fixture-1  | 2026-09-23T10:20:06.241672262Z {"seq": 435, "time_ns": 3901019361915, "event": "redis_get_seen", "id": "hit-r2-048"}
redis-fixture-1  | 2026-09-23T10:20:06.256584035Z {"seq": 436, "time_ns": 3901034214184, "event": "redis_release_requested", "id": "hit-r2-048"}
redis-fixture-1  | 2026-09-23T10:20:06.256722704Z {"seq": 437, "time_ns": 3901034395056, "event": "redis_reply_released", "id": "hit-r2-048", "mode": "hit"}
redis-fixture-1  | 2026-09-23T10:20:06.261194845Z {"seq": 438, "time_ns": 3901038910406, "event": "client_complete", "id": "hit-r2-048", "status": "200", "curl_exit": 0, "body_sha256": "da87d065c0f96d585f02840dc10c88f7e8edac17ae77dbdae4b9e051a619338f"}
redis-fixture-1  | 2026-09-23T10:20:06.263710053Z {"seq": 439, "time_ns": 3901041337347, "event": "upstream_peer_closed", "id": "hit-r2-048"}
redis-fixture-1  | 2026-09-23T10:20:06.373801274Z {"seq": 440, "time_ns": 3901151398187, "event": "redis_release_requested", "id": "hit-r2-048"}
redis-fixture-1  | 2026-09-23T10:20:06.378115919Z {"seq": 441, "time_ns": 3901155748395, "event": "prepared", "id": "hit-r2-049", "mode": "hit", "key": "higress-audit:hit-r2-049", "value": "{\"source\":\"cache\",\"value\":\"fixture-only\"}"}
redis-fixture-1  | 2026-09-23T10:20:06.391583557Z {"seq": 442, "time_ns": 3901169257925, "event": "upstream_seen", "id": "hit-r2-049", "headers": {"host": "127.0.0.1:19468", "user-agent": "curl/7.81.0", "accept": "*/*", "x-http-cache-key": "hit-r2-049", "x-verification-id": "hit-r2-049", "x-forwarded-proto": "http", "x-envoy-original-host": "127.0.0.1:19468", "x-request-id": "55b67bf5-1aba-4064-b8ae-f66f42ae11d4", "x-envoy-expected-rq-timeout-ms": "15000", "req-start-time": "1790158806389"}}
redis-fixture-1  | 2026-09-23T10:20:06.391735963Z {"seq": 443, "time_ns": 3901169435090, "event": "redis_command", "id": "hit-r2-049", "command": "GET", "args": ["higress-audit:hit-r2-049"]}
redis-fixture-1  | 2026-09-23T10:20:06.391813046Z {"seq": 444, "time_ns": 3901169528247, "event": "redis_get_seen", "id": "hit-r2-049"}
envoy-1          | 2026-09-23T10:20:05.650444607Z [2026-09-23 10:20:05.650][29][debug][wasm] [external/envoy/source/extensions/common/wasm/context.cc:1538] wasm log response-cache response-cache response-cache: [response-cache] [nil] [808cfcf3-2764-4a13-9dc0-2a718b20b7dd] [response-cache] [processCacheHit] cached response for key hit-r2-044: {"source":"cache","value":"fixture-only"}
envoy-1          | 2026-09-23T10:20:05.650724010Z [2026-09-23 10:20:05.650][29][debug][wasm] [external/envoy/source/extensions/common/wasm/context.cc:1538] wasm log response-cache response-cache response-cache: [response-cache] [nil] [808cfcf3-2764-4a13-9dc0-2a718b20b7dd] SetResponseBodyBufferLimit: 10485760
envoy-1          | 2026-09-23T10:20:05.650831463Z [2026-09-23 10:20:05.650][29][debug][wasm] [external/envoy/source/extensions/common/wasm/context.cc:1538] wasm log response-cache response-cache response-cache: [response-cache] [nil] [808cfcf3-2764-4a13-9dc0-2a718b20b7dd] [onHttpResponseBody] key is nil, skip cache
envoy-1          | 2026-09-23T10:20:05.782127408Z [2026-09-23 10:20:05.781][29][debug][wasm] [external/envoy/source/extensions/common/wasm/context.cc:1538] wasm log response-cache response-cache response-cache: [response-cache] [nil] [748c7f25-f94d-4a7a-a02a-a3190659f437] [onHttpRequestHeaders] cache key from request header: x-http-cache-key, key: hit-r2-045
envoy-1          | 2026-09-23T10:20:05.782161085Z [2026-09-23 10:20:05.781][29][debug][wasm] [external/envoy/source/extensions/common/wasm/context.cc:1538] wasm log response-cache response-cache response-cache: [response-cache] [nil] [748c7f25-f94d-4a7a-a02a-a3190659f437] [response-cache] [CheckCacheForKey] querying cache with key: higress-audit:hit-r2-045
envoy-1          | 2026-09-23T10:20:05.782355799Z [2026-09-23 10:20:05.782][29][debug][wasm] [external/envoy/source/extensions/common/wasm/context.cc:1538] wasm log response-cache response-cache response-cache: redis call start, request-id: 6cb7480e-8211-464b-9ba0-2844087f4d6e, respQuery: KjINCiQzDQpnZXQNCiQyNA0KaGlncmVzcy1hdWRpdDpoaXQtcjItMDQ1DQo=
redis-fixture-1  | 2026-09-23T10:20:06.410096038Z {"seq": 445, "time_ns": 3901187779289, "event": "redis_release_requested", "id": "hit-r2-049"}
redis-fixture-1  | 2026-09-23T10:20:06.410333636Z {"seq": 446, "time_ns": 3901187960051, "event": "redis_reply_released", "id": "hit-r2-049", "mode": "hit"}
redis-fixture-1  | 2026-09-23T10:20:06.414820702Z {"seq": 447, "time_ns": 3901192409148, "event": "client_complete", "id": "hit-r2-049", "status": "200", "curl_exit": 0, "body_sha256": "da87d065c0f96d585f02840dc10c88f7e8edac17ae77dbdae4b9e051a619338f"}
redis-fixture-1  | 2026-09-23T10:20:06.417163356Z {"seq": 448, "time_ns": 3901194792973, "event": "upstream_peer_closed", "id": "hit-r2-049"}
redis-fixture-1  | 2026-09-23T10:20:06.527926665Z {"seq": 449, "time_ns": 3901305467028, "event": "redis_release_requested", "id": "hit-r2-049"}
redis-fixture-1  | 2026-09-23T10:20:06.560149755Z {"seq": 0, "time_ns": 3901337745476, "event": "prepared", "id": "hit-r3-000", "mode": "hit", "key": "higress-audit:hit-r3-000", "value": "{\"source\":\"cache\",\"value\":\"fixture-only\"}"}
redis-fixture-1  | 2026-09-23T10:20:06.573846196Z {"seq": 1, "time_ns": 3901351531299, "event": "upstream_seen", "id": "hit-r3-000", "headers": {"host": "127.0.0.1:19468", "user-agent": "curl/7.81.0", "accept": "*/*", "x-http-cache-key": "hit-r3-000", "x-verification-id": "hit-r3-000", "x-forwarded-proto": "http", "x-envoy-original-host": "127.0.0.1:19468", "x-request-id": "644ab2f0-c54f-4657-a598-195a9c6e5c85", "x-envoy-expected-rq-timeout-ms": "15000", "req-start-time": "1790158806572"}}
envoy-1          | 2026-09-23T10:20:05.802036420Z [2026-09-23 10:20:05.801][29][debug][wasm] [external/envoy/source/extensions/common/wasm/context.cc:1538] wasm log response-cache response-cache response-cache: redis call end, request-id: 6cb7480e-8211-464b-9ba0-2844087f4d6e, respQuery: KjINCiQzDQpnZXQNCiQyNA0KaGlncmVzcy1hdWRpdDpoaXQtcjItMDQ1DQo=, respValue: JDQxDQp7InNvdXJjZSI6ImNhY2hlIiwidmFsdWUiOiJmaXh0dXJlLW9ubHkifQ0K
envoy-1          | 2026-09-23T10:20:05.802056844Z [2026-09-23 10:20:05.802][29][info][wasm] [external/envoy/source/extensions/common/wasm/context.cc:1541] wasm log response-cache response-cache response-cache: [response-cache] [nil] [748c7f25-f94d-4a7a-a02a-a3190659f437] [response-cache] cache hit for key: hit-r2-045
envoy-1          | 2026-09-23T10:20:05.802135358Z [2026-09-23 10:20:05.802][29][debug][wasm] [external/envoy/source/extensions/common/wasm/context.cc:1538] wasm log response-cache response-cache response-cache: [response-cache] [nil] [748c7f25-f94d-4a7a-a02a-a3190659f437] [response-cache] [processCacheHit] cached response for key hit-r2-045: {"source":"cache","value":"fixture-only"}
envoy-1          | 2026-09-23T10:20:05.802436527Z [2026-09-23 10:20:05.802][29][debug][wasm] [external/envoy/source/extensions/common/wasm/context.cc:1538] wasm log response-cache response-cache response-cache: [response-cache] [nil] [748c7f25-f94d-4a7a-a02a-a3190659f437] SetResponseBodyBufferLimit: 10485760
envoy-1          | 2026-09-23T10:20:05.802538053Z [2026-09-23 10:20:05.802][29][debug][wasm] [external/envoy/source/extensions/common/wasm/context.cc:1538] wasm log response-cache response-cache response-cache: [response-cache] [nil] [748c7f25-f94d-4a7a-a02a-a3190659f437] [onHttpResponseBody] key is nil, skip cache
envoy-1          | 2026-09-23T10:20:05.932618341Z [2026-09-23 10:20:05.932][29][debug][wasm] [external/envoy/source/extensions/common/wasm/context.cc:1538] wasm log response-cache response-cache response-cache: [response-cache] [nil] [2aeed625-ea67-4fff-8131-b507b963521a] [onHttpRequestHeaders] cache key from request header: x-http-cache-key, key: hit-r2-046
envoy-1          | 2026-09-23T10:20:05.932638399Z [2026-09-23 10:20:05.932][29][debug][wasm] [external/envoy/source/extensions/common/wasm/context.cc:1538] wasm log response-cache response-cache response-cache: [response-cache] [nil] [2aeed625-ea67-4fff-8131-b507b963521a] [response-cache] [CheckCacheForKey] querying cache with key: higress-audit:hit-r2-046
envoy-1          | 2026-09-23T10:20:05.932645502Z [2026-09-23 10:20:05.932][29][debug][wasm] [external/envoy/source/extensions/common/wasm/context.cc:1538] wasm log response-cache response-cache response-cache: redis call start, request-id: 03cdebeb-5e5c-432f-8f54-998d1ae8d605, respQuery: KjINCiQzDQpnZXQNCiQyNA0KaGlncmVzcy1hdWRpdDpoaXQtcjItMDQ2DQo=
envoy-1          | 2026-09-23T10:20:05.950826983Z [2026-09-23 10:20:05.950][29][debug][wasm] [external/envoy/source/extensions/common/wasm/context.cc:1538] wasm log response-cache response-cache response-cache: redis call end, request-id: 03cdebeb-5e5c-432f-8f54-998d1ae8d605, respQuery: KjINCiQzDQpnZXQNCiQyNA0KaGlncmVzcy1hdWRpdDpoaXQtcjItMDQ2DQo=, respValue: JDQxDQp7InNvdXJjZSI6ImNhY2hlIiwidmFsdWUiOiJmaXh0dXJlLW9ubHkifQ0K
envoy-1          | 2026-09-23T10:20:05.950836173Z [2026-09-23 10:20:05.950][29][info][wasm] [external/envoy/source/extensions/common/wasm/context.cc:1541] wasm log response-cache response-cache response-cache: [response-cache] [nil] [2aeed625-ea67-4fff-8131-b507b963521a] [response-cache] cache hit for key: hit-r2-046
envoy-1          | 2026-09-23T10:20:05.950889594Z [2026-09-23 10:20:05.950][29][debug][wasm] [external/envoy/source/extensions/common/wasm/context.cc:1538] wasm log response-cache response-cache response-cache: [response-cache] [nil] [2aeed625-ea67-4fff-8131-b507b963521a] [response-cache] [processCacheHit] cached response for key hit-r2-046: {"source":"cache","value":"fixture-only"}
envoy-1          | 2026-09-23T10:20:05.951077640Z [2026-09-23 10:20:05.951][29][debug][wasm] [external/envoy/source/extensions/common/wasm/context.cc:1538] wasm log response-cache response-cache response-cache: [response-cache] [nil] [2aeed625-ea67-4fff-8131-b507b963521a] SetResponseBodyBufferLimit: 10485760
envoy-1          | 2026-09-23T10:20:05.951184600Z [2026-09-23 10:20:05.951][29][debug][wasm] [external/envoy/source/extensions/common/wasm/context.cc:1538] wasm log response-cache response-cache response-cache: [response-cache] [nil] [2aeed625-ea67-4fff-8131-b507b963521a] [onHttpResponseBody] key is nil, skip cache
envoy-1          | 2026-09-23T10:20:06.082860401Z [2026-09-23 10:20:06.082][29][debug][wasm] [external/envoy/source/extensions/common/wasm/context.cc:1538] wasm log response-cache response-cache response-cache: [response-cache] [nil] [99c9d1be-3c3d-4363-a9e4-439fa8da3a1d] [onHttpRequestHeaders] cache key from request header: x-http-cache-key, key: hit-r2-047
envoy-1          | 2026-09-23T10:20:06.082898256Z [2026-09-23 10:20:06.082][29][debug][wasm] [external/envoy/source/extensions/common/wasm/context.cc:1538] wasm log response-cache response-cache response-cache: [response-cache] [nil] [99c9d1be-3c3d-4363-a9e4-439fa8da3a1d] [response-cache] [CheckCacheForKey] querying cache with key: higress-audit:hit-r2-047
redis-fixture-1  | 2026-09-23T10:20:06.576809711Z {"seq": 2, "time_ns": 3901354359486, "event": "redis_command", "id": "hit-r3-000", "command": "GET", "args": ["higress-audit:hit-r3-000"]}
redis-fixture-1  | 2026-09-23T10:20:06.576843355Z {"seq": 3, "time_ns": 3901354439807, "event": "redis_get_seen", "id": "hit-r3-000"}
redis-fixture-1  | 2026-09-23T10:20:06.591548067Z {"seq": 4, "time_ns": 3901369180631, "event": "redis_release_requested", "id": "hit-r3-000"}
redis-fixture-1  | 2026-09-23T10:20:06.591655993Z {"seq": 5, "time_ns": 3901369347953, "event": "redis_reply_released", "id": "hit-r3-000", "mode": "hit"}
redis-fixture-1  | 2026-09-23T10:20:06.595705448Z {"seq": 6, "time_ns": 3901373272975, "event": "client_complete", "id": "hit-r3-000", "status": "200", "curl_exit": 0, "body_sha256": "da87d065c0f96d585f02840dc10c88f7e8edac17ae77dbdae4b9e051a619338f"}
redis-fixture-1  | 2026-09-23T10:20:06.597641558Z {"seq": 7, "time_ns": 3901375306440, "event": "upstream_peer_closed", "id": "hit-r3-000"}
envoy-1          | 2026-09-23T10:20:06.082993666Z [2026-09-23 10:20:06.082][29][debug][wasm] [external/envoy/source/extensions/common/wasm/context.cc:1538] wasm log response-cache response-cache response-cache: redis call start, request-id: c7fc8cc0-a4fc-474c-ab76-1e9a438d5788, respQuery: KjINCiQzDQpnZXQNCiQyNA0KaGlncmVzcy1hdWRpdDpoaXQtcjItMDQ3DQo=
envoy-1          | 2026-09-23T10:20:06.103207644Z [2026-09-23 10:20:06.103][29][debug][wasm] [external/envoy/source/extensions/common/wasm/context.cc:1538] wasm log response-cache response-cache response-cache: redis call end, request-id: c7fc8cc0-a4fc-474c-ab76-1e9a438d5788, respQuery: KjINCiQzDQpnZXQNCiQyNA0KaGlncmVzcy1hdWRpdDpoaXQtcjItMDQ3DQo=, respValue: JDQxDQp7InNvdXJjZSI6ImNhY2hlIiwidmFsdWUiOiJmaXh0dXJlLW9ubHkifQ0K
envoy-1          | 2026-09-23T10:20:06.103227368Z [2026-09-23 10:20:06.103][29][info][wasm] [external/envoy/source/extensions/common/wasm/context.cc:1541] wasm log response-cache response-cache response-cache: [response-cache] [nil] [99c9d1be-3c3d-4363-a9e4-439fa8da3a1d] [response-cache] cache hit for key: hit-r2-047
envoy-1          | 2026-09-23T10:20:06.103300725Z [2026-09-23 10:20:06.103][29][debug][wasm] [external/envoy/source/extensions/common/wasm/context.cc:1538] wasm log response-cache response-cache response-cache: [response-cache] [nil] [99c9d1be-3c3d-4363-a9e4-439fa8da3a1d] [response-cache] [processCacheHit] cached response for key hit-r2-047: {"source":"cache","value":"fixture-only"}
envoy-1          | 2026-09-23T10:20:06.103600062Z [2026-09-23 10:20:06.103][29][debug][wasm] [external/envoy/source/extensions/common/wasm/context.cc:1538] wasm log response-cache response-cache response-cache: [response-cache] [nil] [99c9d1be-3c3d-4363-a9e4-439fa8da3a1d] SetResponseBodyBufferLimit: 10485760
envoy-1          | 2026-09-23T10:20:06.103724000Z [2026-09-23 10:20:06.103][29][debug][wasm] [external/envoy/source/extensions/common/wasm/context.cc:1538] wasm log response-cache response-cache response-cache: [response-cache] [nil] [99c9d1be-3c3d-4363-a9e4-439fa8da3a1d] [onHttpResponseBody] key is nil, skip cache
envoy-1          | 2026-09-23T10:20:06.237465520Z [2026-09-23 10:20:06.237][29][debug][wasm] [external/envoy/source/extensions/common/wasm/context.cc:1538] wasm log response-cache response-cache response-cache: [response-cache] [nil] [27924b8c-62f9-4d67-98ec-8b713513af01] [onHttpRequestHeaders] cache key from request header: x-http-cache-key, key: hit-r2-048
envoy-1          | 2026-09-23T10:20:06.237509749Z [2026-09-23 10:20:06.237][29][debug][wasm] [external/envoy/source/extensions/common/wasm/context.cc:1538] wasm log response-cache response-cache response-cache: [response-cache] [nil] [27924b8c-62f9-4d67-98ec-8b713513af01] [response-cache] [CheckCacheForKey] querying cache with key: higress-audit:hit-r2-048
envoy-1          | 2026-09-23T10:20:06.237625239Z [2026-09-23 10:20:06.237][29][debug][wasm] [external/envoy/source/extensions/common/wasm/context.cc:1538] wasm log response-cache response-cache response-cache: redis call start, request-id: 2e4e3798-d2be-4073-b2fb-221be9003af6, respQuery: KjINCiQzDQpnZXQNCiQyNA0KaGlncmVzcy1hdWRpdDpoaXQtcjItMDQ4DQo=
envoy-1          | 2026-09-23T10:20:06.257122906Z [2026-09-23 10:20:06.257][29][debug][wasm] [external/envoy/source/extensions/common/wasm/context.cc:1538] wasm log response-cache response-cache response-cache: redis call end, request-id: 2e4e3798-d2be-4073-b2fb-221be9003af6, respQuery: KjINCiQzDQpnZXQNCiQyNA0KaGlncmVzcy1hdWRpdDpoaXQtcjItMDQ4DQo=, respValue: JDQxDQp7InNvdXJjZSI6ImNhY2hlIiwidmFsdWUiOiJmaXh0dXJlLW9ubHkifQ0K
envoy-1          | 2026-09-23T10:20:06.257183236Z [2026-09-23 10:20:06.257][29][info][wasm] [external/envoy/source/extensions/common/wasm/context.cc:1541] wasm log response-cache response-cache response-cache: [response-cache] [nil] [27924b8c-62f9-4d67-98ec-8b713513af01] [response-cache] cache hit for key: hit-r2-048
envoy-1          | 2026-09-23T10:20:06.257261657Z [2026-09-23 10:20:06.257][29][debug][wasm] [external/envoy/source/extensions/common/wasm/context.cc:1538] wasm log response-cache response-cache response-cache: [response-cache] [nil] [27924b8c-62f9-4d67-98ec-8b713513af01] [response-cache] [processCacheHit] cached response for key hit-r2-048: {"source":"cache","value":"fixture-only"}
envoy-1          | 2026-09-23T10:20:06.257574139Z [2026-09-23 10:20:06.257][29][debug][wasm] [external/envoy/source/extensions/common/wasm/context.cc:1538] wasm log response-cache response-cache response-cache: [response-cache] [nil] [27924b8c-62f9-4d67-98ec-8b713513af01] SetResponseBodyBufferLimit: 10485760
redis-fixture-1  | 2026-09-23T10:20:06.702319250Z {"seq": 8, "time_ns": 3901479961620, "event": "redis_release_requested", "id": "hit-r3-000"}
redis-fixture-1  | 2026-09-23T10:20:06.705132776Z {"seq": 9, "time_ns": 3901482738034, "event": "prepared", "id": "hit-r3-001", "mode": "hit", "key": "higress-audit:hit-r3-001", "value": "{\"source\":\"cache\",\"value\":\"fixture-only\"}"}
redis-fixture-1  | 2026-09-23T10:20:06.718782209Z {"seq": 10, "time_ns": 3901496244249, "event": "redis_command", "id": "hit-r3-001", "command": "GET", "args": ["higress-audit:hit-r3-001"]}
redis-fixture-1  | 2026-09-23T10:20:06.718856915Z {"seq": 11, "time_ns": 3901496618370, "event": "upstream_seen", "id": "hit-r3-001", "headers": {"host": "127.0.0.1:19468", "user-agent": "curl/7.81.0", "accept": "*/*", "x-http-cache-key": "hit-r3-001", "x-verification-id": "hit-r3-001", "x-forwarded-proto": "http", "x-envoy-original-host": "127.0.0.1:19468", "x-request-id": "d14f9f19-ec47-4512-8e40-faa463dafcc1", "x-envoy-expected-rq-timeout-ms": "15000", "req-start-time": "1790158806716"}}
redis-fixture-1  | 2026-09-23T10:20:06.718899964Z {"seq": 12, "time_ns": 3901496664440, "event": "redis_get_seen", "id": "hit-r3-001"}
redis-fixture-1  | 2026-09-23T10:20:06.723551796Z {"seq": 13, "time_ns": 3901501240909, "event": "redis_release_requested", "id": "hit-r3-001"}
redis-fixture-1  | 2026-09-23T10:20:06.723698985Z {"seq": 14, "time_ns": 3901501395397, "event": "redis_reply_released", "id": "hit-r3-001", "mode": "hit"}
redis-fixture-1  | 2026-09-23T10:20:06.727380731Z {"seq": 15, "time_ns": 3901505084604, "event": "client_complete", "id": "hit-r3-001", "status": "200", "curl_exit": 0, "body_sha256": "da87d065c0f96d585f02840dc10c88f7e8edac17ae77dbdae4b9e051a619338f"}
redis-fixture-1  | 2026-09-23T10:20:06.728863651Z {"seq": 16, "time_ns": 3901506559268, "event": "upstream_peer_closed", "id": "hit-r3-001"}
redis-fixture-1  | 2026-09-23T10:20:06.834872534Z {"seq": 17, "time_ns": 3901612505228, "event": "redis_release_requested", "id": "hit-r3-001"}
redis-fixture-1  | 2026-09-23T10:20:06.839418428Z {"seq": 18, "time_ns": 3901617015602, "event": "prepared", "id": "hit-r3-002", "mode": "hit", "key": "higress-audit:hit-r3-002", "value": "{\"source\":\"cache\",\"value\":\"fixture-only\"}"}
envoy-1          | 2026-09-23T10:20:06.257695208Z [2026-09-23 10:20:06.257][29][debug][wasm] [external/envoy/source/extensions/common/wasm/context.cc:1538] wasm log response-cache response-cache response-cache: [response-cache] [nil] [27924b8c-62f9-4d67-98ec-8b713513af01] [onHttpResponseBody] key is nil, skip cache
envoy-1          | 2026-09-23T10:20:06.390362531Z [2026-09-23 10:20:06.390][29][debug][wasm] [external/envoy/source/extensions/common/wasm/context.cc:1538] wasm log response-cache response-cache response-cache: [response-cache] [nil] [55b67bf5-1aba-4064-b8ae-f66f42ae11d4] [onHttpRequestHeaders] cache key from request header: x-http-cache-key, key: hit-r2-049
envoy-1          | 2026-09-23T10:20:06.390400701Z [2026-09-23 10:20:06.390][29][debug][wasm] [external/envoy/source/extensions/common/wasm/context.cc:1538] wasm log response-cache response-cache response-cache: [response-cache] [nil] [55b67bf5-1aba-4064-b8ae-f66f42ae11d4] [response-cache] [CheckCacheForKey] querying cache with key: higress-audit:hit-r2-049
envoy-1          | 2026-09-23T10:20:06.390492792Z [2026-09-23 10:20:06.390][29][debug][wasm] [external/envoy/source/extensions/common/wasm/context.cc:1538] wasm log response-cache response-cache response-cache: redis call start, request-id: 2ee66c80-bf9e-43e7-82fb-8676cdb0f15c, respQuery: KjINCiQzDQpnZXQNCiQyNA0KaGlncmVzcy1hdWRpdDpoaXQtcjItMDQ5DQo=
envoy-1          | 2026-09-23T10:20:06.410822672Z [2026-09-23 10:20:06.410][29][debug][wasm] [external/envoy/source/extensions/common/wasm/context.cc:1538] wasm log response-cache response-cache response-cache: redis call end, request-id: 2ee66c80-bf9e-43e7-82fb-8676cdb0f15c, respQuery: KjINCiQzDQpnZXQNCiQyNA0KaGlncmVzcy1hdWRpdDpoaXQtcjItMDQ5DQo=, respValue: JDQxDQp7InNvdXJjZSI6ImNhY2hlIiwidmFsdWUiOiJmaXh0dXJlLW9ubHkifQ0K
envoy-1          | 2026-09-23T10:20:06.410841937Z [2026-09-23 10:20:06.410][29][info][wasm] [external/envoy/source/extensions/common/wasm/context.cc:1541] wasm log response-cache response-cache response-cache: [response-cache] [nil] [55b67bf5-1aba-4064-b8ae-f66f42ae11d4] [response-cache] cache hit for key: hit-r2-049
envoy-1          | 2026-09-23T10:20:06.410927920Z [2026-09-23 10:20:06.410][29][debug][wasm] [external/envoy/source/extensions/common/wasm/context.cc:1538] wasm log response-cache response-cache response-cache: [response-cache] [nil] [55b67bf5-1aba-4064-b8ae-f66f42ae11d4] [response-cache] [processCacheHit] cached response for key hit-r2-049: {"source":"cache","value":"fixture-only"}
envoy-1          | 2026-09-23T10:20:06.411240336Z [2026-09-23 10:20:06.411][29][debug][wasm] [external/envoy/source/extensions/common/wasm/context.cc:1538] wasm log response-cache response-cache response-cache: [response-cache] [nil] [55b67bf5-1aba-4064-b8ae-f66f42ae11d4] SetResponseBodyBufferLimit: 10485760
envoy-1          | 2026-09-23T10:20:06.411358769Z [2026-09-23 10:20:06.411][29][debug][wasm] [external/envoy/source/extensions/common/wasm/context.cc:1538] wasm log response-cache response-cache response-cache: [response-cache] [nil] [55b67bf5-1aba-4064-b8ae-f66f42ae11d4] [onHttpResponseBody] key is nil, skip cache
envoy-1          | 2026-09-23T10:20:06.572907449Z [2026-09-23 10:20:06.572][29][debug][wasm] [external/envoy/source/extensions/common/wasm/context.cc:1538] wasm log response-cache response-cache response-cache: [response-cache] [nil] [644ab2f0-c54f-4657-a598-195a9c6e5c85] [onHttpRequestHeaders] cache key from request header: x-http-cache-key, key: hit-r3-000
redis-fixture-1  | 2026-09-23T10:20:06.853234205Z {"seq": 19, "time_ns": 3901630804629, "event": "upstream_seen", "id": "hit-r3-002", "headers": {"host": "127.0.0.1:19468", "user-agent": "curl/7.81.0", "accept": "*/*", "x-http-cache-key": "hit-r3-002", "x-verification-id": "hit-r3-002", "x-forwarded-proto": "http", "x-envoy-original-host": "127.0.0.1:19468", "x-request-id": "c5eb7b4f-aba2-456f-9aef-9d60065342fd", "x-envoy-expected-rq-timeout-ms": "15000", "req-start-time": "1790158806851"}}
redis-fixture-1  | 2026-09-23T10:20:06.855871034Z {"seq": 20, "time_ns": 3901633479372, "event": "redis_command", "id": "hit-r3-002", "command": "GET", "args": ["higress-audit:hit-r3-002"]}
redis-fixture-1  | 2026-09-23T10:20:06.855910053Z {"seq": 21, "time_ns": 3901633613825, "event": "redis_get_seen", "id": "hit-r3-002"}
redis-fixture-1  | 2026-09-23T10:20:06.872404716Z {"seq": 22, "time_ns": 3901650004734, "event": "redis_release_requested", "id": "hit-r3-002"}
redis-fixture-1  | 2026-09-23T10:20:06.872487552Z {"seq": 23, "time_ns": 3901650169844, "event": "redis_reply_released", "id": "hit-r3-002", "mode": "hit"}
redis-fixture-1  | 2026-09-23T10:20:06.876803561Z {"seq": 24, "time_ns": 3901654433666, "event": "client_complete", "id": "hit-r3-002", "status": "200", "curl_exit": 0, "body_sha256": "da87d065c0f96d585f02840dc10c88f7e8edac17ae77dbdae4b9e051a619338f"}
redis-fixture-1  | 2026-09-23T10:20:06.878933181Z {"seq": 25, "time_ns": 3901656603720, "event": "upstream_peer_closed", "id": "hit-r3-002"}
redis-fixture-1  | 2026-09-23T10:20:06.984399058Z {"seq": 26, "time_ns": 3901761981469, "event": "redis_release_requested", "id": "hit-r3-002"}
redis-fixture-1  | 2026-09-23T10:20:06.988749032Z {"seq": 27, "time_ns": 3901766381731, "event": "prepared", "id": "hit-r3-003", "mode": "hit", "key": "higress-audit:hit-r3-003", "value": "{\"source\":\"cache\",\"value\":\"fixture-only\"}"}
redis-fixture-1  | 2026-09-23T10:20:07.002044713Z {"seq": 28, "time_ns": 3901779618729, "event": "upstream_seen", "id": "hit-r3-003", "headers": {"host": "127.0.0.1:19468", "user-agent": "curl/7.81.0", "accept": "*/*", "x-http-cache-key": "hit-r3-003", "x-verification-id": "hit-r3-003", "x-forwarded-proto": "http", "x-envoy-original-host": "127.0.0.1:19468", "x-request-id": "c1ab9e28-d263-4b5b-82a1-f095b3a9db0b", "x-envoy-expected-rq-timeout-ms": "15000", "req-start-time": "1790158806999"}}
redis-fixture-1  | 2026-09-23T10:20:07.004838163Z {"seq": 29, "time_ns": 3901782430061, "event": "redis_command", "id": "hit-r3-003", "command": "GET", "args": ["higress-audit:hit-r3-003"]}
redis-fixture-1  | 2026-09-23T10:20:07.004875015Z {"seq": 30, "time_ns": 3901782560259, "event": "redis_get_seen", "id": "hit-r3-003"}
redis-fixture-1  | 2026-09-23T10:20:07.025451787Z {"seq": 31, "time_ns": 3901803017867, "event": "redis_release_requested", "id": "hit-r3-003"}
envoy-1          | 2026-09-23T10:20:06.572942034Z [2026-09-23 10:20:06.572][29][debug][wasm] [external/envoy/source/extensions/common/wasm/context.cc:1538] wasm log response-cache response-cache response-cache: [response-cache] [nil] [644ab2f0-c54f-4657-a598-195a9c6e5c85] [response-cache] [CheckCacheForKey] querying cache with key: higress-audit:hit-r3-000
envoy-1          | 2026-09-23T10:20:06.572954498Z [2026-09-23 10:20:06.572][29][debug][wasm] [external/envoy/source/extensions/common/wasm/context.cc:1538] wasm log response-cache response-cache response-cache: redis call start, request-id: ef3e6f41-20fc-4ccb-b34a-f86eaf378229, respQuery: KjINCiQzDQpnZXQNCiQyNA0KaGlncmVzcy1hdWRpdDpoaXQtcjMtMDAwDQo=
envoy-1          | 2026-09-23T10:20:06.592035272Z [2026-09-23 10:20:06.591][29][debug][wasm] [external/envoy/source/extensions/common/wasm/context.cc:1538] wasm log response-cache response-cache response-cache: redis call end, request-id: ef3e6f41-20fc-4ccb-b34a-f86eaf378229, respQuery: KjINCiQzDQpnZXQNCiQyNA0KaGlncmVzcy1hdWRpdDpoaXQtcjMtMDAwDQo=, respValue: JDQxDQp7InNvdXJjZSI6ImNhY2hlIiwidmFsdWUiOiJmaXh0dXJlLW9ubHkifQ0K
envoy-1          | 2026-09-23T10:20:06.592059328Z [2026-09-23 10:20:06.591][29][info][wasm] [external/envoy/source/extensions/common/wasm/context.cc:1541] wasm log response-cache response-cache response-cache: [response-cache] [nil] [644ab2f0-c54f-4657-a598-195a9c6e5c85] [response-cache] cache hit for key: hit-r3-000
envoy-1          | 2026-09-23T10:20:06.592070391Z [2026-09-23 10:20:06.591][29][debug][wasm] [external/envoy/source/extensions/common/wasm/context.cc:1538] wasm log response-cache response-cache response-cache: [response-cache] [nil] [644ab2f0-c54f-4657-a598-195a9c6e5c85] [response-cache] [processCacheHit] cached response for key hit-r3-000: {"source":"cache","value":"fixture-only"}
envoy-1          | 2026-09-23T10:20:06.592248236Z [2026-09-23 10:20:06.592][29][debug][wasm] [external/envoy/source/extensions/common/wasm/context.cc:1538] wasm log response-cache response-cache response-cache: [response-cache] [nil] [644ab2f0-c54f-4657-a598-195a9c6e5c85] SetResponseBodyBufferLimit: 10485760
envoy-1          | 2026-09-23T10:20:06.592314166Z [2026-09-23 10:20:06.592][29][debug][wasm] [external/envoy/source/extensions/common/wasm/context.cc:1538] wasm log response-cache response-cache response-cache: [response-cache] [nil] [644ab2f0-c54f-4657-a598-195a9c6e5c85] [onHttpResponseBody] key is nil, skip cache
envoy-1          | 2026-09-23T10:20:06.717503177Z [2026-09-23 10:20:06.717][29][debug][wasm] [external/envoy/source/extensions/common/wasm/context.cc:1538] wasm log response-cache response-cache response-cache: [response-cache] [nil] [d14f9f19-ec47-4512-8e40-faa463dafcc1] [onHttpRequestHeaders] cache key from request header: x-http-cache-key, key: hit-r3-001
envoy-1          | 2026-09-23T10:20:06.717537883Z [2026-09-23 10:20:06.717][29][debug][wasm] [external/envoy/source/extensions/common/wasm/context.cc:1538] wasm log response-cache response-cache response-cache: [response-cache] [nil] [d14f9f19-ec47-4512-8e40-faa463dafcc1] [response-cache] [CheckCacheForKey] querying cache with key: higress-audit:hit-r3-001
envoy-1          | 2026-09-23T10:20:06.717625170Z [2026-09-23 10:20:06.717][29][debug][wasm] [external/envoy/source/extensions/common/wasm/context.cc:1538] wasm log response-cache response-cache response-cache: redis call start, request-id: 8a5bbae8-3bef-42af-a87c-f076137ac540, respQuery: KjINCiQzDQpnZXQNCiQyNA0KaGlncmVzcy1hdWRpdDpoaXQtcjMtMDAxDQo=
envoy-1          | 2026-09-23T10:20:06.724123170Z [2026-09-23 10:20:06.724][29][debug][wasm] [external/envoy/source/extensions/common/wasm/context.cc:1538] wasm log response-cache response-cache response-cache: redis call end, request-id: 8a5bbae8-3bef-42af-a87c-f076137ac540, respQuery: KjINCiQzDQpnZXQNCiQyNA0KaGlncmVzcy1hdWRpdDpoaXQtcjMtMDAxDQo=, respValue: JDQxDQp7InNvdXJjZSI6ImNhY2hlIiwidmFsdWUiOiJmaXh0dXJlLW9ubHkifQ0K
envoy-1          | 2026-09-23T10:20:06.724168376Z [2026-09-23 10:20:06.724][29][info][wasm] [external/envoy/source/extensions/common/wasm/context.cc:1541] wasm log response-cache response-cache response-cache: [response-cache] [nil] [d14f9f19-ec47-4512-8e40-faa463dafcc1] [response-cache] cache hit for key: hit-r3-001
envoy-1          | 2026-09-23T10:20:06.724214126Z [2026-09-23 10:20:06.724][29][debug][wasm] [external/envoy/source/extensions/common/wasm/context.cc:1538] wasm log response-cache response-cache response-cache: [response-cache] [nil] [d14f9f19-ec47-4512-8e40-faa463dafcc1] [response-cache] [processCacheHit] cached response for key hit-r3-001: {"source":"cache","value":"fixture-only"}
envoy-1          | 2026-09-23T10:20:06.724497087Z [2026-09-23 10:20:06.724][29][debug][wasm] [external/envoy/source/extensions/common/wasm/context.cc:1538] wasm log response-cache response-cache response-cache: [response-cache] [nil] [d14f9f19-ec47-4512-8e40-faa463dafcc1] SetResponseBodyBufferLimit: 10485760
envoy-1          | 2026-09-23T10:20:06.724615925Z [2026-09-23 10:20:06.724][29][debug][wasm] [external/envoy/source/extensions/common/wasm/context.cc:1538] wasm log response-cache response-cache response-cache: [response-cache] [nil] [d14f9f19-ec47-4512-8e40-faa463dafcc1] [onHttpResponseBody] key is nil, skip cache
envoy-1          | 2026-09-23T10:20:06.851634545Z [2026-09-23 10:20:06.851][29][debug][wasm] [external/envoy/source/extensions/common/wasm/context.cc:1538] wasm log response-cache response-cache response-cache: [response-cache] [nil] [c5eb7b4f-aba2-456f-9aef-9d60065342fd] [onHttpRequestHeaders] cache key from request header: x-http-cache-key, key: hit-r3-002
envoy-1          | 2026-09-23T10:20:06.851671774Z [2026-09-23 10:20:06.851][29][debug][wasm] [external/envoy/source/extensions/common/wasm/context.cc:1538] wasm log response-cache response-cache response-cache: [response-cache] [nil] [c5eb7b4f-aba2-456f-9aef-9d60065342fd] [response-cache] [CheckCacheForKey] querying cache with key: higress-audit:hit-r3-002
envoy-1          | 2026-09-23T10:20:06.851732954Z [2026-09-23 10:20:06.851][29][debug][wasm] [external/envoy/source/extensions/common/wasm/context.cc:1538] wasm log response-cache response-cache response-cache: redis call start, request-id: 194267c3-362f-44f0-aa90-1b50e06fb2b4, respQuery: KjINCiQzDQpnZXQNCiQyNA0KaGlncmVzcy1hdWRpdDpoaXQtcjMtMDAyDQo=
redis-fixture-1  | 2026-09-23T10:20:07.025592269Z {"seq": 32, "time_ns": 3901803231137, "event": "redis_reply_released", "id": "hit-r3-003", "mode": "hit"}
redis-fixture-1  | 2026-09-23T10:20:07.029810217Z {"seq": 33, "time_ns": 3901807379924, "event": "client_complete", "id": "hit-r3-003", "status": "200", "curl_exit": 0, "body_sha256": "da87d065c0f96d585f02840dc10c88f7e8edac17ae77dbdae4b9e051a619338f"}
redis-fixture-1  | 2026-09-23T10:20:07.032148678Z {"seq": 34, "time_ns": 3901809781600, "event": "upstream_peer_closed", "id": "hit-r3-003"}
redis-fixture-1  | 2026-09-23T10:20:07.138221572Z {"seq": 35, "time_ns": 3901915729501, "event": "redis_release_requested", "id": "hit-r3-003"}
redis-fixture-1  | 2026-09-23T10:20:07.142116035Z {"seq": 36, "time_ns": 3901919757108, "event": "prepared", "id": "hit-r3-004", "mode": "hit", "key": "higress-audit:hit-r3-004", "value": "{\"source\":\"cache\",\"value\":\"fixture-only\"}"}
redis-fixture-1  | 2026-09-23T10:20:07.155252354Z {"seq": 37, "time_ns": 3901932790069, "event": "upstream_seen", "id": "hit-r3-004", "headers": {"host": "127.0.0.1:19468", "user-agent": "curl/7.81.0", "accept": "*/*", "x-http-cache-key": "hit-r3-004", "x-verification-id": "hit-r3-004", "x-forwarded-proto": "http", "x-envoy-original-host": "127.0.0.1:19468", "x-request-id": "0d177bb3-e1b3-4813-9453-568c82f6a642", "x-envoy-expected-rq-timeout-ms": "15000", "req-start-time": "1790158807153"}}
envoy-1          | 2026-09-23T10:20:06.872976884Z [2026-09-23 10:20:06.872][29][debug][wasm] [external/envoy/source/extensions/common/wasm/context.cc:1538] wasm log response-cache response-cache response-cache: redis call end, request-id: 194267c3-362f-44f0-aa90-1b50e06fb2b4, respQuery: KjINCiQzDQpnZXQNCiQyNA0KaGlncmVzcy1hdWRpdDpoaXQtcjMtMDAyDQo=, respValue: JDQxDQp7InNvdXJjZSI6ImNhY2hlIiwidmFsdWUiOiJmaXh0dXJlLW9ubHkifQ0K
envoy-1          | 2026-09-23T10:20:06.873016149Z [2026-09-23 10:20:06.872][29][info][wasm] [external/envoy/source/extensions/common/wasm/context.cc:1541] wasm log response-cache response-cache response-cache: [response-cache] [nil] [c5eb7b4f-aba2-456f-9aef-9d60065342fd] [response-cache] cache hit for key: hit-r3-002
envoy-1          | 2026-09-23T10:20:06.873075477Z [2026-09-23 10:20:06.872][29][debug][wasm] [external/envoy/source/extensions/common/wasm/context.cc:1538] wasm log response-cache response-cache response-cache: [response-cache] [nil] [c5eb7b4f-aba2-456f-9aef-9d60065342fd] [response-cache] [processCacheHit] cached response for key hit-r3-002: {"source":"cache","value":"fixture-only"}
envoy-1          | 2026-09-23T10:20:06.873315238Z [2026-09-23 10:20:06.873][29][debug][wasm] [external/envoy/source/extensions/common/wasm/context.cc:1538] wasm log response-cache response-cache response-cache: [response-cache] [nil] [c5eb7b4f-aba2-456f-9aef-9d60065342fd] SetResponseBodyBufferLimit: 10485760
envoy-1          | 2026-09-23T10:20:06.873435015Z [2026-09-23 10:20:06.873][29][debug][wasm] [external/envoy/source/extensions/common/wasm/context.cc:1538] wasm log response-cache response-cache response-cache: [response-cache] [nil] [c5eb7b4f-aba2-456f-9aef-9d60065342fd] [onHttpResponseBody] key is nil, skip cache
envoy-1          | 2026-09-23T10:20:07.000398969Z [2026-09-23 10:20:07.000][29][debug][wasm] [external/envoy/source/extensions/common/wasm/context.cc:1538] wasm log response-cache response-cache response-cache: [response-cache] [nil] [c1ab9e28-d263-4b5b-82a1-f095b3a9db0b] [onHttpRequestHeaders] cache key from request header: x-http-cache-key, key: hit-r3-003
envoy-1          | 2026-09-23T10:20:07.000431201Z [2026-09-23 10:20:07.000][29][debug][wasm] [external/envoy/source/extensions/common/wasm/context.cc:1538] wasm log response-cache response-cache response-cache: [response-cache] [nil] [c1ab9e28-d263-4b5b-82a1-f095b3a9db0b] [response-cache] [CheckCacheForKey] querying cache with key: higress-audit:hit-r3-003
envoy-1          | 2026-09-23T10:20:07.000524597Z [2026-09-23 10:20:07.000][29][debug][wasm] [external/envoy/source/extensions/common/wasm/context.cc:1538] wasm log response-cache response-cache response-cache: redis call start, request-id: 1b33c33f-798f-4492-abde-7c6c69e4202a, respQuery: KjINCiQzDQpnZXQNCiQyNA0KaGlncmVzcy1hdWRpdDpoaXQtcjMtMDAzDQo=
envoy-1          | 2026-09-23T10:20:07.026080004Z [2026-09-23 10:20:07.025][29][debug][wasm] [external/envoy/source/extensions/common/wasm/context.cc:1538] wasm log response-cache response-cache response-cache: redis call end, request-id: 1b33c33f-798f-4492-abde-7c6c69e4202a, respQuery: KjINCiQzDQpnZXQNCiQyNA0KaGlncmVzcy1hdWRpdDpoaXQtcjMtMDAzDQo=, respValue: JDQxDQp7InNvdXJjZSI6ImNhY2hlIiwidmFsdWUiOiJmaXh0dXJlLW9ubHkifQ0K
envoy-1          | 2026-09-23T10:20:07.026114057Z [2026-09-23 10:20:07.026][29][info][wasm] [external/envoy/source/extensions/common/wasm/context.cc:1541] wasm log response-cache response-cache response-cache: [response-cache] [nil] [c1ab9e28-d263-4b5b-82a1-f095b3a9db0b] [response-cache] cache hit for key: hit-r3-003
envoy-1          | 2026-09-23T10:20:07.026134738Z [2026-09-23 10:20:07.026][29][debug][wasm] [external/envoy/source/extensions/common/wasm/context.cc:1538] wasm log response-cache response-cache response-cache: [response-cache] [nil] [c1ab9e28-d263-4b5b-82a1-f095b3a9db0b] [response-cache] [processCacheHit] cached response for key hit-r3-003: {"source":"cache","value":"fixture-only"}
envoy-1          | 2026-09-23T10:20:07.026453439Z [2026-09-23 10:20:07.026][29][debug][wasm] [external/envoy/source/extensions/common/wasm/context.cc:1538] wasm log response-cache response-cache response-cache: [response-cache] [nil] [c1ab9e28-d263-4b5b-82a1-f095b3a9db0b] SetResponseBodyBufferLimit: 10485760
envoy-1          | 2026-09-23T10:20:07.026551925Z [2026-09-23 10:20:07.026][29][debug][wasm] [external/envoy/source/extensions/common/wasm/context.cc:1538] wasm log response-cache response-cache response-cache: [response-cache] [nil] [c1ab9e28-d263-4b5b-82a1-f095b3a9db0b] [onHttpResponseBody] key is nil, skip cache
redis-fixture-1  | 2026-09-23T10:20:07.157861015Z {"seq": 38, "time_ns": 3901935271896, "event": "redis_command", "id": "hit-r3-004", "command": "GET", "args": ["higress-audit:hit-r3-004"]}
redis-fixture-1  | 2026-09-23T10:20:07.158321091Z {"seq": 39, "time_ns": 3901935982450, "event": "redis_get_seen", "id": "hit-r3-004"}
redis-fixture-1  | 2026-09-23T10:20:07.175574626Z {"seq": 40, "time_ns": 3901953180758, "event": "redis_release_requested", "id": "hit-r3-004"}
redis-fixture-1  | 2026-09-23T10:20:07.175712910Z {"seq": 41, "time_ns": 3901953395715, "event": "redis_reply_released", "id": "hit-r3-004", "mode": "hit"}
redis-fixture-1  | 2026-09-23T10:20:07.179853283Z {"seq": 42, "time_ns": 3901957467662, "event": "client_complete", "id": "hit-r3-004", "status": "200", "curl_exit": 0, "body_sha256": "da87d065c0f96d585f02840dc10c88f7e8edac17ae77dbdae4b9e051a619338f"}
redis-fixture-1  | 2026-09-23T10:20:07.182306849Z {"seq": 43, "time_ns": 3901959885824, "event": "upstream_peer_closed", "id": "hit-r3-004"}
redis-fixture-1  | 2026-09-23T10:20:07.287955488Z {"seq": 44, "time_ns": 3902065580972, "event": "redis_release_requested", "id": "hit-r3-004"}
redis-fixture-1  | 2026-09-23T10:20:07.292294288Z {"seq": 45, "time_ns": 3902069959005, "event": "prepared", "id": "hit-r3-005", "mode": "hit", "key": "higress-audit:hit-r3-005", "value": "{\"source\":\"cache\",\"value\":\"fixture-only\"}"}
redis-fixture-1  | 2026-09-23T10:20:07.305026878Z {"seq": 46, "time_ns": 3902082621311, "event": "upstream_seen", "id": "hit-r3-005", "headers": {"host": "127.0.0.1:19468", "user-agent": "curl/7.81.0", "accept": "*/*", "x-http-cache-key": "hit-r3-005", "x-verification-id": "hit-r3-005", "x-forwarded-proto": "http", "x-envoy-original-host": "127.0.0.1:19468", "x-request-id": "ad9463fc-2b5c-4753-92f3-560d0ddfc7d2", "x-envoy-expected-rq-timeout-ms": "15000", "req-start-time": "1790158807303"}}
redis-fixture-1  | 2026-09-23T10:20:07.308015889Z {"seq": 47, "time_ns": 3902085451279, "event": "redis_command", "id": "hit-r3-005", "command": "GET", "args": ["higress-audit:hit-r3-005"]}
redis-fixture-1  | 2026-09-23T10:20:07.308493781Z {"seq": 48, "time_ns": 3902086201312, "event": "redis_get_seen", "id": "hit-r3-005"}
redis-fixture-1  | 2026-09-23T10:20:07.325533066Z {"seq": 49, "time_ns": 3902103201255, "event": "redis_release_requested", "id": "hit-r3-005"}
redis-fixture-1  | 2026-09-23T10:20:07.325671151Z {"seq": 50, "time_ns": 3902103335172, "event": "redis_reply_released", "id": "hit-r3-005", "mode": "hit"}
redis-fixture-1  | 2026-09-23T10:20:07.330062174Z {"seq": 51, "time_ns": 3902107685040, "event": "client_complete", "id": "hit-r3-005", "status": "200", "curl_exit": 0, "body_sha256": "da87d065c0f96d585f02840dc10c88f7e8edac17ae77dbdae4b9e051a619338f"}
redis-fixture-1  | 2026-09-23T10:20:07.332311339Z {"seq": 52, "time_ns": 3902109941834, "event": "upstream_peer_closed", "id": "hit-r3-005"}
redis-fixture-1  | 2026-09-23T10:20:07.438312823Z {"seq": 53, "time_ns": 3902215943260, "event": "redis_release_requested", "id": "hit-r3-005"}
redis-fixture-1  | 2026-09-23T10:20:07.442751910Z {"seq": 54, "time_ns": 3902220374336, "event": "prepared", "id": "hit-r3-006", "mode": "hit", "key": "higress-audit:hit-r3-006", "value": "{\"source\":\"cache\",\"value\":\"fixture-only\"}"}
redis-fixture-1  | 2026-09-23T10:20:07.454735568Z {"seq": 55, "time_ns": 3902232416404, "event": "redis_command", "id": "hit-r3-006", "command": "GET", "args": ["higress-audit:hit-r3-006"]}
redis-fixture-1  | 2026-09-23T10:20:07.454792837Z {"seq": 56, "time_ns": 3902232498826, "event": "redis_get_seen", "id": "hit-r3-006"}
redis-fixture-1  | 2026-09-23T10:20:07.455431735Z {"seq": 57, "time_ns": 3902233122599, "event": "upstream_seen", "id": "hit-r3-006", "headers": {"host": "127.0.0.1:19468", "user-agent": "curl/7.81.0", "accept": "*/*", "x-http-cache-key": "hit-r3-006", "x-verification-id": "hit-r3-006", "x-forwarded-proto": "http", "x-envoy-original-host": "127.0.0.1:19468", "x-request-id": "b2355c78-95c4-40eb-981d-a9aed3411f54", "x-envoy-expected-rq-timeout-ms": "15000", "req-start-time": "1790158807453"}}
redis-fixture-1  | 2026-09-23T10:20:07.464391354Z {"seq": 58, "time_ns": 3902241982320, "event": "redis_release_requested", "id": "hit-r3-006"}
redis-fixture-1  | 2026-09-23T10:20:07.464532731Z {"seq": 59, "time_ns": 3902242208631, "event": "redis_reply_released", "id": "hit-r3-006", "mode": "hit"}
redis-fixture-1  | 2026-09-23T10:20:07.468912690Z {"seq": 60, "time_ns": 3902246522935, "event": "client_complete", "id": "hit-r3-006", "status": "200", "curl_exit": 0, "body_sha256": "da87d065c0f96d585f02840dc10c88f7e8edac17ae77dbdae4b9e051a619338f"}
redis-fixture-1  | 2026-09-23T10:20:07.471220578Z {"seq": 61, "time_ns": 3902248822172, "event": "upstream_peer_closed", "id": "hit-r3-006"}
redis-fixture-1  | 2026-09-23T10:20:07.576994355Z {"seq": 62, "time_ns": 3902354564434, "event": "redis_release_requested", "id": "hit-r3-006"}
redis-fixture-1  | 2026-09-23T10:20:07.581427427Z {"seq": 63, "time_ns": 3902359026068, "event": "prepared", "id": "hit-r3-007", "mode": "hit", "key": "higress-audit:hit-r3-007", "value": "{\"source\":\"cache\",\"value\":\"fixture-only\"}"}
redis-fixture-1  | 2026-09-23T10:20:07.593865278Z {"seq": 64, "time_ns": 3902371391753, "event": "upstream_seen", "id": "hit-r3-007", "headers": {"host": "127.0.0.1:19468", "user-agent": "curl/7.81.0", "accept": "*/*", "x-http-cache-key": "hit-r3-007", "x-verification-id": "hit-r3-007", "x-forwarded-proto": "http", "x-envoy-original-host": "127.0.0.1:19468", "x-request-id": "b664c230-c4b0-46c6-a708-60fb232f8a48", "x-envoy-expected-rq-timeout-ms": "15000", "req-start-time": "1790158807591"}}
redis-fixture-1  | 2026-09-23T10:20:07.596546571Z {"seq": 65, "time_ns": 3902374106734, "event": "redis_command", "id": "hit-r3-007", "command": "GET", "args": ["higress-audit:hit-r3-007"]}
redis-fixture-1  | 2026-09-23T10:20:07.596580016Z {"seq": 66, "time_ns": 3902374180367, "event": "redis_get_seen", "id": "hit-r3-007"}
redis-fixture-1  | 2026-09-23T10:20:07.603921015Z {"seq": 67, "time_ns": 3902381524833, "event": "redis_release_requested", "id": "hit-r3-007"}
redis-fixture-1  | 2026-09-23T10:20:07.604046185Z {"seq": 68, "time_ns": 3902381718281, "event": "redis_reply_released", "id": "hit-r3-007", "mode": "hit"}
redis-fixture-1  | 2026-09-23T10:20:07.608519507Z {"seq": 69, "time_ns": 3902386170813, "event": "client_complete", "id": "hit-r3-007", "status": "200", "curl_exit": 0, "body_sha256": "da87d065c0f96d585f02840dc10c88f7e8edac17ae77dbdae4b9e051a619338f"}
redis-fixture-1  | 2026-09-23T10:20:07.610818800Z {"seq": 70, "time_ns": 3902388475556, "event": "upstream_peer_closed", "id": "hit-r3-007"}
redis-fixture-1  | 2026-09-23T10:20:07.716774585Z {"seq": 71, "time_ns": 3902494414422, "event": "redis_release_requested", "id": "hit-r3-007"}
redis-fixture-1  | 2026-09-23T10:20:07.720951929Z {"seq": 72, "time_ns": 3902498571661, "event": "prepared", "id": "hit-r3-008", "mode": "hit", "key": "higress-audit:hit-r3-008", "value": "{\"source\":\"cache\",\"value\":\"fixture-only\"}"}
redis-fixture-1  | 2026-09-23T10:20:07.733595645Z {"seq": 73, "time_ns": 3902511234213, "event": "upstream_seen", "id": "hit-r3-008", "headers": {"host": "127.0.0.1:19468", "user-agent": "curl/7.81.0", "accept": "*/*", "x-http-cache-key": "hit-r3-008", "x-verification-id": "hit-r3-008", "x-forwarded-proto": "http", "x-envoy-original-host": "127.0.0.1:19468", "x-request-id": "b8f8461a-7efb-4080-9107-8b9b3f0b5aa1", "x-envoy-expected-rq-timeout-ms": "15000", "req-start-time": "1790158807731"}}
redis-fixture-1  | 2026-09-23T10:20:07.736563033Z {"seq": 74, "time_ns": 3902514154695, "event": "redis_command", "id": "hit-r3-008", "command": "GET", "args": ["higress-audit:hit-r3-008"]}
redis-fixture-1  | 2026-09-23T10:20:07.736605424Z {"seq": 75, "time_ns": 3902514278569, "event": "redis_get_seen", "id": "hit-r3-008"}
redis-fixture-1  | 2026-09-23T10:20:07.743383709Z {"seq": 76, "time_ns": 3902521001596, "event": "redis_release_requested", "id": "hit-r3-008"}
redis-fixture-1  | 2026-09-23T10:20:07.743554530Z {"seq": 77, "time_ns": 3902521262270, "event": "redis_reply_released", "id": "hit-r3-008", "mode": "hit"}
redis-fixture-1  | 2026-09-23T10:20:07.747842747Z {"seq": 78, "time_ns": 3902525430824, "event": "client_complete", "id": "hit-r3-008", "status": "200", "curl_exit": 0, "body_sha256": "da87d065c0f96d585f02840dc10c88f7e8edac17ae77dbdae4b9e051a619338f"}
redis-fixture-1  | 2026-09-23T10:20:07.750036735Z {"seq": 79, "time_ns": 3902527632558, "event": "upstream_peer_closed", "id": "hit-r3-008"}
redis-fixture-1  | 2026-09-23T10:20:07.857032880Z {"seq": 80, "time_ns": 3902634606317, "event": "redis_release_requested", "id": "hit-r3-008"}
redis-fixture-1  | 2026-09-23T10:20:07.861372406Z {"seq": 81, "time_ns": 3902638945684, "event": "prepared", "id": "hit-r3-009", "mode": "hit", "key": "higress-audit:hit-r3-009", "value": "{\"source\":\"cache\",\"value\":\"fixture-only\"}"}
redis-fixture-1  | 2026-09-23T10:20:07.873871309Z {"seq": 82, "time_ns": 3902651439395, "event": "upstream_seen", "id": "hit-r3-009", "headers": {"host": "127.0.0.1:19468", "user-agent": "curl/7.81.0", "accept": "*/*", "x-http-cache-key": "hit-r3-009", "x-verification-id": "hit-r3-009", "x-forwarded-proto": "http", "x-envoy-original-host": "127.0.0.1:19468", "x-request-id": "e65965ed-f311-4854-b752-fc49f74193c0", "x-envoy-expected-rq-timeout-ms": "15000", "req-start-time": "1790158807872"}}
redis-fixture-1  | 2026-09-23T10:20:07.876790870Z {"seq": 83, "time_ns": 3902654344978, "event": "redis_command", "id": "hit-r3-009", "command": "GET", "args": ["higress-audit:hit-r3-009"]}
redis-fixture-1  | 2026-09-23T10:20:07.876824263Z {"seq": 84, "time_ns": 3902654432258, "event": "redis_get_seen", "id": "hit-r3-009"}
redis-fixture-1  | 2026-09-23T10:20:07.883973774Z {"seq": 85, "time_ns": 3902661588813, "event": "redis_release_requested", "id": "hit-r3-009"}
redis-fixture-1  | 2026-09-23T10:20:07.884110126Z {"seq": 86, "time_ns": 3902661778130, "event": "redis_reply_released", "id": "hit-r3-009", "mode": "hit"}
redis-fixture-1  | 2026-09-23T10:20:07.888476668Z {"seq": 87, "time_ns": 3902666053347, "event": "client_complete", "id": "hit-r3-009", "status": "200", "curl_exit": 0, "body_sha256": "da87d065c0f96d585f02840dc10c88f7e8edac17ae77dbdae4b9e051a619338f"}
redis-fixture-1  | 2026-09-23T10:20:07.890767322Z {"seq": 88, "time_ns": 3902668398847, "event": "upstream_peer_closed", "id": "hit-r3-009"}
redis-fixture-1  | 2026-09-23T10:20:07.996967629Z {"seq": 89, "time_ns": 3902774521291, "event": "redis_release_requested", "id": "hit-r3-009"}
envoy-1          | 2026-09-23T10:20:07.153555902Z [2026-09-23 10:20:07.153][29][debug][wasm] [external/envoy/source/extensions/common/wasm/context.cc:1538] wasm log response-cache response-cache response-cache: [response-cache] [nil] [0d177bb3-e1b3-4813-9453-568c82f6a642] [onHttpRequestHeaders] cache key from request header: x-http-cache-key, key: hit-r3-004
envoy-1          | 2026-09-23T10:20:07.153588118Z [2026-09-23 10:20:07.153][29][debug][wasm] [external/envoy/source/extensions/common/wasm/context.cc:1538] wasm log response-cache response-cache response-cache: [response-cache] [nil] [0d177bb3-e1b3-4813-9453-568c82f6a642] [response-cache] [CheckCacheForKey] querying cache with key: higress-audit:hit-r3-004
envoy-1          | 2026-09-23T10:20:07.153679558Z [2026-09-23 10:20:07.153][29][debug][wasm] [external/envoy/source/extensions/common/wasm/context.cc:1538] wasm log response-cache response-cache response-cache: redis call start, request-id: d0fc7e22-3c9f-4108-9800-c452e3fe986f, respQuery: KjINCiQzDQpnZXQNCiQyNA0KaGlncmVzcy1hdWRpdDpoaXQtcjMtMDA0DQo=
envoy-1          | 2026-09-23T10:20:07.176238571Z [2026-09-23 10:20:07.176][29][debug][wasm] [external/envoy/source/extensions/common/wasm/context.cc:1538] wasm log response-cache response-cache response-cache: redis call end, request-id: d0fc7e22-3c9f-4108-9800-c452e3fe986f, respQuery: KjINCiQzDQpnZXQNCiQyNA0KaGlncmVzcy1hdWRpdDpoaXQtcjMtMDA0DQo=, respValue: JDQxDQp7InNvdXJjZSI6ImNhY2hlIiwidmFsdWUiOiJmaXh0dXJlLW9ubHkifQ0K
envoy-1          | 2026-09-23T10:20:07.176271407Z [2026-09-23 10:20:07.176][29][info][wasm] [external/envoy/source/extensions/common/wasm/context.cc:1541] wasm log response-cache response-cache response-cache: [response-cache] [nil] [0d177bb3-e1b3-4813-9453-568c82f6a642] [response-cache] cache hit for key: hit-r3-004
envoy-1          | 2026-09-23T10:20:07.176312927Z [2026-09-23 10:20:07.176][29][debug][wasm] [external/envoy/source/extensions/common/wasm/context.cc:1538] wasm log response-cache response-cache response-cache: [response-cache] [nil] [0d177bb3-e1b3-4813-9453-568c82f6a642] [response-cache] [processCacheHit] cached response for key hit-r3-004: {"source":"cache","value":"fixture-only"}
envoy-1          | 2026-09-23T10:20:07.176571742Z [2026-09-23 10:20:07.176][29][debug][wasm] [external/envoy/source/extensions/common/wasm/context.cc:1538] wasm log response-cache response-cache response-cache: [response-cache] [nil] [0d177bb3-e1b3-4813-9453-568c82f6a642] SetResponseBodyBufferLimit: 10485760
envoy-1          | 2026-09-23T10:20:07.176685683Z [2026-09-23 10:20:07.176][29][debug][wasm] [external/envoy/source/extensions/common/wasm/context.cc:1538] wasm log response-cache response-cache response-cache: [response-cache] [nil] [0d177bb3-e1b3-4813-9453-568c82f6a642] [onHttpResponseBody] key is nil, skip cache
envoy-1          | 2026-09-23T10:20:07.303723076Z [2026-09-23 10:20:07.303][29][debug][wasm] [external/envoy/source/extensions/common/wasm/context.cc:1538] wasm log response-cache response-cache response-cache: [response-cache] [nil] [ad9463fc-2b5c-4753-92f3-560d0ddfc7d2] [onHttpRequestHeaders] cache key from request header: x-http-cache-key, key: hit-r3-005
envoy-1          | 2026-09-23T10:20:07.303755325Z [2026-09-23 10:20:07.303][29][debug][wasm] [external/envoy/source/extensions/common/wasm/context.cc:1538] wasm log response-cache response-cache response-cache: [response-cache] [nil] [ad9463fc-2b5c-4753-92f3-560d0ddfc7d2] [response-cache] [CheckCacheForKey] querying cache with key: higress-audit:hit-r3-005
envoy-1          | 2026-09-23T10:20:07.303875534Z [2026-09-23 10:20:07.303][29][debug][wasm] [external/envoy/source/extensions/common/wasm/context.cc:1538] wasm log response-cache response-cache response-cache: redis call start, request-id: a803f006-43de-4274-8f56-0f59711d857c, respQuery: KjINCiQzDQpnZXQNCiQyNA0KaGlncmVzcy1hdWRpdDpoaXQtcjMtMDA1DQo=
envoy-1          | 2026-09-23T10:20:07.326134232Z [2026-09-23 10:20:07.326][29][debug][wasm] [external/envoy/source/extensions/common/wasm/context.cc:1538] wasm log response-cache response-cache response-cache: redis call end, request-id: a803f006-43de-4274-8f56-0f59711d857c, respQuery: KjINCiQzDQpnZXQNCiQyNA0KaGlncmVzcy1hdWRpdDpoaXQtcjMtMDA1DQo=, respValue: JDQxDQp7InNvdXJjZSI6ImNhY2hlIiwidmFsdWUiOiJmaXh0dXJlLW9ubHkifQ0K
envoy-1          | 2026-09-23T10:20:07.326165984Z [2026-09-23 10:20:07.326][29][info][wasm] [external/envoy/source/extensions/common/wasm/context.cc:1541] wasm log response-cache response-cache response-cache: [response-cache] [nil] [ad9463fc-2b5c-4753-92f3-560d0ddfc7d2] [response-cache] cache hit for key: hit-r3-005
envoy-1          | 2026-09-23T10:20:07.326222212Z [2026-09-23 10:20:07.326][29][debug][wasm] [external/envoy/source/extensions/common/wasm/context.cc:1538] wasm log response-cache response-cache response-cache: [response-cache] [nil] [ad9463fc-2b5c-4753-92f3-560d0ddfc7d2] [response-cache] [processCacheHit] cached response for key hit-r3-005: {"source":"cache","value":"fixture-only"}
envoy-1          | 2026-09-23T10:20:07.326483298Z [2026-09-23 10:20:07.326][29][debug][wasm] [external/envoy/source/extensions/common/wasm/context.cc:1538] wasm log response-cache response-cache response-cache: [response-cache] [nil] [ad9463fc-2b5c-4753-92f3-560d0ddfc7d2] SetResponseBodyBufferLimit: 10485760
envoy-1          | 2026-09-23T10:20:07.326591395Z [2026-09-23 10:20:07.326][29][debug][wasm] [external/envoy/source/extensions/common/wasm/context.cc:1538] wasm log response-cache response-cache response-cache: [response-cache] [nil] [ad9463fc-2b5c-4753-92f3-560d0ddfc7d2] [onHttpResponseBody] key is nil, skip cache
envoy-1          | 2026-09-23T10:20:07.453846466Z [2026-09-23 10:20:07.453][29][debug][wasm] [external/envoy/source/extensions/common/wasm/context.cc:1538] wasm log response-cache response-cache response-cache: [response-cache] [nil] [b2355c78-95c4-40eb-981d-a9aed3411f54] [onHttpRequestHeaders] cache key from request header: x-http-cache-key, key: hit-r3-006
envoy-1          | 2026-09-23T10:20:07.453879018Z [2026-09-23 10:20:07.453][29][debug][wasm] [external/envoy/source/extensions/common/wasm/context.cc:1538] wasm log response-cache response-cache response-cache: [response-cache] [nil] [b2355c78-95c4-40eb-981d-a9aed3411f54] [response-cache] [CheckCacheForKey] querying cache with key: higress-audit:hit-r3-006
envoy-1          | 2026-09-23T10:20:07.453968147Z [2026-09-23 10:20:07.453][29][debug][wasm] [external/envoy/source/extensions/common/wasm/context.cc:1538] wasm log response-cache response-cache response-cache: redis call start, request-id: 33f504a8-6ef7-4f34-ad98-78ebec382b0b, respQuery: KjINCiQzDQpnZXQNCiQyNA0KaGlncmVzcy1hdWRpdDpoaXQtcjMtMDA2DQo=
envoy-1          | 2026-09-23T10:20:07.464988379Z [2026-09-23 10:20:07.464][29][debug][wasm] [external/envoy/source/extensions/common/wasm/context.cc:1538] wasm log response-cache response-cache response-cache: redis call end, request-id: 33f504a8-6ef7-4f34-ad98-78ebec382b0b, respQuery: KjINCiQzDQpnZXQNCiQyNA0KaGlncmVzcy1hdWRpdDpoaXQtcjMtMDA2DQo=, respValue: JDQxDQp7InNvdXJjZSI6ImNhY2hlIiwidmFsdWUiOiJmaXh0dXJlLW9ubHkifQ0K
envoy-1          | 2026-09-23T10:20:07.465032800Z [2026-09-23 10:20:07.464][29][info][wasm] [external/envoy/source/extensions/common/wasm/context.cc:1541] wasm log response-cache response-cache response-cache: [response-cache] [nil] [b2355c78-95c4-40eb-981d-a9aed3411f54] [response-cache] cache hit for key: hit-r3-006
envoy-1          | 2026-09-23T10:20:07.465081996Z [2026-09-23 10:20:07.464][29][debug][wasm] [external/envoy/source/extensions/common/wasm/context.cc:1538] wasm log response-cache response-cache response-cache: [response-cache] [nil] [b2355c78-95c4-40eb-981d-a9aed3411f54] [response-cache] [processCacheHit] cached response for key hit-r3-006: {"source":"cache","value":"fixture-only"}
envoy-1          | 2026-09-23T10:20:07.465302298Z [2026-09-23 10:20:07.465][29][debug][wasm] [external/envoy/source/extensions/common/wasm/context.cc:1538] wasm log response-cache response-cache response-cache: [response-cache] [nil] [b2355c78-95c4-40eb-981d-a9aed3411f54] SetResponseBodyBufferLimit: 10485760
envoy-1          | 2026-09-23T10:20:07.465398454Z [2026-09-23 10:20:07.465][29][debug][wasm] [external/envoy/source/extensions/common/wasm/context.cc:1538] wasm log response-cache response-cache response-cache: [response-cache] [nil] [b2355c78-95c4-40eb-981d-a9aed3411f54] [onHttpResponseBody] key is nil, skip cache
envoy-1          | 2026-09-23T10:20:07.592413115Z [2026-09-23 10:20:07.592][29][debug][wasm] [external/envoy/source/extensions/common/wasm/context.cc:1538] wasm log response-cache response-cache response-cache: [response-cache] [nil] [b664c230-c4b0-46c6-a708-60fb232f8a48] [onHttpRequestHeaders] cache key from request header: x-http-cache-key, key: hit-r3-007
envoy-1          | 2026-09-23T10:20:07.592445308Z [2026-09-23 10:20:07.592][29][debug][wasm] [external/envoy/source/extensions/common/wasm/context.cc:1538] wasm log response-cache response-cache response-cache: [response-cache] [nil] [b664c230-c4b0-46c6-a708-60fb232f8a48] [response-cache] [CheckCacheForKey] querying cache with key: higress-audit:hit-r3-007
envoy-1          | 2026-09-23T10:20:07.592538716Z [2026-09-23 10:20:07.592][29][debug][wasm] [external/envoy/source/extensions/common/wasm/context.cc:1538] wasm log response-cache response-cache response-cache: redis call start, request-id: e4956fad-3ebd-4a75-8b10-146648ebf611, respQuery: KjINCiQzDQpnZXQNCiQyNA0KaGlncmVzcy1hdWRpdDpoaXQtcjMtMDA3DQo=
envoy-1          | 2026-09-23T10:20:07.604510217Z [2026-09-23 10:20:07.604][29][debug][wasm] [external/envoy/source/extensions/common/wasm/context.cc:1538] wasm log response-cache response-cache response-cache: redis call end, request-id: e4956fad-3ebd-4a75-8b10-146648ebf611, respQuery: KjINCiQzDQpnZXQNCiQyNA0KaGlncmVzcy1hdWRpdDpoaXQtcjMtMDA3DQo=, respValue: JDQxDQp7InNvdXJjZSI6ImNhY2hlIiwidmFsdWUiOiJmaXh0dXJlLW9ubHkifQ0K
envoy-1          | 2026-09-23T10:20:07.604537357Z [2026-09-23 10:20:07.604][29][info][wasm] [external/envoy/source/extensions/common/wasm/context.cc:1541] wasm log response-cache response-cache response-cache: [response-cache] [nil] [b664c230-c4b0-46c6-a708-60fb232f8a48] [response-cache] cache hit for key: hit-r3-007
envoy-1          | 2026-09-23T10:20:07.604604201Z [2026-09-23 10:20:07.604][29][debug][wasm] [external/envoy/source/extensions/common/wasm/context.cc:1538] wasm log response-cache response-cache response-cache: [response-cache] [nil] [b664c230-c4b0-46c6-a708-60fb232f8a48] [response-cache] [processCacheHit] cached response for key hit-r3-007: {"source":"cache","value":"fixture-only"}
envoy-1          | 2026-09-23T10:20:07.604824471Z [2026-09-23 10:20:07.604][29][debug][wasm] [external/envoy/source/extensions/common/wasm/context.cc:1538] wasm log response-cache response-cache response-cache: [response-cache] [nil] [b664c230-c4b0-46c6-a708-60fb232f8a48] SetResponseBodyBufferLimit: 10485760
envoy-1          | 2026-09-23T10:20:07.604921592Z [2026-09-23 10:20:07.604][29][debug][wasm] [external/envoy/source/extensions/common/wasm/context.cc:1538] wasm log response-cache response-cache response-cache: [response-cache] [nil] [b664c230-c4b0-46c6-a708-60fb232f8a48] [onHttpResponseBody] key is nil, skip cache
envoy-1          | 2026-09-23T10:20:07.732363649Z [2026-09-23 10:20:07.732][29][debug][wasm] [external/envoy/source/extensions/common/wasm/context.cc:1538] wasm log response-cache response-cache response-cache: [response-cache] [nil] [b8f8461a-7efb-4080-9107-8b9b3f0b5aa1] [onHttpRequestHeaders] cache key from request header: x-http-cache-key, key: hit-r3-008
envoy-1          | 2026-09-23T10:20:07.732396277Z [2026-09-23 10:20:07.732][29][debug][wasm] [external/envoy/source/extensions/common/wasm/context.cc:1538] wasm log response-cache response-cache response-cache: [response-cache] [nil] [b8f8461a-7efb-4080-9107-8b9b3f0b5aa1] [response-cache] [CheckCacheForKey] querying cache with key: higress-audit:hit-r3-008
envoy-1          | 2026-09-23T10:20:07.732536453Z [2026-09-23 10:20:07.732][29][debug][wasm] [external/envoy/source/extensions/common/wasm/context.cc:1538] wasm log response-cache response-cache response-cache: redis call start, request-id: b7bd9675-df43-4aa6-a7af-8e5e2f09e851, respQuery: KjINCiQzDQpnZXQNCiQyNA0KaGlncmVzcy1hdWRpdDpoaXQtcjMtMDA4DQo=
envoy-1          | 2026-09-23T10:20:07.744063569Z [2026-09-23 10:20:07.743][29][debug][wasm] [external/envoy/source/extensions/common/wasm/context.cc:1538] wasm log response-cache response-cache response-cache: redis call end, request-id: b7bd9675-df43-4aa6-a7af-8e5e2f09e851, respQuery: KjINCiQzDQpnZXQNCiQyNA0KaGlncmVzcy1hdWRpdDpoaXQtcjMtMDA4DQo=, respValue: JDQxDQp7InNvdXJjZSI6ImNhY2hlIiwidmFsdWUiOiJmaXh0dXJlLW9ubHkifQ0K
envoy-1          | 2026-09-23T10:20:07.744095482Z [2026-09-23 10:20:07.744][29][info][wasm] [external/envoy/source/extensions/common/wasm/context.cc:1541] wasm log response-cache response-cache response-cache: [response-cache] [nil] [b8f8461a-7efb-4080-9107-8b9b3f0b5aa1] [response-cache] cache hit for key: hit-r3-008
envoy-1          | 2026-09-23T10:20:07.744143035Z [2026-09-23 10:20:07.744][29][debug][wasm] [external/envoy/source/extensions/common/wasm/context.cc:1538] wasm log response-cache response-cache response-cache: [response-cache] [nil] [b8f8461a-7efb-4080-9107-8b9b3f0b5aa1] [response-cache] [processCacheHit] cached response for key hit-r3-008: {"source":"cache","value":"fixture-only"}
envoy-1          | 2026-09-23T10:20:07.744410528Z [2026-09-23 10:20:07.744][29][debug][wasm] [external/envoy/source/extensions/common/wasm/context.cc:1538] wasm log response-cache response-cache response-cache: [response-cache] [nil] [b8f8461a-7efb-4080-9107-8b9b3f0b5aa1] SetResponseBodyBufferLimit: 10485760
envoy-1          | 2026-09-23T10:20:07.744522677Z [2026-09-23 10:20:07.744][29][debug][wasm] [external/envoy/source/extensions/common/wasm/context.cc:1538] wasm log response-cache response-cache response-cache: [response-cache] [nil] [b8f8461a-7efb-4080-9107-8b9b3f0b5aa1] [onHttpResponseBody] key is nil, skip cache
envoy-1          | 2026-09-23T10:20:07.872680036Z [2026-09-23 10:20:07.872][29][debug][wasm] [external/envoy/source/extensions/common/wasm/context.cc:1538] wasm log response-cache response-cache response-cache: [response-cache] [nil] [e65965ed-f311-4854-b752-fc49f74193c0] [onHttpRequestHeaders] cache key from request header: x-http-cache-key, key: hit-r3-009
envoy-1          | 2026-09-23T10:20:07.872713124Z [2026-09-23 10:20:07.872][29][debug][wasm] [external/envoy/source/extensions/common/wasm/context.cc:1538] wasm log response-cache response-cache response-cache: [response-cache] [nil] [e65965ed-f311-4854-b752-fc49f74193c0] [response-cache] [CheckCacheForKey] querying cache with key: higress-audit:hit-r3-009
envoy-1          | 2026-09-23T10:20:07.872746748Z [2026-09-23 10:20:07.872][29][debug][wasm] [external/envoy/source/extensions/common/wasm/context.cc:1538] wasm log response-cache response-cache response-cache: redis call start, request-id: d2c57a46-40e8-45f3-8bb2-c49127466a03, respQuery: KjINCiQzDQpnZXQNCiQyNA0KaGlncmVzcy1hdWRpdDpoaXQtcjMtMDA5DQo=
envoy-1          | 2026-09-23T10:20:07.884678819Z [2026-09-23 10:20:07.884][29][debug][wasm] [external/envoy/source/extensions/common/wasm/context.cc:1538] wasm log response-cache response-cache response-cache: redis call end, request-id: d2c57a46-40e8-45f3-8bb2-c49127466a03, respQuery: KjINCiQzDQpnZXQNCiQyNA0KaGlncmVzcy1hdWRpdDpoaXQtcjMtMDA5DQo=, respValue: JDQxDQp7InNvdXJjZSI6ImNhY2hlIiwidmFsdWUiOiJmaXh0dXJlLW9ubHkifQ0K
envoy-1          | 2026-09-23T10:20:07.884711080Z [2026-09-23 10:20:07.884][29][info][wasm] [external/envoy/source/extensions/common/wasm/context.cc:1541] wasm log response-cache response-cache response-cache: [response-cache] [nil] [e65965ed-f311-4854-b752-fc49f74193c0] [response-cache] cache hit for key: hit-r3-009
envoy-1          | 2026-09-23T10:20:07.884723036Z [2026-09-23 10:20:07.884][29][debug][wasm] [external/envoy/source/extensions/common/wasm/context.cc:1538] wasm log response-cache response-cache response-cache: [response-cache] [nil] [e65965ed-f311-4854-b752-fc49f74193c0] [response-cache] [processCacheHit] cached response for key hit-r3-009: {"source":"cache","value":"fixture-only"}
envoy-1          | 2026-09-23T10:20:07.884968893Z [2026-09-23 10:20:07.884][29][debug][wasm] [external/envoy/source/extensions/common/wasm/context.cc:1538] wasm log response-cache response-cache response-cache: [response-cache] [nil] [e65965ed-f311-4854-b752-fc49f74193c0] SetResponseBodyBufferLimit: 10485760
envoy-1          | 2026-09-23T10:20:07.885067361Z [2026-09-23 10:20:07.885][29][debug][wasm] [external/envoy/source/extensions/common/wasm/context.cc:1538] wasm log response-cache response-cache response-cache: [response-cache] [nil] [e65965ed-f311-4854-b752-fc49f74193c0] [onHttpResponseBody] key is nil, skip cache
envoy-1          | 2026-09-23T10:20:08.012607328Z [2026-09-23 10:20:08.012][29][debug][wasm] [external/envoy/source/extensions/common/wasm/context.cc:1538] wasm log response-cache response-cache response-cache: [response-cache] [nil] [6fd7c8b8-e06e-483a-9a2d-1030c967a00a] [onHttpRequestHeaders] cache key from request header: x-http-cache-key, key: hit-r3-010
envoy-1          | 2026-09-23T10:20:08.012639803Z [2026-09-23 10:20:08.012][29][debug][wasm] [external/envoy/source/extensions/common/wasm/context.cc:1538] wasm log response-cache response-cache response-cache: [response-cache] [nil] [6fd7c8b8-e06e-483a-9a2d-1030c967a00a] [response-cache] [CheckCacheForKey] querying cache with key: higress-audit:hit-r3-010
redis-fixture-1  | 2026-09-23T10:20:08.001659280Z {"seq": 90, "time_ns": 3902779227147, "event": "prepared", "id": "hit-r3-010", "mode": "hit", "key": "higress-audit:hit-r3-010", "value": "{\"source\":\"cache\",\"value\":\"fixture-only\"}"}
redis-fixture-1  | 2026-09-23T10:20:08.013953838Z {"seq": 91, "time_ns": 3902791530721, "event": "upstream_seen", "id": "hit-r3-010", "headers": {"host": "127.0.0.1:19468", "user-agent": "curl/7.81.0", "accept": "*/*", "x-http-cache-key": "hit-r3-010", "x-verification-id": "hit-r3-010", "x-forwarded-proto": "http", "x-envoy-original-host": "127.0.0.1:19468", "x-request-id": "6fd7c8b8-e06e-483a-9a2d-1030c967a00a", "x-envoy-expected-rq-timeout-ms": "15000", "req-start-time": "1790158808012"}}
redis-fixture-1  | 2026-09-23T10:20:08.016852315Z {"seq": 92, "time_ns": 3902794390542, "event": "redis_command", "id": "hit-r3-010", "command": "GET", "args": ["higress-audit:hit-r3-010"]}
envoy-1          | 2026-09-23T10:20:08.012792352Z [2026-09-23 10:20:08.012][29][debug][wasm] [external/envoy/source/extensions/common/wasm/context.cc:1538] wasm log response-cache response-cache response-cache: redis call start, request-id: 770e13bd-9a97-4c6a-a797-6685019e3765, respQuery: KjINCiQzDQpnZXQNCiQyNA0KaGlncmVzcy1hdWRpdDpoaXQtcjMtMDEwDQo=
redis-fixture-1  | 2026-09-23T10:20:08.016894140Z {"seq": 93, "time_ns": 3902794467771, "event": "redis_get_seen", "id": "hit-r3-010"}
redis-fixture-1  | 2026-09-23T10:20:08.023575328Z {"seq": 94, "time_ns": 3902801188437, "event": "redis_release_requested", "id": "hit-r3-010"}
redis-fixture-1  | 2026-09-23T10:20:08.023703064Z {"seq": 95, "time_ns": 3902801367404, "event": "redis_reply_released", "id": "hit-r3-010", "mode": "hit"}
redis-fixture-1  | 2026-09-23T10:20:08.027777231Z {"seq": 96, "time_ns": 3902805362359, "event": "client_complete", "id": "hit-r3-010", "status": "200", "curl_exit": 0, "body_sha256": "da87d065c0f96d585f02840dc10c88f7e8edac17ae77dbdae4b9e051a619338f"}
redis-fixture-1  | 2026-09-23T10:20:08.030058616Z {"seq": 97, "time_ns": 3902807605589, "event": "upstream_peer_closed", "id": "hit-r3-010"}
redis-fixture-1  | 2026-09-23T10:20:08.136460849Z {"seq": 98, "time_ns": 3902914065957, "event": "redis_release_requested", "id": "hit-r3-010"}
redis-fixture-1  | 2026-09-23T10:20:08.140689773Z {"seq": 99, "time_ns": 3902918302261, "event": "prepared", "id": "hit-r3-011", "mode": "hit", "key": "higress-audit:hit-r3-011", "value": "{\"source\":\"cache\",\"value\":\"fixture-only\"}"}
redis-fixture-1  | 2026-09-23T10:20:08.153992387Z {"seq": 100, "time_ns": 3902931561459, "event": "upstream_seen", "id": "hit-r3-011", "headers": {"host": "127.0.0.1:19468", "user-agent": "curl/7.81.0", "accept": "*/*", "x-http-cache-key": "hit-r3-011", "x-verification-id": "hit-r3-011", "x-forwarded-proto": "http", "x-envoy-original-host": "127.0.0.1:19468", "x-request-id": "df44a74b-2968-4103-97be-4fed4a7a1d17", "x-envoy-expected-rq-timeout-ms": "15000", "req-start-time": "1790158808152"}}
redis-fixture-1  | 2026-09-23T10:20:08.157166619Z {"seq": 101, "time_ns": 3902934466856, "event": "redis_command", "id": "hit-r3-011", "command": "GET", "args": ["higress-audit:hit-r3-011"]}
envoy-1          | 2026-09-23T10:20:08.024067831Z [2026-09-23 10:20:08.023][29][debug][wasm] [external/envoy/source/extensions/common/wasm/context.cc:1538] wasm log response-cache response-cache response-cache: redis call end, request-id: 770e13bd-9a97-4c6a-a797-6685019e3765, respQuery: KjINCiQzDQpnZXQNCiQyNA0KaGlncmVzcy1hdWRpdDpoaXQtcjMtMDEwDQo=, respValue: JDQxDQp7InNvdXJjZSI6ImNhY2hlIiwidmFsdWUiOiJmaXh0dXJlLW9ubHkifQ0K
envoy-1          | 2026-09-23T10:20:08.024120503Z [2026-09-23 10:20:08.024][29][info][wasm] [external/envoy/source/extensions/common/wasm/context.cc:1541] wasm log response-cache response-cache response-cache: [response-cache] [nil] [6fd7c8b8-e06e-483a-9a2d-1030c967a00a] [response-cache] cache hit for key: hit-r3-010
envoy-1          | 2026-09-23T10:20:08.024204172Z [2026-09-23 10:20:08.024][29][debug][wasm] [external/envoy/source/extensions/common/wasm/context.cc:1538] wasm log response-cache response-cache response-cache: [response-cache] [nil] [6fd7c8b8-e06e-483a-9a2d-1030c967a00a] [response-cache] [processCacheHit] cached response for key hit-r3-010: {"source":"cache","value":"fixture-only"}
envoy-1          | 2026-09-23T10:20:08.024423013Z [2026-09-23 10:20:08.024][29][debug][wasm] [external/envoy/source/extensions/common/wasm/context.cc:1538] wasm log response-cache response-cache response-cache: [response-cache] [nil] [6fd7c8b8-e06e-483a-9a2d-1030c967a00a] SetResponseBodyBufferLimit: 10485760
envoy-1          | 2026-09-23T10:20:08.024527479Z [2026-09-23 10:20:08.024][29][debug][wasm] [external/envoy/source/extensions/common/wasm/context.cc:1538] wasm log response-cache response-cache response-cache: [response-cache] [nil] [6fd7c8b8-e06e-483a-9a2d-1030c967a00a] [onHttpResponseBody] key is nil, skip cache
envoy-1          | 2026-09-23T10:20:08.152689981Z [2026-09-23 10:20:08.152][29][debug][wasm] [external/envoy/source/extensions/common/wasm/context.cc:1538] wasm log response-cache response-cache response-cache: [response-cache] [nil] [df44a74b-2968-4103-97be-4fed4a7a1d17] [onHttpRequestHeaders] cache key from request header: x-http-cache-key, key: hit-r3-011
envoy-1          | 2026-09-23T10:20:08.152723382Z [2026-09-23 10:20:08.152][29][debug][wasm] [external/envoy/source/extensions/common/wasm/context.cc:1538] wasm log response-cache response-cache response-cache: [response-cache] [nil] [df44a74b-2968-4103-97be-4fed4a7a1d17] [response-cache] [CheckCacheForKey] querying cache with key: higress-audit:hit-r3-011
envoy-1          | 2026-09-23T10:20:08.152757002Z [2026-09-23 10:20:08.152][29][debug][wasm] [external/envoy/source/extensions/common/wasm/context.cc:1538] wasm log response-cache response-cache response-cache: redis call start, request-id: a8162466-4c0b-4803-bb8b-b0c480dacf5a, respQuery: KjINCiQzDQpnZXQNCiQyNA0KaGlncmVzcy1hdWRpdDpoaXQtcjMtMDExDQo=
envoy-1          | 2026-09-23T10:20:08.164036083Z [2026-09-23 10:20:08.163][29][debug][wasm] [external/envoy/source/extensions/common/wasm/context.cc:1538] wasm log response-cache response-cache response-cache: redis call end, request-id: a8162466-4c0b-4803-bb8b-b0c480dacf5a, respQuery: KjINCiQzDQpnZXQNCiQyNA0KaGlncmVzcy1hdWRpdDpoaXQtcjMtMDExDQo=, respValue: JDQxDQp7InNvdXJjZSI6ImNhY2hlIiwidmFsdWUiOiJmaXh0dXJlLW9ubHkifQ0K
envoy-1          | 2026-09-23T10:20:08.164055888Z [2026-09-23 10:20:08.163][29][info][wasm] [external/envoy/source/extensions/common/wasm/context.cc:1541] wasm log response-cache response-cache response-cache: [response-cache] [nil] [df44a74b-2968-4103-97be-4fed4a7a1d17] [response-cache] cache hit for key: hit-r3-011
envoy-1          | 2026-09-23T10:20:08.164074836Z [2026-09-23 10:20:08.164][29][debug][wasm] [external/envoy/source/extensions/common/wasm/context.cc:1538] wasm log response-cache response-cache response-cache: [response-cache] [nil] [df44a74b-2968-4103-97be-4fed4a7a1d17] [response-cache] [processCacheHit] cached response for key hit-r3-011: {"source":"cache","value":"fixture-only"}
envoy-1          | 2026-09-23T10:20:08.164356199Z [2026-09-23 10:20:08.164][29][debug][wasm] [external/envoy/source/extensions/common/wasm/context.cc:1538] wasm log response-cache response-cache response-cache: [response-cache] [nil] [df44a74b-2968-4103-97be-4fed4a7a1d17] SetResponseBodyBufferLimit: 10485760
envoy-1          | 2026-09-23T10:20:08.164459147Z [2026-09-23 10:20:08.164][29][debug][wasm] [external/envoy/source/extensions/common/wasm/context.cc:1538] wasm log response-cache response-cache response-cache: [response-cache] [nil] [df44a74b-2968-4103-97be-4fed4a7a1d17] [onHttpResponseBody] key is nil, skip cache
redis-fixture-1  | 2026-09-23T10:20:08.157223632Z {"seq": 102, "time_ns": 3902934951307, "event": "redis_get_seen", "id": "hit-r3-011"}
redis-fixture-1  | 2026-09-23T10:20:08.163375371Z {"seq": 103, "time_ns": 3902940962724, "event": "redis_release_requested", "id": "hit-r3-011"}
redis-fixture-1  | 2026-09-23T10:20:08.163498008Z {"seq": 104, "time_ns": 3902941184316, "event": "redis_reply_released", "id": "hit-r3-011", "mode": "hit"}
redis-fixture-1  | 2026-09-23T10:20:08.167785981Z {"seq": 105, "time_ns": 3902945423431, "event": "client_complete", "id": "hit-r3-011", "status": "200", "curl_exit": 0, "body_sha256": "da87d065c0f96d585f02840dc10c88f7e8edac17ae77dbdae4b9e051a619338f"}
redis-fixture-1  | 2026-09-23T10:20:08.170326708Z {"seq": 106, "time_ns": 3902947947807, "event": "upstream_peer_closed", "id": "hit-r3-011"}
redis-fixture-1  | 2026-09-23T10:20:08.277043342Z {"seq": 107, "time_ns": 3903054661546, "event": "redis_release_requested", "id": "hit-r3-011"}
redis-fixture-1  | 2026-09-23T10:20:08.281815311Z {"seq": 108, "time_ns": 3903059451332, "event": "prepared", "id": "hit-r3-012", "mode": "hit", "key": "higress-audit:hit-r3-012", "value": "{\"source\":\"cache\",\"value\":\"fixture-only\"}"}
redis-fixture-1  | 2026-09-23T10:20:08.294545700Z {"seq": 109, "time_ns": 3903072127390, "event": "upstream_seen", "id": "hit-r3-012", "headers": {"host": "127.0.0.1:19468", "user-agent": "curl/7.81.0", "accept": "*/*", "x-http-cache-key": "hit-r3-012", "x-verification-id": "hit-r3-012", "x-forwarded-proto": "http", "x-envoy-original-host": "127.0.0.1:19468", "x-request-id": "ffbd4c33-7156-449f-bea4-fc3fdbdc6680", "x-envoy-expected-rq-timeout-ms": "15000", "req-start-time": "1790158808292"}}
redis-fixture-1  | 2026-09-23T10:20:08.297302437Z {"seq": 110, "time_ns": 3903074864364, "event": "redis_command", "id": "hit-r3-012", "command": "GET", "args": ["higress-audit:hit-r3-012"]}
redis-fixture-1  | 2026-09-23T10:20:08.297333437Z {"seq": 111, "time_ns": 3903074939081, "event": "redis_get_seen", "id": "hit-r3-012"}
redis-fixture-1  | 2026-09-23T10:20:08.305066665Z {"seq": 112, "time_ns": 3903082706522, "event": "redis_release_requested", "id": "hit-r3-012"}
envoy-1          | 2026-09-23T10:20:08.293151145Z [2026-09-23 10:20:08.292][29][debug][wasm] [external/envoy/source/extensions/common/wasm/context.cc:1538] wasm log response-cache response-cache response-cache: [response-cache] [nil] [ffbd4c33-7156-449f-bea4-fc3fdbdc6680] [onHttpRequestHeaders] cache key from request header: x-http-cache-key, key: hit-r3-012
redis-fixture-1  | 2026-09-23T10:20:08.305117664Z {"seq": 113, "time_ns": 3903082850183, "event": "redis_reply_released", "id": "hit-r3-012", "mode": "hit"}
redis-fixture-1  | 2026-09-23T10:20:08.309209808Z {"seq": 114, "time_ns": 3903086845549, "event": "client_complete", "id": "hit-r3-012", "status": "200", "curl_exit": 0, "body_sha256": "da87d065c0f96d585f02840dc10c88f7e8edac17ae77dbdae4b9e051a619338f"}
redis-fixture-1  | 2026-09-23T10:20:08.311597182Z {"seq": 115, "time_ns": 3903089231192, "event": "upstream_peer_closed", "id": "hit-r3-012"}
redis-fixture-1  | 2026-09-23T10:20:08.429501722Z {"seq": 116, "time_ns": 3903207119237, "event": "redis_release_requested", "id": "hit-r3-012"}
redis-fixture-1  | 2026-09-23T10:20:08.434019728Z {"seq": 117, "time_ns": 3903211636601, "event": "prepared", "id": "hit-r3-013", "mode": "hit", "key": "higress-audit:hit-r3-013", "value": "{\"source\":\"cache\",\"value\":\"fixture-only\"}"}
redis-fixture-1  | 2026-09-23T10:20:08.446327046Z {"seq": 118, "time_ns": 3903223882897, "event": "upstream_seen", "id": "hit-r3-013", "headers": {"host": "127.0.0.1:19468", "user-agent": "curl/7.81.0", "accept": "*/*", "x-http-cache-key": "hit-r3-013", "x-verification-id": "hit-r3-013", "x-forwarded-proto": "http", "x-envoy-original-host": "127.0.0.1:19468", "x-request-id": "4e09a621-3a26-4ff0-b2a4-c855087cac18", "x-envoy-expected-rq-timeout-ms": "15000", "req-start-time": "1790158808444"}}
redis-fixture-1  | 2026-09-23T10:20:08.449280401Z {"seq": 119, "time_ns": 3903226842904, "event": "redis_command", "id": "hit-r3-013", "command": "GET", "args": ["higress-audit:hit-r3-013"]}
redis-fixture-1  | 2026-09-23T10:20:08.449311193Z {"seq": 120, "time_ns": 3903226918336, "event": "redis_get_seen", "id": "hit-r3-013"}
redis-fixture-1  | 2026-09-23T10:20:08.457270622Z {"seq": 121, "time_ns": 3903234842064, "event": "redis_release_requested", "id": "hit-r3-013"}
redis-fixture-1  | 2026-09-23T10:20:08.457303282Z {"seq": 122, "time_ns": 3903234988937, "event": "redis_reply_released", "id": "hit-r3-013", "mode": "hit"}
redis-fixture-1  | 2026-09-23T10:20:08.461407418Z {"seq": 123, "time_ns": 3903238991445, "event": "client_complete", "id": "hit-r3-013", "status": "200", "curl_exit": 0, "body_sha256": "da87d065c0f96d585f02840dc10c88f7e8edac17ae77dbdae4b9e051a619338f"}
redis-fixture-1  | 2026-09-23T10:20:08.463701388Z {"seq": 124, "time_ns": 3903241335002, "event": "upstream_peer_closed", "id": "hit-r3-013"}
redis-fixture-1  | 2026-09-23T10:20:08.570749820Z {"seq": 125, "time_ns": 3903348374608, "event": "redis_release_requested", "id": "hit-r3-013"}
redis-fixture-1  | 2026-09-23T10:20:08.575115690Z {"seq": 126, "time_ns": 3903352761242, "event": "prepared", "id": "hit-r3-014", "mode": "hit", "key": "higress-audit:hit-r3-014", "value": "{\"source\":\"cache\",\"value\":\"fixture-only\"}"}
redis-fixture-1  | 2026-09-23T10:20:08.588589789Z {"seq": 127, "time_ns": 3903366209497, "event": "upstream_seen", "id": "hit-r3-014", "headers": {"host": "127.0.0.1:19468", "user-agent": "curl/7.81.0", "accept": "*/*", "x-http-cache-key": "hit-r3-014", "x-verification-id": "hit-r3-014", "x-forwarded-proto": "http", "x-envoy-original-host": "127.0.0.1:19468", "x-request-id": "2aee54b7-5122-412a-a0fb-e7363b429075", "x-envoy-expected-rq-timeout-ms": "15000", "req-start-time": "1790158808586"}}
redis-fixture-1  | 2026-09-23T10:20:08.591434350Z {"seq": 128, "time_ns": 3903369054715, "event": "redis_command", "id": "hit-r3-014", "command": "GET", "args": ["higress-audit:hit-r3-014"]}
redis-fixture-1  | 2026-09-23T10:20:08.591467263Z {"seq": 129, "time_ns": 3903369098114, "event": "redis_get_seen", "id": "hit-r3-014"}
envoy-1          | 2026-09-23T10:20:08.293183522Z [2026-09-23 10:20:08.292][29][debug][wasm] [external/envoy/source/extensions/common/wasm/context.cc:1538] wasm log response-cache response-cache response-cache: [response-cache] [nil] [ffbd4c33-7156-449f-bea4-fc3fdbdc6680] [response-cache] [CheckCacheForKey] querying cache with key: higress-audit:hit-r3-012
redis-fixture-1  | 2026-09-23T10:20:08.598773882Z {"seq": 130, "time_ns": 3903376400926, "event": "redis_release_requested", "id": "hit-r3-014"}
redis-fixture-1  | 2026-09-23T10:20:08.598886760Z {"seq": 131, "time_ns": 3903376565991, "event": "redis_reply_released", "id": "hit-r3-014", "mode": "hit"}
redis-fixture-1  | 2026-09-23T10:20:08.603001803Z {"seq": 132, "time_ns": 3903380583334, "event": "client_complete", "id": "hit-r3-014", "status": "200", "curl_exit": 0, "body_sha256": "da87d065c0f96d585f02840dc10c88f7e8edac17ae77dbdae4b9e051a619338f"}
redis-fixture-1  | 2026-09-23T10:20:08.605533006Z {"seq": 133, "time_ns": 3903383119341, "event": "upstream_peer_closed", "id": "hit-r3-014"}
envoy-1          | 2026-09-23T10:20:08.293253718Z [2026-09-23 10:20:08.293][29][debug][wasm] [external/envoy/source/extensions/common/wasm/context.cc:1538] wasm log response-cache response-cache response-cache: redis call start, request-id: eb7af7d7-40ab-4ca9-b545-fbf16afc13c2, respQuery: KjINCiQzDQpnZXQNCiQyNA0KaGlncmVzcy1hdWRpdDpoaXQtcjMtMDEyDQo=
envoy-1          | 2026-09-23T10:20:08.305568945Z [2026-09-23 10:20:08.305][29][debug][wasm] [external/envoy/source/extensions/common/wasm/context.cc:1538] wasm log response-cache response-cache response-cache: redis call end, request-id: eb7af7d7-40ab-4ca9-b545-fbf16afc13c2, respQuery: KjINCiQzDQpnZXQNCiQyNA0KaGlncmVzcy1hdWRpdDpoaXQtcjMtMDEyDQo=, respValue: JDQxDQp7InNvdXJjZSI6ImNhY2hlIiwidmFsdWUiOiJmaXh0dXJlLW9ubHkifQ0K
envoy-1          | 2026-09-23T10:20:08.305586581Z [2026-09-23 10:20:08.305][29][info][wasm] [external/envoy/source/extensions/common/wasm/context.cc:1541] wasm log response-cache response-cache response-cache: [response-cache] [nil] [ffbd4c33-7156-449f-bea4-fc3fdbdc6680] [response-cache] cache hit for key: hit-r3-012
envoy-1          | 2026-09-23T10:20:08.305632132Z [2026-09-23 10:20:08.305][29][debug][wasm] [external/envoy/source/extensions/common/wasm/context.cc:1538] wasm log response-cache response-cache response-cache: [response-cache] [nil] [ffbd4c33-7156-449f-bea4-fc3fdbdc6680] [response-cache] [processCacheHit] cached response for key hit-r3-012: {"source":"cache","value":"fixture-only"}
envoy-1          | 2026-09-23T10:20:08.305893390Z [2026-09-23 10:20:08.305][29][debug][wasm] [external/envoy/source/extensions/common/wasm/context.cc:1538] wasm log response-cache response-cache response-cache: [response-cache] [nil] [ffbd4c33-7156-449f-bea4-fc3fdbdc6680] SetResponseBodyBufferLimit: 10485760
envoy-1          | 2026-09-23T10:20:08.305993320Z [2026-09-23 10:20:08.305][29][debug][wasm] [external/envoy/source/extensions/common/wasm/context.cc:1538] wasm log response-cache response-cache response-cache: [response-cache] [nil] [ffbd4c33-7156-449f-bea4-fc3fdbdc6680] [onHttpResponseBody] key is nil, skip cache
envoy-1          | 2026-09-23T10:20:08.445172890Z [2026-09-23 10:20:08.444][29][debug][wasm] [external/envoy/source/extensions/common/wasm/context.cc:1538] wasm log response-cache response-cache response-cache: [response-cache] [nil] [4e09a621-3a26-4ff0-b2a4-c855087cac18] [onHttpRequestHeaders] cache key from request header: x-http-cache-key, key: hit-r3-013
envoy-1          | 2026-09-23T10:20:08.445205454Z [2026-09-23 10:20:08.445][29][debug][wasm] [external/envoy/source/extensions/common/wasm/context.cc:1538] wasm log response-cache response-cache response-cache: [response-cache] [nil] [4e09a621-3a26-4ff0-b2a4-c855087cac18] [response-cache] [CheckCacheForKey] querying cache with key: higress-audit:hit-r3-013
redis-fixture-1  | 2026-09-23T10:20:08.712651067Z {"seq": 134, "time_ns": 3903490285377, "event": "redis_release_requested", "id": "hit-r3-014"}
redis-fixture-1  | 2026-09-23T10:20:08.716967313Z {"seq": 135, "time_ns": 3903494602230, "event": "prepared", "id": "hit-r3-015", "mode": "hit", "key": "higress-audit:hit-r3-015", "value": "{\"source\":\"cache\",\"value\":\"fixture-only\"}"}
redis-fixture-1  | 2026-09-23T10:20:08.731067885Z {"seq": 136, "time_ns": 3903508612740, "event": "redis_command", "id": "hit-r3-015", "command": "GET", "args": ["higress-audit:hit-r3-015"]}
redis-fixture-1  | 2026-09-23T10:20:08.731101684Z {"seq": 137, "time_ns": 3903508809949, "event": "redis_get_seen", "id": "hit-r3-015"}
redis-fixture-1  | 2026-09-23T10:20:08.731709674Z {"seq": 138, "time_ns": 3903509336885, "event": "upstream_seen", "id": "hit-r3-015", "headers": {"host": "127.0.0.1:19468", "user-agent": "curl/7.81.0", "accept": "*/*", "x-http-cache-key": "hit-r3-015", "x-verification-id": "hit-r3-015", "x-forwarded-proto": "http", "x-envoy-original-host": "127.0.0.1:19468", "x-request-id": "638d2322-5630-43c1-8e1a-9a0a9e37a848", "x-envoy-expected-rq-timeout-ms": "15000", "req-start-time": "1790158808729"}}
redis-fixture-1  | 2026-09-23T10:20:08.740751703Z {"seq": 139, "time_ns": 3903518328256, "event": "redis_release_requested", "id": "hit-r3-015"}
redis-fixture-1  | 2026-09-23T10:20:08.740803495Z {"seq": 140, "time_ns": 3903518494255, "event": "redis_reply_released", "id": "hit-r3-015", "mode": "hit"}
redis-fixture-1  | 2026-09-23T10:20:08.745143380Z {"seq": 141, "time_ns": 3903522718362, "event": "client_complete", "id": "hit-r3-015", "status": "200", "curl_exit": 0, "body_sha256": "da87d065c0f96d585f02840dc10c88f7e8edac17ae77dbdae4b9e051a619338f"}
redis-fixture-1  | 2026-09-23T10:20:08.747344205Z {"seq": 142, "time_ns": 3903524968183, "event": "upstream_peer_closed", "id": "hit-r3-015"}
redis-fixture-1  | 2026-09-23T10:20:08.854420658Z {"seq": 143, "time_ns": 3903632094892, "event": "redis_release_requested", "id": "hit-r3-015"}
redis-fixture-1  | 2026-09-23T10:20:08.858395740Z {"seq": 144, "time_ns": 3903636038477, "event": "prepared", "id": "hit-r3-016", "mode": "hit", "key": "higress-audit:hit-r3-016", "value": "{\"source\":\"cache\",\"value\":\"fixture-only\"}"}
redis-fixture-1  | 2026-09-23T10:20:08.870651119Z {"seq": 145, "time_ns": 3903648221618, "event": "upstream_seen", "id": "hit-r3-016", "headers": {"host": "127.0.0.1:19468", "user-agent": "curl/7.81.0", "accept": "*/*", "x-http-cache-key": "hit-r3-016", "x-verification-id": "hit-r3-016", "x-forwarded-proto": "http", "x-envoy-original-host": "127.0.0.1:19468", "x-request-id": "87706f49-85b1-4ca9-8ec3-57338d5312c0", "x-envoy-expected-rq-timeout-ms": "15000", "req-start-time": "1790158808868"}}
redis-fixture-1  | 2026-09-23T10:20:08.873455455Z {"seq": 146, "time_ns": 3903651058310, "event": "redis_command", "id": "hit-r3-016", "command": "GET", "args": ["higress-audit:hit-r3-016"]}
redis-fixture-1  | 2026-09-23T10:20:08.873486116Z {"seq": 147, "time_ns": 3903651132332, "event": "redis_get_seen", "id": "hit-r3-016"}
redis-fixture-1  | 2026-09-23T10:20:08.882814283Z {"seq": 148, "time_ns": 3903660444684, "event": "redis_release_requested", "id": "hit-r3-016"}
redis-fixture-1  | 2026-09-23T10:20:08.882884780Z {"seq": 149, "time_ns": 3903660581363, "event": "redis_reply_released", "id": "hit-r3-016", "mode": "hit"}
redis-fixture-1  | 2026-09-23T10:20:08.887140996Z {"seq": 150, "time_ns": 3903664778471, "event": "client_complete", "id": "hit-r3-016", "status": "200", "curl_exit": 0, "body_sha256": "da87d065c0f96d585f02840dc10c88f7e8edac17ae77dbdae4b9e051a619338f"}
redis-fixture-1  | 2026-09-23T10:20:08.889470110Z {"seq": 151, "time_ns": 3903667057640, "event": "upstream_peer_closed", "id": "hit-r3-016"}
redis-fixture-1  | 2026-09-23T10:20:08.996994362Z {"seq": 152, "time_ns": 3903774628585, "event": "redis_release_requested", "id": "hit-r3-016"}
redis-fixture-1  | 2026-09-23T10:20:09.001460876Z {"seq": 153, "time_ns": 3903779072401, "event": "prepared", "id": "hit-r3-017", "mode": "hit", "key": "higress-audit:hit-r3-017", "value": "{\"source\":\"cache\",\"value\":\"fixture-only\"}"}
redis-fixture-1  | 2026-09-23T10:20:09.014040069Z {"seq": 154, "time_ns": 3903791731557, "event": "upstream_seen", "id": "hit-r3-017", "headers": {"host": "127.0.0.1:19468", "user-agent": "curl/7.81.0", "accept": "*/*", "x-http-cache-key": "hit-r3-017", "x-verification-id": "hit-r3-017", "x-forwarded-proto": "http", "x-envoy-original-host": "127.0.0.1:19468", "x-request-id": "43aaa66b-8524-46da-bdf1-b9f16f78a085", "x-envoy-expected-rq-timeout-ms": "15000", "req-start-time": "1790158809012"}}
redis-fixture-1  | 2026-09-23T10:20:09.016906182Z {"seq": 155, "time_ns": 3903794528178, "event": "redis_command", "id": "hit-r3-017", "command": "GET", "args": ["higress-audit:hit-r3-017"]}
redis-fixture-1  | 2026-09-23T10:20:09.016939430Z {"seq": 156, "time_ns": 3903794567671, "event": "redis_get_seen", "id": "hit-r3-017"}
redis-fixture-1  | 2026-09-23T10:20:09.025973115Z {"seq": 157, "time_ns": 3903803588883, "event": "redis_release_requested", "id": "hit-r3-017"}
redis-fixture-1  | 2026-09-23T10:20:09.026103633Z {"seq": 158, "time_ns": 3903803792300, "event": "redis_reply_released", "id": "hit-r3-017", "mode": "hit"}
redis-fixture-1  | 2026-09-23T10:20:09.030551258Z {"seq": 159, "time_ns": 3903808224769, "event": "client_complete", "id": "hit-r3-017", "status": "200", "curl_exit": 0, "body_sha256": "da87d065c0f96d585f02840dc10c88f7e8edac17ae77dbdae4b9e051a619338f"}
redis-fixture-1  | 2026-09-23T10:20:09.032693628Z {"seq": 160, "time_ns": 3903810342931, "event": "upstream_peer_closed", "id": "hit-r3-017"}
envoy-1          | 2026-09-23T10:20:08.445237671Z [2026-09-23 10:20:08.445][29][debug][wasm] [external/envoy/source/extensions/common/wasm/context.cc:1538] wasm log response-cache response-cache response-cache: redis call start, request-id: 39d779d9-1563-4b58-a213-4615c74bacea, respQuery: KjINCiQzDQpnZXQNCiQyNA0KaGlncmVzcy1hdWRpdDpoaXQtcjMtMDEzDQo=
envoy-1          | 2026-09-23T10:20:08.457691557Z [2026-09-23 10:20:08.457][29][debug][wasm] [external/envoy/source/extensions/common/wasm/context.cc:1538] wasm log response-cache response-cache response-cache: redis call end, request-id: 39d779d9-1563-4b58-a213-4615c74bacea, respQuery: KjINCiQzDQpnZXQNCiQyNA0KaGlncmVzcy1hdWRpdDpoaXQtcjMtMDEzDQo=, respValue: JDQxDQp7InNvdXJjZSI6ImNhY2hlIiwidmFsdWUiOiJmaXh0dXJlLW9ubHkifQ0K
envoy-1          | 2026-09-23T10:20:08.457724182Z [2026-09-23 10:20:08.457][29][info][wasm] [external/envoy/source/extensions/common/wasm/context.cc:1541] wasm log response-cache response-cache response-cache: [response-cache] [nil] [4e09a621-3a26-4ff0-b2a4-c855087cac18] [response-cache] cache hit for key: hit-r3-013
envoy-1          | 2026-09-23T10:20:08.457739634Z [2026-09-23 10:20:08.457][29][debug][wasm] [external/envoy/source/extensions/common/wasm/context.cc:1538] wasm log response-cache response-cache response-cache: [response-cache] [nil] [4e09a621-3a26-4ff0-b2a4-c855087cac18] [response-cache] [processCacheHit] cached response for key hit-r3-013: {"source":"cache","value":"fixture-only"}
envoy-1          | 2026-09-23T10:20:08.458044320Z [2026-09-23 10:20:08.457][29][debug][wasm] [external/envoy/source/extensions/common/wasm/context.cc:1538] wasm log response-cache response-cache response-cache: [response-cache] [nil] [4e09a621-3a26-4ff0-b2a4-c855087cac18] SetResponseBodyBufferLimit: 10485760
envoy-1          | 2026-09-23T10:20:08.458151090Z [2026-09-23 10:20:08.458][29][debug][wasm] [external/envoy/source/extensions/common/wasm/context.cc:1538] wasm log response-cache response-cache response-cache: [response-cache] [nil] [4e09a621-3a26-4ff0-b2a4-c855087cac18] [onHttpResponseBody] key is nil, skip cache
redis-fixture-1  | 2026-09-23T10:20:09.140459414Z {"seq": 161, "time_ns": 3903918067973, "event": "redis_release_requested", "id": "hit-r3-017"}
redis-fixture-1  | 2026-09-23T10:20:09.144715511Z {"seq": 162, "time_ns": 3903922328342, "event": "prepared", "id": "hit-r3-018", "mode": "hit", "key": "higress-audit:hit-r3-018", "value": "{\"source\":\"cache\",\"value\":\"fixture-only\"}"}
redis-fixture-1  | 2026-09-23T10:20:09.157406343Z {"seq": 163, "time_ns": 3903934982969, "event": "upstream_seen", "id": "hit-r3-018", "headers": {"host": "127.0.0.1:19468", "user-agent": "curl/7.81.0", "accept": "*/*", "x-http-cache-key": "hit-r3-018", "x-verification-id": "hit-r3-018", "x-forwarded-proto": "http", "x-envoy-original-host": "127.0.0.1:19468", "x-request-id": "f55c03c8-2d63-426a-9aac-50288e4e7b70", "x-envoy-expected-rq-timeout-ms": "15000", "req-start-time": "1790158809155"}}
redis-fixture-1  | 2026-09-23T10:20:09.160185089Z {"seq": 164, "time_ns": 3903937785799, "event": "redis_command", "id": "hit-r3-018", "command": "GET", "args": ["higress-audit:hit-r3-018"]}
redis-fixture-1  | 2026-09-23T10:20:09.160219169Z {"seq": 165, "time_ns": 3903937860569, "event": "redis_get_seen", "id": "hit-r3-018"}
redis-fixture-1  | 2026-09-23T10:20:09.169732625Z {"seq": 166, "time_ns": 3903947358548, "event": "redis_release_requested", "id": "hit-r3-018"}
redis-fixture-1  | 2026-09-23T10:20:09.169788445Z {"seq": 167, "time_ns": 3903947504405, "event": "redis_reply_released", "id": "hit-r3-018", "mode": "hit"}
redis-fixture-1  | 2026-09-23T10:20:09.173623943Z {"seq": 168, "time_ns": 3903951262084, "event": "client_complete", "id": "hit-r3-018", "status": "200", "curl_exit": 0, "body_sha256": "da87d065c0f96d585f02840dc10c88f7e8edac17ae77dbdae4b9e051a619338f"}
redis-fixture-1  | 2026-09-23T10:20:09.175867745Z {"seq": 169, "time_ns": 3903953500758, "event": "upstream_peer_closed", "id": "hit-r3-018"}
redis-fixture-1  | 2026-09-23T10:20:09.282851065Z {"seq": 170, "time_ns": 3904060486107, "event": "redis_release_requested", "id": "hit-r3-018"}
redis-fixture-1  | 2026-09-23T10:20:09.287372859Z {"seq": 171, "time_ns": 3904065010844, "event": "prepared", "id": "hit-r3-019", "mode": "hit", "key": "higress-audit:hit-r3-019", "value": "{\"source\":\"cache\",\"value\":\"fixture-only\"}"}
redis-fixture-1  | 2026-09-23T10:20:09.300862878Z {"seq": 172, "time_ns": 3904078439254, "event": "upstream_seen", "id": "hit-r3-019", "headers": {"host": "127.0.0.1:19468", "user-agent": "curl/7.81.0", "accept": "*/*", "x-http-cache-key": "hit-r3-019", "x-verification-id": "hit-r3-019", "x-forwarded-proto": "http", "x-envoy-original-host": "127.0.0.1:19468", "x-request-id": "edd04735-c123-4186-8422-33b246d7ff46", "x-envoy-expected-rq-timeout-ms": "15000", "req-start-time": "1790158809299"}}
redis-fixture-1  | 2026-09-23T10:20:09.303654136Z {"seq": 173, "time_ns": 3904081213099, "event": "redis_command", "id": "hit-r3-019", "command": "GET", "args": ["higress-audit:hit-r3-019"]}
redis-fixture-1  | 2026-09-23T10:20:09.303691352Z {"seq": 174, "time_ns": 3904081286848, "event": "redis_get_seen", "id": "hit-r3-019"}
envoy-1          | 2026-09-23T10:20:08.587407967Z [2026-09-23 10:20:08.587][29][debug][wasm] [external/envoy/source/extensions/common/wasm/context.cc:1538] wasm log response-cache response-cache response-cache: [response-cache] [nil] [2aee54b7-5122-412a-a0fb-e7363b429075] [onHttpRequestHeaders] cache key from request header: x-http-cache-key, key: hit-r3-014
envoy-1          | 2026-09-23T10:20:08.587442513Z [2026-09-23 10:20:08.587][29][debug][wasm] [external/envoy/source/extensions/common/wasm/context.cc:1538] wasm log response-cache response-cache response-cache: [response-cache] [nil] [2aee54b7-5122-412a-a0fb-e7363b429075] [response-cache] [CheckCacheForKey] querying cache with key: higress-audit:hit-r3-014
envoy-1          | 2026-09-23T10:20:08.587490804Z [2026-09-23 10:20:08.587][29][debug][wasm] [external/envoy/source/extensions/common/wasm/context.cc:1538] wasm log response-cache response-cache response-cache: redis call start, request-id: 6b139bae-0fdb-4b53-b142-84c2f7f80459, respQuery: KjINCiQzDQpnZXQNCiQyNA0KaGlncmVzcy1hdWRpdDpoaXQtcjMtMDE0DQo=
envoy-1          | 2026-09-23T10:20:08.599253018Z [2026-09-23 10:20:08.599][29][debug][wasm] [external/envoy/source/extensions/common/wasm/context.cc:1538] wasm log response-cache response-cache response-cache: redis call end, request-id: 6b139bae-0fdb-4b53-b142-84c2f7f80459, respQuery: KjINCiQzDQpnZXQNCiQyNA0KaGlncmVzcy1hdWRpdDpoaXQtcjMtMDE0DQo=, respValue: JDQxDQp7InNvdXJjZSI6ImNhY2hlIiwidmFsdWUiOiJmaXh0dXJlLW9ubHkifQ0K
envoy-1          | 2026-09-23T10:20:08.599285447Z [2026-09-23 10:20:08.599][29][info][wasm] [external/envoy/source/extensions/common/wasm/context.cc:1541] wasm log response-cache response-cache response-cache: [response-cache] [nil] [2aee54b7-5122-412a-a0fb-e7363b429075] [response-cache] cache hit for key: hit-r3-014
envoy-1          | 2026-09-23T10:20:08.599337703Z [2026-09-23 10:20:08.599][29][debug][wasm] [external/envoy/source/extensions/common/wasm/context.cc:1538] wasm log response-cache response-cache response-cache: [response-cache] [nil] [2aee54b7-5122-412a-a0fb-e7363b429075] [response-cache] [processCacheHit] cached response for key hit-r3-014: {"source":"cache","value":"fixture-only"}
envoy-1          | 2026-09-23T10:20:08.599594893Z [2026-09-23 10:20:08.599][29][debug][wasm] [external/envoy/source/extensions/common/wasm/context.cc:1538] wasm log response-cache response-cache response-cache: [response-cache] [nil] [2aee54b7-5122-412a-a0fb-e7363b429075] SetResponseBodyBufferLimit: 10485760
envoy-1          | 2026-09-23T10:20:08.599692886Z [2026-09-23 10:20:08.599][29][debug][wasm] [external/envoy/source/extensions/common/wasm/context.cc:1538] wasm log response-cache response-cache response-cache: [response-cache] [nil] [2aee54b7-5122-412a-a0fb-e7363b429075] [onHttpResponseBody] key is nil, skip cache
envoy-1          | 2026-09-23T10:20:08.730112142Z [2026-09-23 10:20:08.729][29][debug][wasm] [external/envoy/source/extensions/common/wasm/context.cc:1538] wasm log response-cache response-cache response-cache: [response-cache] [nil] [638d2322-5630-43c1-8e1a-9a0a9e37a848] [onHttpRequestHeaders] cache key from request header: x-http-cache-key, key: hit-r3-015
envoy-1          | 2026-09-23T10:20:08.730144082Z [2026-09-23 10:20:08.729][29][debug][wasm] [external/envoy/source/extensions/common/wasm/context.cc:1538] wasm log response-cache response-cache response-cache: [response-cache] [nil] [638d2322-5630-43c1-8e1a-9a0a9e37a848] [response-cache] [CheckCacheForKey] querying cache with key: higress-audit:hit-r3-015
envoy-1          | 2026-09-23T10:20:08.730196270Z [2026-09-23 10:20:08.730][29][debug][wasm] [external/envoy/source/extensions/common/wasm/context.cc:1538] wasm log response-cache response-cache response-cache: redis call start, request-id: 8c58616d-fc21-4422-9e2e-8d10d50551ae, respQuery: KjINCiQzDQpnZXQNCiQyNA0KaGlncmVzcy1hdWRpdDpoaXQtcjMtMDE1DQo=
envoy-1          | 2026-09-23T10:20:08.741152450Z [2026-09-23 10:20:08.741][29][debug][wasm] [external/envoy/source/extensions/common/wasm/context.cc:1538] wasm log response-cache response-cache response-cache: redis call end, request-id: 8c58616d-fc21-4422-9e2e-8d10d50551ae, respQuery: KjINCiQzDQpnZXQNCiQyNA0KaGlncmVzcy1hdWRpdDpoaXQtcjMtMDE1DQo=, respValue: JDQxDQp7InNvdXJjZSI6ImNhY2hlIiwidmFsdWUiOiJmaXh0dXJlLW9ubHkifQ0K
envoy-1          | 2026-09-23T10:20:08.741202366Z [2026-09-23 10:20:08.741][29][info][wasm] [external/envoy/source/extensions/common/wasm/context.cc:1541] wasm log response-cache response-cache response-cache: [response-cache] [nil] [638d2322-5630-43c1-8e1a-9a0a9e37a848] [response-cache] cache hit for key: hit-r3-015
envoy-1          | 2026-09-23T10:20:08.741248123Z [2026-09-23 10:20:08.741][29][debug][wasm] [external/envoy/source/extensions/common/wasm/context.cc:1538] wasm log response-cache response-cache response-cache: [response-cache] [nil] [638d2322-5630-43c1-8e1a-9a0a9e37a848] [response-cache] [processCacheHit] cached response for key hit-r3-015: {"source":"cache","value":"fixture-only"}
envoy-1          | 2026-09-23T10:20:08.741523085Z [2026-09-23 10:20:08.741][29][debug][wasm] [external/envoy/source/extensions/common/wasm/context.cc:1538] wasm log response-cache response-cache response-cache: [response-cache] [nil] [638d2322-5630-43c1-8e1a-9a0a9e37a848] SetResponseBodyBufferLimit: 10485760
redis-fixture-1  | 2026-09-23T10:20:09.314050123Z {"seq": 175, "time_ns": 3904091615130, "event": "redis_release_requested", "id": "hit-r3-019"}
redis-fixture-1  | 2026-09-23T10:20:09.314103527Z {"seq": 176, "time_ns": 3904091820556, "event": "redis_reply_released", "id": "hit-r3-019", "mode": "hit"}
redis-fixture-1  | 2026-09-23T10:20:09.318278332Z {"seq": 177, "time_ns": 3904095884904, "event": "client_complete", "id": "hit-r3-019", "status": "200", "curl_exit": 0, "body_sha256": "da87d065c0f96d585f02840dc10c88f7e8edac17ae77dbdae4b9e051a619338f"}
redis-fixture-1  | 2026-09-23T10:20:09.320381220Z {"seq": 178, "time_ns": 3904098022575, "event": "upstream_peer_closed", "id": "hit-r3-019"}
redis-fixture-1  | 2026-09-23T10:20:09.427064678Z {"seq": 179, "time_ns": 3904204683363, "event": "redis_release_requested", "id": "hit-r3-019"}
redis-fixture-1  | 2026-09-23T10:20:09.431642589Z {"seq": 180, "time_ns": 3904209264160, "event": "prepared", "id": "hit-r3-020", "mode": "hit", "key": "higress-audit:hit-r3-020", "value": "{\"source\":\"cache\",\"value\":\"fixture-only\"}"}
redis-fixture-1  | 2026-09-23T10:20:09.444125900Z {"seq": 181, "time_ns": 3904221473009, "event": "redis_command", "id": "hit-r3-020", "command": "GET", "args": ["higress-audit:hit-r3-020"]}
redis-fixture-1  | 2026-09-23T10:20:09.444252521Z {"seq": 182, "time_ns": 3904221953500, "event": "upstream_seen", "id": "hit-r3-020", "headers": {"host": "127.0.0.1:19468", "user-agent": "curl/7.81.0", "accept": "*/*", "x-http-cache-key": "hit-r3-020", "x-verification-id": "hit-r3-020", "x-forwarded-proto": "http", "x-envoy-original-host": "127.0.0.1:19468", "x-request-id": "1604bf46-690d-46af-8b36-958e78f0861c", "x-envoy-expected-rq-timeout-ms": "15000", "req-start-time": "1790158809442"}}
redis-fixture-1  | 2026-09-23T10:20:09.444300605Z {"seq": 183, "time_ns": 3904222010170, "event": "redis_get_seen", "id": "hit-r3-020"}
redis-fixture-1  | 2026-09-23T10:20:09.456561891Z {"seq": 184, "time_ns": 3904234253633, "event": "redis_release_requested", "id": "hit-r3-020"}
redis-fixture-1  | 2026-09-23T10:20:09.456759785Z {"seq": 185, "time_ns": 3904234447389, "event": "redis_reply_released", "id": "hit-r3-020", "mode": "hit"}
redis-fixture-1  | 2026-09-23T10:20:09.461260475Z {"seq": 186, "time_ns": 3904238879346, "event": "client_complete", "id": "hit-r3-020", "status": "200", "curl_exit": 0, "body_sha256": "da87d065c0f96d585f02840dc10c88f7e8edac17ae77dbdae4b9e051a619338f"}
redis-fixture-1  | 2026-09-23T10:20:09.463674378Z {"seq": 187, "time_ns": 3904241316102, "event": "upstream_peer_closed", "id": "hit-r3-020"}
redis-fixture-1  | 2026-09-23T10:20:09.571086777Z {"seq": 188, "time_ns": 3904348724845, "event": "redis_release_requested", "id": "hit-r3-020"}
redis-fixture-1  | 2026-09-23T10:20:09.575481570Z {"seq": 189, "time_ns": 3904353064351, "event": "prepared", "id": "hit-r3-021", "mode": "hit", "key": "higress-audit:hit-r3-021", "value": "{\"source\":\"cache\",\"value\":\"fixture-only\"}"}
redis-fixture-1  | 2026-09-23T10:20:09.588119199Z {"seq": 190, "time_ns": 3904365695673, "event": "upstream_seen", "id": "hit-r3-021", "headers": {"host": "127.0.0.1:19468", "user-agent": "curl/7.81.0", "accept": "*/*", "x-http-cache-key": "hit-r3-021", "x-verification-id": "hit-r3-021", "x-forwarded-proto": "http", "x-envoy-original-host": "127.0.0.1:19468", "x-request-id": "992d3a58-220d-4a8c-814e-6807592a555f", "x-envoy-expected-rq-timeout-ms": "15000", "req-start-time": "1790158809586"}}
envoy-1          | 2026-09-23T10:20:08.741609477Z [2026-09-23 10:20:08.741][29][debug][wasm] [external/envoy/source/extensions/common/wasm/context.cc:1538] wasm log response-cache response-cache response-cache: [response-cache] [nil] [638d2322-5630-43c1-8e1a-9a0a9e37a848] [onHttpResponseBody] key is nil, skip cache
envoy-1          | 2026-09-23T10:20:08.869378057Z [2026-09-23 10:20:08.869][29][debug][wasm] [external/envoy/source/extensions/common/wasm/context.cc:1538] wasm log response-cache response-cache response-cache: [response-cache] [nil] [87706f49-85b1-4ca9-8ec3-57338d5312c0] [onHttpRequestHeaders] cache key from request header: x-http-cache-key, key: hit-r3-016
envoy-1          | 2026-09-23T10:20:08.869444061Z [2026-09-23 10:20:08.869][29][debug][wasm] [external/envoy/source/extensions/common/wasm/context.cc:1538] wasm log response-cache response-cache response-cache: [response-cache] [nil] [87706f49-85b1-4ca9-8ec3-57338d5312c0] [response-cache] [CheckCacheForKey] querying cache with key: higress-audit:hit-r3-016
envoy-1          | 2026-09-23T10:20:08.869488550Z [2026-09-23 10:20:08.869][29][debug][wasm] [external/envoy/source/extensions/common/wasm/context.cc:1538] wasm log response-cache response-cache response-cache: redis call start, request-id: 8621d9bc-ebc2-41a1-ad3a-14057b6a7b3d, respQuery: KjINCiQzDQpnZXQNCiQyNA0KaGlncmVzcy1hdWRpdDpoaXQtcjMtMDE2DQo=
envoy-1          | 2026-09-23T10:20:08.883355371Z [2026-09-23 10:20:08.883][29][debug][wasm] [external/envoy/source/extensions/common/wasm/context.cc:1538] wasm log response-cache response-cache response-cache: redis call end, request-id: 8621d9bc-ebc2-41a1-ad3a-14057b6a7b3d, respQuery: KjINCiQzDQpnZXQNCiQyNA0KaGlncmVzcy1hdWRpdDpoaXQtcjMtMDE2DQo=, respValue: JDQxDQp7InNvdXJjZSI6ImNhY2hlIiwidmFsdWUiOiJmaXh0dXJlLW9ubHkifQ0K
envoy-1          | 2026-09-23T10:20:08.883388060Z [2026-09-23 10:20:08.883][29][info][wasm] [external/envoy/source/extensions/common/wasm/context.cc:1541] wasm log response-cache response-cache response-cache: [response-cache] [nil] [87706f49-85b1-4ca9-8ec3-57338d5312c0] [response-cache] cache hit for key: hit-r3-016
envoy-1          | 2026-09-23T10:20:08.883437024Z [2026-09-23 10:20:08.883][29][debug][wasm] [external/envoy/source/extensions/common/wasm/context.cc:1538] wasm log response-cache response-cache response-cache: [response-cache] [nil] [87706f49-85b1-4ca9-8ec3-57338d5312c0] [response-cache] [processCacheHit] cached response for key hit-r3-016: {"source":"cache","value":"fixture-only"}
envoy-1          | 2026-09-23T10:20:08.883689538Z [2026-09-23 10:20:08.883][29][debug][wasm] [external/envoy/source/extensions/common/wasm/context.cc:1538] wasm log response-cache response-cache response-cache: [response-cache] [nil] [87706f49-85b1-4ca9-8ec3-57338d5312c0] SetResponseBodyBufferLimit: 10485760
envoy-1          | 2026-09-23T10:20:08.883770730Z [2026-09-23 10:20:08.883][29][debug][wasm] [external/envoy/source/extensions/common/wasm/context.cc:1538] wasm log response-cache response-cache response-cache: [response-cache] [nil] [87706f49-85b1-4ca9-8ec3-57338d5312c0] [onHttpResponseBody] key is nil, skip cache
envoy-1          | 2026-09-23T10:20:09.012918737Z [2026-09-23 10:20:09.012][29][debug][wasm] [external/envoy/source/extensions/common/wasm/context.cc:1538] wasm log response-cache response-cache response-cache: [response-cache] [nil] [43aaa66b-8524-46da-bdf1-b9f16f78a085] [onHttpRequestHeaders] cache key from request header: x-http-cache-key, key: hit-r3-017
envoy-1          | 2026-09-23T10:20:09.012951256Z [2026-09-23 10:20:09.012][29][debug][wasm] [external/envoy/source/extensions/common/wasm/context.cc:1538] wasm log response-cache response-cache response-cache: [response-cache] [nil] [43aaa66b-8524-46da-bdf1-b9f16f78a085] [response-cache] [CheckCacheForKey] querying cache with key: higress-audit:hit-r3-017
envoy-1          | 2026-09-23T10:20:09.013021050Z [2026-09-23 10:20:09.012][29][debug][wasm] [external/envoy/source/extensions/common/wasm/context.cc:1538] wasm log response-cache response-cache response-cache: redis call start, request-id: 1d963e1a-129b-4daa-965c-0abc9023c360, respQuery: KjINCiQzDQpnZXQNCiQyNA0KaGlncmVzcy1hdWRpdDpoaXQtcjMtMDE3DQo=
envoy-1          | 2026-09-23T10:20:09.026559140Z [2026-09-23 10:20:09.026][29][debug][wasm] [external/envoy/source/extensions/common/wasm/context.cc:1538] wasm log response-cache response-cache response-cache: redis call end, request-id: 1d963e1a-129b-4daa-965c-0abc9023c360, respQuery: KjINCiQzDQpnZXQNCiQyNA0KaGlncmVzcy1hdWRpdDpoaXQtcjMtMDE3DQo=, respValue: JDQxDQp7InNvdXJjZSI6ImNhY2hlIiwidmFsdWUiOiJmaXh0dXJlLW9ubHkifQ0K
envoy-1          | 2026-09-23T10:20:09.026608309Z [2026-09-23 10:20:09.026][29][info][wasm] [external/envoy/source/extensions/common/wasm/context.cc:1541] wasm log response-cache response-cache response-cache: [response-cache] [nil] [43aaa66b-8524-46da-bdf1-b9f16f78a085] [response-cache] cache hit for key: hit-r3-017
envoy-1          | 2026-09-23T10:20:09.026644405Z [2026-09-23 10:20:09.026][29][debug][wasm] [external/envoy/source/extensions/common/wasm/context.cc:1538] wasm log response-cache response-cache response-cache: [response-cache] [nil] [43aaa66b-8524-46da-bdf1-b9f16f78a085] [response-cache] [processCacheHit] cached response for key hit-r3-017: {"source":"cache","value":"fixture-only"}
envoy-1          | 2026-09-23T10:20:09.026905610Z [2026-09-23 10:20:09.026][29][debug][wasm] [external/envoy/source/extensions/common/wasm/context.cc:1538] wasm log response-cache response-cache response-cache: [response-cache] [nil] [43aaa66b-8524-46da-bdf1-b9f16f78a085] SetResponseBodyBufferLimit: 10485760
envoy-1          | 2026-09-23T10:20:09.027028399Z [2026-09-23 10:20:09.026][29][debug][wasm] [external/envoy/source/extensions/common/wasm/context.cc:1538] wasm log response-cache response-cache response-cache: [response-cache] [nil] [43aaa66b-8524-46da-bdf1-b9f16f78a085] [onHttpResponseBody] key is nil, skip cache
redis-fixture-1  | 2026-09-23T10:20:09.590868125Z {"seq": 191, "time_ns": 3904368474180, "event": "redis_command", "id": "hit-r3-021", "command": "GET", "args": ["higress-audit:hit-r3-021"]}
redis-fixture-1  | 2026-09-23T10:20:09.590901469Z {"seq": 192, "time_ns": 3904368548673, "event": "redis_get_seen", "id": "hit-r3-021"}
redis-fixture-1  | 2026-09-23T10:20:09.601195344Z {"seq": 193, "time_ns": 3904378807330, "event": "redis_release_requested", "id": "hit-r3-021"}
envoy-1          | 2026-09-23T10:20:09.156064489Z [2026-09-23 10:20:09.155][29][debug][wasm] [external/envoy/source/extensions/common/wasm/context.cc:1538] wasm log response-cache response-cache response-cache: [response-cache] [nil] [f55c03c8-2d63-426a-9aac-50288e4e7b70] [onHttpRequestHeaders] cache key from request header: x-http-cache-key, key: hit-r3-018
envoy-1          | 2026-09-23T10:20:09.156096794Z [2026-09-23 10:20:09.155][29][debug][wasm] [external/envoy/source/extensions/common/wasm/context.cc:1538] wasm log response-cache response-cache response-cache: [response-cache] [nil] [f55c03c8-2d63-426a-9aac-50288e4e7b70] [response-cache] [CheckCacheForKey] querying cache with key: higress-audit:hit-r3-018
envoy-1          | 2026-09-23T10:20:09.156203814Z [2026-09-23 10:20:09.156][29][debug][wasm] [external/envoy/source/extensions/common/wasm/context.cc:1538] wasm log response-cache response-cache response-cache: redis call start, request-id: 1470551e-d082-4fdf-bc7c-712ca95979b2, respQuery: KjINCiQzDQpnZXQNCiQyNA0KaGlncmVzcy1hdWRpdDpoaXQtcjMtMDE4DQo=
envoy-1          | 2026-09-23T10:20:09.170038711Z [2026-09-23 10:20:09.169][29][debug][wasm] [external/envoy/source/extensions/common/wasm/context.cc:1538] wasm log response-cache response-cache response-cache: redis call end, request-id: 1470551e-d082-4fdf-bc7c-712ca95979b2, respQuery: KjINCiQzDQpnZXQNCiQyNA0KaGlncmVzcy1hdWRpdDpoaXQtcjMtMDE4DQo=, respValue: JDQxDQp7InNvdXJjZSI6ImNhY2hlIiwidmFsdWUiOiJmaXh0dXJlLW9ubHkifQ0K
envoy-1          | 2026-09-23T10:20:09.170072519Z [2026-09-23 10:20:09.169][29][info][wasm] [external/envoy/source/extensions/common/wasm/context.cc:1541] wasm log response-cache response-cache response-cache: [response-cache] [nil] [f55c03c8-2d63-426a-9aac-50288e4e7b70] [response-cache] cache hit for key: hit-r3-018
envoy-1          | 2026-09-23T10:20:09.170088827Z [2026-09-23 10:20:09.170][29][debug][wasm] [external/envoy/source/extensions/common/wasm/context.cc:1538] wasm log response-cache response-cache response-cache: [response-cache] [nil] [f55c03c8-2d63-426a-9aac-50288e4e7b70] [response-cache] [processCacheHit] cached response for key hit-r3-018: {"source":"cache","value":"fixture-only"}
envoy-1          | 2026-09-23T10:20:09.170334925Z [2026-09-23 10:20:09.170][29][debug][wasm] [external/envoy/source/extensions/common/wasm/context.cc:1538] wasm log response-cache response-cache response-cache: [response-cache] [nil] [f55c03c8-2d63-426a-9aac-50288e4e7b70] SetResponseBodyBufferLimit: 10485760
redis-fixture-1  | 2026-09-23T10:20:09.601452926Z {"seq": 194, "time_ns": 3904379025109, "event": "redis_reply_released", "id": "hit-r3-021", "mode": "hit"}
redis-fixture-1  | 2026-09-23T10:20:09.605556717Z {"seq": 195, "time_ns": 3904383214013, "event": "client_complete", "id": "hit-r3-021", "status": "200", "curl_exit": 0, "body_sha256": "da87d065c0f96d585f02840dc10c88f7e8edac17ae77dbdae4b9e051a619338f"}
redis-fixture-1  | 2026-09-23T10:20:09.607701077Z {"seq": 196, "time_ns": 3904385292968, "event": "upstream_peer_closed", "id": "hit-r3-021"}
redis-fixture-1  | 2026-09-23T10:20:09.730453510Z {"seq": 197, "time_ns": 3904508149058, "event": "redis_release_requested", "id": "hit-r3-021"}
redis-fixture-1  | 2026-09-23T10:20:09.734715731Z {"seq": 198, "time_ns": 3904512400970, "event": "prepared", "id": "hit-r3-022", "mode": "hit", "key": "higress-audit:hit-r3-022", "value": "{\"source\":\"cache\",\"value\":\"fixture-only\"}"}
redis-fixture-1  | 2026-09-23T10:20:09.748334078Z {"seq": 199, "time_ns": 3904525901112, "event": "upstream_seen", "id": "hit-r3-022", "headers": {"host": "127.0.0.1:19468", "user-agent": "curl/7.81.0", "accept": "*/*", "x-http-cache-key": "hit-r3-022", "x-verification-id": "hit-r3-022", "x-forwarded-proto": "http", "x-envoy-original-host": "127.0.0.1:19468", "x-request-id": "90ec4168-ea49-4ed1-937f-d495dc087382", "x-envoy-expected-rq-timeout-ms": "15000", "req-start-time": "1790158809746"}}
redis-fixture-1  | 2026-09-23T10:20:09.751043260Z {"seq": 200, "time_ns": 3904528607174, "event": "redis_command", "id": "hit-r3-022", "command": "GET", "args": ["higress-audit:hit-r3-022"]}
redis-fixture-1  | 2026-09-23T10:20:09.751061709Z {"seq": 201, "time_ns": 3904528701839, "event": "redis_get_seen", "id": "hit-r3-022"}
redis-fixture-1  | 2026-09-23T10:20:09.759591953Z {"seq": 202, "time_ns": 3904537222028, "event": "redis_release_requested", "id": "hit-r3-022"}
redis-fixture-1  | 2026-09-23T10:20:09.759653897Z {"seq": 203, "time_ns": 3904537372649, "event": "redis_reply_released", "id": "hit-r3-022", "mode": "hit"}
envoy-1          | 2026-09-23T10:20:09.170404931Z [2026-09-23 10:20:09.170][29][debug][wasm] [external/envoy/source/extensions/common/wasm/context.cc:1538] wasm log response-cache response-cache response-cache: [response-cache] [nil] [f55c03c8-2d63-426a-9aac-50288e4e7b70] [onHttpResponseBody] key is nil, skip cache
envoy-1          | 2026-09-23T10:20:09.299626417Z [2026-09-23 10:20:09.299][29][debug][wasm] [external/envoy/source/extensions/common/wasm/context.cc:1538] wasm log response-cache response-cache response-cache: [response-cache] [nil] [edd04735-c123-4186-8422-33b246d7ff46] [onHttpRequestHeaders] cache key from request header: x-http-cache-key, key: hit-r3-019
envoy-1          | 2026-09-23T10:20:09.299658621Z [2026-09-23 10:20:09.299][29][debug][wasm] [external/envoy/source/extensions/common/wasm/context.cc:1538] wasm log response-cache response-cache response-cache: [response-cache] [nil] [edd04735-c123-4186-8422-33b246d7ff46] [response-cache] [CheckCacheForKey] querying cache with key: higress-audit:hit-r3-019
envoy-1          | 2026-09-23T10:20:09.299690418Z [2026-09-23 10:20:09.299][29][debug][wasm] [external/envoy/source/extensions/common/wasm/context.cc:1538] wasm log response-cache response-cache response-cache: redis call start, request-id: 926f898c-db1b-4969-93b3-b55f8b95f5e7, respQuery: KjINCiQzDQpnZXQNCiQyNA0KaGlncmVzcy1hdWRpdDpoaXQtcjMtMDE5DQo=
envoy-1          | 2026-09-23T10:20:09.314565307Z [2026-09-23 10:20:09.314][29][debug][wasm] [external/envoy/source/extensions/common/wasm/context.cc:1538] wasm log response-cache response-cache response-cache: redis call end, request-id: 926f898c-db1b-4969-93b3-b55f8b95f5e7, respQuery: KjINCiQzDQpnZXQNCiQyNA0KaGlncmVzcy1hdWRpdDpoaXQtcjMtMDE5DQo=, respValue: JDQxDQp7InNvdXJjZSI6ImNhY2hlIiwidmFsdWUiOiJmaXh0dXJlLW9ubHkifQ0K
envoy-1          | 2026-09-23T10:20:09.314604639Z [2026-09-23 10:20:09.314][29][info][wasm] [external/envoy/source/extensions/common/wasm/context.cc:1541] wasm log response-cache response-cache response-cache: [response-cache] [nil] [edd04735-c123-4186-8422-33b246d7ff46] [response-cache] cache hit for key: hit-r3-019
envoy-1          | 2026-09-23T10:20:09.314676751Z [2026-09-23 10:20:09.314][29][debug][wasm] [external/envoy/source/extensions/common/wasm/context.cc:1538] wasm log response-cache response-cache response-cache: [response-cache] [nil] [edd04735-c123-4186-8422-33b246d7ff46] [response-cache] [processCacheHit] cached response for key hit-r3-019: {"source":"cache","value":"fixture-only"}
envoy-1          | 2026-09-23T10:20:09.314932406Z [2026-09-23 10:20:09.314][29][debug][wasm] [external/envoy/source/extensions/common/wasm/context.cc:1538] wasm log response-cache response-cache response-cache: [response-cache] [nil] [edd04735-c123-4186-8422-33b246d7ff46] SetResponseBodyBufferLimit: 10485760
redis-fixture-1  | 2026-09-23T10:20:09.764022539Z {"seq": 204, "time_ns": 3904541642617, "event": "client_complete", "id": "hit-r3-022", "status": "200", "curl_exit": 0, "body_sha256": "da87d065c0f96d585f02840dc10c88f7e8edac17ae77dbdae4b9e051a619338f"}
redis-fixture-1  | 2026-09-23T10:20:09.766679286Z {"seq": 205, "time_ns": 3904544305191, "event": "upstream_peer_closed", "id": "hit-r3-022"}
redis-fixture-1  | 2026-09-23T10:20:09.875088047Z {"seq": 206, "time_ns": 3904652658046, "event": "redis_release_requested", "id": "hit-r3-022"}
redis-fixture-1  | 2026-09-23T10:20:09.879667621Z {"seq": 207, "time_ns": 3904657293885, "event": "prepared", "id": "hit-r3-023", "mode": "hit", "key": "higress-audit:hit-r3-023", "value": "{\"source\":\"cache\",\"value\":\"fixture-only\"}"}
redis-fixture-1  | 2026-09-23T10:20:09.892779141Z {"seq": 208, "time_ns": 3904670331852, "event": "upstream_seen", "id": "hit-r3-023", "headers": {"host": "127.0.0.1:19468", "user-agent": "curl/7.81.0", "accept": "*/*", "x-http-cache-key": "hit-r3-023", "x-verification-id": "hit-r3-023", "x-forwarded-proto": "http", "x-envoy-original-host": "127.0.0.1:19468", "x-request-id": "66f9b82e-a2f7-4007-8f6f-64e8fca848b1", "x-envoy-expected-rq-timeout-ms": "15000", "req-start-time": "1790158809891"}}
redis-fixture-1  | 2026-09-23T10:20:09.895694332Z {"seq": 209, "time_ns": 3904673302523, "event": "redis_command", "id": "hit-r3-023", "command": "GET", "args": ["higress-audit:hit-r3-023"]}
redis-fixture-1  | 2026-09-23T10:20:09.895727408Z {"seq": 210, "time_ns": 3904673376939, "event": "redis_get_seen", "id": "hit-r3-023"}
redis-fixture-1  | 2026-09-23T10:20:09.905492467Z {"seq": 211, "time_ns": 3904683091806, "event": "redis_release_requested", "id": "hit-r3-023"}
redis-fixture-1  | 2026-09-23T10:20:09.905645192Z {"seq": 212, "time_ns": 3904683321896, "event": "redis_reply_released", "id": "hit-r3-023", "mode": "hit"}
redis-fixture-1  | 2026-09-23T10:20:09.909868024Z {"seq": 213, "time_ns": 3904687504123, "event": "client_complete", "id": "hit-r3-023", "status": "200", "curl_exit": 0, "body_sha256": "da87d065c0f96d585f02840dc10c88f7e8edac17ae77dbdae4b9e051a619338f"}
redis-fixture-1  | 2026-09-23T10:20:09.912198161Z {"seq": 214, "time_ns": 3904689778682, "event": "upstream_peer_closed", "id": "hit-r3-023"}
redis-fixture-1  | 2026-09-23T10:20:10.019725679Z {"seq": 215, "time_ns": 3904797310377, "event": "redis_release_requested", "id": "hit-r3-023"}
redis-fixture-1  | 2026-09-23T10:20:10.024187316Z {"seq": 216, "time_ns": 3904801782262, "event": "prepared", "id": "hit-r3-024", "mode": "hit", "key": "higress-audit:hit-r3-024", "value": "{\"source\":\"cache\",\"value\":\"fixture-only\"}"}
redis-fixture-1  | 2026-09-23T10:20:10.037583647Z {"seq": 217, "time_ns": 3904815180503, "event": "upstream_seen", "id": "hit-r3-024", "headers": {"host": "127.0.0.1:19468", "user-agent": "curl/7.81.0", "accept": "*/*", "x-http-cache-key": "hit-r3-024", "x-verification-id": "hit-r3-024", "x-forwarded-proto": "http", "x-envoy-original-host": "127.0.0.1:19468", "x-request-id": "e22b61bd-a6db-44f0-9214-9b080176f6c5", "x-envoy-expected-rq-timeout-ms": "15000", "req-start-time": "1790158810035"}}
envoy-1          | 2026-09-23T10:20:09.315019450Z [2026-09-23 10:20:09.314][29][debug][wasm] [external/envoy/source/extensions/common/wasm/context.cc:1538] wasm log response-cache response-cache response-cache: [response-cache] [nil] [edd04735-c123-4186-8422-33b246d7ff46] [onHttpResponseBody] key is nil, skip cache
envoy-1          | 2026-09-23T10:20:09.442659273Z [2026-09-23 10:20:09.442][29][debug][wasm] [external/envoy/source/extensions/common/wasm/context.cc:1538] wasm log response-cache response-cache response-cache: [response-cache] [nil] [1604bf46-690d-46af-8b36-958e78f0861c] [onHttpRequestHeaders] cache key from request header: x-http-cache-key, key: hit-r3-020
envoy-1          | 2026-09-23T10:20:09.442691889Z [2026-09-23 10:20:09.442][29][debug][wasm] [external/envoy/source/extensions/common/wasm/context.cc:1538] wasm log response-cache response-cache response-cache: [response-cache] [nil] [1604bf46-690d-46af-8b36-958e78f0861c] [response-cache] [CheckCacheForKey] querying cache with key: higress-audit:hit-r3-020
envoy-1          | 2026-09-23T10:20:09.442821150Z [2026-09-23 10:20:09.442][29][debug][wasm] [external/envoy/source/extensions/common/wasm/context.cc:1538] wasm log response-cache response-cache response-cache: redis call start, request-id: 6f4d3b26-1fe3-421c-a49b-d8bf6aeb5f8a, respQuery: KjINCiQzDQpnZXQNCiQyNA0KaGlncmVzcy1hdWRpdDpoaXQtcjMtMDIwDQo=
envoy-1          | 2026-09-23T10:20:09.457226013Z [2026-09-23 10:20:09.457][29][debug][wasm] [external/envoy/source/extensions/common/wasm/context.cc:1538] wasm log response-cache response-cache response-cache: redis call end, request-id: 6f4d3b26-1fe3-421c-a49b-d8bf6aeb5f8a, respQuery: KjINCiQzDQpnZXQNCiQyNA0KaGlncmVzcy1hdWRpdDpoaXQtcjMtMDIwDQo=, respValue: JDQxDQp7InNvdXJjZSI6ImNhY2hlIiwidmFsdWUiOiJmaXh0dXJlLW9ubHkifQ0K
redis-fixture-1  | 2026-09-23T10:20:10.040457521Z {"seq": 218, "time_ns": 3904818019164, "event": "redis_command", "id": "hit-r3-024", "command": "GET", "args": ["higress-audit:hit-r3-024"]}
redis-fixture-1  | 2026-09-23T10:20:10.040491390Z {"seq": 219, "time_ns": 3904818093917, "event": "redis_get_seen", "id": "hit-r3-024"}
redis-fixture-1  | 2026-09-23T10:20:10.050144690Z {"seq": 220, "time_ns": 3904827746263, "event": "redis_release_requested", "id": "hit-r3-024"}
envoy-1          | 2026-09-23T10:20:09.457243888Z [2026-09-23 10:20:09.457][29][info][wasm] [external/envoy/source/extensions/common/wasm/context.cc:1541] wasm log response-cache response-cache response-cache: [response-cache] [nil] [1604bf46-690d-46af-8b36-958e78f0861c] [response-cache] cache hit for key: hit-r3-020
envoy-1          | 2026-09-23T10:20:09.457328321Z [2026-09-23 10:20:09.457][29][debug][wasm] [external/envoy/source/extensions/common/wasm/context.cc:1538] wasm log response-cache response-cache response-cache: [response-cache] [nil] [1604bf46-690d-46af-8b36-958e78f0861c] [response-cache] [processCacheHit] cached response for key hit-r3-020: {"source":"cache","value":"fixture-only"}
envoy-1          | 2026-09-23T10:20:09.457549427Z [2026-09-23 10:20:09.457][29][debug][wasm] [external/envoy/source/extensions/common/wasm/context.cc:1538] wasm log response-cache response-cache response-cache: [response-cache] [nil] [1604bf46-690d-46af-8b36-958e78f0861c] SetResponseBodyBufferLimit: 10485760
envoy-1          | 2026-09-23T10:20:09.457684507Z [2026-09-23 10:20:09.457][29][debug][wasm] [external/envoy/source/extensions/common/wasm/context.cc:1538] wasm log response-cache response-cache response-cache: [response-cache] [nil] [1604bf46-690d-46af-8b36-958e78f0861c] [onHttpResponseBody] key is nil, skip cache
envoy-1          | 2026-09-23T10:20:09.586833882Z [2026-09-23 10:20:09.586][29][debug][wasm] [external/envoy/source/extensions/common/wasm/context.cc:1538] wasm log response-cache response-cache response-cache: [response-cache] [nil] [992d3a58-220d-4a8c-814e-6807592a555f] [onHttpRequestHeaders] cache key from request header: x-http-cache-key, key: hit-r3-021
envoy-1          | 2026-09-23T10:20:09.586871498Z [2026-09-23 10:20:09.586][29][debug][wasm] [external/envoy/source/extensions/common/wasm/context.cc:1538] wasm log response-cache response-cache response-cache: [response-cache] [nil] [992d3a58-220d-4a8c-814e-6807592a555f] [response-cache] [CheckCacheForKey] querying cache with key: higress-audit:hit-r3-021
envoy-1          | 2026-09-23T10:20:09.586920686Z [2026-09-23 10:20:09.586][29][debug][wasm] [external/envoy/source/extensions/common/wasm/context.cc:1538] wasm log response-cache response-cache response-cache: redis call start, request-id: 9a065f6e-b154-4b57-8add-12695cb45ee4, respQuery: KjINCiQzDQpnZXQNCiQyNA0KaGlncmVzcy1hdWRpdDpoaXQtcjMtMDIxDQo=
envoy-1          | 2026-09-23T10:20:09.601849544Z [2026-09-23 10:20:09.601][29][debug][wasm] [external/envoy/source/extensions/common/wasm/context.cc:1538] wasm log response-cache response-cache response-cache: redis call end, request-id: 9a065f6e-b154-4b57-8add-12695cb45ee4, respQuery: KjINCiQzDQpnZXQNCiQyNA0KaGlncmVzcy1hdWRpdDpoaXQtcjMtMDIxDQo=, respValue: JDQxDQp7InNvdXJjZSI6ImNhY2hlIiwidmFsdWUiOiJmaXh0dXJlLW9ubHkifQ0K
envoy-1          | 2026-09-23T10:20:09.601891648Z [2026-09-23 10:20:09.601][29][info][wasm] [external/envoy/source/extensions/common/wasm/context.cc:1541] wasm log response-cache response-cache response-cache: [response-cache] [nil] [992d3a58-220d-4a8c-814e-6807592a555f] [response-cache] cache hit for key: hit-r3-021
envoy-1          | 2026-09-23T10:20:09.601932085Z [2026-09-23 10:20:09.601][29][debug][wasm] [external/envoy/source/extensions/common/wasm/context.cc:1538] wasm log response-cache response-cache response-cache: [response-cache] [nil] [992d3a58-220d-4a8c-814e-6807592a555f] [response-cache] [processCacheHit] cached response for key hit-r3-021: {"source":"cache","value":"fixture-only"}
envoy-1          | 2026-09-23T10:20:09.602294588Z [2026-09-23 10:20:09.602][29][debug][wasm] [external/envoy/source/extensions/common/wasm/context.cc:1538] wasm log response-cache response-cache response-cache: [response-cache] [nil] [992d3a58-220d-4a8c-814e-6807592a555f] SetResponseBodyBufferLimit: 10485760
envoy-1          | 2026-09-23T10:20:09.602436368Z [2026-09-23 10:20:09.602][29][debug][wasm] [external/envoy/source/extensions/common/wasm/context.cc:1538] wasm log response-cache response-cache response-cache: [response-cache] [nil] [992d3a58-220d-4a8c-814e-6807592a555f] [onHttpResponseBody] key is nil, skip cache
envoy-1          | 2026-09-23T10:20:09.746864999Z [2026-09-23 10:20:09.746][29][debug][wasm] [external/envoy/source/extensions/common/wasm/context.cc:1538] wasm log response-cache response-cache response-cache: [response-cache] [nil] [90ec4168-ea49-4ed1-937f-d495dc087382] [onHttpRequestHeaders] cache key from request header: x-http-cache-key, key: hit-r3-022
envoy-1          | 2026-09-23T10:20:09.746919860Z [2026-09-23 10:20:09.746][29][debug][wasm] [external/envoy/source/extensions/common/wasm/context.cc:1538] wasm log response-cache response-cache response-cache: [response-cache] [nil] [90ec4168-ea49-4ed1-937f-d495dc087382] [response-cache] [CheckCacheForKey] querying cache with key: higress-audit:hit-r3-022
envoy-1          | 2026-09-23T10:20:09.747089666Z [2026-09-23 10:20:09.747][29][debug][wasm] [external/envoy/source/extensions/common/wasm/context.cc:1538] wasm log response-cache response-cache response-cache: redis call start, request-id: 28b631f3-5833-49bd-a751-1e2b02da82d0, respQuery: KjINCiQzDQpnZXQNCiQyNA0KaGlncmVzcy1hdWRpdDpoaXQtcjMtMDIyDQo=
envoy-1          | 2026-09-23T10:20:09.760103009Z [2026-09-23 10:20:09.759][29][debug][wasm] [external/envoy/source/extensions/common/wasm/context.cc:1538] wasm log response-cache response-cache response-cache: redis call end, request-id: 28b631f3-5833-49bd-a751-1e2b02da82d0, respQuery: KjINCiQzDQpnZXQNCiQyNA0KaGlncmVzcy1hdWRpdDpoaXQtcjMtMDIyDQo=, respValue: JDQxDQp7InNvdXJjZSI6ImNhY2hlIiwidmFsdWUiOiJmaXh0dXJlLW9ubHkifQ0K
envoy-1          | 2026-09-23T10:20:09.760149457Z [2026-09-23 10:20:09.760][29][info][wasm] [external/envoy/source/extensions/common/wasm/context.cc:1541] wasm log response-cache response-cache response-cache: [response-cache] [nil] [90ec4168-ea49-4ed1-937f-d495dc087382] [response-cache] cache hit for key: hit-r3-022
envoy-1          | 2026-09-23T10:20:09.760172493Z [2026-09-23 10:20:09.760][29][debug][wasm] [external/envoy/source/extensions/common/wasm/context.cc:1538] wasm log response-cache response-cache response-cache: [response-cache] [nil] [90ec4168-ea49-4ed1-937f-d495dc087382] [response-cache] [processCacheHit] cached response for key hit-r3-022: {"source":"cache","value":"fixture-only"}
redis-fixture-1  | 2026-09-23T10:20:10.050216460Z {"seq": 221, "time_ns": 3904827909424, "event": "redis_reply_released", "id": "hit-r3-024", "mode": "hit"}
redis-fixture-1  | 2026-09-23T10:20:10.054374315Z {"seq": 222, "time_ns": 3904831922033, "event": "client_complete", "id": "hit-r3-024", "status": "200", "curl_exit": 0, "body_sha256": "da87d065c0f96d585f02840dc10c88f7e8edac17ae77dbdae4b9e051a619338f"}
redis-fixture-1  | 2026-09-23T10:20:10.056432219Z {"seq": 223, "time_ns": 3904834045529, "event": "upstream_peer_closed", "id": "hit-r3-024"}
redis-fixture-1  | 2026-09-23T10:20:10.163581353Z {"seq": 224, "time_ns": 3904941140835, "event": "redis_release_requested", "id": "hit-r3-024"}
redis-fixture-1  | 2026-09-23T10:20:10.167981999Z {"seq": 225, "time_ns": 3904945533994, "event": "prepared", "id": "hit-r3-025", "mode": "hit", "key": "higress-audit:hit-r3-025", "value": "{\"source\":\"cache\",\"value\":\"fixture-only\"}"}
redis-fixture-1  | 2026-09-23T10:20:10.181093661Z {"seq": 226, "time_ns": 3904958741330, "event": "upstream_seen", "id": "hit-r3-025", "headers": {"host": "127.0.0.1:19468", "user-agent": "curl/7.81.0", "accept": "*/*", "x-http-cache-key": "hit-r3-025", "x-verification-id": "hit-r3-025", "x-forwarded-proto": "http", "x-envoy-original-host": "127.0.0.1:19468", "x-request-id": "e11ecfb9-1ed9-4f69-814e-ecadaef4ee45", "x-envoy-expected-rq-timeout-ms": "15000", "req-start-time": "1790158810179"}}
redis-fixture-1  | 2026-09-23T10:20:10.184717702Z {"seq": 227, "time_ns": 3904962267505, "event": "redis_command", "id": "hit-r3-025", "command": "GET", "args": ["higress-audit:hit-r3-025"]}
redis-fixture-1  | 2026-09-23T10:20:10.184751586Z {"seq": 228, "time_ns": 3904962342229, "event": "redis_get_seen", "id": "hit-r3-025"}
redis-fixture-1  | 2026-09-23T10:20:10.194664107Z {"seq": 229, "time_ns": 3904972327711, "event": "redis_release_requested", "id": "hit-r3-025"}
redis-fixture-1  | 2026-09-23T10:20:10.194772839Z {"seq": 230, "time_ns": 3904972498292, "event": "redis_reply_released", "id": "hit-r3-025", "mode": "hit"}
redis-fixture-1  | 2026-09-23T10:20:10.199091232Z {"seq": 231, "time_ns": 3904976710172, "event": "client_complete", "id": "hit-r3-025", "status": "200", "curl_exit": 0, "body_sha256": "da87d065c0f96d585f02840dc10c88f7e8edac17ae77dbdae4b9e051a619338f"}
redis-fixture-1  | 2026-09-23T10:20:10.201400477Z {"seq": 232, "time_ns": 3904978985846, "event": "upstream_peer_closed", "id": "hit-r3-025"}
redis-fixture-1  | 2026-09-23T10:20:10.309297281Z {"seq": 233, "time_ns": 3905086872548, "event": "redis_release_requested", "id": "hit-r3-025"}
redis-fixture-1  | 2026-09-23T10:20:10.313565606Z {"seq": 234, "time_ns": 3905091198932, "event": "prepared", "id": "hit-r3-026", "mode": "hit", "key": "higress-audit:hit-r3-026", "value": "{\"source\":\"cache\",\"value\":\"fixture-only\"}"}
redis-fixture-1  | 2026-09-23T10:20:10.326114806Z {"seq": 235, "time_ns": 3905103670657, "event": "upstream_seen", "id": "hit-r3-026", "headers": {"host": "127.0.0.1:19468", "user-agent": "curl/7.81.0", "accept": "*/*", "x-http-cache-key": "hit-r3-026", "x-verification-id": "hit-r3-026", "x-forwarded-proto": "http", "x-envoy-original-host": "127.0.0.1:19468", "x-request-id": "249c1e1a-4fb6-430a-9dc7-81d259a59bc7", "x-envoy-expected-rq-timeout-ms": "15000", "req-start-time": "1790158810324"}}
redis-fixture-1  | 2026-09-23T10:20:10.328687582Z {"seq": 236, "time_ns": 3905106244201, "event": "redis_command", "id": "hit-r3-026", "command": "GET", "args": ["higress-audit:hit-r3-026"]}
redis-fixture-1  | 2026-09-23T10:20:10.328721429Z {"seq": 237, "time_ns": 3905106318860, "event": "redis_get_seen", "id": "hit-r3-026"}
redis-fixture-1  | 2026-09-23T10:20:10.340991447Z {"seq": 238, "time_ns": 3905118621248, "event": "redis_release_requested", "id": "hit-r3-026"}
redis-fixture-1  | 2026-09-23T10:20:10.341042524Z {"seq": 239, "time_ns": 3905118758240, "event": "redis_reply_released", "id": "hit-r3-026", "mode": "hit"}
redis-fixture-1  | 2026-09-23T10:20:10.345401137Z {"seq": 240, "time_ns": 3905123018361, "event": "client_complete", "id": "hit-r3-026", "status": "200", "curl_exit": 0, "body_sha256": "da87d065c0f96d585f02840dc10c88f7e8edac17ae77dbdae4b9e051a619338f"}
envoy-1          | 2026-09-23T10:20:09.760471499Z [2026-09-23 10:20:09.760][29][debug][wasm] [external/envoy/source/extensions/common/wasm/context.cc:1538] wasm log response-cache response-cache response-cache: [response-cache] [nil] [90ec4168-ea49-4ed1-937f-d495dc087382] SetResponseBodyBufferLimit: 10485760
envoy-1          | 2026-09-23T10:20:09.760587284Z [2026-09-23 10:20:09.760][29][debug][wasm] [external/envoy/source/extensions/common/wasm/context.cc:1538] wasm log response-cache response-cache response-cache: [response-cache] [nil] [90ec4168-ea49-4ed1-937f-d495dc087382] [onHttpResponseBody] key is nil, skip cache
envoy-1          | 2026-09-23T10:20:09.891610965Z [2026-09-23 10:20:09.891][29][debug][wasm] [external/envoy/source/extensions/common/wasm/context.cc:1538] wasm log response-cache response-cache response-cache: [response-cache] [nil] [66f9b82e-a2f7-4007-8f6f-64e8fca848b1] [onHttpRequestHeaders] cache key from request header: x-http-cache-key, key: hit-r3-023
envoy-1          | 2026-09-23T10:20:09.891649184Z [2026-09-23 10:20:09.891][29][debug][wasm] [external/envoy/source/extensions/common/wasm/context.cc:1538] wasm log response-cache response-cache response-cache: [response-cache] [nil] [66f9b82e-a2f7-4007-8f6f-64e8fca848b1] [response-cache] [CheckCacheForKey] querying cache with key: higress-audit:hit-r3-023
envoy-1          | 2026-09-23T10:20:09.891711213Z [2026-09-23 10:20:09.891][29][debug][wasm] [external/envoy/source/extensions/common/wasm/context.cc:1538] wasm log response-cache response-cache response-cache: redis call start, request-id: 98c7b66a-fa6f-4eeb-9326-a09506deb6ac, respQuery: KjINCiQzDQpnZXQNCiQyNA0KaGlncmVzcy1hdWRpdDpoaXQtcjMtMDIzDQo=
envoy-1          | 2026-09-23T10:20:09.906174544Z [2026-09-23 10:20:09.906][29][debug][wasm] [external/envoy/source/extensions/common/wasm/context.cc:1538] wasm log response-cache response-cache response-cache: redis call end, request-id: 98c7b66a-fa6f-4eeb-9326-a09506deb6ac, respQuery: KjINCiQzDQpnZXQNCiQyNA0KaGlncmVzcy1hdWRpdDpoaXQtcjMtMDIzDQo=, respValue: JDQxDQp7InNvdXJjZSI6ImNhY2hlIiwidmFsdWUiOiJmaXh0dXJlLW9ubHkifQ0K
redis-fixture-1  | 2026-09-23T10:20:10.347778452Z {"seq": 241, "time_ns": 3905125360200, "event": "upstream_peer_closed", "id": "hit-r3-026"}
redis-fixture-1  | 2026-09-23T10:20:10.454922350Z {"seq": 242, "time_ns": 3905232529377, "event": "redis_release_requested", "id": "hit-r3-026"}
redis-fixture-1  | 2026-09-23T10:20:10.459195838Z {"seq": 243, "time_ns": 3905236837158, "event": "prepared", "id": "hit-r3-027", "mode": "hit", "key": "higress-audit:hit-r3-027", "value": "{\"source\":\"cache\",\"value\":\"fixture-only\"}"}
redis-fixture-1  | 2026-09-23T10:20:10.471440836Z {"seq": 244, "time_ns": 3905249025938, "event": "upstream_seen", "id": "hit-r3-027", "headers": {"host": "127.0.0.1:19468", "user-agent": "curl/7.81.0", "accept": "*/*", "x-http-cache-key": "hit-r3-027", "x-verification-id": "hit-r3-027", "x-forwarded-proto": "http", "x-envoy-original-host": "127.0.0.1:19468", "x-request-id": "872d5ef7-b970-4ac7-ab10-132719b91b0e", "x-envoy-expected-rq-timeout-ms": "15000", "req-start-time": "1790158810469"}}
redis-fixture-1  | 2026-09-23T10:20:10.471497807Z {"seq": 245, "time_ns": 3905249183343, "event": "redis_command", "id": "hit-r3-027", "command": "GET", "args": ["higress-audit:hit-r3-027"]}
redis-fixture-1  | 2026-09-23T10:20:10.471512063Z {"seq": 246, "time_ns": 3905249254936, "event": "redis_get_seen", "id": "hit-r3-027"}
redis-fixture-1  | 2026-09-23T10:20:10.486607443Z {"seq": 247, "time_ns": 3905264253616, "event": "redis_release_requested", "id": "hit-r3-027"}
redis-fixture-1  | 2026-09-23T10:20:10.486732716Z {"seq": 248, "time_ns": 3905264439148, "event": "redis_reply_released", "id": "hit-r3-027", "mode": "hit"}
redis-fixture-1  | 2026-09-23T10:20:10.490888767Z {"seq": 249, "time_ns": 3905268493425, "event": "client_complete", "id": "hit-r3-027", "status": "200", "curl_exit": 0, "body_sha256": "da87d065c0f96d585f02840dc10c88f7e8edac17ae77dbdae4b9e051a619338f"}
redis-fixture-1  | 2026-09-23T10:20:10.493103021Z {"seq": 250, "time_ns": 3905270750873, "event": "upstream_peer_closed", "id": "hit-r3-027"}
redis-fixture-1  | 2026-09-23T10:20:10.600338191Z {"seq": 251, "time_ns": 3905377965299, "event": "redis_release_requested", "id": "hit-r3-027"}
envoy-1          | 2026-09-23T10:20:09.906225580Z [2026-09-23 10:20:09.906][29][info][wasm] [external/envoy/source/extensions/common/wasm/context.cc:1541] wasm log response-cache response-cache response-cache: [response-cache] [nil] [66f9b82e-a2f7-4007-8f6f-64e8fca848b1] [response-cache] cache hit for key: hit-r3-023
envoy-1          | 2026-09-23T10:20:09.906284364Z [2026-09-23 10:20:09.906][29][debug][wasm] [external/envoy/source/extensions/common/wasm/context.cc:1538] wasm log response-cache response-cache response-cache: [response-cache] [nil] [66f9b82e-a2f7-4007-8f6f-64e8fca848b1] [response-cache] [processCacheHit] cached response for key hit-r3-023: {"source":"cache","value":"fixture-only"}
envoy-1          | 2026-09-23T10:20:09.906519415Z [2026-09-23 10:20:09.906][29][debug][wasm] [external/envoy/source/extensions/common/wasm/context.cc:1538] wasm log response-cache response-cache response-cache: [response-cache] [nil] [66f9b82e-a2f7-4007-8f6f-64e8fca848b1] SetResponseBodyBufferLimit: 10485760
envoy-1          | 2026-09-23T10:20:09.906627564Z [2026-09-23 10:20:09.906][29][debug][wasm] [external/envoy/source/extensions/common/wasm/context.cc:1538] wasm log response-cache response-cache response-cache: [response-cache] [nil] [66f9b82e-a2f7-4007-8f6f-64e8fca848b1] [onHttpResponseBody] key is nil, skip cache
envoy-1          | 2026-09-23T10:20:10.036381269Z [2026-09-23 10:20:10.036][29][debug][wasm] [external/envoy/source/extensions/common/wasm/context.cc:1538] wasm log response-cache response-cache response-cache: [response-cache] [nil] [e22b61bd-a6db-44f0-9214-9b080176f6c5] [onHttpRequestHeaders] cache key from request header: x-http-cache-key, key: hit-r3-024
envoy-1          | 2026-09-23T10:20:10.036413941Z [2026-09-23 10:20:10.036][29][debug][wasm] [external/envoy/source/extensions/common/wasm/context.cc:1538] wasm log response-cache response-cache response-cache: [response-cache] [nil] [e22b61bd-a6db-44f0-9214-9b080176f6c5] [response-cache] [CheckCacheForKey] querying cache with key: higress-audit:hit-r3-024
envoy-1          | 2026-09-23T10:20:10.036427414Z [2026-09-23 10:20:10.036][29][debug][wasm] [external/envoy/source/extensions/common/wasm/context.cc:1538] wasm log response-cache response-cache response-cache: redis call start, request-id: ef8e214f-50c3-4206-b0a4-8dec1f5be913, respQuery: KjINCiQzDQpnZXQNCiQyNA0KaGlncmVzcy1hdWRpdDpoaXQtcjMtMDI0DQo=
envoy-1          | 2026-09-23T10:20:10.050617630Z [2026-09-23 10:20:10.050][29][debug][wasm] [external/envoy/source/extensions/common/wasm/context.cc:1538] wasm log response-cache response-cache response-cache: redis call end, request-id: ef8e214f-50c3-4206-b0a4-8dec1f5be913, respQuery: KjINCiQzDQpnZXQNCiQyNA0KaGlncmVzcy1hdWRpdDpoaXQtcjMtMDI0DQo=, respValue: JDQxDQp7InNvdXJjZSI6ImNhY2hlIiwidmFsdWUiOiJmaXh0dXJlLW9ubHkifQ0K
envoy-1          | 2026-09-23T10:20:10.050650186Z [2026-09-23 10:20:10.050][29][info][wasm] [external/envoy/source/extensions/common/wasm/context.cc:1541] wasm log response-cache response-cache response-cache: [response-cache] [nil] [e22b61bd-a6db-44f0-9214-9b080176f6c5] [response-cache] cache hit for key: hit-r3-024
envoy-1          | 2026-09-23T10:20:10.050675095Z [2026-09-23 10:20:10.050][29][debug][wasm] [external/envoy/source/extensions/common/wasm/context.cc:1538] wasm log response-cache response-cache response-cache: [response-cache] [nil] [e22b61bd-a6db-44f0-9214-9b080176f6c5] [response-cache] [processCacheHit] cached response for key hit-r3-024: {"source":"cache","value":"fixture-only"}
envoy-1          | 2026-09-23T10:20:10.050935201Z [2026-09-23 10:20:10.050][29][debug][wasm] [external/envoy/source/extensions/common/wasm/context.cc:1538] wasm log response-cache response-cache response-cache: [response-cache] [nil] [e22b61bd-a6db-44f0-9214-9b080176f6c5] SetResponseBodyBufferLimit: 10485760
envoy-1          | 2026-09-23T10:20:10.051033725Z [2026-09-23 10:20:10.050][29][debug][wasm] [external/envoy/source/extensions/common/wasm/context.cc:1538] wasm log response-cache response-cache response-cache: [response-cache] [nil] [e22b61bd-a6db-44f0-9214-9b080176f6c5] [onHttpResponseBody] key is nil, skip cache
envoy-1          | 2026-09-23T10:20:10.179915438Z [2026-09-23 10:20:10.179][29][debug][wasm] [external/envoy/source/extensions/common/wasm/context.cc:1538] wasm log response-cache response-cache response-cache: [response-cache] [nil] [e11ecfb9-1ed9-4f69-814e-ecadaef4ee45] [onHttpRequestHeaders] cache key from request header: x-http-cache-key, key: hit-r3-025
envoy-1          | 2026-09-23T10:20:10.179947982Z [2026-09-23 10:20:10.179][29][debug][wasm] [external/envoy/source/extensions/common/wasm/context.cc:1538] wasm log response-cache response-cache response-cache: [response-cache] [nil] [e11ecfb9-1ed9-4f69-814e-ecadaef4ee45] [response-cache] [CheckCacheForKey] querying cache with key: higress-audit:hit-r3-025
envoy-1          | 2026-09-23T10:20:10.179980258Z [2026-09-23 10:20:10.179][29][debug][wasm] [external/envoy/source/extensions/common/wasm/context.cc:1538] wasm log response-cache response-cache response-cache: redis call start, request-id: 3c0f4cd2-e59b-4fe8-a303-5e54294c3fa1, respQuery: KjINCiQzDQpnZXQNCiQyNA0KaGlncmVzcy1hdWRpdDpoaXQtcjMtMDI1DQo=
envoy-1          | 2026-09-23T10:20:10.195233817Z [2026-09-23 10:20:10.195][29][debug][wasm] [external/envoy/source/extensions/common/wasm/context.cc:1538] wasm log response-cache response-cache response-cache: redis call end, request-id: 3c0f4cd2-e59b-4fe8-a303-5e54294c3fa1, respQuery: KjINCiQzDQpnZXQNCiQyNA0KaGlncmVzcy1hdWRpdDpoaXQtcjMtMDI1DQo=, respValue: JDQxDQp7InNvdXJjZSI6ImNhY2hlIiwidmFsdWUiOiJmaXh0dXJlLW9ubHkifQ0K
envoy-1          | 2026-09-23T10:20:10.195281591Z [2026-09-23 10:20:10.195][29][info][wasm] [external/envoy/source/extensions/common/wasm/context.cc:1541] wasm log response-cache response-cache response-cache: [response-cache] [nil] [e11ecfb9-1ed9-4f69-814e-ecadaef4ee45] [response-cache] cache hit for key: hit-r3-025
envoy-1          | 2026-09-23T10:20:10.195321995Z [2026-09-23 10:20:10.195][29][debug][wasm] [external/envoy/source/extensions/common/wasm/context.cc:1538] wasm log response-cache response-cache response-cache: [response-cache] [nil] [e11ecfb9-1ed9-4f69-814e-ecadaef4ee45] [response-cache] [processCacheHit] cached response for key hit-r3-025: {"source":"cache","value":"fixture-only"}
envoy-1          | 2026-09-23T10:20:10.195595210Z [2026-09-23 10:20:10.195][29][debug][wasm] [external/envoy/source/extensions/common/wasm/context.cc:1538] wasm log response-cache response-cache response-cache: [response-cache] [nil] [e11ecfb9-1ed9-4f69-814e-ecadaef4ee45] SetResponseBodyBufferLimit: 10485760
envoy-1          | 2026-09-23T10:20:10.195670841Z [2026-09-23 10:20:10.195][29][debug][wasm] [external/envoy/source/extensions/common/wasm/context.cc:1538] wasm log response-cache response-cache response-cache: [response-cache] [nil] [e11ecfb9-1ed9-4f69-814e-ecadaef4ee45] [onHttpResponseBody] key is nil, skip cache
envoy-1          | 2026-09-23T10:20:10.324563746Z [2026-09-23 10:20:10.324][29][debug][wasm] [external/envoy/source/extensions/common/wasm/context.cc:1538] wasm log response-cache response-cache response-cache: [response-cache] [nil] [249c1e1a-4fb6-430a-9dc7-81d259a59bc7] [onHttpRequestHeaders] cache key from request header: x-http-cache-key, key: hit-r3-026
envoy-1          | 2026-09-23T10:20:10.324596142Z [2026-09-23 10:20:10.324][29][debug][wasm] [external/envoy/source/extensions/common/wasm/context.cc:1538] wasm log response-cache response-cache response-cache: [response-cache] [nil] [249c1e1a-4fb6-430a-9dc7-81d259a59bc7] [response-cache] [CheckCacheForKey] querying cache with key: higress-audit:hit-r3-026
envoy-1          | 2026-09-23T10:20:10.324629570Z [2026-09-23 10:20:10.324][29][debug][wasm] [external/envoy/source/extensions/common/wasm/context.cc:1538] wasm log response-cache response-cache response-cache: redis call start, request-id: 0cef3a16-8d90-4d0f-9414-28435a6463db, respQuery: KjINCiQzDQpnZXQNCiQyNA0KaGlncmVzcy1hdWRpdDpoaXQtcjMtMDI2DQo=
envoy-1          | 2026-09-23T10:20:10.341501271Z [2026-09-23 10:20:10.341][29][debug][wasm] [external/envoy/source/extensions/common/wasm/context.cc:1538] wasm log response-cache response-cache response-cache: redis call end, request-id: 0cef3a16-8d90-4d0f-9414-28435a6463db, respQuery: KjINCiQzDQpnZXQNCiQyNA0KaGlncmVzcy1hdWRpdDpoaXQtcjMtMDI2DQo=, respValue: JDQxDQp7InNvdXJjZSI6ImNhY2hlIiwidmFsdWUiOiJmaXh0dXJlLW9ubHkifQ0K
envoy-1          | 2026-09-23T10:20:10.341518424Z [2026-09-23 10:20:10.341][29][info][wasm] [external/envoy/source/extensions/common/wasm/context.cc:1541] wasm log response-cache response-cache response-cache: [response-cache] [nil] [249c1e1a-4fb6-430a-9dc7-81d259a59bc7] [response-cache] cache hit for key: hit-r3-026
envoy-1          | 2026-09-23T10:20:10.341634248Z [2026-09-23 10:20:10.341][29][debug][wasm] [external/envoy/source/extensions/common/wasm/context.cc:1538] wasm log response-cache response-cache response-cache: [response-cache] [nil] [249c1e1a-4fb6-430a-9dc7-81d259a59bc7] [response-cache] [processCacheHit] cached response for key hit-r3-026: {"source":"cache","value":"fixture-only"}
envoy-1          | 2026-09-23T10:20:10.341885078Z [2026-09-23 10:20:10.341][29][debug][wasm] [external/envoy/source/extensions/common/wasm/context.cc:1538] wasm log response-cache response-cache response-cache: [response-cache] [nil] [249c1e1a-4fb6-430a-9dc7-81d259a59bc7] SetResponseBodyBufferLimit: 10485760
envoy-1          | 2026-09-23T10:20:10.341980402Z [2026-09-23 10:20:10.341][29][debug][wasm] [external/envoy/source/extensions/common/wasm/context.cc:1538] wasm log response-cache response-cache response-cache: [response-cache] [nil] [249c1e1a-4fb6-430a-9dc7-81d259a59bc7] [onHttpResponseBody] key is nil, skip cache
envoy-1          | 2026-09-23T10:20:10.470266934Z [2026-09-23 10:20:10.470][29][debug][wasm] [external/envoy/source/extensions/common/wasm/context.cc:1538] wasm log response-cache response-cache response-cache: [response-cache] [nil] [872d5ef7-b970-4ac7-ab10-132719b91b0e] [onHttpRequestHeaders] cache key from request header: x-http-cache-key, key: hit-r3-027
envoy-1          | 2026-09-23T10:20:10.470316107Z [2026-09-23 10:20:10.470][29][debug][wasm] [external/envoy/source/extensions/common/wasm/context.cc:1538] wasm log response-cache response-cache response-cache: [response-cache] [nil] [872d5ef7-b970-4ac7-ab10-132719b91b0e] [response-cache] [CheckCacheForKey] querying cache with key: higress-audit:hit-r3-027
envoy-1          | 2026-09-23T10:20:10.470368340Z [2026-09-23 10:20:10.470][29][debug][wasm] [external/envoy/source/extensions/common/wasm/context.cc:1538] wasm log response-cache response-cache response-cache: redis call start, request-id: 49f364db-be1f-4152-832b-89cbfee42e15, respQuery: KjINCiQzDQpnZXQNCiQyNA0KaGlncmVzcy1hdWRpdDpoaXQtcjMtMDI3DQo=
envoy-1          | 2026-09-23T10:20:10.487148076Z [2026-09-23 10:20:10.487][29][debug][wasm] [external/envoy/source/extensions/common/wasm/context.cc:1538] wasm log response-cache response-cache response-cache: redis call end, request-id: 49f364db-be1f-4152-832b-89cbfee42e15, respQuery: KjINCiQzDQpnZXQNCiQyNA0KaGlncmVzcy1hdWRpdDpoaXQtcjMtMDI3DQo=, respValue: JDQxDQp7InNvdXJjZSI6ImNhY2hlIiwidmFsdWUiOiJmaXh0dXJlLW9ubHkifQ0K
envoy-1          | 2026-09-23T10:20:10.487184136Z [2026-09-23 10:20:10.487][29][info][wasm] [external/envoy/source/extensions/common/wasm/context.cc:1541] wasm log response-cache response-cache response-cache: [response-cache] [nil] [872d5ef7-b970-4ac7-ab10-132719b91b0e] [response-cache] cache hit for key: hit-r3-027
envoy-1          | 2026-09-23T10:20:10.487228616Z [2026-09-23 10:20:10.487][29][debug][wasm] [external/envoy/source/extensions/common/wasm/context.cc:1538] wasm log response-cache response-cache response-cache: [response-cache] [nil] [872d5ef7-b970-4ac7-ab10-132719b91b0e] [response-cache] [processCacheHit] cached response for key hit-r3-027: {"source":"cache","value":"fixture-only"}
redis-fixture-1  | 2026-09-23T10:20:10.604434974Z {"seq": 252, "time_ns": 3905382074537, "event": "prepared", "id": "hit-r3-028", "mode": "hit", "key": "higress-audit:hit-r3-028", "value": "{\"source\":\"cache\",\"value\":\"fixture-only\"}"}
redis-fixture-1  | 2026-09-23T10:20:10.617213077Z {"seq": 253, "time_ns": 3905394786771, "event": "upstream_seen", "id": "hit-r3-028", "headers": {"host": "127.0.0.1:19468", "user-agent": "curl/7.81.0", "accept": "*/*", "x-http-cache-key": "hit-r3-028", "x-verification-id": "hit-r3-028", "x-forwarded-proto": "http", "x-envoy-original-host": "127.0.0.1:19468", "x-request-id": "7d0d9688-82d3-4c78-8412-e47b6633e4ae", "x-envoy-expected-rq-timeout-ms": "15000", "req-start-time": "1790158810615"}}
redis-fixture-1  | 2026-09-23T10:20:10.620072210Z {"seq": 254, "time_ns": 3905397630065, "event": "redis_command", "id": "hit-r3-028", "command": "GET", "args": ["higress-audit:hit-r3-028"]}
redis-fixture-1  | 2026-09-23T10:20:10.620105587Z {"seq": 255, "time_ns": 3905397704989, "event": "redis_get_seen", "id": "hit-r3-028"}
redis-fixture-1  | 2026-09-23T10:20:10.632265184Z {"seq": 256, "time_ns": 3905409894408, "event": "redis_release_requested", "id": "hit-r3-028"}
redis-fixture-1  | 2026-09-23T10:20:10.632407948Z {"seq": 257, "time_ns": 3905410078264, "event": "redis_reply_released", "id": "hit-r3-028", "mode": "hit"}
redis-fixture-1  | 2026-09-23T10:20:10.636457971Z {"seq": 258, "time_ns": 3905414086182, "event": "client_complete", "id": "hit-r3-028", "status": "200", "curl_exit": 0, "body_sha256": "da87d065c0f96d585f02840dc10c88f7e8edac17ae77dbdae4b9e051a619338f"}
redis-fixture-1  | 2026-09-23T10:20:10.639003403Z {"seq": 259, "time_ns": 3905416595705, "event": "upstream_peer_closed", "id": "hit-r3-028"}
redis-fixture-1  | 2026-09-23T10:20:10.747327366Z {"seq": 260, "time_ns": 3905524965773, "event": "redis_release_requested", "id": "hit-r3-028"}
redis-fixture-1  | 2026-09-23T10:20:10.751434088Z {"seq": 261, "time_ns": 3905529070417, "event": "prepared", "id": "hit-r3-029", "mode": "hit", "key": "higress-audit:hit-r3-029", "value": "{\"source\":\"cache\",\"value\":\"fixture-only\"}"}
redis-fixture-1  | 2026-09-23T10:20:10.763529798Z {"seq": 262, "time_ns": 3905540900991, "event": "redis_command", "id": "hit-r3-029", "command": "GET", "args": ["higress-audit:hit-r3-029"]}
redis-fixture-1  | 2026-09-23T10:20:10.763648291Z {"seq": 263, "time_ns": 3905541368018, "event": "upstream_seen", "id": "hit-r3-029", "headers": {"host": "127.0.0.1:19468", "user-agent": "curl/7.81.0", "accept": "*/*", "x-http-cache-key": "hit-r3-029", "x-verification-id": "hit-r3-029", "x-forwarded-proto": "http", "x-envoy-original-host": "127.0.0.1:19468", "x-request-id": "0386197c-3638-4f3a-ba7c-33601b5ff16a", "x-envoy-expected-rq-timeout-ms": "15000", "req-start-time": "1790158810761"}}
redis-fixture-1  | 2026-09-23T10:20:10.763687899Z {"seq": 264, "time_ns": 3905541450975, "event": "redis_get_seen", "id": "hit-r3-029"}
redis-fixture-1  | 2026-09-23T10:20:10.779500716Z {"seq": 265, "time_ns": 3905557079182, "event": "redis_release_requested", "id": "hit-r3-029"}
redis-fixture-1  | 2026-09-23T10:20:10.779555456Z {"seq": 266, "time_ns": 3905557282132, "event": "redis_reply_released", "id": "hit-r3-029", "mode": "hit"}
redis-fixture-1  | 2026-09-23T10:20:10.783797028Z {"seq": 267, "time_ns": 3905561438830, "event": "client_complete", "id": "hit-r3-029", "status": "200", "curl_exit": 0, "body_sha256": "da87d065c0f96d585f02840dc10c88f7e8edac17ae77dbdae4b9e051a619338f"}
redis-fixture-1  | 2026-09-23T10:20:10.785945952Z {"seq": 268, "time_ns": 3905563590052, "event": "upstream_peer_closed", "id": "hit-r3-029"}
redis-fixture-1  | 2026-09-23T10:20:10.895280800Z {"seq": 269, "time_ns": 3905672905220, "event": "redis_release_requested", "id": "hit-r3-029"}
envoy-1          | 2026-09-23T10:20:10.487506006Z [2026-09-23 10:20:10.487][29][debug][wasm] [external/envoy/source/extensions/common/wasm/context.cc:1538] wasm log response-cache response-cache response-cache: [response-cache] [nil] [872d5ef7-b970-4ac7-ab10-132719b91b0e] SetResponseBodyBufferLimit: 10485760
envoy-1          | 2026-09-23T10:20:10.487586255Z [2026-09-23 10:20:10.487][29][debug][wasm] [external/envoy/source/extensions/common/wasm/context.cc:1538] wasm log response-cache response-cache response-cache: [response-cache] [nil] [872d5ef7-b970-4ac7-ab10-132719b91b0e] [onHttpResponseBody] key is nil, skip cache
envoy-1          | 2026-09-23T10:20:10.616053032Z [2026-09-23 10:20:10.615][29][debug][wasm] [external/envoy/source/extensions/common/wasm/context.cc:1538] wasm log response-cache response-cache response-cache: [response-cache] [nil] [7d0d9688-82d3-4c78-8412-e47b6633e4ae] [onHttpRequestHeaders] cache key from request header: x-http-cache-key, key: hit-r3-028
envoy-1          | 2026-09-23T10:20:10.616091064Z [2026-09-23 10:20:10.615][29][debug][wasm] [external/envoy/source/extensions/common/wasm/context.cc:1538] wasm log response-cache response-cache response-cache: [response-cache] [nil] [7d0d9688-82d3-4c78-8412-e47b6633e4ae] [response-cache] [CheckCacheForKey] querying cache with key: higress-audit:hit-r3-028
envoy-1          | 2026-09-23T10:20:10.616137964Z [2026-09-23 10:20:10.616][29][debug][wasm] [external/envoy/source/extensions/common/wasm/context.cc:1538] wasm log response-cache response-cache response-cache: redis call start, request-id: c7dd739f-cb19-46bd-af63-dbd9de78d57a, respQuery: KjINCiQzDQpnZXQNCiQyNA0KaGlncmVzcy1hdWRpdDpoaXQtcjMtMDI4DQo=
envoy-1          | 2026-09-23T10:20:10.632802775Z [2026-09-23 10:20:10.632][29][debug][wasm] [external/envoy/source/extensions/common/wasm/context.cc:1538] wasm log response-cache response-cache response-cache: redis call end, request-id: c7dd739f-cb19-46bd-af63-dbd9de78d57a, respQuery: KjINCiQzDQpnZXQNCiQyNA0KaGlncmVzcy1hdWRpdDpoaXQtcjMtMDI4DQo=, respValue: JDQxDQp7InNvdXJjZSI6ImNhY2hlIiwidmFsdWUiOiJmaXh0dXJlLW9ubHkifQ0K
envoy-1          | 2026-09-23T10:20:10.632851864Z [2026-09-23 10:20:10.632][29][info][wasm] [external/envoy/source/extensions/common/wasm/context.cc:1541] wasm log response-cache response-cache response-cache: [response-cache] [nil] [7d0d9688-82d3-4c78-8412-e47b6633e4ae] [response-cache] cache hit for key: hit-r3-028
envoy-1          | 2026-09-23T10:20:10.632867879Z [2026-09-23 10:20:10.632][29][debug][wasm] [external/envoy/source/extensions/common/wasm/context.cc:1538] wasm log response-cache response-cache response-cache: [response-cache] [nil] [7d0d9688-82d3-4c78-8412-e47b6633e4ae] [response-cache] [processCacheHit] cached response for key hit-r3-028: {"source":"cache","value":"fixture-only"}
envoy-1          | 2026-09-23T10:20:10.633123517Z [2026-09-23 10:20:10.633][29][debug][wasm] [external/envoy/source/extensions/common/wasm/context.cc:1538] wasm log response-cache response-cache response-cache: [response-cache] [nil] [7d0d9688-82d3-4c78-8412-e47b6633e4ae] SetResponseBodyBufferLimit: 10485760
envoy-1          | 2026-09-23T10:20:10.633220987Z [2026-09-23 10:20:10.633][29][debug][wasm] [external/envoy/source/extensions/common/wasm/context.cc:1538] wasm log response-cache response-cache response-cache: [response-cache] [nil] [7d0d9688-82d3-4c78-8412-e47b6633e4ae] [onHttpResponseBody] key is nil, skip cache
envoy-1          | 2026-09-23T10:20:10.762391361Z [2026-09-23 10:20:10.762][29][debug][wasm] [external/envoy/source/extensions/common/wasm/context.cc:1538] wasm log response-cache response-cache response-cache: [response-cache] [nil] [0386197c-3638-4f3a-ba7c-33601b5ff16a] [onHttpRequestHeaders] cache key from request header: x-http-cache-key, key: hit-r3-029
envoy-1          | 2026-09-23T10:20:10.762424077Z [2026-09-23 10:20:10.762][29][debug][wasm] [external/envoy/source/extensions/common/wasm/context.cc:1538] wasm log response-cache response-cache response-cache: [response-cache] [nil] [0386197c-3638-4f3a-ba7c-33601b5ff16a] [response-cache] [CheckCacheForKey] querying cache with key: higress-audit:hit-r3-029
envoy-1          | 2026-09-23T10:20:10.762476573Z [2026-09-23 10:20:10.762][29][debug][wasm] [external/envoy/source/extensions/common/wasm/context.cc:1538] wasm log response-cache response-cache response-cache: redis call start, request-id: 8ce2b072-4e27-4782-add2-936574ef3b0f, respQuery: KjINCiQzDQpnZXQNCiQyNA0KaGlncmVzcy1hdWRpdDpoaXQtcjMtMDI5DQo=
envoy-1          | 2026-09-23T10:20:10.780008303Z [2026-09-23 10:20:10.779][29][debug][wasm] [external/envoy/source/extensions/common/wasm/context.cc:1538] wasm log response-cache response-cache response-cache: redis call end, request-id: 8ce2b072-4e27-4782-add2-936574ef3b0f, respQuery: KjINCiQzDQpnZXQNCiQyNA0KaGlncmVzcy1hdWRpdDpoaXQtcjMtMDI5DQo=, respValue: JDQxDQp7InNvdXJjZSI6ImNhY2hlIiwidmFsdWUiOiJmaXh0dXJlLW9ubHkifQ0K
envoy-1          | 2026-09-23T10:20:10.780026224Z [2026-09-23 10:20:10.779][29][info][wasm] [external/envoy/source/extensions/common/wasm/context.cc:1541] wasm log response-cache response-cache response-cache: [response-cache] [nil] [0386197c-3638-4f3a-ba7c-33601b5ff16a] [response-cache] cache hit for key: hit-r3-029
envoy-1          | 2026-09-23T10:20:10.780099360Z [2026-09-23 10:20:10.780][29][debug][wasm] [external/envoy/source/extensions/common/wasm/context.cc:1538] wasm log response-cache response-cache response-cache: [response-cache] [nil] [0386197c-3638-4f3a-ba7c-33601b5ff16a] [response-cache] [processCacheHit] cached response for key hit-r3-029: {"source":"cache","value":"fixture-only"}
envoy-1          | 2026-09-23T10:20:10.780333733Z [2026-09-23 10:20:10.780][29][debug][wasm] [external/envoy/source/extensions/common/wasm/context.cc:1538] wasm log response-cache response-cache response-cache: [response-cache] [nil] [0386197c-3638-4f3a-ba7c-33601b5ff16a] SetResponseBodyBufferLimit: 10485760
envoy-1          | 2026-09-23T10:20:10.780433443Z [2026-09-23 10:20:10.780][29][debug][wasm] [external/envoy/source/extensions/common/wasm/context.cc:1538] wasm log response-cache response-cache response-cache: [response-cache] [nil] [0386197c-3638-4f3a-ba7c-33601b5ff16a] [onHttpResponseBody] key is nil, skip cache
envoy-1          | 2026-09-23T10:20:10.912123283Z [2026-09-23 10:20:10.911][29][debug][wasm] [external/envoy/source/extensions/common/wasm/context.cc:1538] wasm log response-cache response-cache response-cache: [response-cache] [nil] [5827bed9-79e3-4fdc-8540-a8e3b3de73e8] [onHttpRequestHeaders] cache key from request header: x-http-cache-key, key: hit-r3-030
envoy-1          | 2026-09-23T10:20:10.912156936Z [2026-09-23 10:20:10.911][29][debug][wasm] [external/envoy/source/extensions/common/wasm/context.cc:1538] wasm log response-cache response-cache response-cache: [response-cache] [nil] [5827bed9-79e3-4fdc-8540-a8e3b3de73e8] [response-cache] [CheckCacheForKey] querying cache with key: higress-audit:hit-r3-030
envoy-1          | 2026-09-23T10:20:10.912170204Z [2026-09-23 10:20:10.912][29][debug][wasm] [external/envoy/source/extensions/common/wasm/context.cc:1538] wasm log response-cache response-cache response-cache: redis call start, request-id: e7a144e7-f89b-4d3f-88d3-db9ce83f9fd9, respQuery: KjINCiQzDQpnZXQNCiQyNA0KaGlncmVzcy1hdWRpdDpoaXQtcjMtMDMwDQo=
envoy-1          | 2026-09-23T10:20:10.928224651Z [2026-09-23 10:20:10.928][29][debug][wasm] [external/envoy/source/extensions/common/wasm/context.cc:1538] wasm log response-cache response-cache response-cache: redis call end, request-id: e7a144e7-f89b-4d3f-88d3-db9ce83f9fd9, respQuery: KjINCiQzDQpnZXQNCiQyNA0KaGlncmVzcy1hdWRpdDpoaXQtcjMtMDMwDQo=, respValue: JDQxDQp7InNvdXJjZSI6ImNhY2hlIiwidmFsdWUiOiJmaXh0dXJlLW9ubHkifQ0K
envoy-1          | 2026-09-23T10:20:10.928266291Z [2026-09-23 10:20:10.928][29][info][wasm] [external/envoy/source/extensions/common/wasm/context.cc:1541] wasm log response-cache response-cache response-cache: [response-cache] [nil] [5827bed9-79e3-4fdc-8540-a8e3b3de73e8] [response-cache] cache hit for key: hit-r3-030
envoy-1          | 2026-09-23T10:20:10.928293328Z [2026-09-23 10:20:10.928][29][debug][wasm] [external/envoy/source/extensions/common/wasm/context.cc:1538] wasm log response-cache response-cache response-cache: [response-cache] [nil] [5827bed9-79e3-4fdc-8540-a8e3b3de73e8] [response-cache] [processCacheHit] cached response for key hit-r3-030: {"source":"cache","value":"fixture-only"}
envoy-1          | 2026-09-23T10:20:10.928591446Z [2026-09-23 10:20:10.928][29][debug][wasm] [external/envoy/source/extensions/common/wasm/context.cc:1538] wasm log response-cache response-cache response-cache: [response-cache] [nil] [5827bed9-79e3-4fdc-8540-a8e3b3de73e8] SetResponseBodyBufferLimit: 10485760
envoy-1          | 2026-09-23T10:20:10.928717343Z [2026-09-23 10:20:10.928][29][debug][wasm] [external/envoy/source/extensions/common/wasm/context.cc:1538] wasm log response-cache response-cache response-cache: [response-cache] [nil] [5827bed9-79e3-4fdc-8540-a8e3b3de73e8] [onHttpResponseBody] key is nil, skip cache
envoy-1          | 2026-09-23T10:20:11.059178146Z [2026-09-23 10:20:11.058][29][debug][wasm] [external/envoy/source/extensions/common/wasm/context.cc:1538] wasm log response-cache response-cache response-cache: [response-cache] [nil] [a6b14147-7f7a-4cdf-b095-0c4966d225b2] [onHttpRequestHeaders] cache key from request header: x-http-cache-key, key: hit-r3-031
envoy-1          | 2026-09-23T10:20:11.059211163Z [2026-09-23 10:20:11.058][29][debug][wasm] [external/envoy/source/extensions/common/wasm/context.cc:1538] wasm log response-cache response-cache response-cache: [response-cache] [nil] [a6b14147-7f7a-4cdf-b095-0c4966d225b2] [response-cache] [CheckCacheForKey] querying cache with key: higress-audit:hit-r3-031
envoy-1          | 2026-09-23T10:20:11.059242643Z [2026-09-23 10:20:11.059][29][debug][wasm] [external/envoy/source/extensions/common/wasm/context.cc:1538] wasm log response-cache response-cache response-cache: redis call start, request-id: d1121db3-7443-48fa-8887-e6a83772b2aa, respQuery: KjINCiQzDQpnZXQNCiQyNA0KaGlncmVzcy1hdWRpdDpoaXQtcjMtMDMxDQo=
envoy-1          | 2026-09-23T10:20:11.075471091Z [2026-09-23 10:20:11.075][29][debug][wasm] [external/envoy/source/extensions/common/wasm/context.cc:1538] wasm log response-cache response-cache response-cache: redis call end, request-id: d1121db3-7443-48fa-8887-e6a83772b2aa, respQuery: KjINCiQzDQpnZXQNCiQyNA0KaGlncmVzcy1hdWRpdDpoaXQtcjMtMDMxDQo=, respValue: JDQxDQp7InNvdXJjZSI6ImNhY2hlIiwidmFsdWUiOiJmaXh0dXJlLW9ubHkifQ0K
envoy-1          | 2026-09-23T10:20:11.075503848Z [2026-09-23 10:20:11.075][29][info][wasm] [external/envoy/source/extensions/common/wasm/context.cc:1541] wasm log response-cache response-cache response-cache: [response-cache] [nil] [a6b14147-7f7a-4cdf-b095-0c4966d225b2] [response-cache] cache hit for key: hit-r3-031
envoy-1          | 2026-09-23T10:20:11.075554644Z [2026-09-23 10:20:11.075][29][debug][wasm] [external/envoy/source/extensions/common/wasm/context.cc:1538] wasm log response-cache response-cache response-cache: [response-cache] [nil] [a6b14147-7f7a-4cdf-b095-0c4966d225b2] [response-cache] [processCacheHit] cached response for key hit-r3-031: {"source":"cache","value":"fixture-only"}
envoy-1          | 2026-09-23T10:20:11.075845606Z [2026-09-23 10:20:11.075][29][debug][wasm] [external/envoy/source/extensions/common/wasm/context.cc:1538] wasm log response-cache response-cache response-cache: [response-cache] [nil] [a6b14147-7f7a-4cdf-b095-0c4966d225b2] SetResponseBodyBufferLimit: 10485760
envoy-1          | 2026-09-23T10:20:11.075946511Z [2026-09-23 10:20:11.075][29][debug][wasm] [external/envoy/source/extensions/common/wasm/context.cc:1538] wasm log response-cache response-cache response-cache: [response-cache] [nil] [a6b14147-7f7a-4cdf-b095-0c4966d225b2] [onHttpResponseBody] key is nil, skip cache
redis-fixture-1  | 2026-09-23T10:20:10.899912487Z {"seq": 270, "time_ns": 3905677547716, "event": "prepared", "id": "hit-r3-030", "mode": "hit", "key": "higress-audit:hit-r3-030", "value": "{\"source\":\"cache\",\"value\":\"fixture-only\"}"}
redis-fixture-1  | 2026-09-23T10:20:10.913282580Z {"seq": 271, "time_ns": 3905690857917, "event": "upstream_seen", "id": "hit-r3-030", "headers": {"host": "127.0.0.1:19468", "user-agent": "curl/7.81.0", "accept": "*/*", "x-http-cache-key": "hit-r3-030", "x-verification-id": "hit-r3-030", "x-forwarded-proto": "http", "x-envoy-original-host": "127.0.0.1:19468", "x-request-id": "5827bed9-79e3-4fdc-8540-a8e3b3de73e8", "x-envoy-expected-rq-timeout-ms": "15000", "req-start-time": "1790158810911"}}
redis-fixture-1  | 2026-09-23T10:20:10.916220187Z {"seq": 272, "time_ns": 3905693756361, "event": "redis_command", "id": "hit-r3-030", "command": "GET", "args": ["higress-audit:hit-r3-030"]}
redis-fixture-1  | 2026-09-23T10:20:10.916253639Z {"seq": 273, "time_ns": 3905693831275, "event": "redis_get_seen", "id": "hit-r3-030"}
envoy-1          | 2026-09-23T10:20:11.205136593Z [2026-09-23 10:20:11.204][29][debug][wasm] [external/envoy/source/extensions/common/wasm/context.cc:1538] wasm log response-cache response-cache response-cache: [response-cache] [nil] [9c832cdd-8fd8-41a1-81e8-8070d5534ce1] [onHttpRequestHeaders] cache key from request header: x-http-cache-key, key: hit-r3-032
envoy-1          | 2026-09-23T10:20:11.205159441Z [2026-09-23 10:20:11.205][29][debug][wasm] [external/envoy/source/extensions/common/wasm/context.cc:1538] wasm log response-cache response-cache response-cache: [response-cache] [nil] [9c832cdd-8fd8-41a1-81e8-8070d5534ce1] [response-cache] [CheckCacheForKey] querying cache with key: higress-audit:hit-r3-032
envoy-1          | 2026-09-23T10:20:11.205244494Z [2026-09-23 10:20:11.205][29][debug][wasm] [external/envoy/source/extensions/common/wasm/context.cc:1538] wasm log response-cache response-cache response-cache: redis call start, request-id: ea1ce614-2c0b-430b-b735-75dba63106a3, respQuery: KjINCiQzDQpnZXQNCiQyNA0KaGlncmVzcy1hdWRpdDpoaXQtcjMtMDMyDQo=
envoy-1          | 2026-09-23T10:20:11.225255142Z [2026-09-23 10:20:11.225][29][debug][wasm] [external/envoy/source/extensions/common/wasm/context.cc:1538] wasm log response-cache response-cache response-cache: redis call end, request-id: ea1ce614-2c0b-430b-b735-75dba63106a3, respQuery: KjINCiQzDQpnZXQNCiQyNA0KaGlncmVzcy1hdWRpdDpoaXQtcjMtMDMyDQo=, respValue: JDQxDQp7InNvdXJjZSI6ImNhY2hlIiwidmFsdWUiOiJmaXh0dXJlLW9ubHkifQ0K
envoy-1          | 2026-09-23T10:20:11.225291062Z [2026-09-23 10:20:11.225][29][info][wasm] [external/envoy/source/extensions/common/wasm/context.cc:1541] wasm log response-cache response-cache response-cache: [response-cache] [nil] [9c832cdd-8fd8-41a1-81e8-8070d5534ce1] [response-cache] cache hit for key: hit-r3-032
envoy-1          | 2026-09-23T10:20:11.225379355Z [2026-09-23 10:20:11.225][29][debug][wasm] [external/envoy/source/extensions/common/wasm/context.cc:1538] wasm log response-cache response-cache response-cache: [response-cache] [nil] [9c832cdd-8fd8-41a1-81e8-8070d5534ce1] [response-cache] [processCacheHit] cached response for key hit-r3-032: {"source":"cache","value":"fixture-only"}
envoy-1          | 2026-09-23T10:20:11.225642554Z [2026-09-23 10:20:11.225][29][debug][wasm] [external/envoy/source/extensions/common/wasm/context.cc:1538] wasm log response-cache response-cache response-cache: [response-cache] [nil] [9c832cdd-8fd8-41a1-81e8-8070d5534ce1] SetResponseBodyBufferLimit: 10485760
envoy-1          | 2026-09-23T10:20:11.225772527Z [2026-09-23 10:20:11.225][29][debug][wasm] [external/envoy/source/extensions/common/wasm/context.cc:1538] wasm log response-cache response-cache response-cache: [response-cache] [nil] [9c832cdd-8fd8-41a1-81e8-8070d5534ce1] [onHttpResponseBody] key is nil, skip cache
envoy-1          | 2026-09-23T10:20:11.355388551Z [2026-09-23 10:20:11.355][29][debug][wasm] [external/envoy/source/extensions/common/wasm/context.cc:1538] wasm log response-cache response-cache response-cache: [response-cache] [nil] [f823f2b0-fb46-4f5d-bff4-4584c58d0abf] [onHttpRequestHeaders] cache key from request header: x-http-cache-key, key: hit-r3-033
redis-fixture-1  | 2026-09-23T10:20:10.927633702Z {"seq": 274, "time_ns": 3905705275099, "event": "redis_release_requested", "id": "hit-r3-030"}
redis-fixture-1  | 2026-09-23T10:20:10.927787124Z {"seq": 275, "time_ns": 3905705444331, "event": "redis_reply_released", "id": "hit-r3-030", "mode": "hit"}
redis-fixture-1  | 2026-09-23T10:20:10.932498699Z {"seq": 276, "time_ns": 3905710067835, "event": "client_complete", "id": "hit-r3-030", "status": "200", "curl_exit": 0, "body_sha256": "da87d065c0f96d585f02840dc10c88f7e8edac17ae77dbdae4b9e051a619338f"}
redis-fixture-1  | 2026-09-23T10:20:10.935205847Z {"seq": 277, "time_ns": 3905712835109, "event": "upstream_peer_closed", "id": "hit-r3-030"}
redis-fixture-1  | 2026-09-23T10:20:11.043043084Z {"seq": 278, "time_ns": 3905820619765, "event": "redis_release_requested", "id": "hit-r3-030"}
redis-fixture-1  | 2026-09-23T10:20:11.046788704Z {"seq": 279, "time_ns": 3905824433443, "event": "prepared", "id": "hit-r3-031", "mode": "hit", "key": "higress-audit:hit-r3-031", "value": "{\"source\":\"cache\",\"value\":\"fixture-only\"}"}
redis-fixture-1  | 2026-09-23T10:20:11.060362632Z {"seq": 280, "time_ns": 3905837918666, "event": "upstream_seen", "id": "hit-r3-031", "headers": {"host": "127.0.0.1:19468", "user-agent": "curl/7.81.0", "accept": "*/*", "x-http-cache-key": "hit-r3-031", "x-verification-id": "hit-r3-031", "x-forwarded-proto": "http", "x-envoy-original-host": "127.0.0.1:19468", "x-request-id": "a6b14147-7f7a-4cdf-b095-0c4966d225b2", "x-envoy-expected-rq-timeout-ms": "15000", "req-start-time": "1790158811058"}}
envoy-1          | 2026-09-23T10:20:11.355421416Z [2026-09-23 10:20:11.355][29][debug][wasm] [external/envoy/source/extensions/common/wasm/context.cc:1538] wasm log response-cache response-cache response-cache: [response-cache] [nil] [f823f2b0-fb46-4f5d-bff4-4584c58d0abf] [response-cache] [CheckCacheForKey] querying cache with key: higress-audit:hit-r3-033
envoy-1          | 2026-09-23T10:20:11.355453420Z [2026-09-23 10:20:11.355][29][debug][wasm] [external/envoy/source/extensions/common/wasm/context.cc:1538] wasm log response-cache response-cache response-cache: redis call start, request-id: 4af85ec4-8c7e-4a2c-9f2c-458798edefa6, respQuery: KjINCiQzDQpnZXQNCiQyNA0KaGlncmVzcy1hdWRpdDpoaXQtcjMtMDMzDQo=
envoy-1          | 2026-09-23T10:20:11.373492022Z [2026-09-23 10:20:11.373][29][debug][wasm] [external/envoy/source/extensions/common/wasm/context.cc:1538] wasm log response-cache response-cache response-cache: redis call end, request-id: 4af85ec4-8c7e-4a2c-9f2c-458798edefa6, respQuery: KjINCiQzDQpnZXQNCiQyNA0KaGlncmVzcy1hdWRpdDpoaXQtcjMtMDMzDQo=, respValue: JDQxDQp7InNvdXJjZSI6ImNhY2hlIiwidmFsdWUiOiJmaXh0dXJlLW9ubHkifQ0K
envoy-1          | 2026-09-23T10:20:11.373510390Z [2026-09-23 10:20:11.373][29][info][wasm] [external/envoy/source/extensions/common/wasm/context.cc:1541] wasm log response-cache response-cache response-cache: [response-cache] [nil] [f823f2b0-fb46-4f5d-bff4-4584c58d0abf] [response-cache] cache hit for key: hit-r3-033
envoy-1          | 2026-09-23T10:20:11.373593107Z [2026-09-23 10:20:11.373][29][debug][wasm] [external/envoy/source/extensions/common/wasm/context.cc:1538] wasm log response-cache response-cache response-cache: [response-cache] [nil] [f823f2b0-fb46-4f5d-bff4-4584c58d0abf] [response-cache] [processCacheHit] cached response for key hit-r3-033: {"source":"cache","value":"fixture-only"}
redis-fixture-1  | 2026-09-23T10:20:11.063234485Z {"seq": 281, "time_ns": 3905840782421, "event": "redis_command", "id": "hit-r3-031", "command": "GET", "args": ["higress-audit:hit-r3-031"]}
redis-fixture-1  | 2026-09-23T10:20:11.063268078Z {"seq": 282, "time_ns": 3905840857261, "event": "redis_get_seen", "id": "hit-r3-031"}
redis-fixture-1  | 2026-09-23T10:20:11.074891495Z {"seq": 283, "time_ns": 3905852524734, "event": "redis_release_requested", "id": "hit-r3-031"}
redis-fixture-1  | 2026-09-23T10:20:11.074992792Z {"seq": 284, "time_ns": 3905852699023, "event": "redis_reply_released", "id": "hit-r3-031", "mode": "hit"}
redis-fixture-1  | 2026-09-23T10:20:11.079216011Z {"seq": 285, "time_ns": 3905856784317, "event": "client_complete", "id": "hit-r3-031", "status": "200", "curl_exit": 0, "body_sha256": "da87d065c0f96d585f02840dc10c88f7e8edac17ae77dbdae4b9e051a619338f"}
redis-fixture-1  | 2026-09-23T10:20:11.081376800Z {"seq": 286, "time_ns": 3905858967688, "event": "upstream_peer_closed", "id": "hit-r3-031"}
redis-fixture-1  | 2026-09-23T10:20:11.190087494Z {"seq": 287, "time_ns": 3905967721433, "event": "redis_release_requested", "id": "hit-r3-031"}
redis-fixture-1  | 2026-09-23T10:20:11.194175586Z {"seq": 288, "time_ns": 3905971806252, "event": "prepared", "id": "hit-r3-032", "mode": "hit", "key": "higress-audit:hit-r3-032", "value": "{\"source\":\"cache\",\"value\":\"fixture-only\"}"}
redis-fixture-1  | 2026-09-23T10:20:11.206414191Z {"seq": 289, "time_ns": 3905984123510, "event": "upstream_seen", "id": "hit-r3-032", "headers": {"host": "127.0.0.1:19468", "user-agent": "curl/7.81.0", "accept": "*/*", "x-http-cache-key": "hit-r3-032", "x-verification-id": "hit-r3-032", "x-forwarded-proto": "http", "x-envoy-original-host": "127.0.0.1:19468", "x-request-id": "9c832cdd-8fd8-41a1-81e8-8070d5534ce1", "x-envoy-expected-rq-timeout-ms": "15000", "req-start-time": "1790158811204"}}
redis-fixture-1  | 2026-09-23T10:20:11.209311012Z {"seq": 290, "time_ns": 3905986876931, "event": "redis_command", "id": "hit-r3-032", "command": "GET", "args": ["higress-audit:hit-r3-032"]}
redis-fixture-1  | 2026-09-23T10:20:11.209361589Z {"seq": 291, "time_ns": 3905986951268, "event": "redis_get_seen", "id": "hit-r3-032"}
redis-fixture-1  | 2026-09-23T10:20:11.224746930Z {"seq": 292, "time_ns": 3906002384757, "event": "redis_release_requested", "id": "hit-r3-032"}
redis-fixture-1  | 2026-09-23T10:20:11.224840824Z {"seq": 293, "time_ns": 3906002520952, "event": "redis_reply_released", "id": "hit-r3-032", "mode": "hit"}
redis-fixture-1  | 2026-09-23T10:20:11.229274893Z {"seq": 294, "time_ns": 3906006911696, "event": "client_complete", "id": "hit-r3-032", "status": "200", "curl_exit": 0, "body_sha256": "da87d065c0f96d585f02840dc10c88f7e8edac17ae77dbdae4b9e051a619338f"}
redis-fixture-1  | 2026-09-23T10:20:11.231932033Z {"seq": 295, "time_ns": 3906009518264, "event": "upstream_peer_closed", "id": "hit-r3-032"}
redis-fixture-1  | 2026-09-23T10:20:11.340022694Z {"seq": 296, "time_ns": 3906117595526, "event": "redis_release_requested", "id": "hit-r3-032"}
redis-fixture-1  | 2026-09-23T10:20:11.344342131Z {"seq": 297, "time_ns": 3906121984061, "event": "prepared", "id": "hit-r3-033", "mode": "hit", "key": "higress-audit:hit-r3-033", "value": "{\"source\":\"cache\",\"value\":\"fixture-only\"}"}
redis-fixture-1  | 2026-09-23T10:20:11.356617178Z {"seq": 298, "time_ns": 3906134197214, "event": "upstream_seen", "id": "hit-r3-033", "headers": {"host": "127.0.0.1:19468", "user-agent": "curl/7.81.0", "accept": "*/*", "x-http-cache-key": "hit-r3-033", "x-verification-id": "hit-r3-033", "x-forwarded-proto": "http", "x-envoy-original-host": "127.0.0.1:19468", "x-request-id": "f823f2b0-fb46-4f5d-bff4-4584c58d0abf", "x-envoy-expected-rq-timeout-ms": "15000", "req-start-time": "1790158811354"}}
redis-fixture-1  | 2026-09-23T10:20:11.359521536Z {"seq": 299, "time_ns": 3906137085195, "event": "redis_command", "id": "hit-r3-033", "command": "GET", "args": ["higress-audit:hit-r3-033"]}
redis-fixture-1  | 2026-09-23T10:20:11.359555492Z {"seq": 300, "time_ns": 3906137160595, "event": "redis_get_seen", "id": "hit-r3-033"}
redis-fixture-1  | 2026-09-23T10:20:11.372894241Z {"seq": 301, "time_ns": 3906150483308, "event": "redis_release_requested", "id": "hit-r3-033"}
redis-fixture-1  | 2026-09-23T10:20:11.372962010Z {"seq": 302, "time_ns": 3906150659355, "event": "redis_reply_released", "id": "hit-r3-033", "mode": "hit"}
redis-fixture-1  | 2026-09-23T10:20:11.377384048Z {"seq": 303, "time_ns": 3906154973673, "event": "client_complete", "id": "hit-r3-033", "status": "200", "curl_exit": 0, "body_sha256": "da87d065c0f96d585f02840dc10c88f7e8edac17ae77dbdae4b9e051a619338f"}
redis-fixture-1  | 2026-09-23T10:20:11.379629313Z {"seq": 304, "time_ns": 3906157204385, "event": "upstream_peer_closed", "id": "hit-r3-033"}
redis-fixture-1  | 2026-09-23T10:20:11.487937696Z {"seq": 305, "time_ns": 3906265585173, "event": "redis_release_requested", "id": "hit-r3-033"}
redis-fixture-1  | 2026-09-23T10:20:11.492484758Z {"seq": 306, "time_ns": 3906270140901, "event": "prepared", "id": "hit-r3-034", "mode": "hit", "key": "higress-audit:hit-r3-034", "value": "{\"source\":\"cache\",\"value\":\"fixture-only\"}"}
redis-fixture-1  | 2026-09-23T10:20:11.505799984Z {"seq": 307, "time_ns": 3906283342064, "event": "upstream_seen", "id": "hit-r3-034", "headers": {"host": "127.0.0.1:19468", "user-agent": "curl/7.81.0", "accept": "*/*", "x-http-cache-key": "hit-r3-034", "x-verification-id": "hit-r3-034", "x-forwarded-proto": "http", "x-envoy-original-host": "127.0.0.1:19468", "x-request-id": "4b4702e6-4976-43cc-b610-7ca621be7b4e", "x-envoy-expected-rq-timeout-ms": "15000", "req-start-time": "1790158811503"}}
redis-fixture-1  | 2026-09-23T10:20:11.508212551Z {"seq": 308, "time_ns": 3906285871027, "event": "redis_command", "id": "hit-r3-034", "command": "GET", "args": ["higress-audit:hit-r3-034"]}
redis-fixture-1  | 2026-09-23T10:20:11.508231067Z {"seq": 309, "time_ns": 3906285948752, "event": "redis_get_seen", "id": "hit-r3-034"}
redis-fixture-1  | 2026-09-23T10:20:11.519755063Z {"seq": 310, "time_ns": 3906297429278, "event": "redis_release_requested", "id": "hit-r3-034"}
redis-fixture-1  | 2026-09-23T10:20:11.519855982Z {"seq": 311, "time_ns": 3906297601272, "event": "redis_reply_released", "id": "hit-r3-034", "mode": "hit"}
redis-fixture-1  | 2026-09-23T10:20:11.523643436Z {"seq": 312, "time_ns": 3906301221301, "event": "client_complete", "id": "hit-r3-034", "status": "200", "curl_exit": 0, "body_sha256": "da87d065c0f96d585f02840dc10c88f7e8edac17ae77dbdae4b9e051a619338f"}
redis-fixture-1  | 2026-09-23T10:20:11.525853126Z {"seq": 313, "time_ns": 3906303448402, "event": "upstream_peer_closed", "id": "hit-r3-034"}
redis-fixture-1  | 2026-09-23T10:20:11.635373073Z {"seq": 314, "time_ns": 3906412996230, "event": "redis_release_requested", "id": "hit-r3-034"}
redis-fixture-1  | 2026-09-23T10:20:11.640099889Z {"seq": 315, "time_ns": 3906417655541, "event": "prepared", "id": "hit-r3-035", "mode": "hit", "key": "higress-audit:hit-r3-035", "value": "{\"source\":\"cache\",\"value\":\"fixture-only\"}"}
redis-fixture-1  | 2026-09-23T10:20:11.654015256Z {"seq": 316, "time_ns": 3906431586589, "event": "upstream_seen", "id": "hit-r3-035", "headers": {"host": "127.0.0.1:19468", "user-agent": "curl/7.81.0", "accept": "*/*", "x-http-cache-key": "hit-r3-035", "x-verification-id": "hit-r3-035", "x-forwarded-proto": "http", "x-envoy-original-host": "127.0.0.1:19468", "x-request-id": "af7ae84b-66d5-493c-82c0-c662de5edd92", "x-envoy-expected-rq-timeout-ms": "15000", "req-start-time": "1790158811651"}}
envoy-1          | 2026-09-23T10:20:11.373832357Z [2026-09-23 10:20:11.373][29][debug][wasm] [external/envoy/source/extensions/common/wasm/context.cc:1538] wasm log response-cache response-cache response-cache: [response-cache] [nil] [f823f2b0-fb46-4f5d-bff4-4584c58d0abf] SetResponseBodyBufferLimit: 10485760
envoy-1          | 2026-09-23T10:20:11.373961086Z [2026-09-23 10:20:11.373][29][debug][wasm] [external/envoy/source/extensions/common/wasm/context.cc:1538] wasm log response-cache response-cache response-cache: [response-cache] [nil] [f823f2b0-fb46-4f5d-bff4-4584c58d0abf] [onHttpResponseBody] key is nil, skip cache
envoy-1          | 2026-09-23T10:20:11.504253117Z [2026-09-23 10:20:11.504][29][debug][wasm] [external/envoy/source/extensions/common/wasm/context.cc:1538] wasm log response-cache response-cache response-cache: [response-cache] [nil] [4b4702e6-4976-43cc-b610-7ca621be7b4e] [onHttpRequestHeaders] cache key from request header: x-http-cache-key, key: hit-r3-034
envoy-1          | 2026-09-23T10:20:11.504277422Z [2026-09-23 10:20:11.504][29][debug][wasm] [external/envoy/source/extensions/common/wasm/context.cc:1538] wasm log response-cache response-cache response-cache: [response-cache] [nil] [4b4702e6-4976-43cc-b610-7ca621be7b4e] [response-cache] [CheckCacheForKey] querying cache with key: higress-audit:hit-r3-034
envoy-1          | 2026-09-23T10:20:11.504376562Z [2026-09-23 10:20:11.504][29][debug][wasm] [external/envoy/source/extensions/common/wasm/context.cc:1538] wasm log response-cache response-cache response-cache: redis call start, request-id: 50565819-4591-4102-be7d-aa08fd311841, respQuery: KjINCiQzDQpnZXQNCiQyNA0KaGlncmVzcy1hdWRpdDpoaXQtcjMtMDM0DQo=
envoy-1          | 2026-09-23T10:20:11.520208587Z [2026-09-23 10:20:11.520][29][debug][wasm] [external/envoy/source/extensions/common/wasm/context.cc:1538] wasm log response-cache response-cache response-cache: redis call end, request-id: 50565819-4591-4102-be7d-aa08fd311841, respQuery: KjINCiQzDQpnZXQNCiQyNA0KaGlncmVzcy1hdWRpdDpoaXQtcjMtMDM0DQo=, respValue: JDQxDQp7InNvdXJjZSI6ImNhY2hlIiwidmFsdWUiOiJmaXh0dXJlLW9ubHkifQ0K
envoy-1          | 2026-09-23T10:20:11.520241426Z [2026-09-23 10:20:11.520][29][info][wasm] [external/envoy/source/extensions/common/wasm/context.cc:1541] wasm log response-cache response-cache response-cache: [response-cache] [nil] [4b4702e6-4976-43cc-b610-7ca621be7b4e] [response-cache] cache hit for key: hit-r3-034
envoy-1          | 2026-09-23T10:20:11.520254787Z [2026-09-23 10:20:11.520][29][debug][wasm] [external/envoy/source/extensions/common/wasm/context.cc:1538] wasm log response-cache response-cache response-cache: [response-cache] [nil] [4b4702e6-4976-43cc-b610-7ca621be7b4e] [response-cache] [processCacheHit] cached response for key hit-r3-034: {"source":"cache","value":"fixture-only"}
envoy-1          | 2026-09-23T10:20:11.520418516Z [2026-09-23 10:20:11.520][29][debug][wasm] [external/envoy/source/extensions/common/wasm/context.cc:1538] wasm log response-cache response-cache response-cache: [response-cache] [nil] [4b4702e6-4976-43cc-b610-7ca621be7b4e] SetResponseBodyBufferLimit: 10485760
envoy-1          | 2026-09-23T10:20:11.520464628Z [2026-09-23 10:20:11.520][29][debug][wasm] [external/envoy/source/extensions/common/wasm/context.cc:1538] wasm log response-cache response-cache response-cache: [response-cache] [nil] [4b4702e6-4976-43cc-b610-7ca621be7b4e] [onHttpResponseBody] key is nil, skip cache
envoy-1          | 2026-09-23T10:20:11.652335280Z [2026-09-23 10:20:11.652][29][debug][wasm] [external/envoy/source/extensions/common/wasm/context.cc:1538] wasm log response-cache response-cache response-cache: [response-cache] [nil] [af7ae84b-66d5-493c-82c0-c662de5edd92] [onHttpRequestHeaders] cache key from request header: x-http-cache-key, key: hit-r3-035
envoy-1          | 2026-09-23T10:20:11.652371288Z [2026-09-23 10:20:11.652][29][debug][wasm] [external/envoy/source/extensions/common/wasm/context.cc:1538] wasm log response-cache response-cache response-cache: [response-cache] [nil] [af7ae84b-66d5-493c-82c0-c662de5edd92] [response-cache] [CheckCacheForKey] querying cache with key: higress-audit:hit-r3-035
envoy-1          | 2026-09-23T10:20:11.652479617Z [2026-09-23 10:20:11.652][29][debug][wasm] [external/envoy/source/extensions/common/wasm/context.cc:1538] wasm log response-cache response-cache response-cache: redis call start, request-id: 34fae8a6-69a1-4426-89ab-5547bb99f489, respQuery: KjINCiQzDQpnZXQNCiQyNA0KaGlncmVzcy1hdWRpdDpoaXQtcjMtMDM1DQo=
envoy-1          | 2026-09-23T10:20:11.668327209Z [2026-09-23 10:20:11.668][29][debug][wasm] [external/envoy/source/extensions/common/wasm/context.cc:1538] wasm log response-cache response-cache response-cache: redis call end, request-id: 34fae8a6-69a1-4426-89ab-5547bb99f489, respQuery: KjINCiQzDQpnZXQNCiQyNA0KaGlncmVzcy1hdWRpdDpoaXQtcjMtMDM1DQo=, respValue: JDQxDQp7InNvdXJjZSI6ImNhY2hlIiwidmFsdWUiOiJmaXh0dXJlLW9ubHkifQ0K
redis-fixture-1  | 2026-09-23T10:20:11.656599295Z {"seq": 317, "time_ns": 3906434194887, "event": "redis_command", "id": "hit-r3-035", "command": "GET", "args": ["higress-audit:hit-r3-035"]}
redis-fixture-1  | 2026-09-23T10:20:11.656641828Z {"seq": 318, "time_ns": 3906434270144, "event": "redis_get_seen", "id": "hit-r3-035"}
redis-fixture-1  | 2026-09-23T10:20:11.667660217Z {"seq": 319, "time_ns": 3906445306095, "event": "redis_release_requested", "id": "hit-r3-035"}
redis-fixture-1  | 2026-09-23T10:20:11.667804966Z {"seq": 320, "time_ns": 3906445495945, "event": "redis_reply_released", "id": "hit-r3-035", "mode": "hit"}
redis-fixture-1  | 2026-09-23T10:20:11.672212547Z {"seq": 321, "time_ns": 3906449784943, "event": "client_complete", "id": "hit-r3-035", "status": "200", "curl_exit": 0, "body_sha256": "da87d065c0f96d585f02840dc10c88f7e8edac17ae77dbdae4b9e051a619338f"}
redis-fixture-1  | 2026-09-23T10:20:11.674463956Z {"seq": 322, "time_ns": 3906452114829, "event": "upstream_peer_closed", "id": "hit-r3-035"}
redis-fixture-1  | 2026-09-23T10:20:11.783083265Z {"seq": 323, "time_ns": 3906560698646, "event": "redis_release_requested", "id": "hit-r3-035"}
envoy-1          | 2026-09-23T10:20:11.668362314Z [2026-09-23 10:20:11.668][29][info][wasm] [external/envoy/source/extensions/common/wasm/context.cc:1541] wasm log response-cache response-cache response-cache: [response-cache] [nil] [af7ae84b-66d5-493c-82c0-c662de5edd92] [response-cache] cache hit for key: hit-r3-035
envoy-1          | 2026-09-23T10:20:11.668382521Z [2026-09-23 10:20:11.668][29][debug][wasm] [external/envoy/source/extensions/common/wasm/context.cc:1538] wasm log response-cache response-cache response-cache: [response-cache] [nil] [af7ae84b-66d5-493c-82c0-c662de5edd92] [response-cache] [processCacheHit] cached response for key hit-r3-035: {"source":"cache","value":"fixture-only"}
envoy-1          | 2026-09-23T10:20:11.668673216Z [2026-09-23 10:20:11.668][29][debug][wasm] [external/envoy/source/extensions/common/wasm/context.cc:1538] wasm log response-cache response-cache response-cache: [response-cache] [nil] [af7ae84b-66d5-493c-82c0-c662de5edd92] SetResponseBodyBufferLimit: 10485760
envoy-1          | 2026-09-23T10:20:11.668789953Z [2026-09-23 10:20:11.668][29][debug][wasm] [external/envoy/source/extensions/common/wasm/context.cc:1538] wasm log response-cache response-cache response-cache: [response-cache] [nil] [af7ae84b-66d5-493c-82c0-c662de5edd92] [onHttpResponseBody] key is nil, skip cache
envoy-1          | 2026-09-23T10:20:11.679944994Z RID=hit-r2-018 CODE=200 DETAIL=via_wasm::response-cache::response-cache.hit FLAGS=- UPSTREAM=172.30.0.2:8080
envoy-1          | 2026-09-23T10:20:11.679985758Z RID=hit-r2-019 CODE=200 DETAIL=via_wasm::response-cache::response-cache.hit FLAGS=- UPSTREAM=172.30.0.2:8080
envoy-1          | 2026-09-23T10:20:11.679998215Z RID=hit-r2-020 CODE=200 DETAIL=via_wasm::response-cache::response-cache.hit FLAGS=- UPSTREAM=172.30.0.2:8080
envoy-1          | 2026-09-23T10:20:11.680009235Z RID=hit-r2-021 CODE=200 DETAIL=via_wasm::response-cache::response-cache.hit FLAGS=- UPSTREAM=172.30.0.2:8080
envoy-1          | 2026-09-23T10:20:11.680020347Z RID=hit-r2-022 CODE=200 DETAIL=via_wasm::response-cache::response-cache.hit FLAGS=- UPSTREAM=172.30.0.2:8080
redis-fixture-1  | 2026-09-23T10:20:11.787456998Z {"seq": 324, "time_ns": 3906565071118, "event": "prepared", "id": "hit-r3-036", "mode": "hit", "key": "higress-audit:hit-r3-036", "value": "{\"source\":\"cache\",\"value\":\"fixture-only\"}"}
redis-fixture-1  | 2026-09-23T10:20:11.801032935Z {"seq": 325, "time_ns": 3906578581174, "event": "upstream_seen", "id": "hit-r3-036", "headers": {"host": "127.0.0.1:19468", "user-agent": "curl/7.81.0", "accept": "*/*", "x-http-cache-key": "hit-r3-036", "x-verification-id": "hit-r3-036", "x-forwarded-proto": "http", "x-envoy-original-host": "127.0.0.1:19468", "x-request-id": "9ef18ff3-8639-4105-8f59-c9d5001957cd", "x-envoy-expected-rq-timeout-ms": "15000", "req-start-time": "1790158811798"}}
redis-fixture-1  | 2026-09-23T10:20:11.803513654Z {"seq": 326, "time_ns": 3906581126409, "event": "redis_command", "id": "hit-r3-036", "command": "GET", "args": ["higress-audit:hit-r3-036"]}
redis-fixture-1  | 2026-09-23T10:20:11.803547229Z {"seq": 327, "time_ns": 3906581201614, "event": "redis_get_seen", "id": "hit-r3-036"}
redis-fixture-1  | 2026-09-23T10:20:11.815153010Z {"seq": 328, "time_ns": 3906592784843, "event": "redis_release_requested", "id": "hit-r3-036"}
redis-fixture-1  | 2026-09-23T10:20:11.815260319Z {"seq": 329, "time_ns": 3906592964800, "event": "redis_reply_released", "id": "hit-r3-036", "mode": "hit"}
redis-fixture-1  | 2026-09-23T10:20:11.819557411Z {"seq": 330, "time_ns": 3906597197889, "event": "client_complete", "id": "hit-r3-036", "status": "200", "curl_exit": 0, "body_sha256": "da87d065c0f96d585f02840dc10c88f7e8edac17ae77dbdae4b9e051a619338f"}
redis-fixture-1  | 2026-09-23T10:20:11.821665936Z {"seq": 331, "time_ns": 3906599296008, "event": "upstream_peer_closed", "id": "hit-r3-036"}
redis-fixture-1  | 2026-09-23T10:20:11.930551425Z {"seq": 332, "time_ns": 3906708214443, "event": "redis_release_requested", "id": "hit-r3-036"}
redis-fixture-1  | 2026-09-23T10:20:11.934611348Z {"seq": 333, "time_ns": 3906712276306, "event": "prepared", "id": "hit-r3-037", "mode": "hit", "key": "higress-audit:hit-r3-037", "value": "{\"source\":\"cache\",\"value\":\"fixture-only\"}"}
redis-fixture-1  | 2026-09-23T10:20:11.948298451Z {"seq": 334, "time_ns": 3906725864585, "event": "upstream_seen", "id": "hit-r3-037", "headers": {"host": "127.0.0.1:19468", "user-agent": "curl/7.81.0", "accept": "*/*", "x-http-cache-key": "hit-r3-037", "x-verification-id": "hit-r3-037", "x-forwarded-proto": "http", "x-envoy-original-host": "127.0.0.1:19468", "x-request-id": "4756e38a-c0fe-4868-b009-cc475ebec93f", "x-envoy-expected-rq-timeout-ms": "15000", "req-start-time": "1790158811946"}}
redis-fixture-1  | 2026-09-23T10:20:11.951067800Z {"seq": 335, "time_ns": 3906728672196, "event": "redis_command", "id": "hit-r3-037", "command": "GET", "args": ["higress-audit:hit-r3-037"]}
redis-fixture-1  | 2026-09-23T10:20:11.951100492Z {"seq": 336, "time_ns": 3906728710719, "event": "redis_get_seen", "id": "hit-r3-037"}
redis-fixture-1  | 2026-09-23T10:20:11.962718880Z {"seq": 337, "time_ns": 3906740358339, "event": "redis_release_requested", "id": "hit-r3-037"}
redis-fixture-1  | 2026-09-23T10:20:11.962769285Z {"seq": 338, "time_ns": 3906740501920, "event": "redis_reply_released", "id": "hit-r3-037", "mode": "hit"}
redis-fixture-1  | 2026-09-23T10:20:11.967125255Z {"seq": 339, "time_ns": 3906744712521, "event": "client_complete", "id": "hit-r3-037", "status": "200", "curl_exit": 0, "body_sha256": "da87d065c0f96d585f02840dc10c88f7e8edac17ae77dbdae4b9e051a619338f"}
envoy-1          | 2026-09-23T10:20:11.680030839Z RID=hit-r2-023 CODE=200 DETAIL=via_wasm::response-cache::response-cache.hit FLAGS=- UPSTREAM=172.30.0.2:8080
envoy-1          | 2026-09-23T10:20:11.680040923Z RID=hit-r2-024 CODE=200 DETAIL=via_wasm::response-cache::response-cache.hit FLAGS=- UPSTREAM=172.30.0.2:8080
envoy-1          | 2026-09-23T10:20:11.680050731Z RID=hit-r2-025 CODE=200 DETAIL=via_wasm::response-cache::response-cache.hit FLAGS=- UPSTREAM=172.30.0.2:8080
envoy-1          | 2026-09-23T10:20:11.680060367Z RID=hit-r2-026 CODE=200 DETAIL=via_wasm::response-cache::response-cache.hit FLAGS=- UPSTREAM=172.30.0.2:8080
envoy-1          | 2026-09-23T10:20:11.680070067Z RID=hit-r2-027 CODE=200 DETAIL=via_wasm::response-cache::response-cache.hit FLAGS=- UPSTREAM=172.30.0.2:8080
envoy-1          | 2026-09-23T10:20:11.680079808Z RID=hit-r2-028 CODE=200 DETAIL=via_wasm::response-cache::response-cache.hit FLAGS=- UPSTREAM=172.30.0.2:8080
envoy-1          | 2026-09-23T10:20:11.680106948Z RID=hit-r2-029 CODE=200 DETAIL=via_wasm::response-cache::response-cache.hit FLAGS=- UPSTREAM=172.30.0.2:8080
envoy-1          | 2026-09-23T10:20:11.680117036Z RID=hit-r2-030 CODE=200 DETAIL=via_wasm::response-cache::response-cache.hit FLAGS=- UPSTREAM=172.30.0.2:8080
envoy-1          | 2026-09-23T10:20:11.680127000Z RID=hit-r2-031 CODE=200 DETAIL=via_wasm::response-cache::response-cache.hit FLAGS=- UPSTREAM=172.30.0.2:8080
envoy-1          | 2026-09-23T10:20:11.680136752Z RID=hit-r2-032 CODE=200 DETAIL=via_wasm::response-cache::response-cache.hit FLAGS=- UPSTREAM=172.30.0.2:8080
envoy-1          | 2026-09-23T10:20:11.680146384Z RID=hit-r2-033 CODE=200 DETAIL=via_wasm::response-cache::response-cache.hit FLAGS=- UPSTREAM=172.30.0.2:8080
envoy-1          | 2026-09-23T10:20:11.680155875Z RID=hit-r2-034 CODE=200 DETAIL=via_wasm::response-cache::response-cache.hit FLAGS=- UPSTREAM=172.30.0.2:8080
envoy-1          | 2026-09-23T10:20:11.680165424Z RID=hit-r2-035 CODE=200 DETAIL=via_wasm::response-cache::response-cache.hit FLAGS=- UPSTREAM=172.30.0.2:8080
envoy-1          | 2026-09-23T10:20:11.680177012Z RID=hit-r2-036 CODE=200 DETAIL=via_wasm::response-cache::response-cache.hit FLAGS=- UPSTREAM=172.30.0.2:8080
envoy-1          | 2026-09-23T10:20:11.680186872Z RID=hit-r2-037 CODE=200 DETAIL=via_wasm::response-cache::response-cache.hit FLAGS=- UPSTREAM=172.30.0.2:8080
envoy-1          | 2026-09-23T10:20:11.680196380Z RID=hit-r2-038 CODE=200 DETAIL=via_wasm::response-cache::response-cache.hit FLAGS=- UPSTREAM=172.30.0.2:8080
envoy-1          | 2026-09-23T10:20:11.680206420Z RID=hit-r2-039 CODE=200 DETAIL=via_wasm::response-cache::response-cache.hit FLAGS=- UPSTREAM=172.30.0.2:8080
envoy-1          | 2026-09-23T10:20:11.680216072Z RID=hit-r2-040 CODE=200 DETAIL=via_wasm::response-cache::response-cache.hit FLAGS=- UPSTREAM=172.30.0.2:8080
envoy-1          | 2026-09-23T10:20:11.680225593Z RID=hit-r2-041 CODE=200 DETAIL=via_wasm::response-cache::response-cache.hit FLAGS=- UPSTREAM=172.30.0.2:8080
envoy-1          | 2026-09-23T10:20:11.680235305Z RID=hit-r2-042 CODE=200 DETAIL=via_wasm::response-cache::response-cache.hit FLAGS=- UPSTREAM=172.30.0.2:8080
redis-fixture-1  | 2026-09-23T10:20:11.969341803Z {"seq": 340, "time_ns": 3906746959839, "event": "upstream_peer_closed", "id": "hit-r3-037"}
redis-fixture-1  | 2026-09-23T10:20:12.077619478Z {"seq": 341, "time_ns": 3906855198692, "event": "redis_release_requested", "id": "hit-r3-037"}
redis-fixture-1  | 2026-09-23T10:20:12.081913255Z {"seq": 342, "time_ns": 3906859528206, "event": "prepared", "id": "hit-r3-038", "mode": "hit", "key": "higress-audit:hit-r3-038", "value": "{\"source\":\"cache\",\"value\":\"fixture-only\"}"}
redis-fixture-1  | 2026-09-23T10:20:12.095114875Z {"seq": 343, "time_ns": 3906872705438, "event": "redis_command", "id": "hit-r3-038", "command": "GET", "args": ["higress-audit:hit-r3-038"]}
redis-fixture-1  | 2026-09-23T10:20:12.095498451Z {"seq": 344, "time_ns": 3906873181633, "event": "upstream_seen", "id": "hit-r3-038", "headers": {"host": "127.0.0.1:19468", "user-agent": "curl/7.81.0", "accept": "*/*", "x-http-cache-key": "hit-r3-038", "x-verification-id": "hit-r3-038", "x-forwarded-proto": "http", "x-envoy-original-host": "127.0.0.1:19468", "x-request-id": "060638fc-5294-4e5f-a706-ace85eda091d", "x-envoy-expected-rq-timeout-ms": "15000", "req-start-time": "1790158812093"}}
redis-fixture-1  | 2026-09-23T10:20:12.095535375Z {"seq": 345, "time_ns": 3906873232311, "event": "redis_get_seen", "id": "hit-r3-038"}
redis-fixture-1  | 2026-09-23T10:20:12.112901463Z {"seq": 346, "time_ns": 3906890473928, "event": "redis_release_requested", "id": "hit-r3-038"}
redis-fixture-1  | 2026-09-23T10:20:12.113045153Z {"seq": 347, "time_ns": 3906890732065, "event": "redis_reply_released", "id": "hit-r3-038", "mode": "hit"}
redis-fixture-1  | 2026-09-23T10:20:12.117762781Z {"seq": 348, "time_ns": 3906895333651, "event": "client_complete", "id": "hit-r3-038", "status": "200", "curl_exit": 0, "body_sha256": "da87d065c0f96d585f02840dc10c88f7e8edac17ae77dbdae4b9e051a619338f"}
envoy-1          | 2026-09-23T10:20:11.680244796Z RID=hit-r2-043 CODE=200 DETAIL=via_wasm::response-cache::response-cache.hit FLAGS=- UPSTREAM=172.30.0.2:8080
envoy-1          | 2026-09-23T10:20:11.680254361Z RID=hit-r2-044 CODE=200 DETAIL=via_wasm::response-cache::response-cache.hit FLAGS=- UPSTREAM=172.30.0.2:8080
redis-fixture-1  | 2026-09-23T10:20:12.120006201Z {"seq": 349, "time_ns": 3906897635595, "event": "upstream_peer_closed", "id": "hit-r3-038"}
redis-fixture-1  | 2026-09-23T10:20:12.228592679Z {"seq": 350, "time_ns": 3907006141901, "event": "redis_release_requested", "id": "hit-r3-038"}
redis-fixture-1  | 2026-09-23T10:20:12.233053117Z {"seq": 351, "time_ns": 3907010677834, "event": "prepared", "id": "hit-r3-039", "mode": "hit", "key": "higress-audit:hit-r3-039", "value": "{\"source\":\"cache\",\"value\":\"fixture-only\"}"}
redis-fixture-1  | 2026-09-23T10:20:12.245950735Z {"seq": 352, "time_ns": 3907023498987, "event": "upstream_seen", "id": "hit-r3-039", "headers": {"host": "127.0.0.1:19468", "user-agent": "curl/7.81.0", "accept": "*/*", "x-http-cache-key": "hit-r3-039", "x-verification-id": "hit-r3-039", "x-forwarded-proto": "http", "x-envoy-original-host": "127.0.0.1:19468", "x-request-id": "9e7acb98-4aae-4efc-b05e-85a8bef7d957", "x-envoy-expected-rq-timeout-ms": "15000", "req-start-time": "1790158812243"}}
redis-fixture-1  | 2026-09-23T10:20:12.248479703Z {"seq": 353, "time_ns": 3907026083663, "event": "redis_command", "id": "hit-r3-039", "command": "GET", "args": ["higress-audit:hit-r3-039"]}
redis-fixture-1  | 2026-09-23T10:20:12.248513127Z {"seq": 354, "time_ns": 3907026158963, "event": "redis_get_seen", "id": "hit-r3-039"}
redis-fixture-1  | 2026-09-23T10:20:12.263375569Z {"seq": 355, "time_ns": 3907040950978, "event": "redis_release_requested", "id": "hit-r3-039"}
redis-fixture-1  | 2026-09-23T10:20:12.263433409Z {"seq": 356, "time_ns": 3907041143661, "event": "redis_reply_released", "id": "hit-r3-039", "mode": "hit"}
redis-fixture-1  | 2026-09-23T10:20:12.268273835Z {"seq": 357, "time_ns": 3907045844710, "event": "client_complete", "id": "hit-r3-039", "status": "200", "curl_exit": 0, "body_sha256": "da87d065c0f96d585f02840dc10c88f7e8edac17ae77dbdae4b9e051a619338f"}
redis-fixture-1  | 2026-09-23T10:20:12.271087528Z {"seq": 358, "time_ns": 3907048652975, "event": "upstream_peer_closed", "id": "hit-r3-039"}
envoy-1          | 2026-09-23T10:20:11.680264025Z RID=hit-r2-045 CODE=200 DETAIL=via_wasm::response-cache::response-cache.hit FLAGS=- UPSTREAM=172.30.0.2:8080
envoy-1          | 2026-09-23T10:20:11.680273524Z RID=hit-r2-046 CODE=200 DETAIL=via_wasm::response-cache::response-cache.hit FLAGS=- UPSTREAM=172.30.0.2:8080
envoy-1          | 2026-09-23T10:20:11.680283336Z RID=hit-r2-047 CODE=200 DETAIL=via_wasm::response-cache::response-cache.hit FLAGS=- UPSTREAM=172.30.0.2:8080
envoy-1          | 2026-09-23T10:20:11.680292856Z RID=hit-r2-048 CODE=200 DETAIL=via_wasm::response-cache::response-cache.hit FLAGS=- UPSTREAM=172.30.0.2:8080
envoy-1          | 2026-09-23T10:20:11.680306025Z RID=hit-r2-049 CODE=200 DETAIL=via_wasm::response-cache::response-cache.hit FLAGS=- UPSTREAM=172.30.0.2:8080
envoy-1          | 2026-09-23T10:20:11.680315589Z RID=hit-r3-000 CODE=200 DETAIL=via_wasm::response-cache::response-cache.hit FLAGS=- UPSTREAM=172.30.0.2:8080
envoy-1          | 2026-09-23T10:20:11.680333785Z RID=hit-r3-001 CODE=200 DETAIL=via_wasm::response-cache::response-cache.hit FLAGS=- UPSTREAM=172.30.0.2:8080
envoy-1          | 2026-09-23T10:20:11.680343637Z RID=hit-r3-002 CODE=200 DETAIL=via_wasm::response-cache::response-cache.hit FLAGS=- UPSTREAM=172.30.0.2:8080
envoy-1          | 2026-09-23T10:20:11.680353558Z RID=hit-r3-003 CODE=200 DETAIL=via_wasm::response-cache::response-cache.hit FLAGS=- UPSTREAM=172.30.0.2:8080
envoy-1          | 2026-09-23T10:20:11.680362946Z RID=hit-r3-004 CODE=200 DETAIL=via_wasm::response-cache::response-cache.hit FLAGS=- UPSTREAM=172.30.0.2:8080
envoy-1          | 2026-09-23T10:20:11.680373278Z RID=hit-r3-005 CODE=200 DETAIL=via_wasm::response-cache::response-cache.hit FLAGS=- UPSTREAM=172.30.0.2:8080
envoy-1          | 2026-09-23T10:20:11.680382782Z RID=hit-r3-006 CODE=200 DETAIL=via_wasm::response-cache::response-cache.hit FLAGS=- UPSTREAM=172.30.0.2:8080
envoy-1          | 2026-09-23T10:20:11.680392318Z RID=hit-r3-007 CODE=200 DETAIL=via_wasm::response-cache::response-cache.hit FLAGS=- UPSTREAM=172.30.0.2:8080
envoy-1          | 2026-09-23T10:20:11.680401818Z RID=hit-r3-008 CODE=200 DETAIL=via_wasm::response-cache::response-cache.hit FLAGS=- UPSTREAM=172.30.0.2:8080
envoy-1          | 2026-09-23T10:20:11.680411246Z RID=hit-r3-009 CODE=200 DETAIL=via_wasm::response-cache::response-cache.hit FLAGS=- UPSTREAM=172.30.0.2:8080
envoy-1          | 2026-09-23T10:20:11.680420805Z RID=hit-r3-010 CODE=200 DETAIL=via_wasm::response-cache::response-cache.hit FLAGS=- UPSTREAM=172.30.0.2:8080
envoy-1          | 2026-09-23T10:20:11.680430306Z RID=hit-r3-011 CODE=200 DETAIL=via_wasm::response-cache::response-cache.hit FLAGS=- UPSTREAM=172.30.0.2:8080
redis-fixture-1  | 2026-09-23T10:20:12.379822758Z {"seq": 359, "time_ns": 3907157380341, "event": "redis_release_requested", "id": "hit-r3-039"}
redis-fixture-1  | 2026-09-23T10:20:12.384086566Z {"seq": 360, "time_ns": 3907161646819, "event": "prepared", "id": "hit-r3-040", "mode": "hit", "key": "higress-audit:hit-r3-040", "value": "{\"source\":\"cache\",\"value\":\"fixture-only\"}"}
redis-fixture-1  | 2026-09-23T10:20:12.397820187Z {"seq": 361, "time_ns": 3907175368694, "event": "upstream_seen", "id": "hit-r3-040", "headers": {"host": "127.0.0.1:19468", "user-agent": "curl/7.81.0", "accept": "*/*", "x-http-cache-key": "hit-r3-040", "x-verification-id": "hit-r3-040", "x-forwarded-proto": "http", "x-envoy-original-host": "127.0.0.1:19468", "x-request-id": "47026ce4-d623-4bb9-9ea8-0a326c51ca3b", "x-envoy-expected-rq-timeout-ms": "15000", "req-start-time": "1790158812395"}}
redis-fixture-1  | 2026-09-23T10:20:12.400444932Z {"seq": 362, "time_ns": 3907178001203, "event": "redis_command", "id": "hit-r3-040", "command": "GET", "args": ["higress-audit:hit-r3-040"]}
redis-fixture-1  | 2026-09-23T10:20:12.400478407Z {"seq": 363, "time_ns": 3907178075795, "event": "redis_get_seen", "id": "hit-r3-040"}
redis-fixture-1  | 2026-09-23T10:20:12.413137868Z {"seq": 364, "time_ns": 3907190778579, "event": "redis_release_requested", "id": "hit-r3-040"}
redis-fixture-1  | 2026-09-23T10:20:12.413185552Z {"seq": 365, "time_ns": 3907190881592, "event": "redis_reply_released", "id": "hit-r3-040", "mode": "hit"}
redis-fixture-1  | 2026-09-23T10:20:12.423185385Z {"seq": 366, "time_ns": 3907200772081, "event": "client_complete", "id": "hit-r3-040", "status": "200", "curl_exit": 0, "body_sha256": "da87d065c0f96d585f02840dc10c88f7e8edac17ae77dbdae4b9e051a619338f"}
redis-fixture-1  | 2026-09-23T10:20:12.425528459Z {"seq": 367, "time_ns": 3907203154546, "event": "upstream_peer_closed", "id": "hit-r3-040"}
redis-fixture-1  | 2026-09-23T10:20:12.533951691Z {"seq": 368, "time_ns": 3907311541875, "event": "redis_release_requested", "id": "hit-r3-040"}
redis-fixture-1  | 2026-09-23T10:20:12.538536562Z {"seq": 369, "time_ns": 3907316160005, "event": "prepared", "id": "hit-r3-041", "mode": "hit", "key": "higress-audit:hit-r3-041", "value": "{\"source\":\"cache\",\"value\":\"fixture-only\"}"}
redis-fixture-1  | 2026-09-23T10:20:12.550929160Z {"seq": 370, "time_ns": 3907328598920, "event": "redis_command", "id": "hit-r3-041", "command": "GET", "args": ["higress-audit:hit-r3-041"]}
redis-fixture-1  | 2026-09-23T10:20:12.551134874Z {"seq": 371, "time_ns": 3907328865406, "event": "redis_get_seen", "id": "hit-r3-041"}
redis-fixture-1  | 2026-09-23T10:20:12.551641045Z {"seq": 372, "time_ns": 3907329347973, "event": "upstream_seen", "id": "hit-r3-041", "headers": {"host": "127.0.0.1:19468", "user-agent": "curl/7.81.0", "accept": "*/*", "x-http-cache-key": "hit-r3-041", "x-verification-id": "hit-r3-041", "x-forwarded-proto": "http", "x-envoy-original-host": "127.0.0.1:19468", "x-request-id": "ff1a878a-8ede-4da1-beb0-8efa17bf709c", "x-envoy-expected-rq-timeout-ms": "15000", "req-start-time": "1790158812549"}}
redis-fixture-1  | 2026-09-23T10:20:12.567768700Z {"seq": 373, "time_ns": 3907345340795, "event": "redis_release_requested", "id": "hit-r3-041"}
redis-fixture-1  | 2026-09-23T10:20:12.567902473Z {"seq": 374, "time_ns": 3907345516706, "event": "redis_reply_released", "id": "hit-r3-041", "mode": "hit"}
redis-fixture-1  | 2026-09-23T10:20:12.571611514Z {"seq": 375, "time_ns": 3907349200285, "event": "client_complete", "id": "hit-r3-041", "status": "200", "curl_exit": 0, "body_sha256": "da87d065c0f96d585f02840dc10c88f7e8edac17ae77dbdae4b9e051a619338f"}
redis-fixture-1  | 2026-09-23T10:20:12.574014061Z {"seq": 376, "time_ns": 3907351612348, "event": "upstream_peer_closed", "id": "hit-r3-041"}
redis-fixture-1  | 2026-09-23T10:20:12.683605377Z {"seq": 377, "time_ns": 3907461177797, "event": "redis_release_requested", "id": "hit-r3-041"}
redis-fixture-1  | 2026-09-23T10:20:12.687806462Z {"seq": 378, "time_ns": 3907465363481, "event": "prepared", "id": "hit-r3-042", "mode": "hit", "key": "higress-audit:hit-r3-042", "value": "{\"source\":\"cache\",\"value\":\"fixture-only\"}"}
redis-fixture-1  | 2026-09-23T10:20:12.701438109Z {"seq": 379, "time_ns": 3907478987369, "event": "upstream_seen", "id": "hit-r3-042", "headers": {"host": "127.0.0.1:19468", "user-agent": "curl/7.81.0", "accept": "*/*", "x-http-cache-key": "hit-r3-042", "x-verification-id": "hit-r3-042", "x-forwarded-proto": "http", "x-envoy-original-host": "127.0.0.1:19468", "x-request-id": "c15fc8db-cec4-4c9d-8fc9-e9199b48dff0", "x-envoy-expected-rq-timeout-ms": "15000", "req-start-time": "1790158812699"}}
redis-fixture-1  | 2026-09-23T10:20:12.703906537Z {"seq": 380, "time_ns": 3907481512459, "event": "redis_command", "id": "hit-r3-042", "command": "GET", "args": ["higress-audit:hit-r3-042"]}
redis-fixture-1  | 2026-09-23T10:20:12.703940137Z {"seq": 381, "time_ns": 3907481588328, "event": "redis_get_seen", "id": "hit-r3-042"}
redis-fixture-1  | 2026-09-23T10:20:12.728435288Z {"seq": 382, "time_ns": 3907506008089, "event": "redis_release_requested", "id": "hit-r3-042"}
redis-fixture-1  | 2026-09-23T10:20:12.728494560Z {"seq": 383, "time_ns": 3907506200752, "event": "redis_reply_released", "id": "hit-r3-042", "mode": "hit"}
redis-fixture-1  | 2026-09-23T10:20:12.733037358Z {"seq": 384, "time_ns": 3907510612125, "event": "client_complete", "id": "hit-r3-042", "status": "200", "curl_exit": 0, "body_sha256": "da87d065c0f96d585f02840dc10c88f7e8edac17ae77dbdae4b9e051a619338f"}
redis-fixture-1  | 2026-09-23T10:20:12.735139266Z {"seq": 385, "time_ns": 3907512849827, "event": "upstream_peer_closed", "id": "hit-r3-042"}
redis-fixture-1  | 2026-09-23T10:20:12.844419793Z {"seq": 386, "time_ns": 3907621994444, "event": "redis_release_requested", "id": "hit-r3-042"}
redis-fixture-1  | 2026-09-23T10:20:12.848658301Z {"seq": 387, "time_ns": 3907626249859, "event": "prepared", "id": "hit-r3-043", "mode": "hit", "key": "higress-audit:hit-r3-043", "value": "{\"source\":\"cache\",\"value\":\"fixture-only\"}"}
redis-fixture-1  | 2026-09-23T10:20:12.862705601Z {"seq": 388, "time_ns": 3907640262767, "event": "upstream_seen", "id": "hit-r3-043", "headers": {"host": "127.0.0.1:19468", "user-agent": "curl/7.81.0", "accept": "*/*", "x-http-cache-key": "hit-r3-043", "x-verification-id": "hit-r3-043", "x-forwarded-proto": "http", "x-envoy-original-host": "127.0.0.1:19468", "x-request-id": "576093cd-2e50-4ed7-ab19-1ea487154109", "x-envoy-expected-rq-timeout-ms": "15000", "req-start-time": "1790158812860"}}
redis-fixture-1  | 2026-09-23T10:20:12.865254100Z {"seq": 389, "time_ns": 3907642841524, "event": "redis_command", "id": "hit-r3-043", "command": "GET", "args": ["higress-audit:hit-r3-043"]}
envoy-1          | 2026-09-23T10:20:11.680439766Z RID=hit-r3-012 CODE=200 DETAIL=via_wasm::response-cache::response-cache.hit FLAGS=- UPSTREAM=172.30.0.2:8080
envoy-1          | 2026-09-23T10:20:11.680449622Z RID=hit-r3-013 CODE=200 DETAIL=via_wasm::response-cache::response-cache.hit FLAGS=- UPSTREAM=172.30.0.2:8080
envoy-1          | 2026-09-23T10:20:11.680459126Z RID=hit-r3-014 CODE=200 DETAIL=via_wasm::response-cache::response-cache.hit FLAGS=- UPSTREAM=172.30.0.2:8080
envoy-1          | 2026-09-23T10:20:11.680468631Z RID=hit-r3-015 CODE=200 DETAIL=via_wasm::response-cache::response-cache.hit FLAGS=- UPSTREAM=172.30.0.2:8080
envoy-1          | 2026-09-23T10:20:11.680478107Z RID=hit-r3-016 CODE=200 DETAIL=via_wasm::response-cache::response-cache.hit FLAGS=- UPSTREAM=172.30.0.2:8080
envoy-1          | 2026-09-23T10:20:11.680487558Z RID=hit-r3-017 CODE=200 DETAIL=via_wasm::response-cache::response-cache.hit FLAGS=- UPSTREAM=172.30.0.2:8080
envoy-1          | 2026-09-23T10:20:11.680497018Z RID=hit-r3-018 CODE=200 DETAIL=via_wasm::response-cache::response-cache.hit FLAGS=- UPSTREAM=172.30.0.2:8080
envoy-1          | 2026-09-23T10:20:11.680506638Z RID=hit-r3-019 CODE=200 DETAIL=via_wasm::response-cache::response-cache.hit FLAGS=- UPSTREAM=172.30.0.2:8080
redis-fixture-1  | 2026-09-23T10:20:12.865285240Z {"seq": 390, "time_ns": 3907642878597, "event": "redis_get_seen", "id": "hit-r3-043"}
redis-fixture-1  | 2026-09-23T10:20:12.880046317Z {"seq": 391, "time_ns": 3907657579033, "event": "redis_release_requested", "id": "hit-r3-043"}
redis-fixture-1  | 2026-09-23T10:20:12.880078349Z {"seq": 392, "time_ns": 3907657717922, "event": "redis_reply_released", "id": "hit-r3-043", "mode": "hit"}
redis-fixture-1  | 2026-09-23T10:20:12.885017915Z {"seq": 393, "time_ns": 3907662596011, "event": "client_complete", "id": "hit-r3-043", "status": "200", "curl_exit": 0, "body_sha256": "da87d065c0f96d585f02840dc10c88f7e8edac17ae77dbdae4b9e051a619338f"}
redis-fixture-1  | 2026-09-23T10:20:12.887091039Z {"seq": 394, "time_ns": 3907664660130, "event": "upstream_peer_closed", "id": "hit-r3-043"}
redis-fixture-1  | 2026-09-23T10:20:12.996376118Z {"seq": 395, "time_ns": 3907773948181, "event": "redis_release_requested", "id": "hit-r3-043"}
redis-fixture-1  | 2026-09-23T10:20:13.001030073Z {"seq": 396, "time_ns": 3907778586583, "event": "prepared", "id": "hit-r3-044", "mode": "hit", "key": "higress-audit:hit-r3-044", "value": "{\"source\":\"cache\",\"value\":\"fixture-only\"}"}
redis-fixture-1  | 2026-09-23T10:20:13.014327451Z {"seq": 397, "time_ns": 3907791966878, "event": "upstream_seen", "id": "hit-r3-044", "headers": {"host": "127.0.0.1:19468", "user-agent": "curl/7.81.0", "accept": "*/*", "x-http-cache-key": "hit-r3-044", "x-verification-id": "hit-r3-044", "x-forwarded-proto": "http", "x-envoy-original-host": "127.0.0.1:19468", "x-request-id": "baa27dc8-21ff-45ab-ad3b-cfe27ed2e999", "x-envoy-expected-rq-timeout-ms": "15000", "req-start-time": "1790158813012"}}
redis-fixture-1  | 2026-09-23T10:20:13.016859381Z {"seq": 398, "time_ns": 3907794467711, "event": "redis_command", "id": "hit-r3-044", "command": "GET", "args": ["higress-audit:hit-r3-044"]}
redis-fixture-1  | 2026-09-23T10:20:13.016890150Z {"seq": 399, "time_ns": 3907794504914, "event": "redis_get_seen", "id": "hit-r3-044"}
redis-fixture-1  | 2026-09-23T10:20:13.030642470Z {"seq": 400, "time_ns": 3907808304894, "event": "redis_release_requested", "id": "hit-r3-044"}
redis-fixture-1  | 2026-09-23T10:20:13.030721275Z {"seq": 401, "time_ns": 3907808440388, "event": "redis_reply_released", "id": "hit-r3-044", "mode": "hit"}
redis-fixture-1  | 2026-09-23T10:20:13.034856095Z {"seq": 402, "time_ns": 3907812512058, "event": "client_complete", "id": "hit-r3-044", "status": "200", "curl_exit": 0, "body_sha256": "da87d065c0f96d585f02840dc10c88f7e8edac17ae77dbdae4b9e051a619338f"}
redis-fixture-1  | 2026-09-23T10:20:13.037320217Z {"seq": 403, "time_ns": 3907814913075, "event": "upstream_peer_closed", "id": "hit-r3-044"}
redis-fixture-1  | 2026-09-23T10:20:13.148212748Z {"seq": 404, "time_ns": 3907925761295, "event": "redis_release_requested", "id": "hit-r3-044"}
redis-fixture-1  | 2026-09-23T10:20:13.152650810Z {"seq": 405, "time_ns": 3907930227965, "event": "prepared", "id": "hit-r3-045", "mode": "hit", "key": "higress-audit:hit-r3-045", "value": "{\"source\":\"cache\",\"value\":\"fixture-only\"}"}
redis-fixture-1  | 2026-09-23T10:20:13.167118437Z {"seq": 406, "time_ns": 3907944699992, "event": "redis_command", "id": "hit-r3-045", "command": "GET", "args": ["higress-audit:hit-r3-045"]}
redis-fixture-1  | 2026-09-23T10:20:13.167203614Z {"seq": 407, "time_ns": 3907944920405, "event": "redis_get_seen", "id": "hit-r3-045"}
redis-fixture-1  | 2026-09-23T10:20:13.167776842Z {"seq": 408, "time_ns": 3907945433062, "event": "upstream_seen", "id": "hit-r3-045", "headers": {"host": "127.0.0.1:19468", "user-agent": "curl/7.81.0", "accept": "*/*", "x-http-cache-key": "hit-r3-045", "x-verification-id": "hit-r3-045", "x-forwarded-proto": "http", "x-envoy-original-host": "127.0.0.1:19468", "x-request-id": "b8b18cfd-0660-4900-869d-43bb0c4d709e", "x-envoy-expected-rq-timeout-ms": "15000", "req-start-time": "1790158813165"}}
redis-fixture-1  | 2026-09-23T10:20:13.184092591Z {"seq": 409, "time_ns": 3907961670233, "event": "redis_release_requested", "id": "hit-r3-045"}
redis-fixture-1  | 2026-09-23T10:20:13.184179136Z {"seq": 410, "time_ns": 3907961883099, "event": "redis_reply_released", "id": "hit-r3-045", "mode": "hit"}
redis-fixture-1  | 2026-09-23T10:20:13.188454127Z {"seq": 411, "time_ns": 3907966066775, "event": "client_complete", "id": "hit-r3-045", "status": "200", "curl_exit": 0, "body_sha256": "da87d065c0f96d585f02840dc10c88f7e8edac17ae77dbdae4b9e051a619338f"}
redis-fixture-1  | 2026-09-23T10:20:13.190935559Z {"seq": 412, "time_ns": 3907968500125, "event": "upstream_peer_closed", "id": "hit-r3-045"}
redis-fixture-1  | 2026-09-23T10:20:13.300538607Z {"seq": 413, "time_ns": 3908078111560, "event": "redis_release_requested", "id": "hit-r3-045"}
envoy-1          | 2026-09-23T10:20:11.680516515Z RID=hit-r3-020 CODE=200 DETAIL=via_wasm::response-cache::response-cache.hit FLAGS=- UPSTREAM=172.30.0.2:8080
redis-fixture-1  | 2026-09-23T10:20:13.305157047Z {"seq": 414, "time_ns": 3908082733639, "event": "prepared", "id": "hit-r3-046", "mode": "hit", "key": "higress-audit:hit-r3-046", "value": "{\"source\":\"cache\",\"value\":\"fixture-only\"}"}
redis-fixture-1  | 2026-09-23T10:20:13.319259759Z {"seq": 415, "time_ns": 3908096923496, "event": "redis_command", "id": "hit-r3-046", "command": "GET", "args": ["higress-audit:hit-r3-046"]}
redis-fixture-1  | 2026-09-23T10:20:13.319278398Z {"seq": 416, "time_ns": 3908096961397, "event": "redis_get_seen", "id": "hit-r3-046"}
envoy-1          | 2026-09-23T10:20:11.680526326Z RID=hit-r3-021 CODE=200 DETAIL=via_wasm::response-cache::response-cache.hit FLAGS=- UPSTREAM=172.30.0.2:8080
envoy-1          | 2026-09-23T10:20:11.680535730Z RID=hit-r3-022 CODE=200 DETAIL=via_wasm::response-cache::response-cache.hit FLAGS=- UPSTREAM=172.30.0.2:8080
envoy-1          | 2026-09-23T10:20:11.680545367Z RID=hit-r3-023 CODE=200 DETAIL=via_wasm::response-cache::response-cache.hit FLAGS=- UPSTREAM=172.30.0.2:8080
envoy-1          | 2026-09-23T10:20:11.680563635Z RID=hit-r3-024 CODE=200 DETAIL=via_wasm::response-cache::response-cache.hit FLAGS=- UPSTREAM=172.30.0.2:8080
envoy-1          | 2026-09-23T10:20:11.680573335Z RID=hit-r3-025 CODE=200 DETAIL=via_wasm::response-cache::response-cache.hit FLAGS=- UPSTREAM=172.30.0.2:8080
envoy-1          | 2026-09-23T10:20:11.680582879Z RID=hit-r3-026 CODE=200 DETAIL=via_wasm::response-cache::response-cache.hit FLAGS=- UPSTREAM=172.30.0.2:8080
envoy-1          | 2026-09-23T10:20:11.680592503Z RID=hit-r3-027 CODE=200 DETAIL=via_wasm::response-cache::response-cache.hit FLAGS=- UPSTREAM=172.30.0.2:8080
envoy-1          | 2026-09-23T10:20:11.680602115Z RID=hit-r3-028 CODE=200 DETAIL=via_wasm::response-cache::response-cache.hit FLAGS=- UPSTREAM=172.30.0.2:8080
envoy-1          | 2026-09-23T10:20:11.680611911Z RID=hit-r3-029 CODE=200 DETAIL=via_wasm::response-cache::response-cache.hit FLAGS=- UPSTREAM=172.30.0.2:8080
envoy-1          | 2026-09-23T10:20:11.680621551Z RID=hit-r3-030 CODE=200 DETAIL=via_wasm::response-cache::response-cache.hit FLAGS=- UPSTREAM=172.30.0.2:8080
envoy-1          | 2026-09-23T10:20:11.680631052Z RID=hit-r3-031 CODE=200 DETAIL=via_wasm::response-cache::response-cache.hit FLAGS=- UPSTREAM=172.30.0.2:8080
envoy-1          | 2026-09-23T10:20:11.680640567Z RID=hit-r3-032 CODE=200 DETAIL=via_wasm::response-cache::response-cache.hit FLAGS=- UPSTREAM=172.30.0.2:8080
envoy-1          | 2026-09-23T10:20:11.680650055Z RID=hit-r3-033 CODE=200 DETAIL=via_wasm::response-cache::response-cache.hit FLAGS=- UPSTREAM=172.30.0.2:8080
envoy-1          | 2026-09-23T10:20:11.680659483Z RID=hit-r3-034 CODE=200 DETAIL=via_wasm::response-cache::response-cache.hit FLAGS=- UPSTREAM=172.30.0.2:8080
envoy-1          | 2026-09-23T10:20:11.680669247Z RID=hit-r3-035 CODE=200 DETAIL=via_wasm::response-cache::response-cache.hit FLAGS=- UPSTREAM=172.30.0.2:8080
redis-fixture-1  | 2026-09-23T10:20:13.319862683Z {"seq": 417, "time_ns": 3908097570604, "event": "upstream_seen", "id": "hit-r3-046", "headers": {"host": "127.0.0.1:19468", "user-agent": "curl/7.81.0", "accept": "*/*", "x-http-cache-key": "hit-r3-046", "x-verification-id": "hit-r3-046", "x-forwarded-proto": "http", "x-envoy-original-host": "127.0.0.1:19468", "x-request-id": "e1900180-9fd4-45a1-8c37-8162b175a89a", "x-envoy-expected-rq-timeout-ms": "15000", "req-start-time": "1790158813317"}}
redis-fixture-1  | 2026-09-23T10:20:13.338318369Z {"seq": 418, "time_ns": 3908115879153, "event": "redis_release_requested", "id": "hit-r3-046"}
redis-fixture-1  | 2026-09-23T10:20:13.338350913Z {"seq": 419, "time_ns": 3908115992066, "event": "redis_reply_released", "id": "hit-r3-046", "mode": "hit"}
redis-fixture-1  | 2026-09-23T10:20:13.342216354Z {"seq": 420, "time_ns": 3908119762930, "event": "client_complete", "id": "hit-r3-046", "status": "200", "curl_exit": 0, "body_sha256": "da87d065c0f96d585f02840dc10c88f7e8edac17ae77dbdae4b9e051a619338f"}
redis-fixture-1  | 2026-09-23T10:20:13.344518684Z {"seq": 421, "time_ns": 3908122085845, "event": "upstream_peer_closed", "id": "hit-r3-046"}
redis-fixture-1  | 2026-09-23T10:20:13.453551076Z {"seq": 422, "time_ns": 3908231131939, "event": "redis_release_requested", "id": "hit-r3-046"}
redis-fixture-1  | 2026-09-23T10:20:13.457781910Z {"seq": 423, "time_ns": 3908235381026, "event": "prepared", "id": "hit-r3-047", "mode": "hit", "key": "higress-audit:hit-r3-047", "value": "{\"source\":\"cache\",\"value\":\"fixture-only\"}"}
redis-fixture-1  | 2026-09-23T10:20:13.471882440Z {"seq": 424, "time_ns": 3908249467592, "event": "upstream_seen", "id": "hit-r3-047", "headers": {"host": "127.0.0.1:19468", "user-agent": "curl/7.81.0", "accept": "*/*", "x-http-cache-key": "hit-r3-047", "x-verification-id": "hit-r3-047", "x-forwarded-proto": "http", "x-envoy-original-host": "127.0.0.1:19468", "x-request-id": "bcc072b8-cc43-4046-9f6b-d95395176532", "x-envoy-expected-rq-timeout-ms": "15000", "req-start-time": "1790158813469"}}
redis-fixture-1  | 2026-09-23T10:20:13.471939809Z {"seq": 425, "time_ns": 3908249629420, "event": "redis_command", "id": "hit-r3-047", "command": "GET", "args": ["higress-audit:hit-r3-047"]}
redis-fixture-1  | 2026-09-23T10:20:13.471981545Z {"seq": 426, "time_ns": 3908249743481, "event": "redis_get_seen", "id": "hit-r3-047"}
redis-fixture-1  | 2026-09-23T10:20:13.489006043Z {"seq": 427, "time_ns": 3908266585177, "event": "redis_release_requested", "id": "hit-r3-047"}
redis-fixture-1  | 2026-09-23T10:20:13.489055423Z {"seq": 428, "time_ns": 3908266757455, "event": "redis_reply_released", "id": "hit-r3-047", "mode": "hit"}
redis-fixture-1  | 2026-09-23T10:20:13.493302503Z {"seq": 429, "time_ns": 3908270885636, "event": "client_complete", "id": "hit-r3-047", "status": "200", "curl_exit": 0, "body_sha256": "da87d065c0f96d585f02840dc10c88f7e8edac17ae77dbdae4b9e051a619338f"}
redis-fixture-1  | 2026-09-23T10:20:13.495646230Z {"seq": 430, "time_ns": 3908273222942, "event": "upstream_peer_closed", "id": "hit-r3-047"}
redis-fixture-1  | 2026-09-23T10:20:13.604606121Z {"seq": 431, "time_ns": 3908382191250, "event": "redis_release_requested", "id": "hit-r3-047"}
redis-fixture-1  | 2026-09-23T10:20:13.609098424Z {"seq": 432, "time_ns": 3908386731623, "event": "prepared", "id": "hit-r3-048", "mode": "hit", "key": "higress-audit:hit-r3-048", "value": "{\"source\":\"cache\",\"value\":\"fixture-only\"}"}
redis-fixture-1  | 2026-09-23T10:20:13.622109455Z {"seq": 433, "time_ns": 3908399694775, "event": "upstream_seen", "id": "hit-r3-048", "headers": {"host": "127.0.0.1:19468", "user-agent": "curl/7.81.0", "accept": "*/*", "x-http-cache-key": "hit-r3-048", "x-verification-id": "hit-r3-048", "x-forwarded-proto": "http", "x-envoy-original-host": "127.0.0.1:19468", "x-request-id": "36e3ac9a-44d0-4aac-a3da-a345aee01eb8", "x-envoy-expected-rq-timeout-ms": "15000", "req-start-time": "1790158813620"}}
redis-fixture-1  | 2026-09-23T10:20:13.624704995Z {"seq": 434, "time_ns": 3908402251721, "event": "redis_command", "id": "hit-r3-048", "command": "GET", "args": ["higress-audit:hit-r3-048"]}
redis-fixture-1  | 2026-09-23T10:20:13.624738519Z {"seq": 435, "time_ns": 3908402326822, "event": "redis_get_seen", "id": "hit-r3-048"}
redis-fixture-1  | 2026-09-23T10:20:13.639210918Z {"seq": 436, "time_ns": 3908416764305, "event": "redis_release_requested", "id": "hit-r3-048"}
redis-fixture-1  | 2026-09-23T10:20:13.639259518Z {"seq": 437, "time_ns": 3908416935630, "event": "redis_reply_released", "id": "hit-r3-048", "mode": "hit"}
redis-fixture-1  | 2026-09-23T10:20:13.643511743Z {"seq": 438, "time_ns": 3908421096469, "event": "client_complete", "id": "hit-r3-048", "status": "200", "curl_exit": 0, "body_sha256": "da87d065c0f96d585f02840dc10c88f7e8edac17ae77dbdae4b9e051a619338f"}
redis-fixture-1  | 2026-09-23T10:20:13.646106147Z {"seq": 439, "time_ns": 3908423682716, "event": "upstream_peer_closed", "id": "hit-r3-048"}
redis-fixture-1  | 2026-09-23T10:20:13.755673664Z {"seq": 440, "time_ns": 3908533234882, "event": "redis_release_requested", "id": "hit-r3-048"}
redis-fixture-1  | 2026-09-23T10:20:13.760204962Z {"seq": 441, "time_ns": 3908537844350, "event": "prepared", "id": "hit-r3-049", "mode": "hit", "key": "higress-audit:hit-r3-049", "value": "{\"source\":\"cache\",\"value\":\"fixture-only\"}"}
redis-fixture-1  | 2026-09-23T10:20:13.773457383Z {"seq": 442, "time_ns": 3908551140503, "event": "upstream_seen", "id": "hit-r3-049", "headers": {"host": "127.0.0.1:19468", "user-agent": "curl/7.81.0", "accept": "*/*", "x-http-cache-key": "hit-r3-049", "x-verification-id": "hit-r3-049", "x-forwarded-proto": "http", "x-envoy-original-host": "127.0.0.1:19468", "x-request-id": "be5c7a7f-9fae-4fe8-a4b7-8bc22bf1c750", "x-envoy-expected-rq-timeout-ms": "15000", "req-start-time": "1790158813771"}}
redis-fixture-1  | 2026-09-23T10:20:13.776006026Z {"seq": 443, "time_ns": 3908553546821, "event": "redis_command", "id": "hit-r3-049", "command": "GET", "args": ["higress-audit:hit-r3-049"]}
redis-fixture-1  | 2026-09-23T10:20:13.776039611Z {"seq": 444, "time_ns": 3908553620649, "event": "redis_get_seen", "id": "hit-r3-049"}
redis-fixture-1  | 2026-09-23T10:20:13.792417891Z {"seq": 445, "time_ns": 3908570044308, "event": "redis_release_requested", "id": "hit-r3-049"}
redis-fixture-1  | 2026-09-23T10:20:13.792525056Z {"seq": 446, "time_ns": 3908570227428, "event": "redis_reply_released", "id": "hit-r3-049", "mode": "hit"}
redis-fixture-1  | 2026-09-23T10:20:13.796591052Z {"seq": 447, "time_ns": 3908574208398, "event": "client_complete", "id": "hit-r3-049", "status": "200", "curl_exit": 0, "body_sha256": "da87d065c0f96d585f02840dc10c88f7e8edac17ae77dbdae4b9e051a619338f"}
redis-fixture-1  | 2026-09-23T10:20:13.799048666Z {"seq": 448, "time_ns": 3908576630495, "event": "upstream_peer_closed", "id": "hit-r3-049"}
redis-fixture-1  | 2026-09-23T10:20:13.908907953Z {"seq": 449, "time_ns": 3908686482933, "event": "redis_release_requested", "id": "hit-r3-049"}
envoy-1          | 2026-09-23T10:20:11.799270310Z [2026-09-23 10:20:11.799][29][debug][wasm] [external/envoy/source/extensions/common/wasm/context.cc:1538] wasm log response-cache response-cache response-cache: [response-cache] [nil] [9ef18ff3-8639-4105-8f59-c9d5001957cd] [onHttpRequestHeaders] cache key from request header: x-http-cache-key, key: hit-r3-036
envoy-1          | 2026-09-23T10:20:11.799291864Z [2026-09-23 10:20:11.799][29][debug][wasm] [external/envoy/source/extensions/common/wasm/context.cc:1538] wasm log response-cache response-cache response-cache: [response-cache] [nil] [9ef18ff3-8639-4105-8f59-c9d5001957cd] [response-cache] [CheckCacheForKey] querying cache with key: higress-audit:hit-r3-036
envoy-1          | 2026-09-23T10:20:11.799494673Z [2026-09-23 10:20:11.799][29][debug][wasm] [external/envoy/source/extensions/common/wasm/context.cc:1538] wasm log response-cache response-cache response-cache: redis call start, request-id: 9663fbda-cc6e-4a81-8c6a-36697b95d625, respQuery: KjINCiQzDQpnZXQNCiQyNA0KaGlncmVzcy1hdWRpdDpoaXQtcjMtMDM2DQo=
envoy-1          | 2026-09-23T10:20:11.815634294Z [2026-09-23 10:20:11.815][29][debug][wasm] [external/envoy/source/extensions/common/wasm/context.cc:1538] wasm log response-cache response-cache response-cache: redis call end, request-id: 9663fbda-cc6e-4a81-8c6a-36697b95d625, respQuery: KjINCiQzDQpnZXQNCiQyNA0KaGlncmVzcy1hdWRpdDpoaXQtcjMtMDM2DQo=, respValue: JDQxDQp7InNvdXJjZSI6ImNhY2hlIiwidmFsdWUiOiJmaXh0dXJlLW9ubHkifQ0K
envoy-1          | 2026-09-23T10:20:11.815674559Z [2026-09-23 10:20:11.815][29][info][wasm] [external/envoy/source/extensions/common/wasm/context.cc:1541] wasm log response-cache response-cache response-cache: [response-cache] [nil] [9ef18ff3-8639-4105-8f59-c9d5001957cd] [response-cache] cache hit for key: hit-r3-036
envoy-1          | 2026-09-23T10:20:11.815764475Z [2026-09-23 10:20:11.815][29][debug][wasm] [external/envoy/source/extensions/common/wasm/context.cc:1538] wasm log response-cache response-cache response-cache: [response-cache] [nil] [9ef18ff3-8639-4105-8f59-c9d5001957cd] [response-cache] [processCacheHit] cached response for key hit-r3-036: {"source":"cache","value":"fixture-only"}
envoy-1          | 2026-09-23T10:20:11.816122309Z [2026-09-23 10:20:11.816][29][debug][wasm] [external/envoy/source/extensions/common/wasm/context.cc:1538] wasm log response-cache response-cache response-cache: [response-cache] [nil] [9ef18ff3-8639-4105-8f59-c9d5001957cd] SetResponseBodyBufferLimit: 10485760
envoy-1          | 2026-09-23T10:20:11.816218103Z [2026-09-23 10:20:11.816][29][debug][wasm] [external/envoy/source/extensions/common/wasm/context.cc:1538] wasm log response-cache response-cache response-cache: [response-cache] [nil] [9ef18ff3-8639-4105-8f59-c9d5001957cd] [onHttpResponseBody] key is nil, skip cache
envoy-1          | 2026-09-23T10:20:11.946881632Z [2026-09-23 10:20:11.946][29][debug][wasm] [external/envoy/source/extensions/common/wasm/context.cc:1538] wasm log response-cache response-cache response-cache: [response-cache] [nil] [4756e38a-c0fe-4868-b009-cc475ebec93f] [onHttpRequestHeaders] cache key from request header: x-http-cache-key, key: hit-r3-037
envoy-1          | 2026-09-23T10:20:11.946919516Z [2026-09-23 10:20:11.946][29][debug][wasm] [external/envoy/source/extensions/common/wasm/context.cc:1538] wasm log response-cache response-cache response-cache: [response-cache] [nil] [4756e38a-c0fe-4868-b009-cc475ebec93f] [response-cache] [CheckCacheForKey] querying cache with key: higress-audit:hit-r3-037
envoy-1          | 2026-09-23T10:20:11.947058998Z [2026-09-23 10:20:11.946][29][debug][wasm] [external/envoy/source/extensions/common/wasm/context.cc:1538] wasm log response-cache response-cache response-cache: redis call start, request-id: 7c624de3-da89-4897-a241-ff339f337bde, respQuery: KjINCiQzDQpnZXQNCiQyNA0KaGlncmVzcy1hdWRpdDpoaXQtcjMtMDM3DQo=
envoy-1          | 2026-09-23T10:20:11.963170476Z [2026-09-23 10:20:11.963][29][debug][wasm] [external/envoy/source/extensions/common/wasm/context.cc:1538] wasm log response-cache response-cache response-cache: redis call end, request-id: 7c624de3-da89-4897-a241-ff339f337bde, respQuery: KjINCiQzDQpnZXQNCiQyNA0KaGlncmVzcy1hdWRpdDpoaXQtcjMtMDM3DQo=, respValue: JDQxDQp7InNvdXJjZSI6ImNhY2hlIiwidmFsdWUiOiJmaXh0dXJlLW9ubHkifQ0K
envoy-1          | 2026-09-23T10:20:11.963233276Z [2026-09-23 10:20:11.963][29][info][wasm] [external/envoy/source/extensions/common/wasm/context.cc:1541] wasm log response-cache response-cache response-cache: [response-cache] [nil] [4756e38a-c0fe-4868-b009-cc475ebec93f] [response-cache] cache hit for key: hit-r3-037
envoy-1          | 2026-09-23T10:20:11.963280782Z [2026-09-23 10:20:11.963][29][debug][wasm] [external/envoy/source/extensions/common/wasm/context.cc:1538] wasm log response-cache response-cache response-cache: [response-cache] [nil] [4756e38a-c0fe-4868-b009-cc475ebec93f] [response-cache] [processCacheHit] cached response for key hit-r3-037: {"source":"cache","value":"fixture-only"}
envoy-1          | 2026-09-23T10:20:11.963584404Z [2026-09-23 10:20:11.963][29][debug][wasm] [external/envoy/source/extensions/common/wasm/context.cc:1538] wasm log response-cache response-cache response-cache: [response-cache] [nil] [4756e38a-c0fe-4868-b009-cc475ebec93f] SetResponseBodyBufferLimit: 10485760
envoy-1          | 2026-09-23T10:20:11.963699749Z [2026-09-23 10:20:11.963][29][debug][wasm] [external/envoy/source/extensions/common/wasm/context.cc:1538] wasm log response-cache response-cache response-cache: [response-cache] [nil] [4756e38a-c0fe-4868-b009-cc475ebec93f] [onHttpResponseBody] key is nil, skip cache
envoy-1          | 2026-09-23T10:20:12.094066192Z [2026-09-23 10:20:12.093][29][debug][wasm] [external/envoy/source/extensions/common/wasm/context.cc:1538] wasm log response-cache response-cache response-cache: [response-cache] [nil] [060638fc-5294-4e5f-a706-ace85eda091d] [onHttpRequestHeaders] cache key from request header: x-http-cache-key, key: hit-r3-038
envoy-1          | 2026-09-23T10:20:12.094123368Z [2026-09-23 10:20:12.093][29][debug][wasm] [external/envoy/source/extensions/common/wasm/context.cc:1538] wasm log response-cache response-cache response-cache: [response-cache] [nil] [060638fc-5294-4e5f-a706-ace85eda091d] [response-cache] [CheckCacheForKey] querying cache with key: higress-audit:hit-r3-038
envoy-1          | 2026-09-23T10:20:12.094164753Z [2026-09-23 10:20:12.094][29][debug][wasm] [external/envoy/source/extensions/common/wasm/context.cc:1538] wasm log response-cache response-cache response-cache: redis call start, request-id: db17ecc7-a663-419f-9b2d-17b797ed14bc, respQuery: KjINCiQzDQpnZXQNCiQyNA0KaGlncmVzcy1hdWRpdDpoaXQtcjMtMDM4DQo=
envoy-1          | 2026-09-23T10:20:12.113488893Z [2026-09-23 10:20:12.113][29][debug][wasm] [external/envoy/source/extensions/common/wasm/context.cc:1538] wasm log response-cache response-cache response-cache: redis call end, request-id: db17ecc7-a663-419f-9b2d-17b797ed14bc, respQuery: KjINCiQzDQpnZXQNCiQyNA0KaGlncmVzcy1hdWRpdDpoaXQtcjMtMDM4DQo=, respValue: JDQxDQp7InNvdXJjZSI6ImNhY2hlIiwidmFsdWUiOiJmaXh0dXJlLW9ubHkifQ0K
envoy-1          | 2026-09-23T10:20:12.113524973Z [2026-09-23 10:20:12.113][29][info][wasm] [external/envoy/source/extensions/common/wasm/context.cc:1541] wasm log response-cache response-cache response-cache: [response-cache] [nil] [060638fc-5294-4e5f-a706-ace85eda091d] [response-cache] cache hit for key: hit-r3-038
envoy-1          | 2026-09-23T10:20:12.113626326Z [2026-09-23 10:20:12.113][29][debug][wasm] [external/envoy/source/extensions/common/wasm/context.cc:1538] wasm log response-cache response-cache response-cache: [response-cache] [nil] [060638fc-5294-4e5f-a706-ace85eda091d] [response-cache] [processCacheHit] cached response for key hit-r3-038: {"source":"cache","value":"fixture-only"}
envoy-1          | 2026-09-23T10:20:12.113916720Z [2026-09-23 10:20:12.113][29][debug][wasm] [external/envoy/source/extensions/common/wasm/context.cc:1538] wasm log response-cache response-cache response-cache: [response-cache] [nil] [060638fc-5294-4e5f-a706-ace85eda091d] SetResponseBodyBufferLimit: 10485760
envoy-1          | 2026-09-23T10:20:12.114046612Z [2026-09-23 10:20:12.113][29][debug][wasm] [external/envoy/source/extensions/common/wasm/context.cc:1538] wasm log response-cache response-cache response-cache: [response-cache] [nil] [060638fc-5294-4e5f-a706-ace85eda091d] [onHttpResponseBody] key is nil, skip cache
envoy-1          | 2026-09-23T10:20:12.244368616Z [2026-09-23 10:20:12.244][29][debug][wasm] [external/envoy/source/extensions/common/wasm/context.cc:1538] wasm log response-cache response-cache response-cache: [response-cache] [nil] [9e7acb98-4aae-4efc-b05e-85a8bef7d957] [onHttpRequestHeaders] cache key from request header: x-http-cache-key, key: hit-r3-039
envoy-1          | 2026-09-23T10:20:12.244400944Z [2026-09-23 10:20:12.244][29][debug][wasm] [external/envoy/source/extensions/common/wasm/context.cc:1538] wasm log response-cache response-cache response-cache: [response-cache] [nil] [9e7acb98-4aae-4efc-b05e-85a8bef7d957] [response-cache] [CheckCacheForKey] querying cache with key: higress-audit:hit-r3-039
envoy-1          | 2026-09-23T10:20:12.244443336Z [2026-09-23 10:20:12.244][29][debug][wasm] [external/envoy/source/extensions/common/wasm/context.cc:1538] wasm log response-cache response-cache response-cache: redis call start, request-id: b4bc337e-c624-4dde-a0bb-28b0e3ff1fa5, respQuery: KjINCiQzDQpnZXQNCiQyNA0KaGlncmVzcy1hdWRpdDpoaXQtcjMtMDM5DQo=
envoy-1          | 2026-09-23T10:20:12.263892056Z [2026-09-23 10:20:12.263][29][debug][wasm] [external/envoy/source/extensions/common/wasm/context.cc:1538] wasm log response-cache response-cache response-cache: redis call end, request-id: b4bc337e-c624-4dde-a0bb-28b0e3ff1fa5, respQuery: KjINCiQzDQpnZXQNCiQyNA0KaGlncmVzcy1hdWRpdDpoaXQtcjMtMDM5DQo=, respValue: JDQxDQp7InNvdXJjZSI6ImNhY2hlIiwidmFsdWUiOiJmaXh0dXJlLW9ubHkifQ0K
envoy-1          | 2026-09-23T10:20:12.263933700Z [2026-09-23 10:20:12.263][29][info][wasm] [external/envoy/source/extensions/common/wasm/context.cc:1541] wasm log response-cache response-cache response-cache: [response-cache] [nil] [9e7acb98-4aae-4efc-b05e-85a8bef7d957] [response-cache] cache hit for key: hit-r3-039
envoy-1          | 2026-09-23T10:20:12.263996845Z [2026-09-23 10:20:12.263][29][debug][wasm] [external/envoy/source/extensions/common/wasm/context.cc:1538] wasm log response-cache response-cache response-cache: [response-cache] [nil] [9e7acb98-4aae-4efc-b05e-85a8bef7d957] [response-cache] [processCacheHit] cached response for key hit-r3-039: {"source":"cache","value":"fixture-only"}
envoy-1          | 2026-09-23T10:20:12.264293124Z [2026-09-23 10:20:12.264][29][debug][wasm] [external/envoy/source/extensions/common/wasm/context.cc:1538] wasm log response-cache response-cache response-cache: [response-cache] [nil] [9e7acb98-4aae-4efc-b05e-85a8bef7d957] SetResponseBodyBufferLimit: 10485760
envoy-1          | 2026-09-23T10:20:12.264399585Z [2026-09-23 10:20:12.264][29][debug][wasm] [external/envoy/source/extensions/common/wasm/context.cc:1538] wasm log response-cache response-cache response-cache: [response-cache] [nil] [9e7acb98-4aae-4efc-b05e-85a8bef7d957] [onHttpResponseBody] key is nil, skip cache
envoy-1          | 2026-09-23T10:20:12.396209451Z [2026-09-23 10:20:12.395][29][debug][wasm] [external/envoy/source/extensions/common/wasm/context.cc:1538] wasm log response-cache response-cache response-cache: [response-cache] [nil] [47026ce4-d623-4bb9-9ea8-0a326c51ca3b] [onHttpRequestHeaders] cache key from request header: x-http-cache-key, key: hit-r3-040
envoy-1          | 2026-09-23T10:20:12.396250943Z [2026-09-23 10:20:12.396][29][debug][wasm] [external/envoy/source/extensions/common/wasm/context.cc:1538] wasm log response-cache response-cache response-cache: [response-cache] [nil] [47026ce4-d623-4bb9-9ea8-0a326c51ca3b] [response-cache] [CheckCacheForKey] querying cache with key: higress-audit:hit-r3-040
envoy-1          | 2026-09-23T10:20:12.396349168Z [2026-09-23 10:20:12.396][29][debug][wasm] [external/envoy/source/extensions/common/wasm/context.cc:1538] wasm log response-cache response-cache response-cache: redis call start, request-id: bc611675-126f-4483-bf09-10244d4b2fd6, respQuery: KjINCiQzDQpnZXQNCiQyNA0KaGlncmVzcy1hdWRpdDpoaXQtcjMtMDQwDQo=
envoy-1          | 2026-09-23T10:20:12.413506643Z [2026-09-23 10:20:12.413][29][debug][wasm] [external/envoy/source/extensions/common/wasm/context.cc:1538] wasm log response-cache response-cache response-cache: redis call end, request-id: bc611675-126f-4483-bf09-10244d4b2fd6, respQuery: KjINCiQzDQpnZXQNCiQyNA0KaGlncmVzcy1hdWRpdDpoaXQtcjMtMDQwDQo=, respValue: JDQxDQp7InNvdXJjZSI6ImNhY2hlIiwidmFsdWUiOiJmaXh0dXJlLW9ubHkifQ0K
envoy-1          | 2026-09-23T10:20:12.413557771Z [2026-09-23 10:20:12.413][29][info][wasm] [external/envoy/source/extensions/common/wasm/context.cc:1541] wasm log response-cache response-cache response-cache: [response-cache] [nil] [47026ce4-d623-4bb9-9ea8-0a326c51ca3b] [response-cache] cache hit for key: hit-r3-040
envoy-1          | 2026-09-23T10:20:12.413653648Z [2026-09-23 10:20:12.413][29][debug][wasm] [external/envoy/source/extensions/common/wasm/context.cc:1538] wasm log response-cache response-cache response-cache: [response-cache] [nil] [47026ce4-d623-4bb9-9ea8-0a326c51ca3b] [response-cache] [processCacheHit] cached response for key hit-r3-040: {"source":"cache","value":"fixture-only"}
envoy-1          | 2026-09-23T10:20:12.413941615Z [2026-09-23 10:20:12.413][29][debug][wasm] [external/envoy/source/extensions/common/wasm/context.cc:1538] wasm log response-cache response-cache response-cache: [response-cache] [nil] [47026ce4-d623-4bb9-9ea8-0a326c51ca3b] SetResponseBodyBufferLimit: 10485760
envoy-1          | 2026-09-23T10:20:12.414060560Z [2026-09-23 10:20:12.413][29][debug][wasm] [external/envoy/source/extensions/common/wasm/context.cc:1538] wasm log response-cache response-cache response-cache: [response-cache] [nil] [47026ce4-d623-4bb9-9ea8-0a326c51ca3b] [onHttpResponseBody] key is nil, skip cache
envoy-1          | 2026-09-23T10:20:12.550076153Z [2026-09-23 10:20:12.549][29][debug][wasm] [external/envoy/source/extensions/common/wasm/context.cc:1538] wasm log response-cache response-cache response-cache: [response-cache] [nil] [ff1a878a-8ede-4da1-beb0-8efa17bf709c] [onHttpRequestHeaders] cache key from request header: x-http-cache-key, key: hit-r3-041
envoy-1          | 2026-09-23T10:20:12.550108554Z [2026-09-23 10:20:12.549][29][debug][wasm] [external/envoy/source/extensions/common/wasm/context.cc:1538] wasm log response-cache response-cache response-cache: [response-cache] [nil] [ff1a878a-8ede-4da1-beb0-8efa17bf709c] [response-cache] [CheckCacheForKey] querying cache with key: higress-audit:hit-r3-041
envoy-1          | 2026-09-23T10:20:12.550121277Z [2026-09-23 10:20:12.550][29][debug][wasm] [external/envoy/source/extensions/common/wasm/context.cc:1538] wasm log response-cache response-cache response-cache: redis call start, request-id: 34a86c93-0cd1-4302-a293-160d57b348b8, respQuery: KjINCiQzDQpnZXQNCiQyNA0KaGlncmVzcy1hdWRpdDpoaXQtcjMtMDQxDQo=
envoy-1          | 2026-09-23T10:20:12.568272428Z [2026-09-23 10:20:12.568][29][debug][wasm] [external/envoy/source/extensions/common/wasm/context.cc:1538] wasm log response-cache response-cache response-cache: redis call end, request-id: 34a86c93-0cd1-4302-a293-160d57b348b8, respQuery: KjINCiQzDQpnZXQNCiQyNA0KaGlncmVzcy1hdWRpdDpoaXQtcjMtMDQxDQo=, respValue: JDQxDQp7InNvdXJjZSI6ImNhY2hlIiwidmFsdWUiOiJmaXh0dXJlLW9ubHkifQ0K
envoy-1          | 2026-09-23T10:20:12.568290665Z [2026-09-23 10:20:12.568][29][info][wasm] [external/envoy/source/extensions/common/wasm/context.cc:1541] wasm log response-cache response-cache response-cache: [response-cache] [nil] [ff1a878a-8ede-4da1-beb0-8efa17bf709c] [response-cache] cache hit for key: hit-r3-041
envoy-1          | 2026-09-23T10:20:12.568357561Z [2026-09-23 10:20:12.568][29][debug][wasm] [external/envoy/source/extensions/common/wasm/context.cc:1538] wasm log response-cache response-cache response-cache: [response-cache] [nil] [ff1a878a-8ede-4da1-beb0-8efa17bf709c] [response-cache] [processCacheHit] cached response for key hit-r3-041: {"source":"cache","value":"fixture-only"}
envoy-1          | 2026-09-23T10:20:12.568473354Z [2026-09-23 10:20:12.568][29][debug][wasm] [external/envoy/source/extensions/common/wasm/context.cc:1538] wasm log response-cache response-cache response-cache: [response-cache] [nil] [ff1a878a-8ede-4da1-beb0-8efa17bf709c] SetResponseBodyBufferLimit: 10485760
envoy-1          | 2026-09-23T10:20:12.568625979Z [2026-09-23 10:20:12.568][29][debug][wasm] [external/envoy/source/extensions/common/wasm/context.cc:1538] wasm log response-cache response-cache response-cache: [response-cache] [nil] [ff1a878a-8ede-4da1-beb0-8efa17bf709c] [onHttpResponseBody] key is nil, skip cache
envoy-1          | 2026-09-23T10:20:12.699823537Z [2026-09-23 10:20:12.699][29][debug][wasm] [external/envoy/source/extensions/common/wasm/context.cc:1538] wasm log response-cache response-cache response-cache: [response-cache] [nil] [c15fc8db-cec4-4c9d-8fc9-e9199b48dff0] [onHttpRequestHeaders] cache key from request header: x-http-cache-key, key: hit-r3-042
envoy-1          | 2026-09-23T10:20:12.699877898Z [2026-09-23 10:20:12.699][29][debug][wasm] [external/envoy/source/extensions/common/wasm/context.cc:1538] wasm log response-cache response-cache response-cache: [response-cache] [nil] [c15fc8db-cec4-4c9d-8fc9-e9199b48dff0] [response-cache] [CheckCacheForKey] querying cache with key: higress-audit:hit-r3-042
envoy-1          | 2026-09-23T10:20:12.699894330Z [2026-09-23 10:20:12.699][29][debug][wasm] [external/envoy/source/extensions/common/wasm/context.cc:1538] wasm log response-cache response-cache response-cache: redis call start, request-id: 9a92e02b-e3d1-4257-b533-c2cc83408344, respQuery: KjINCiQzDQpnZXQNCiQyNA0KaGlncmVzcy1hdWRpdDpoaXQtcjMtMDQyDQo=
envoy-1          | 2026-09-23T10:20:12.728998063Z [2026-09-23 10:20:12.728][29][debug][wasm] [external/envoy/source/extensions/common/wasm/context.cc:1538] wasm log response-cache response-cache response-cache: redis call end, request-id: 9a92e02b-e3d1-4257-b533-c2cc83408344, respQuery: KjINCiQzDQpnZXQNCiQyNA0KaGlncmVzcy1hdWRpdDpoaXQtcjMtMDQyDQo=, respValue: JDQxDQp7InNvdXJjZSI6ImNhY2hlIiwidmFsdWUiOiJmaXh0dXJlLW9ubHkifQ0K
envoy-1          | 2026-09-23T10:20:12.729017344Z [2026-09-23 10:20:12.728][29][info][wasm] [external/envoy/source/extensions/common/wasm/context.cc:1541] wasm log response-cache response-cache response-cache: [response-cache] [nil] [c15fc8db-cec4-4c9d-8fc9-e9199b48dff0] [response-cache] cache hit for key: hit-r3-042
envoy-1          | 2026-09-23T10:20:12.729088144Z [2026-09-23 10:20:12.729][29][debug][wasm] [external/envoy/source/extensions/common/wasm/context.cc:1538] wasm log response-cache response-cache response-cache: [response-cache] [nil] [c15fc8db-cec4-4c9d-8fc9-e9199b48dff0] [response-cache] [processCacheHit] cached response for key hit-r3-042: {"source":"cache","value":"fixture-only"}
envoy-1          | 2026-09-23T10:20:12.729369271Z [2026-09-23 10:20:12.729][29][debug][wasm] [external/envoy/source/extensions/common/wasm/context.cc:1538] wasm log response-cache response-cache response-cache: [response-cache] [nil] [c15fc8db-cec4-4c9d-8fc9-e9199b48dff0] SetResponseBodyBufferLimit: 10485760
envoy-1          | 2026-09-23T10:20:12.729489428Z [2026-09-23 10:20:12.729][29][debug][wasm] [external/envoy/source/extensions/common/wasm/context.cc:1538] wasm log response-cache response-cache response-cache: [response-cache] [nil] [c15fc8db-cec4-4c9d-8fc9-e9199b48dff0] [onHttpResponseBody] key is nil, skip cache
envoy-1          | 2026-09-23T10:20:12.861019560Z [2026-09-23 10:20:12.860][29][debug][wasm] [external/envoy/source/extensions/common/wasm/context.cc:1538] wasm log response-cache response-cache response-cache: [response-cache] [nil] [576093cd-2e50-4ed7-ab19-1ea487154109] [onHttpRequestHeaders] cache key from request header: x-http-cache-key, key: hit-r3-043
envoy-1          | 2026-09-23T10:20:12.861052540Z [2026-09-23 10:20:12.860][29][debug][wasm] [external/envoy/source/extensions/common/wasm/context.cc:1538] wasm log response-cache response-cache response-cache: [response-cache] [nil] [576093cd-2e50-4ed7-ab19-1ea487154109] [response-cache] [CheckCacheForKey] querying cache with key: higress-audit:hit-r3-043
envoy-1          | 2026-09-23T10:20:12.861188849Z [2026-09-23 10:20:12.861][29][debug][wasm] [external/envoy/source/extensions/common/wasm/context.cc:1538] wasm log response-cache response-cache response-cache: redis call start, request-id: 27bcd0f0-b33b-4f25-bf27-f8a453470a94, respQuery: KjINCiQzDQpnZXQNCiQyNA0KaGlncmVzcy1hdWRpdDpoaXQtcjMtMDQzDQo=
envoy-1          | 2026-09-23T10:20:12.880416308Z [2026-09-23 10:20:12.880][29][debug][wasm] [external/envoy/source/extensions/common/wasm/context.cc:1538] wasm log response-cache response-cache response-cache: redis call end, request-id: 27bcd0f0-b33b-4f25-bf27-f8a453470a94, respQuery: KjINCiQzDQpnZXQNCiQyNA0KaGlncmVzcy1hdWRpdDpoaXQtcjMtMDQzDQo=, respValue: JDQxDQp7InNvdXJjZSI6ImNhY2hlIiwidmFsdWUiOiJmaXh0dXJlLW9ubHkifQ0K
envoy-1          | 2026-09-23T10:20:12.880454896Z [2026-09-23 10:20:12.880][29][info][wasm] [external/envoy/source/extensions/common/wasm/context.cc:1541] wasm log response-cache response-cache response-cache: [response-cache] [nil] [576093cd-2e50-4ed7-ab19-1ea487154109] [response-cache] cache hit for key: hit-r3-043
envoy-1          | 2026-09-23T10:20:12.880504352Z [2026-09-23 10:20:12.880][29][debug][wasm] [external/envoy/source/extensions/common/wasm/context.cc:1538] wasm log response-cache response-cache response-cache: [response-cache] [nil] [576093cd-2e50-4ed7-ab19-1ea487154109] [response-cache] [processCacheHit] cached response for key hit-r3-043: {"source":"cache","value":"fixture-only"}
envoy-1          | 2026-09-23T10:20:12.880781439Z [2026-09-23 10:20:12.880][29][debug][wasm] [external/envoy/source/extensions/common/wasm/context.cc:1538] wasm log response-cache response-cache response-cache: [response-cache] [nil] [576093cd-2e50-4ed7-ab19-1ea487154109] SetResponseBodyBufferLimit: 10485760
envoy-1          | 2026-09-23T10:20:12.880891268Z [2026-09-23 10:20:12.880][29][debug][wasm] [external/envoy/source/extensions/common/wasm/context.cc:1538] wasm log response-cache response-cache response-cache: [response-cache] [nil] [576093cd-2e50-4ed7-ab19-1ea487154109] [onHttpResponseBody] key is nil, skip cache
envoy-1          | 2026-09-23T10:20:13.012761386Z [2026-09-23 10:20:13.012][29][debug][wasm] [external/envoy/source/extensions/common/wasm/context.cc:1538] wasm log response-cache response-cache response-cache: [response-cache] [nil] [baa27dc8-21ff-45ab-ad3b-cfe27ed2e999] [onHttpRequestHeaders] cache key from request header: x-http-cache-key, key: hit-r3-044
envoy-1          | 2026-09-23T10:20:13.012794415Z [2026-09-23 10:20:13.012][29][debug][wasm] [external/envoy/source/extensions/common/wasm/context.cc:1538] wasm log response-cache response-cache response-cache: [response-cache] [nil] [baa27dc8-21ff-45ab-ad3b-cfe27ed2e999] [response-cache] [CheckCacheForKey] querying cache with key: higress-audit:hit-r3-044
envoy-1          | 2026-09-23T10:20:13.012884840Z [2026-09-23 10:20:13.012][29][debug][wasm] [external/envoy/source/extensions/common/wasm/context.cc:1538] wasm log response-cache response-cache response-cache: redis call start, request-id: 447c52b0-576d-4e9a-aa92-96d783a1b3b6, respQuery: KjINCiQzDQpnZXQNCiQyNA0KaGlncmVzcy1hdWRpdDpoaXQtcjMtMDQ0DQo=
envoy-1          | 2026-09-23T10:20:13.031161422Z [2026-09-23 10:20:13.031][29][debug][wasm] [external/envoy/source/extensions/common/wasm/context.cc:1538] wasm log response-cache response-cache response-cache: redis call end, request-id: 447c52b0-576d-4e9a-aa92-96d783a1b3b6, respQuery: KjINCiQzDQpnZXQNCiQyNA0KaGlncmVzcy1hdWRpdDpoaXQtcjMtMDQ0DQo=, respValue: JDQxDQp7InNvdXJjZSI6ImNhY2hlIiwidmFsdWUiOiJmaXh0dXJlLW9ubHkifQ0K
envoy-1          | 2026-09-23T10:20:13.031179120Z [2026-09-23 10:20:13.031][29][info][wasm] [external/envoy/source/extensions/common/wasm/context.cc:1541] wasm log response-cache response-cache response-cache: [response-cache] [nil] [baa27dc8-21ff-45ab-ad3b-cfe27ed2e999] [response-cache] cache hit for key: hit-r3-044
envoy-1          | 2026-09-23T10:20:13.031238144Z [2026-09-23 10:20:13.031][29][debug][wasm] [external/envoy/source/extensions/common/wasm/context.cc:1538] wasm log response-cache response-cache response-cache: [response-cache] [nil] [baa27dc8-21ff-45ab-ad3b-cfe27ed2e999] [response-cache] [processCacheHit] cached response for key hit-r3-044: {"source":"cache","value":"fixture-only"}
envoy-1          | 2026-09-23T10:20:13.031490275Z [2026-09-23 10:20:13.031][29][debug][wasm] [external/envoy/source/extensions/common/wasm/context.cc:1538] wasm log response-cache response-cache response-cache: [response-cache] [nil] [baa27dc8-21ff-45ab-ad3b-cfe27ed2e999] SetResponseBodyBufferLimit: 10485760
envoy-1          | 2026-09-23T10:20:13.031614599Z [2026-09-23 10:20:13.031][29][debug][wasm] [external/envoy/source/extensions/common/wasm/context.cc:1538] wasm log response-cache response-cache response-cache: [response-cache] [nil] [baa27dc8-21ff-45ab-ad3b-cfe27ed2e999] [onHttpResponseBody] key is nil, skip cache
envoy-1          | 2026-09-23T10:20:13.166109317Z [2026-09-23 10:20:13.165][29][debug][wasm] [external/envoy/source/extensions/common/wasm/context.cc:1538] wasm log response-cache response-cache response-cache: [response-cache] [nil] [b8b18cfd-0660-4900-869d-43bb0c4d709e] [onHttpRequestHeaders] cache key from request header: x-http-cache-key, key: hit-r3-045
envoy-1          | 2026-09-23T10:20:13.166141393Z [2026-09-23 10:20:13.165][29][debug][wasm] [external/envoy/source/extensions/common/wasm/context.cc:1538] wasm log response-cache response-cache response-cache: [response-cache] [nil] [b8b18cfd-0660-4900-869d-43bb0c4d709e] [response-cache] [CheckCacheForKey] querying cache with key: higress-audit:hit-r3-045
envoy-1          | 2026-09-23T10:20:13.166209702Z [2026-09-23 10:20:13.166][29][debug][wasm] [external/envoy/source/extensions/common/wasm/context.cc:1538] wasm log response-cache response-cache response-cache: redis call start, request-id: 312db029-cf67-4b1d-a0df-9ca61825746e, respQuery: KjINCiQzDQpnZXQNCiQyNA0KaGlncmVzcy1hdWRpdDpoaXQtcjMtMDQ1DQo=
envoy-1          | 2026-09-23T10:20:13.184664171Z [2026-09-23 10:20:13.184][29][debug][wasm] [external/envoy/source/extensions/common/wasm/context.cc:1538] wasm log response-cache response-cache response-cache: redis call end, request-id: 312db029-cf67-4b1d-a0df-9ca61825746e, respQuery: KjINCiQzDQpnZXQNCiQyNA0KaGlncmVzcy1hdWRpdDpoaXQtcjMtMDQ1DQo=, respValue: JDQxDQp7InNvdXJjZSI6ImNhY2hlIiwidmFsdWUiOiJmaXh0dXJlLW9ubHkifQ0K
envoy-1          | 2026-09-23T10:20:13.184701824Z [2026-09-23 10:20:13.184][29][info][wasm] [external/envoy/source/extensions/common/wasm/context.cc:1541] wasm log response-cache response-cache response-cache: [response-cache] [nil] [b8b18cfd-0660-4900-869d-43bb0c4d709e] [response-cache] cache hit for key: hit-r3-045
envoy-1          | 2026-09-23T10:20:13.184769523Z [2026-09-23 10:20:13.184][29][debug][wasm] [external/envoy/source/extensions/common/wasm/context.cc:1538] wasm log response-cache response-cache response-cache: [response-cache] [nil] [b8b18cfd-0660-4900-869d-43bb0c4d709e] [response-cache] [processCacheHit] cached response for key hit-r3-045: {"source":"cache","value":"fixture-only"}
envoy-1          | 2026-09-23T10:20:13.185045830Z [2026-09-23 10:20:13.184][29][debug][wasm] [external/envoy/source/extensions/common/wasm/context.cc:1538] wasm log response-cache response-cache response-cache: [response-cache] [nil] [b8b18cfd-0660-4900-869d-43bb0c4d709e] SetResponseBodyBufferLimit: 10485760
envoy-1          | 2026-09-23T10:20:13.185121182Z [2026-09-23 10:20:13.185][29][debug][wasm] [external/envoy/source/extensions/common/wasm/context.cc:1538] wasm log response-cache response-cache response-cache: [response-cache] [nil] [b8b18cfd-0660-4900-869d-43bb0c4d709e] [onHttpResponseBody] key is nil, skip cache
envoy-1          | 2026-09-23T10:20:13.318299991Z [2026-09-23 10:20:13.318][29][debug][wasm] [external/envoy/source/extensions/common/wasm/context.cc:1538] wasm log response-cache response-cache response-cache: [response-cache] [nil] [e1900180-9fd4-45a1-8c37-8162b175a89a] [onHttpRequestHeaders] cache key from request header: x-http-cache-key, key: hit-r3-046
envoy-1          | 2026-09-23T10:20:13.318331724Z [2026-09-23 10:20:13.318][29][debug][wasm] [external/envoy/source/extensions/common/wasm/context.cc:1538] wasm log response-cache response-cache response-cache: [response-cache] [nil] [e1900180-9fd4-45a1-8c37-8162b175a89a] [response-cache] [CheckCacheForKey] querying cache with key: higress-audit:hit-r3-046
envoy-1          | 2026-09-23T10:20:13.318495124Z [2026-09-23 10:20:13.318][29][debug][wasm] [external/envoy/source/extensions/common/wasm/context.cc:1538] wasm log response-cache response-cache response-cache: redis call start, request-id: 75b8ffb3-61be-4167-b2c0-dd4021ccb872, respQuery: KjINCiQzDQpnZXQNCiQyNA0KaGlncmVzcy1hdWRpdDpoaXQtcjMtMDQ2DQo=
envoy-1          | 2026-09-23T10:20:13.338577851Z [2026-09-23 10:20:13.338][29][debug][wasm] [external/envoy/source/extensions/common/wasm/context.cc:1538] wasm log response-cache response-cache response-cache: redis call end, request-id: 75b8ffb3-61be-4167-b2c0-dd4021ccb872, respQuery: KjINCiQzDQpnZXQNCiQyNA0KaGlncmVzcy1hdWRpdDpoaXQtcjMtMDQ2DQo=, respValue: JDQxDQp7InNvdXJjZSI6ImNhY2hlIiwidmFsdWUiOiJmaXh0dXJlLW9ubHkifQ0K
envoy-1          | 2026-09-23T10:20:13.338627154Z [2026-09-23 10:20:13.338][29][info][wasm] [external/envoy/source/extensions/common/wasm/context.cc:1541] wasm log response-cache response-cache response-cache: [response-cache] [nil] [e1900180-9fd4-45a1-8c37-8162b175a89a] [response-cache] cache hit for key: hit-r3-046
envoy-1          | 2026-09-23T10:20:13.338660419Z [2026-09-23 10:20:13.338][29][debug][wasm] [external/envoy/source/extensions/common/wasm/context.cc:1538] wasm log response-cache response-cache response-cache: [response-cache] [nil] [e1900180-9fd4-45a1-8c37-8162b175a89a] [response-cache] [processCacheHit] cached response for key hit-r3-046: {"source":"cache","value":"fixture-only"}
envoy-1          | 2026-09-23T10:20:13.338913748Z [2026-09-23 10:20:13.338][29][debug][wasm] [external/envoy/source/extensions/common/wasm/context.cc:1538] wasm log response-cache response-cache response-cache: [response-cache] [nil] [e1900180-9fd4-45a1-8c37-8162b175a89a] SetResponseBodyBufferLimit: 10485760
envoy-1          | 2026-09-23T10:20:13.339014748Z [2026-09-23 10:20:13.338][29][debug][wasm] [external/envoy/source/extensions/common/wasm/context.cc:1538] wasm log response-cache response-cache response-cache: [response-cache] [nil] [e1900180-9fd4-45a1-8c37-8162b175a89a] [onHttpResponseBody] key is nil, skip cache
envoy-1          | 2026-09-23T10:20:13.470420659Z [2026-09-23 10:20:13.470][29][debug][wasm] [external/envoy/source/extensions/common/wasm/context.cc:1538] wasm log response-cache response-cache response-cache: [response-cache] [nil] [bcc072b8-cc43-4046-9f6b-d95395176532] [onHttpRequestHeaders] cache key from request header: x-http-cache-key, key: hit-r3-047
envoy-1          | 2026-09-23T10:20:13.470438816Z [2026-09-23 10:20:13.470][29][debug][wasm] [external/envoy/source/extensions/common/wasm/context.cc:1538] wasm log response-cache response-cache response-cache: [response-cache] [nil] [bcc072b8-cc43-4046-9f6b-d95395176532] [response-cache] [CheckCacheForKey] querying cache with key: higress-audit:hit-r3-047
envoy-1          | 2026-09-23T10:20:13.470474051Z [2026-09-23 10:20:13.470][29][debug][wasm] [external/envoy/source/extensions/common/wasm/context.cc:1538] wasm log response-cache response-cache response-cache: redis call start, request-id: f18f951b-37d7-4ff4-9541-0677417ef46d, respQuery: KjINCiQzDQpnZXQNCiQyNA0KaGlncmVzcy1hdWRpdDpoaXQtcjMtMDQ3DQo=
envoy-1          | 2026-09-23T10:20:13.489549335Z [2026-09-23 10:20:13.489][29][debug][wasm] [external/envoy/source/extensions/common/wasm/context.cc:1538] wasm log response-cache response-cache response-cache: redis call end, request-id: f18f951b-37d7-4ff4-9541-0677417ef46d, respQuery: KjINCiQzDQpnZXQNCiQyNA0KaGlncmVzcy1hdWRpdDpoaXQtcjMtMDQ3DQo=, respValue: JDQxDQp7InNvdXJjZSI6ImNhY2hlIiwidmFsdWUiOiJmaXh0dXJlLW9ubHkifQ0K
envoy-1          | 2026-09-23T10:20:13.489567059Z [2026-09-23 10:20:13.489][29][info][wasm] [external/envoy/source/extensions/common/wasm/context.cc:1541] wasm log response-cache response-cache response-cache: [response-cache] [nil] [bcc072b8-cc43-4046-9f6b-d95395176532] [response-cache] cache hit for key: hit-r3-047
envoy-1          | 2026-09-23T10:20:13.489593952Z [2026-09-23 10:20:13.489][29][debug][wasm] [external/envoy/source/extensions/common/wasm/context.cc:1538] wasm log response-cache response-cache response-cache: [response-cache] [nil] [bcc072b8-cc43-4046-9f6b-d95395176532] [response-cache] [processCacheHit] cached response for key hit-r3-047: {"source":"cache","value":"fixture-only"}
envoy-1          | 2026-09-23T10:20:13.489833665Z [2026-09-23 10:20:13.489][29][debug][wasm] [external/envoy/source/extensions/common/wasm/context.cc:1538] wasm log response-cache response-cache response-cache: [response-cache] [nil] [bcc072b8-cc43-4046-9f6b-d95395176532] SetResponseBodyBufferLimit: 10485760
envoy-1          | 2026-09-23T10:20:13.489911646Z [2026-09-23 10:20:13.489][29][debug][wasm] [external/envoy/source/extensions/common/wasm/context.cc:1538] wasm log response-cache response-cache response-cache: [response-cache] [nil] [bcc072b8-cc43-4046-9f6b-d95395176532] [onHttpResponseBody] key is nil, skip cache
envoy-1          | 2026-09-23T10:20:13.620513922Z [2026-09-23 10:20:13.620][29][debug][wasm] [external/envoy/source/extensions/common/wasm/context.cc:1538] wasm log response-cache response-cache response-cache: [response-cache] [nil] [36e3ac9a-44d0-4aac-a3da-a345aee01eb8] [onHttpRequestHeaders] cache key from request header: x-http-cache-key, key: hit-r3-048
envoy-1          | 2026-09-23T10:20:13.620545443Z [2026-09-23 10:20:13.620][29][debug][wasm] [external/envoy/source/extensions/common/wasm/context.cc:1538] wasm log response-cache response-cache response-cache: [response-cache] [nil] [36e3ac9a-44d0-4aac-a3da-a345aee01eb8] [response-cache] [CheckCacheForKey] querying cache with key: higress-audit:hit-r3-048
envoy-1          | 2026-09-23T10:20:13.620629671Z [2026-09-23 10:20:13.620][29][debug][wasm] [external/envoy/source/extensions/common/wasm/context.cc:1538] wasm log response-cache response-cache response-cache: redis call start, request-id: bf7988b7-49a7-4962-a074-b219526f7637, respQuery: KjINCiQzDQpnZXQNCiQyNA0KaGlncmVzcy1hdWRpdDpoaXQtcjMtMDQ4DQo=
envoy-1          | 2026-09-23T10:20:13.639677026Z [2026-09-23 10:20:13.639][29][debug][wasm] [external/envoy/source/extensions/common/wasm/context.cc:1538] wasm log response-cache response-cache response-cache: redis call end, request-id: bf7988b7-49a7-4962-a074-b219526f7637, respQuery: KjINCiQzDQpnZXQNCiQyNA0KaGlncmVzcy1hdWRpdDpoaXQtcjMtMDQ4DQo=, respValue: JDQxDQp7InNvdXJjZSI6ImNhY2hlIiwidmFsdWUiOiJmaXh0dXJlLW9ubHkifQ0K
envoy-1          | 2026-09-23T10:20:13.639695938Z [2026-09-23 10:20:13.639][29][info][wasm] [external/envoy/source/extensions/common/wasm/context.cc:1541] wasm log response-cache response-cache response-cache: [response-cache] [nil] [36e3ac9a-44d0-4aac-a3da-a345aee01eb8] [response-cache] cache hit for key: hit-r3-048
envoy-1          | 2026-09-23T10:20:13.639734062Z [2026-09-23 10:20:13.639][29][debug][wasm] [external/envoy/source/extensions/common/wasm/context.cc:1538] wasm log response-cache response-cache response-cache: [response-cache] [nil] [36e3ac9a-44d0-4aac-a3da-a345aee01eb8] [response-cache] [processCacheHit] cached response for key hit-r3-048: {"source":"cache","value":"fixture-only"}
envoy-1          | 2026-09-23T10:20:13.639992900Z [2026-09-23 10:20:13.639][29][debug][wasm] [external/envoy/source/extensions/common/wasm/context.cc:1538] wasm log response-cache response-cache response-cache: [response-cache] [nil] [36e3ac9a-44d0-4aac-a3da-a345aee01eb8] SetResponseBodyBufferLimit: 10485760
envoy-1          | 2026-09-23T10:20:13.640093292Z [2026-09-23 10:20:13.640][29][debug][wasm] [external/envoy/source/extensions/common/wasm/context.cc:1538] wasm log response-cache response-cache response-cache: [response-cache] [nil] [36e3ac9a-44d0-4aac-a3da-a345aee01eb8] [onHttpResponseBody] key is nil, skip cache
envoy-1          | 2026-09-23T10:20:13.771897402Z [2026-09-23 10:20:13.771][29][debug][wasm] [external/envoy/source/extensions/common/wasm/context.cc:1538] wasm log response-cache response-cache response-cache: [response-cache] [nil] [be5c7a7f-9fae-4fe8-a4b7-8bc22bf1c750] [onHttpRequestHeaders] cache key from request header: x-http-cache-key, key: hit-r3-049
envoy-1          | 2026-09-23T10:20:13.771916093Z [2026-09-23 10:20:13.771][29][debug][wasm] [external/envoy/source/extensions/common/wasm/context.cc:1538] wasm log response-cache response-cache response-cache: [response-cache] [nil] [be5c7a7f-9fae-4fe8-a4b7-8bc22bf1c750] [response-cache] [CheckCacheForKey] querying cache with key: higress-audit:hit-r3-049
envoy-1          | 2026-09-23T10:20:13.771949148Z [2026-09-23 10:20:13.771][29][debug][wasm] [external/envoy/source/extensions/common/wasm/context.cc:1538] wasm log response-cache response-cache response-cache: redis call start, request-id: 3ec0ca11-dde1-420b-a400-cfe38624e4ed, respQuery: KjINCiQzDQpnZXQNCiQyNA0KaGlncmVzcy1hdWRpdDpoaXQtcjMtMDQ5DQo=
envoy-1          | 2026-09-23T10:20:13.792944448Z [2026-09-23 10:20:13.792][29][debug][wasm] [external/envoy/source/extensions/common/wasm/context.cc:1538] wasm log response-cache response-cache response-cache: redis call end, request-id: 3ec0ca11-dde1-420b-a400-cfe38624e4ed, respQuery: KjINCiQzDQpnZXQNCiQyNA0KaGlncmVzcy1hdWRpdDpoaXQtcjMtMDQ5DQo=, respValue: JDQxDQp7InNvdXJjZSI6ImNhY2hlIiwidmFsdWUiOiJmaXh0dXJlLW9ubHkifQ0K
envoy-1          | 2026-09-23T10:20:13.792962588Z [2026-09-23 10:20:13.792][29][info][wasm] [external/envoy/source/extensions/common/wasm/context.cc:1541] wasm log response-cache response-cache response-cache: [response-cache] [nil] [be5c7a7f-9fae-4fe8-a4b7-8bc22bf1c750] [response-cache] cache hit for key: hit-r3-049
envoy-1          | 2026-09-23T10:20:13.793011264Z [2026-09-23 10:20:13.792][29][debug][wasm] [external/envoy/source/extensions/common/wasm/context.cc:1538] wasm log response-cache response-cache response-cache: [response-cache] [nil] [be5c7a7f-9fae-4fe8-a4b7-8bc22bf1c750] [response-cache] [processCacheHit] cached response for key hit-r3-049: {"source":"cache","value":"fixture-only"}
envoy-1          | 2026-09-23T10:20:13.793250206Z [2026-09-23 10:20:13.793][29][debug][wasm] [external/envoy/source/extensions/common/wasm/context.cc:1538] wasm log response-cache response-cache response-cache: [response-cache] [nil] [be5c7a7f-9fae-4fe8-a4b7-8bc22bf1c750] SetResponseBodyBufferLimit: 10485760
envoy-1          | 2026-09-23T10:20:13.793360831Z [2026-09-23 10:20:13.793][29][debug][wasm] [external/envoy/source/extensions/common/wasm/context.cc:1538] wasm log response-cache response-cache response-cache: [response-cache] [nil] [be5c7a7f-9fae-4fe8-a4b7-8bc22bf1c750] [onHttpResponseBody] key is nil, skip cache
envoy-1          | 2026-09-23T10:20:14.125567436Z [2026-09-23 10:20:14.125][1][warning][main] [external/envoy/source/server/server.cc:981] caught ENVOY_SIGTERM
envoy-1          | 2026-09-23T10:20:14.125593272Z [2026-09-23 10:20:14.125][1][info][main] [external/envoy/source/server/server.cc:1122] shutting down server instance
envoy-1          | 2026-09-23T10:20:14.125600116Z [2026-09-23 10:20:14.125][1][info][main] [external/envoy/source/server/server.cc:1062] main dispatch loop exited
envoy-1          | 2026-09-23T10:20:14.125975023Z [2026-09-23 10:20:14.125][29][debug][wasm] [external/envoy/source/extensions/common/wasm/wasm.cc:417] ~Wasm 2 remaining active
envoy-1          | 2026-09-23T10:20:14.129057942Z [2026-09-23 10:20:14.128][1][debug][wasm] [external/envoy/source/extensions/common/wasm/wasm.cc:417] ~Wasm 1 remaining active
envoy-1          | 2026-09-23T10:20:14.130475272Z [2026-09-23 10:20:14.130][1][info][main] [external/envoy/source/server/server.cc:1114] exiting
envoy-1          | 2026-09-23T10:20:14.131301245Z [2026-09-23 10:20:14.131][1][debug][wasm] [external/envoy/source/extensions/common/wasm/wasm.cc:417] ~Wasm 0 remaining active
envoy-1          | 2026-09-23T10:20:14.138462158Z RID=hit-r3-036 CODE=200 DETAIL=via_wasm::response-cache::response-cache.hit FLAGS=- UPSTREAM=172.30.0.2:8080
envoy-1          | 2026-09-23T10:20:14.138479297Z RID=hit-r3-037 CODE=200 DETAIL=via_wasm::response-cache::response-cache.hit FLAGS=- UPSTREAM=172.30.0.2:8080
envoy-1          | 2026-09-23T10:20:14.138485357Z RID=hit-r3-038 CODE=200 DETAIL=via_wasm::response-cache::response-cache.hit FLAGS=- UPSTREAM=172.30.0.2:8080
envoy-1          | 2026-09-23T10:20:14.138490492Z RID=hit-r3-039 CODE=200 DETAIL=via_wasm::response-cache::response-cache.hit FLAGS=- UPSTREAM=172.30.0.2:8080
envoy-1          | 2026-09-23T10:20:14.138495568Z RID=hit-r3-040 CODE=200 DETAIL=via_wasm::response-cache::response-cache.hit FLAGS=- UPSTREAM=172.30.0.2:8080
envoy-1          | 2026-09-23T10:20:14.138500634Z RID=hit-r3-041 CODE=200 DETAIL=via_wasm::response-cache::response-cache.hit FLAGS=- UPSTREAM=172.30.0.2:8080
envoy-1          | 2026-09-23T10:20:14.138505608Z RID=hit-r3-042 CODE=200 DETAIL=via_wasm::response-cache::response-cache.hit FLAGS=- UPSTREAM=172.30.0.2:8080
envoy-1          | 2026-09-23T10:20:14.138511067Z RID=hit-r3-043 CODE=200 DETAIL=via_wasm::response-cache::response-cache.hit FLAGS=- UPSTREAM=172.30.0.2:8080
envoy-1          | 2026-09-23T10:20:14.138516580Z RID=hit-r3-044 CODE=200 DETAIL=via_wasm::response-cache::response-cache.hit FLAGS=- UPSTREAM=172.30.0.2:8080
envoy-1          | 2026-09-23T10:20:14.138521797Z RID=hit-r3-045 CODE=200 DETAIL=via_wasm::response-cache::response-cache.hit FLAGS=- UPSTREAM=172.30.0.2:8080
envoy-1          | 2026-09-23T10:20:14.138526760Z RID=hit-r3-046 CODE=200 DETAIL=via_wasm::response-cache::response-cache.hit FLAGS=- UPSTREAM=172.30.0.2:8080
envoy-1          | 2026-09-23T10:20:14.138531819Z RID=hit-r3-047 CODE=200 DETAIL=via_wasm::response-cache::response-cache.hit FLAGS=- UPSTREAM=172.30.0.2:8080
envoy-1          | 2026-09-23T10:20:14.138537096Z RID=hit-r3-048 CODE=200 DETAIL=via_wasm::response-cache::response-cache.hit FLAGS=- UPSTREAM=172.30.0.2:8080
envoy-1          | 2026-09-23T10:20:14.138542462Z RID=hit-r3-049 CODE=200 DETAIL=via_wasm::response-cache::response-cache.hit FLAGS=- UPSTREAM=172.30.0.2:8080
