mode: set
github.com/alibaba/higress/plugins/wasm-go/extensions/ai-proxy/provider/ai360.go:25.76,30.2 1 0
github.com/alibaba/higress/plugins/wasm-go/extensions/ai-proxy/provider/ai360.go:32.81,33.59 1 0
github.com/alibaba/higress/plugins/wasm-go/extensions/ai-proxy/provider/ai360.go:33.59,35.3 1 0
github.com/alibaba/higress/plugins/wasm-go/extensions/ai-proxy/provider/ai360.go:36.2,36.12 1 0
github.com/alibaba/higress/plugins/wasm-go/extensions/ai-proxy/provider/ai360.go:39.92,45.2 2 0
github.com/alibaba/higress/plugins/wasm-go/extensions/ai-proxy/provider/ai360.go:47.50,49.2 1 0
github.com/alibaba/higress/plugins/wasm-go/extensions/ai-proxy/provider/ai360.go:51.90,55.2 2 0
github.com/alibaba/higress/plugins/wasm-go/extensions/ai-proxy/provider/ai360.go:57.116,58.39 1 0
github.com/alibaba/higress/plugins/wasm-go/extensions/ai-proxy/provider/ai360.go:58.39,60.3 1 0
github.com/alibaba/higress/plugins/wasm-go/extensions/ai-proxy/provider/ai360.go:61.2,61.74 1 0
github.com/alibaba/higress/plugins/wasm-go/extensions/ai-proxy/provider/ai360.go:64.112,68.2 3 0
github.com/alibaba/higress/plugins/wasm-go/extensions/ai-proxy/provider/azure.go:54.76,56.73 2 1
github.com/alibaba/higress/plugins/wasm-go/extensions/ai-proxy/provider/azure.go:56.73,57.46 1 1
github.com/alibaba/higress/plugins/wasm-go/extensions/ai-proxy/provider/azure.go:57.46,59.12 2 0
github.com/alibaba/higress/plugins/wasm-go/extensions/ai-proxy/provider/azure.go:61.3,62.43 2 1
github.com/alibaba/higress/plugins/wasm-go/extensions/ai-proxy/provider/azure.go:62.43,64.4 1 1
github.com/alibaba/higress/plugins/wasm-go/extensions/ai-proxy/provider/azure.go:64.9,66.4 1 1
github.com/alibaba/higress/plugins/wasm-go/extensions/ai-proxy/provider/azure.go:67.3,68.71 2 1
github.com/alibaba/higress/plugins/wasm-go/extensions/ai-proxy/provider/azure.go:70.2,70.21 1 1
github.com/alibaba/higress/plugins/wasm-go/extensions/ai-proxy/provider/azure.go:77.99,79.2 1 1
github.com/alibaba/higress/plugins/wasm-go/extensions/ai-proxy/provider/azure.go:85.107,87.39 2 1
github.com/alibaba/higress/plugins/wasm-go/extensions/ai-proxy/provider/azure.go:87.39,88.46 1 1
github.com/alibaba/higress/plugins/wasm-go/extensions/ai-proxy/provider/azure.go:88.46,90.12 2 1
github.com/alibaba/higress/plugins/wasm-go/extensions/ai-proxy/provider/azure.go:92.3,93.85 2 1
github.com/alibaba/higress/plugins/wasm-go/extensions/ai-proxy/provider/azure.go:95.2,95.21 1 1
github.com/alibaba/higress/plugins/wasm-go/extensions/ai-proxy/provider/azure.go:102.81,103.34 1 1
github.com/alibaba/higress/plugins/wasm-go/extensions/ai-proxy/provider/azure.go:103.34,105.3 1 1
github.com/alibaba/higress/plugins/wasm-go/extensions/ai-proxy/provider/azure.go:106.2,106.75 1 1
github.com/alibaba/higress/plugins/wasm-go/extensions/ai-proxy/provider/azure.go:106.75,108.3 1 1
github.com/alibaba/higress/plugins/wasm-go/extensions/ai-proxy/provider/azure.go:108.8,108.106 1 1
github.com/alibaba/higress/plugins/wasm-go/extensions/ai-proxy/provider/azure.go:108.106,110.3 1 1
github.com/alibaba/higress/plugins/wasm-go/extensions/ai-proxy/provider/azure.go:111.2,111.59 1 1
github.com/alibaba/higress/plugins/wasm-go/extensions/ai-proxy/provider/azure.go:111.59,113.3 1 1
github.com/alibaba/higress/plugins/wasm-go/extensions/ai-proxy/provider/azure.go:114.2,114.12 1 1
github.com/alibaba/higress/plugins/wasm-go/extensions/ai-proxy/provider/azure.go:121.89,122.42 1 1
github.com/alibaba/higress/plugins/wasm-go/extensions/ai-proxy/provider/azure.go:122.42,127.3 1 1
github.com/alibaba/higress/plugins/wasm-go/extensions/ai-proxy/provider/azure.go:128.2,128.56 1 1
github.com/alibaba/higress/plugins/wasm-go/extensions/ai-proxy/provider/azure.go:128.56,133.3 1 1
github.com/alibaba/higress/plugins/wasm-go/extensions/ai-proxy/provider/azure.go:134.2,134.12 1 1
github.com/alibaba/higress/plugins/wasm-go/extensions/ai-proxy/provider/azure.go:141.47,144.2 2 1
github.com/alibaba/higress/plugins/wasm-go/extensions/ai-proxy/provider/azure.go:150.51,152.2 1 1
github.com/alibaba/higress/plugins/wasm-go/extensions/ai-proxy/provider/azure.go:158.70,159.20 1 1
github.com/alibaba/higress/plugins/wasm-go/extensions/ai-proxy/provider/azure.go:159.20,161.3 1 1
github.com/alibaba/higress/plugins/wasm-go/extensions/ai-proxy/provider/azure.go:162.2,162.38 1 1
github.com/alibaba/higress/plugins/wasm-go/extensions/ai-proxy/provider/azure.go:162.38,164.3 1 1
github.com/alibaba/higress/plugins/wasm-go/extensions/ai-proxy/provider/azure.go:165.2,165.38 1 1
github.com/alibaba/higress/plugins/wasm-go/extensions/ai-proxy/provider/azure.go:165.38,167.3 1 1
github.com/alibaba/higress/plugins/wasm-go/extensions/ai-proxy/provider/azure.go:168.2,168.34 1 1
github.com/alibaba/higress/plugins/wasm-go/extensions/ai-proxy/provider/azure.go:175.92,177.61 2 1
github.com/alibaba/higress/plugins/wasm-go/extensions/ai-proxy/provider/azure.go:177.61,179.3 1 1
github.com/alibaba/higress/plugins/wasm-go/extensions/ai-proxy/provider/azure.go:179.8,181.3 1 1
github.com/alibaba/higress/plugins/wasm-go/extensions/ai-proxy/provider/azure.go:183.2,186.26 4 1
github.com/alibaba/higress/plugins/wasm-go/extensions/ai-proxy/provider/azure.go:186.26,188.29 2 0
github.com/alibaba/higress/plugins/wasm-go/extensions/ai-proxy/provider/azure.go:188.29,190.4 1 0
github.com/alibaba/higress/plugins/wasm-go/extensions/ai-proxy/provider/azure.go:190.9,192.4 1 0
github.com/alibaba/higress/plugins/wasm-go/extensions/ai-proxy/provider/azure.go:193.3,193.85 1 0
github.com/alibaba/higress/plugins/wasm-go/extensions/ai-proxy/provider/azure.go:194.8,194.53 1 1
github.com/alibaba/higress/plugins/wasm-go/extensions/ai-proxy/provider/azure.go:194.53,200.3 2 1
github.com/alibaba/higress/plugins/wasm-go/extensions/ai-proxy/provider/azure.go:200.8,203.54 1 1
github.com/alibaba/higress/plugins/wasm-go/extensions/ai-proxy/provider/azure.go:203.54,206.4 2 1
github.com/alibaba/higress/plugins/wasm-go/extensions/ai-proxy/provider/azure.go:206.9,209.4 2 0
github.com/alibaba/higress/plugins/wasm-go/extensions/ai-proxy/provider/azure.go:211.2,213.55 2 1
github.com/alibaba/higress/plugins/wasm-go/extensions/ai-proxy/provider/azure.go:213.55,215.3 1 1
github.com/alibaba/higress/plugins/wasm-go/extensions/ai-proxy/provider/azure.go:215.8,217.3 1 1
github.com/alibaba/higress/plugins/wasm-go/extensions/ai-proxy/provider/azure.go:218.2,228.8 3 1
github.com/alibaba/higress/plugins/wasm-go/extensions/ai-proxy/provider/azure.go:242.50,244.2 1 0
github.com/alibaba/higress/plugins/wasm-go/extensions/ai-proxy/provider/azure.go:246.90,249.2 2 0
github.com/alibaba/higress/plugins/wasm-go/extensions/ai-proxy/provider/azure.go:251.116,253.2 1 0
github.com/alibaba/higress/plugins/wasm-go/extensions/ai-proxy/provider/azure.go:255.77,256.69 1 0
github.com/alibaba/higress/plugins/wasm-go/extensions/ai-proxy/provider/azure.go:256.69,258.3 1 0
github.com/alibaba/higress/plugins/wasm-go/extensions/ai-proxy/provider/azure.go:259.2,259.41 1 0
github.com/alibaba/higress/plugins/wasm-go/extensions/ai-proxy/provider/azure.go:262.137,270.29 6 0
github.com/alibaba/higress/plugins/wasm-go/extensions/ai-proxy/provider/azure.go:270.29,271.17 1 0
github.com/alibaba/higress/plugins/wasm-go/extensions/ai-proxy/provider/azure.go:271.17,273.4 1 0
github.com/alibaba/higress/plugins/wasm-go/extensions/ai-proxy/provider/azure.go:273.9,281.4 1 0
github.com/alibaba/higress/plugins/wasm-go/extensions/ai-proxy/provider/azure.go:283.2,283.16 1 0
github.com/alibaba/higress/plugins/wasm-go/extensions/ai-proxy/provider/azure.go:283.16,285.3 1 0
github.com/alibaba/higress/plugins/wasm-go/extensions/ai-proxy/provider/azure.go:288.2,288.62 1 0
github.com/alibaba/higress/plugins/wasm-go/extensions/ai-proxy/provider/azure.go:288.62,289.30 1 0
github.com/alibaba/higress/plugins/wasm-go/extensions/ai-proxy/provider/azure.go:289.30,292.4 1 0
github.com/alibaba/higress/plugins/wasm-go/extensions/ai-proxy/provider/azure.go:293.3,294.17 2 0
github.com/alibaba/higress/plugins/wasm-go/extensions/ai-proxy/provider/azure.go:294.17,296.4 1 0
github.com/alibaba/higress/plugins/wasm-go/extensions/ai-proxy/provider/azure.go:296.9,298.4 1 0
github.com/alibaba/higress/plugins/wasm-go/extensions/ai-proxy/provider/azure.go:301.2,301.8 1 0
github.com/alibaba/higress/plugins/wasm-go/extensions/ai-proxy/provider/azure.go:308.95,311.27 1 0
github.com/alibaba/higress/plugins/wasm-go/extensions/ai-proxy/provider/azure.go:311.27,313.3 1 0
github.com/alibaba/higress/plugins/wasm-go/extensions/ai-proxy/provider/azure.go:315.2,317.49 2 0
github.com/alibaba/higress/plugins/wasm-go/extensions/ai-proxy/provider/azure.go:317.49,320.3 2 0
github.com/alibaba/higress/plugins/wasm-go/extensions/ai-proxy/provider/azure.go:322.2,325.55 4 0
github.com/alibaba/higress/plugins/wasm-go/extensions/ai-proxy/provider/azure.go:325.55,328.60 3 0
github.com/alibaba/higress/plugins/wasm-go/extensions/ai-proxy/provider/azure.go:328.60,330.4 1 0
github.com/alibaba/higress/plugins/wasm-go/extensions/ai-proxy/provider/azure.go:330.9,333.19 3 0
github.com/alibaba/higress/plugins/wasm-go/extensions/ai-proxy/provider/azure.go:333.19,336.5 2 0
github.com/alibaba/higress/plugins/wasm-go/extensions/ai-proxy/provider/azure.go:338.3,339.61 2 0
github.com/alibaba/higress/plugins/wasm-go/extensions/ai-proxy/provider/azure.go:341.2,344.13 3 0
github.com/alibaba/higress/plugins/wasm-go/extensions/ai-proxy/provider/azure.go:347.112,353.84 3 0
github.com/alibaba/higress/plugins/wasm-go/extensions/ai-proxy/provider/azure.go:353.84,355.30 2 0
github.com/alibaba/higress/plugins/wasm-go/extensions/ai-proxy/provider/azure.go:355.30,358.4 1 0
github.com/alibaba/higress/plugins/wasm-go/extensions/ai-proxy/provider/azure.go:360.2,367.29 7 0
github.com/alibaba/higress/plugins/wasm-go/extensions/ai-proxy/provider/azure.go:367.29,370.3 1 0
github.com/alibaba/higress/plugins/wasm-go/extensions/ai-proxy/provider/azure.go:372.2,372.39 1 0
github.com/alibaba/higress/plugins/wasm-go/extensions/ai-proxy/provider/azure.go:372.39,376.3 1 0
github.com/alibaba/higress/plugins/wasm-go/extensions/ai-proxy/provider/baichuan.go:21.84,22.59 1 0
github.com/alibaba/higress/plugins/wasm-go/extensions/ai-proxy/provider/baichuan.go:22.59,24.3 1 0
github.com/alibaba/higress/plugins/wasm-go/extensions/ai-proxy/provider/baichuan.go:25.2,25.12 1 0
github.com/alibaba/higress/plugins/wasm-go/extensions/ai-proxy/provider/baichuan.go:28.79,33.2 1 0
github.com/alibaba/higress/plugins/wasm-go/extensions/ai-proxy/provider/baichuan.go:35.95,41.2 2 0
github.com/alibaba/higress/plugins/wasm-go/extensions/ai-proxy/provider/baichuan.go:48.53,50.2 1 0
github.com/alibaba/higress/plugins/wasm-go/extensions/ai-proxy/provider/baichuan.go:52.93,55.2 2 0
github.com/alibaba/higress/plugins/wasm-go/extensions/ai-proxy/provider/baichuan.go:57.119,58.39 1 0
github.com/alibaba/higress/plugins/wasm-go/extensions/ai-proxy/provider/baichuan.go:58.39,60.3 1 0
github.com/alibaba/higress/plugins/wasm-go/extensions/ai-proxy/provider/baichuan.go:61.2,61.74 1 0
github.com/alibaba/higress/plugins/wasm-go/extensions/ai-proxy/provider/baichuan.go:64.115,69.2 4 0
github.com/alibaba/higress/plugins/wasm-go/extensions/ai-proxy/provider/baidu.go:22.81,23.59 1 0
github.com/alibaba/higress/plugins/wasm-go/extensions/ai-proxy/provider/baidu.go:23.59,25.3 1 0
github.com/alibaba/higress/plugins/wasm-go/extensions/ai-proxy/provider/baidu.go:26.2,26.12 1 0
github.com/alibaba/higress/plugins/wasm-go/extensions/ai-proxy/provider/baidu.go:29.76,34.2 1 0
github.com/alibaba/higress/plugins/wasm-go/extensions/ai-proxy/provider/baidu.go:36.92,42.2 2 0
github.com/alibaba/higress/plugins/wasm-go/extensions/ai-proxy/provider/baidu.go:49.50,51.2 1 0
github.com/alibaba/higress/plugins/wasm-go/extensions/ai-proxy/provider/baidu.go:53.90,56.2 2 0
github.com/alibaba/higress/plugins/wasm-go/extensions/ai-proxy/provider/baidu.go:58.116,59.39 1 0
github.com/alibaba/higress/plugins/wasm-go/extensions/ai-proxy/provider/baidu.go:59.39,61.3 1 0
github.com/alibaba/higress/plugins/wasm-go/extensions/ai-proxy/provider/baidu.go:62.2,62.74 1 0
github.com/alibaba/higress/plugins/wasm-go/extensions/ai-proxy/provider/baidu.go:65.112,70.2 4 0
github.com/alibaba/higress/plugins/wasm-go/extensions/ai-proxy/provider/baidu.go:72.57,73.53 1 0
github.com/alibaba/higress/plugins/wasm-go/extensions/ai-proxy/provider/baidu.go:73.53,75.3 1 0
github.com/alibaba/higress/plugins/wasm-go/extensions/ai-proxy/provider/baidu.go:76.2,76.11 1 0
github.com/alibaba/higress/plugins/wasm-go/extensions/ai-proxy/provider/bedrock.go:67.83,71.30 3 0
github.com/alibaba/higress/plugins/wasm-go/extensions/ai-proxy/provider/bedrock.go:71.30,73.3 1 0
github.com/alibaba/higress/plugins/wasm-go/extensions/ai-proxy/provider/bedrock.go:74.2,74.32 1 0
github.com/alibaba/higress/plugins/wasm-go/extensions/ai-proxy/provider/bedrock.go:74.32,76.3 1 0
github.com/alibaba/higress/plugins/wasm-go/extensions/ai-proxy/provider/bedrock.go:77.2,77.12 1 0
github.com/alibaba/higress/plugins/wasm-go/extensions/ai-proxy/provider/bedrock.go:80.78,86.2 1 0
github.com/alibaba/higress/plugins/wasm-go/extensions/ai-proxy/provider/bedrock.go:88.94,94.2 2 0
github.com/alibaba/higress/plugins/wasm-go/extensions/ai-proxy/provider/bedrock.go:101.138,102.38 1 0
github.com/alibaba/higress/plugins/wasm-go/extensions/ai-proxy/provider/bedrock.go:102.38,104.3 1 0
github.com/alibaba/higress/plugins/wasm-go/extensions/ai-proxy/provider/bedrock.go:106.2,107.22 2 0
github.com/alibaba/higress/plugins/wasm-go/extensions/ai-proxy/provider/bedrock.go:107.22,108.18 1 0
github.com/alibaba/higress/plugins/wasm-go/extensions/ai-proxy/provider/bedrock.go:108.18,110.4 1 0
github.com/alibaba/higress/plugins/wasm-go/extensions/ai-proxy/provider/bedrock.go:111.3,111.55 1 0
github.com/alibaba/higress/plugins/wasm-go/extensions/ai-proxy/provider/bedrock.go:113.2,114.31 2 0
github.com/alibaba/higress/plugins/wasm-go/extensions/ai-proxy/provider/bedrock.go:114.31,116.17 2 0
github.com/alibaba/higress/plugins/wasm-go/extensions/ai-proxy/provider/bedrock.go:116.17,119.4 2 0
github.com/alibaba/higress/plugins/wasm-go/extensions/ai-proxy/provider/bedrock.go:120.3,120.51 1 0
github.com/alibaba/higress/plugins/wasm-go/extensions/ai-proxy/provider/bedrock.go:122.2,122.17 1 0
github.com/alibaba/higress/plugins/wasm-go/extensions/ai-proxy/provider/bedrock.go:122.17,124.3 1 0
github.com/alibaba/higress/plugins/wasm-go/extensions/ai-proxy/provider/bedrock.go:125.2,125.46 1 0
github.com/alibaba/higress/plugins/wasm-go/extensions/ai-proxy/provider/bedrock.go:128.134,134.30 4 1
github.com/alibaba/higress/plugins/wasm-go/extensions/ai-proxy/provider/bedrock.go:134.30,136.3 1 1
github.com/alibaba/higress/plugins/wasm-go/extensions/ai-proxy/provider/bedrock.go:137.2,137.42 1 1
github.com/alibaba/higress/plugins/wasm-go/extensions/ai-proxy/provider/bedrock.go:137.42,138.36 1 1
github.com/alibaba/higress/plugins/wasm-go/extensions/ai-proxy/provider/bedrock.go:138.36,140.4 1 0
github.com/alibaba/higress/plugins/wasm-go/extensions/ai-proxy/provider/bedrock.go:141.3,142.51 2 1
github.com/alibaba/higress/plugins/wasm-go/extensions/ai-proxy/provider/bedrock.go:144.2,144.31 1 1
github.com/alibaba/higress/plugins/wasm-go/extensions/ai-proxy/provider/bedrock.go:144.31,145.40 1 0
github.com/alibaba/higress/plugins/wasm-go/extensions/ai-proxy/provider/bedrock.go:145.40,147.4 1 0
github.com/alibaba/higress/plugins/wasm-go/extensions/ai-proxy/provider/bedrock.go:148.3,161.35 4 0
github.com/alibaba/higress/plugins/wasm-go/extensions/ai-proxy/provider/bedrock.go:161.35,164.4 2 0
github.com/alibaba/higress/plugins/wasm-go/extensions/ai-proxy/provider/bedrock.go:166.2,166.31 1 1
github.com/alibaba/higress/plugins/wasm-go/extensions/ai-proxy/provider/bedrock.go:166.31,167.49 1 1
github.com/alibaba/higress/plugins/wasm-go/extensions/ai-proxy/provider/bedrock.go:167.49,171.4 3 1
github.com/alibaba/higress/plugins/wasm-go/extensions/ai-proxy/provider/bedrock.go:171.9,171.44 1 1
github.com/alibaba/higress/plugins/wasm-go/extensions/ai-proxy/provider/bedrock.go:171.44,173.4 1 0
github.com/alibaba/higress/plugins/wasm-go/extensions/ai-proxy/provider/bedrock.go:174.3,174.35 1 1
github.com/alibaba/higress/plugins/wasm-go/extensions/ai-proxy/provider/bedrock.go:174.35,177.4 2 1
github.com/alibaba/higress/plugins/wasm-go/extensions/ai-proxy/provider/bedrock.go:178.3,178.40 1 1
github.com/alibaba/higress/plugins/wasm-go/extensions/ai-proxy/provider/bedrock.go:178.40,189.4 2 1
github.com/alibaba/higress/plugins/wasm-go/extensions/ai-proxy/provider/bedrock.go:191.2,191.36 1 1
github.com/alibaba/higress/plugins/wasm-go/extensions/ai-proxy/provider/bedrock.go:191.36,193.3 1 0
github.com/alibaba/higress/plugins/wasm-go/extensions/ai-proxy/provider/bedrock.go:194.2,204.31 4 1
github.com/alibaba/higress/plugins/wasm-go/extensions/ai-proxy/provider/bedrock.go:204.31,212.3 2 0
github.com/alibaba/higress/plugins/wasm-go/extensions/ai-proxy/provider/bedrock.go:213.2,218.42 6 1
github.com/alibaba/higress/plugins/wasm-go/extensions/ai-proxy/provider/bedrock.go:226.88,228.18 2 1
github.com/alibaba/higress/plugins/wasm-go/extensions/ai-proxy/provider/bedrock.go:228.18,231.3 2 1
github.com/alibaba/higress/plugins/wasm-go/extensions/ai-proxy/provider/bedrock.go:233.2,233.63 1 1
github.com/alibaba/higress/plugins/wasm-go/extensions/ai-proxy/provider/bedrock.go:233.63,235.3 1 0
github.com/alibaba/higress/plugins/wasm-go/extensions/ai-proxy/provider/bedrock.go:237.2,240.22 4 1
github.com/alibaba/higress/plugins/wasm-go/extensions/ai-proxy/provider/bedrock.go:350.98,352.85 2 0
github.com/alibaba/higress/plugins/wasm-go/extensions/ai-proxy/provider/bedrock.go:352.85,354.3 1 0
github.com/alibaba/higress/plugins/wasm-go/extensions/ai-proxy/provider/bedrock.go:356.2,360.15 5 0
github.com/alibaba/higress/plugins/wasm-go/extensions/ai-proxy/provider/bedrock.go:360.15,362.3 1 0
github.com/alibaba/higress/plugins/wasm-go/extensions/ai-proxy/provider/bedrock.go:364.2,364.6 1 0
github.com/alibaba/higress/plugins/wasm-go/extensions/ai-proxy/provider/bedrock.go:364.6,366.17 2 0
github.com/alibaba/higress/plugins/wasm-go/extensions/ai-proxy/provider/bedrock.go:366.17,367.21 1 0
github.com/alibaba/higress/plugins/wasm-go/extensions/ai-proxy/provider/bedrock.go:367.21,368.10 1 0
github.com/alibaba/higress/plugins/wasm-go/extensions/ai-proxy/provider/bedrock.go:370.4,371.9 2 0
github.com/alibaba/higress/plugins/wasm-go/extensions/ai-proxy/provider/bedrock.go:373.3,374.60 2 0
github.com/alibaba/higress/plugins/wasm-go/extensions/ai-proxy/provider/bedrock.go:374.60,375.92 1 0
github.com/alibaba/higress/plugins/wasm-go/extensions/ai-proxy/provider/bedrock.go:375.92,377.5 1 0
github.com/alibaba/higress/plugins/wasm-go/extensions/ai-proxy/provider/bedrock.go:378.4,378.34 1 0
github.com/alibaba/higress/plugins/wasm-go/extensions/ai-proxy/provider/bedrock.go:380.3,380.39 1 0
github.com/alibaba/higress/plugins/wasm-go/extensions/ai-proxy/provider/bedrock.go:382.2,382.33 1 0
github.com/alibaba/higress/plugins/wasm-go/extensions/ai-proxy/provider/bedrock.go:382.33,384.3 1 0
github.com/alibaba/higress/plugins/wasm-go/extensions/ai-proxy/provider/bedrock.go:384.8,386.3 1 0
github.com/alibaba/higress/plugins/wasm-go/extensions/ai-proxy/provider/bedrock.go:387.2,387.15 1 0
github.com/alibaba/higress/plugins/wasm-go/extensions/ai-proxy/provider/bedrock.go:390.54,391.33 1 0
github.com/alibaba/higress/plugins/wasm-go/extensions/ai-proxy/provider/bedrock.go:391.33,392.35 1 0
github.com/alibaba/higress/plugins/wasm-go/extensions/ai-proxy/provider/bedrock.go:392.35,395.4 2 0
github.com/alibaba/higress/plugins/wasm-go/extensions/ai-proxy/provider/bedrock.go:397.2,397.18 1 0
github.com/alibaba/higress/plugins/wasm-go/extensions/ai-proxy/provider/bedrock.go:421.50,423.26 2 0
github.com/alibaba/higress/plugins/wasm-go/extensions/ai-proxy/provider/bedrock.go:423.26,424.28 1 0
github.com/alibaba/higress/plugins/wasm-go/extensions/ai-proxy/provider/bedrock.go:424.28,427.4 2 0
github.com/alibaba/higress/plugins/wasm-go/extensions/ai-proxy/provider/bedrock.go:430.2,432.4 1 0
github.com/alibaba/higress/plugins/wasm-go/extensions/ai-proxy/provider/bedrock.go:435.93,440.16 4 0
github.com/alibaba/higress/plugins/wasm-go/extensions/ai-proxy/provider/bedrock.go:440.16,442.3 1 0
github.com/alibaba/higress/plugins/wasm-go/extensions/ai-proxy/provider/bedrock.go:444.2,444.28 1 0
github.com/alibaba/higress/plugins/wasm-go/extensions/ai-proxy/provider/bedrock.go:444.28,447.17 3 0
github.com/alibaba/higress/plugins/wasm-go/extensions/ai-proxy/provider/bedrock.go:447.17,449.4 1 0
github.com/alibaba/higress/plugins/wasm-go/extensions/ai-proxy/provider/bedrock.go:452.2,452.56 1 0
github.com/alibaba/higress/plugins/wasm-go/extensions/ai-proxy/provider/bedrock.go:452.56,454.17 2 0
github.com/alibaba/higress/plugins/wasm-go/extensions/ai-proxy/provider/bedrock.go:454.17,456.4 1 0
github.com/alibaba/higress/plugins/wasm-go/extensions/ai-proxy/provider/bedrock.go:457.3,457.18 1 0
github.com/alibaba/higress/plugins/wasm-go/extensions/ai-proxy/provider/bedrock.go:460.2,461.52 2 0
github.com/alibaba/higress/plugins/wasm-go/extensions/ai-proxy/provider/bedrock.go:461.52,463.3 1 0
github.com/alibaba/higress/plugins/wasm-go/extensions/ai-proxy/provider/bedrock.go:465.2,465.15 1 0
github.com/alibaba/higress/plugins/wasm-go/extensions/ai-proxy/provider/bedrock.go:468.50,471.6 2 0
github.com/alibaba/higress/plugins/wasm-go/extensions/ai-proxy/provider/bedrock.go:471.6,473.17 2 0
github.com/alibaba/higress/plugins/wasm-go/extensions/ai-proxy/provider/bedrock.go:473.17,474.21 1 0
github.com/alibaba/higress/plugins/wasm-go/extensions/ai-proxy/provider/bedrock.go:474.21,476.10 1 0
github.com/alibaba/higress/plugins/wasm-go/extensions/ai-proxy/provider/bedrock.go:478.4,478.19 1 0
github.com/alibaba/higress/plugins/wasm-go/extensions/ai-proxy/provider/bedrock.go:481.3,482.17 2 0
github.com/alibaba/higress/plugins/wasm-go/extensions/ai-proxy/provider/bedrock.go:482.17,484.4 1 0
github.com/alibaba/higress/plugins/wasm-go/extensions/ai-proxy/provider/bedrock.go:486.3,486.22 1 0
github.com/alibaba/higress/plugins/wasm-go/extensions/ai-proxy/provider/bedrock.go:489.2,489.16 1 0
github.com/alibaba/higress/plugins/wasm-go/extensions/ai-proxy/provider/bedrock.go:492.52,496.16 3 0
github.com/alibaba/higress/plugins/wasm-go/extensions/ai-proxy/provider/bedrock.go:496.16,498.3 1 0
github.com/alibaba/higress/plugins/wasm-go/extensions/ai-proxy/provider/bedrock.go:499.2,503.18 3 0
github.com/alibaba/higress/plugins/wasm-go/extensions/ai-proxy/provider/bedrock.go:504.23,507.9 3 0
github.com/alibaba/higress/plugins/wasm-go/extensions/ai-proxy/provider/bedrock.go:508.10,509.48 1 0
github.com/alibaba/higress/plugins/wasm-go/extensions/ai-proxy/provider/bedrock.go:513.2,513.15 1 0
github.com/alibaba/higress/plugins/wasm-go/extensions/ai-proxy/provider/bedrock.go:522.40,524.2 1 0
github.com/alibaba/higress/plugins/wasm-go/extensions/ai-proxy/provider/bedrock.go:526.49,528.16 2 0
github.com/alibaba/higress/plugins/wasm-go/extensions/ai-proxy/provider/bedrock.go:528.16,530.3 1 0
github.com/alibaba/higress/plugins/wasm-go/extensions/ai-proxy/provider/bedrock.go:532.2,533.12 2 0
github.com/alibaba/higress/plugins/wasm-go/extensions/ai-proxy/provider/bedrock.go:536.52,540.16 4 0
github.com/alibaba/higress/plugins/wasm-go/extensions/ai-proxy/provider/bedrock.go:540.16,542.3 1 0
github.com/alibaba/higress/plugins/wasm-go/extensions/ai-proxy/provider/bedrock.go:544.2,546.16 3 0
github.com/alibaba/higress/plugins/wasm-go/extensions/ai-proxy/provider/bedrock.go:546.16,548.3 1 0
github.com/alibaba/higress/plugins/wasm-go/extensions/ai-proxy/provider/bedrock.go:550.2,550.17 1 0
github.com/alibaba/higress/plugins/wasm-go/extensions/ai-proxy/provider/bedrock.go:553.48,557.16 4 0
github.com/alibaba/higress/plugins/wasm-go/extensions/ai-proxy/provider/bedrock.go:557.16,559.3 1 0
github.com/alibaba/higress/plugins/wasm-go/extensions/ai-proxy/provider/bedrock.go:560.2,560.41 1 0
github.com/alibaba/higress/plugins/wasm-go/extensions/ai-proxy/provider/bedrock.go:563.53,566.2 2 0
github.com/alibaba/higress/plugins/wasm-go/extensions/ai-proxy/provider/bedrock.go:589.52,594.16 4 0
github.com/alibaba/higress/plugins/wasm-go/extensions/ai-proxy/provider/bedrock.go:594.16,596.3 1 0
github.com/alibaba/higress/plugins/wasm-go/extensions/ai-proxy/provider/bedrock.go:598.2,599.48 2 0
github.com/alibaba/higress/plugins/wasm-go/extensions/ai-proxy/provider/bedrock.go:599.48,601.3 1 0
github.com/alibaba/higress/plugins/wasm-go/extensions/ai-proxy/provider/bedrock.go:603.2,603.26 1 0
github.com/alibaba/higress/plugins/wasm-go/extensions/ai-proxy/provider/bedrock.go:606.46,611.34 2 0
github.com/alibaba/higress/plugins/wasm-go/extensions/ai-proxy/provider/bedrock.go:611.34,614.3 2 0
github.com/alibaba/higress/plugins/wasm-go/extensions/ai-proxy/provider/bedrock.go:616.2,618.18 3 0
github.com/alibaba/higress/plugins/wasm-go/extensions/ai-proxy/provider/bedrock.go:628.61,633.2 3 0
github.com/alibaba/higress/plugins/wasm-go/extensions/ai-proxy/provider/bedrock.go:641.46,642.19 1 0
github.com/alibaba/higress/plugins/wasm-go/extensions/ai-proxy/provider/bedrock.go:642.19,644.3 1 0
github.com/alibaba/higress/plugins/wasm-go/extensions/ai-proxy/provider/bedrock.go:645.2,645.12 1 0
github.com/alibaba/higress/plugins/wasm-go/extensions/ai-proxy/provider/bedrock.go:648.45,650.2 1 0
github.com/alibaba/higress/plugins/wasm-go/extensions/ai-proxy/provider/bedrock.go:652.74,657.16 4 0
github.com/alibaba/higress/plugins/wasm-go/extensions/ai-proxy/provider/bedrock.go:657.16,659.3 1 0
github.com/alibaba/higress/plugins/wasm-go/extensions/ai-proxy/provider/bedrock.go:661.2,662.16 2 0
github.com/alibaba/higress/plugins/wasm-go/extensions/ai-proxy/provider/bedrock.go:662.16,664.3 1 0
github.com/alibaba/higress/plugins/wasm-go/extensions/ai-proxy/provider/bedrock.go:666.2,666.41 1 0
github.com/alibaba/higress/plugins/wasm-go/extensions/ai-proxy/provider/bedrock.go:666.41,668.3 1 0
github.com/alibaba/higress/plugins/wasm-go/extensions/ai-proxy/provider/bedrock.go:670.2,671.51 2 0
github.com/alibaba/higress/plugins/wasm-go/extensions/ai-proxy/provider/bedrock.go:671.51,673.3 1 0
github.com/alibaba/higress/plugins/wasm-go/extensions/ai-proxy/provider/bedrock.go:675.2,677.15 2 0
github.com/alibaba/higress/plugins/wasm-go/extensions/ai-proxy/provider/bedrock.go:680.48,684.16 4 0
github.com/alibaba/higress/plugins/wasm-go/extensions/ai-proxy/provider/bedrock.go:684.16,686.3 1 0
github.com/alibaba/higress/plugins/wasm-go/extensions/ai-proxy/provider/bedrock.go:687.2,687.41 1 0
github.com/alibaba/higress/plugins/wasm-go/extensions/ai-proxy/provider/bedrock.go:690.52,692.16 2 0
github.com/alibaba/higress/plugins/wasm-go/extensions/ai-proxy/provider/bedrock.go:692.16,694.3 1 0
github.com/alibaba/higress/plugins/wasm-go/extensions/ai-proxy/provider/bedrock.go:696.2,696.22 1 0
github.com/alibaba/higress/plugins/wasm-go/extensions/ai-proxy/provider/bedrock.go:696.22,698.3 1 0
github.com/alibaba/higress/plugins/wasm-go/extensions/ai-proxy/provider/bedrock.go:700.2,700.12 1 0
github.com/alibaba/higress/plugins/wasm-go/extensions/ai-proxy/provider/bedrock.go:703.115,705.73 2 0
github.com/alibaba/higress/plugins/wasm-go/extensions/ai-proxy/provider/bedrock.go:705.73,707.3 1 0
github.com/alibaba/higress/plugins/wasm-go/extensions/ai-proxy/provider/bedrock.go:708.2,708.31 1 0
github.com/alibaba/higress/plugins/wasm-go/extensions/ai-proxy/provider/bedrock.go:711.52,713.2 1 0
github.com/alibaba/higress/plugins/wasm-go/extensions/ai-proxy/provider/bedrock.go:715.59,716.9 1 0
github.com/alibaba/higress/plugins/wasm-go/extensions/ai-proxy/provider/bedrock.go:717.52,718.31 1 0
github.com/alibaba/higress/plugins/wasm-go/extensions/ai-proxy/provider/bedrock.go:719.50,720.32 1 0
github.com/alibaba/higress/plugins/wasm-go/extensions/ai-proxy/provider/bedrock.go:721.10,722.12 1 0
github.com/alibaba/higress/plugins/wasm-go/extensions/ai-proxy/provider/bedrock.go:726.92,729.2 2 0
github.com/alibaba/higress/plugins/wasm-go/extensions/ai-proxy/provider/bedrock.go:731.114,732.41 1 0
github.com/alibaba/higress/plugins/wasm-go/extensions/ai-proxy/provider/bedrock.go:732.41,737.34 4 0
github.com/alibaba/higress/plugins/wasm-go/extensions/ai-proxy/provider/bedrock.go:737.34,740.4 2 0
github.com/alibaba/higress/plugins/wasm-go/extensions/ai-proxy/provider/bedrock.go:741.3,741.9 1 0
github.com/alibaba/higress/plugins/wasm-go/extensions/ai-proxy/provider/bedrock.go:744.2,749.33 2 0
github.com/alibaba/higress/plugins/wasm-go/extensions/ai-proxy/provider/bedrock.go:749.33,751.3 1 0
github.com/alibaba/higress/plugins/wasm-go/extensions/ai-proxy/provider/bedrock.go:754.118,757.27 1 0
github.com/alibaba/higress/plugins/wasm-go/extensions/ai-proxy/provider/bedrock.go:757.27,762.3 4 0
github.com/alibaba/higress/plugins/wasm-go/extensions/ai-proxy/provider/bedrock.go:764.2,764.39 1 0
github.com/alibaba/higress/plugins/wasm-go/extensions/ai-proxy/provider/bedrock.go:764.39,766.3 1 0
github.com/alibaba/higress/plugins/wasm-go/extensions/ai-proxy/provider/bedrock.go:767.2,767.74 1 0
github.com/alibaba/higress/plugins/wasm-go/extensions/ai-proxy/provider/bedrock.go:770.147,773.17 3 0
github.com/alibaba/higress/plugins/wasm-go/extensions/ai-proxy/provider/bedrock.go:774.29,775.75 1 0
github.com/alibaba/higress/plugins/wasm-go/extensions/ai-proxy/provider/bedrock.go:776.32,777.78 1 0
github.com/alibaba/higress/plugins/wasm-go/extensions/ai-proxy/provider/bedrock.go:778.30,779.76 1 0
github.com/alibaba/higress/plugins/wasm-go/extensions/ai-proxy/provider/bedrock.go:780.10,781.82 1 0
github.com/alibaba/higress/plugins/wasm-go/extensions/ai-proxy/provider/bedrock.go:784.2,784.16 1 0
github.com/alibaba/higress/plugins/wasm-go/extensions/ai-proxy/provider/bedrock.go:784.16,786.3 1 0
github.com/alibaba/higress/plugins/wasm-go/extensions/ai-proxy/provider/bedrock.go:790.2,791.29 2 0
github.com/alibaba/higress/plugins/wasm-go/extensions/ai-proxy/provider/bedrock.go:794.120,795.17 1 0
github.com/alibaba/higress/plugins/wasm-go/extensions/ai-proxy/provider/bedrock.go:796.29,797.51 1 0
github.com/alibaba/higress/plugins/wasm-go/extensions/ai-proxy/provider/bedrock.go:798.32,799.19 1 0
github.com/alibaba/higress/plugins/wasm-go/extensions/ai-proxy/provider/bedrock.go:800.30,801.47 1 0
github.com/alibaba/higress/plugins/wasm-go/extensions/ai-proxy/provider/bedrock.go:803.2,803.35 1 0
github.com/alibaba/higress/plugins/wasm-go/extensions/ai-proxy/provider/bedrock.go:806.86,808.62 2 0
github.com/alibaba/higress/plugins/wasm-go/extensions/ai-proxy/provider/bedrock.go:808.62,811.3 2 0
github.com/alibaba/higress/plugins/wasm-go/extensions/ai-proxy/provider/bedrock.go:812.2,813.31 2 0
github.com/alibaba/higress/plugins/wasm-go/extensions/ai-proxy/provider/bedrock.go:816.131,819.16 3 0
github.com/alibaba/higress/plugins/wasm-go/extensions/ai-proxy/provider/bedrock.go:819.16,821.3 1 0
github.com/alibaba/higress/plugins/wasm-go/extensions/ai-proxy/provider/bedrock.go:822.2,824.63 3 0
github.com/alibaba/higress/plugins/wasm-go/extensions/ai-proxy/provider/bedrock.go:827.133,828.43 1 0
github.com/alibaba/higress/plugins/wasm-go/extensions/ai-proxy/provider/bedrock.go:828.43,831.3 2 0
github.com/alibaba/higress/plugins/wasm-go/extensions/ai-proxy/provider/bedrock.go:831.8,833.3 1 0
github.com/alibaba/higress/plugins/wasm-go/extensions/ai-proxy/provider/bedrock.go:835.2,836.55 2 0
github.com/alibaba/higress/plugins/wasm-go/extensions/ai-proxy/provider/bedrock.go:836.55,838.3 1 0
github.com/alibaba/higress/plugins/wasm-go/extensions/ai-proxy/provider/bedrock.go:839.2,839.45 1 0
github.com/alibaba/higress/plugins/wasm-go/extensions/ai-proxy/provider/bedrock.go:842.53,843.31 1 0
github.com/alibaba/higress/plugins/wasm-go/extensions/ai-proxy/provider/bedrock.go:843.31,845.3 1 0
github.com/alibaba/higress/plugins/wasm-go/extensions/ai-proxy/provider/bedrock.go:846.2,846.29 1 0
github.com/alibaba/higress/plugins/wasm-go/extensions/ai-proxy/provider/bedrock.go:849.136,852.21 3 0
github.com/alibaba/higress/plugins/wasm-go/extensions/ai-proxy/provider/bedrock.go:852.21,855.3 2 0
github.com/alibaba/higress/plugins/wasm-go/extensions/ai-proxy/provider/bedrock.go:857.2,869.30 2 0
github.com/alibaba/higress/plugins/wasm-go/extensions/ai-proxy/provider/bedrock.go:872.137,874.47 2 0
github.com/alibaba/higress/plugins/wasm-go/extensions/ai-proxy/provider/bedrock.go:874.47,878.3 1 0
github.com/alibaba/higress/plugins/wasm-go/extensions/ai-proxy/provider/bedrock.go:879.2,882.3 1 0
github.com/alibaba/higress/plugins/wasm-go/extensions/ai-proxy/provider/bedrock.go:885.110,887.62 2 0
github.com/alibaba/higress/plugins/wasm-go/extensions/ai-proxy/provider/bedrock.go:887.62,890.3 2 0
github.com/alibaba/higress/plugins/wasm-go/extensions/ai-proxy/provider/bedrock.go:891.2,892.31 2 0
github.com/alibaba/higress/plugins/wasm-go/extensions/ai-proxy/provider/bedrock.go:895.130,898.16 3 0
github.com/alibaba/higress/plugins/wasm-go/extensions/ai-proxy/provider/bedrock.go:898.16,900.3 1 0
github.com/alibaba/higress/plugins/wasm-go/extensions/ai-proxy/provider/bedrock.go:901.2,903.15 3 0
github.com/alibaba/higress/plugins/wasm-go/extensions/ai-proxy/provider/bedrock.go:903.15,905.3 1 0
github.com/alibaba/higress/plugins/wasm-go/extensions/ai-proxy/provider/bedrock.go:905.8,907.3 1 0
github.com/alibaba/higress/plugins/wasm-go/extensions/ai-proxy/provider/bedrock.go:908.2,908.62 1 0
github.com/alibaba/higress/plugins/wasm-go/extensions/ai-proxy/provider/bedrock.go:911.134,915.43 3 1
github.com/alibaba/higress/plugins/wasm-go/extensions/ai-proxy/provider/bedrock.go:915.43,916.19 1 1
github.com/alibaba/higress/plugins/wasm-go/extensions/ai-proxy/provider/bedrock.go:917.19,918.90 1 1
github.com/alibaba/higress/plugins/wasm-go/extensions/ai-proxy/provider/bedrock.go:919.17,921.40 2 1
github.com/alibaba/higress/plugins/wasm-go/extensions/ai-proxy/provider/bedrock.go:921.40,923.5 1 1
github.com/alibaba/higress/plugins/wasm-go/extensions/ai-proxy/provider/bedrock.go:924.4,924.129 1 1
github.com/alibaba/higress/plugins/wasm-go/extensions/ai-proxy/provider/bedrock.go:924.129,926.5 1 0
github.com/alibaba/higress/plugins/wasm-go/extensions/ai-proxy/provider/bedrock.go:926.10,931.5 1 1
github.com/alibaba/higress/plugins/wasm-go/extensions/ai-proxy/provider/bedrock.go:932.11,933.64 1 1
github.com/alibaba/higress/plugins/wasm-go/extensions/ai-proxy/provider/bedrock.go:937.2,953.38 3 1
github.com/alibaba/higress/plugins/wasm-go/extensions/ai-proxy/provider/bedrock.go:953.38,955.3 1 0
github.com/alibaba/higress/plugins/wasm-go/extensions/ai-proxy/provider/bedrock.go:956.2,956.52 1 1
github.com/alibaba/higress/plugins/wasm-go/extensions/ai-proxy/provider/bedrock.go:956.52,957.93 1 0
github.com/alibaba/higress/plugins/wasm-go/extensions/ai-proxy/provider/bedrock.go:957.93,959.4 1 0
github.com/alibaba/higress/plugins/wasm-go/extensions/ai-proxy/provider/bedrock.go:960.8,960.48 1 1
github.com/alibaba/higress/plugins/wasm-go/extensions/ai-proxy/provider/bedrock.go:960.48,962.3 1 0
github.com/alibaba/higress/plugins/wasm-go/extensions/ai-proxy/provider/bedrock.go:964.2,965.21 2 1
github.com/alibaba/higress/plugins/wasm-go/extensions/ai-proxy/provider/bedrock.go:965.21,967.165 2 1
github.com/alibaba/higress/plugins/wasm-go/extensions/ai-proxy/provider/bedrock.go:967.165,971.4 1 1
github.com/alibaba/higress/plugins/wasm-go/extensions/ai-proxy/provider/bedrock.go:972.8,972.46 1 1
github.com/alibaba/higress/plugins/wasm-go/extensions/ai-proxy/provider/bedrock.go:972.46,974.38 2 0
github.com/alibaba/higress/plugins/wasm-go/extensions/ai-proxy/provider/bedrock.go:975.14,976.25 1 0
github.com/alibaba/higress/plugins/wasm-go/extensions/ai-proxy/provider/bedrock.go:977.17,978.25 1 0
github.com/alibaba/higress/plugins/wasm-go/extensions/ai-proxy/provider/bedrock.go:979.15,980.26 1 0
github.com/alibaba/higress/plugins/wasm-go/extensions/ai-proxy/provider/bedrock.go:982.3,985.4 1 0
github.com/alibaba/higress/plugins/wasm-go/extensions/ai-proxy/provider/bedrock.go:987.2,987.73 1 1
github.com/alibaba/higress/plugins/wasm-go/extensions/ai-proxy/provider/bedrock.go:987.73,988.35 1 1
github.com/alibaba/higress/plugins/wasm-go/extensions/ai-proxy/provider/bedrock.go:988.35,990.4 1 1
github.com/alibaba/higress/plugins/wasm-go/extensions/ai-proxy/provider/bedrock.go:993.2,993.75 1 1
github.com/alibaba/higress/plugins/wasm-go/extensions/ai-proxy/provider/bedrock.go:993.75,997.72 4 1
github.com/alibaba/higress/plugins/wasm-go/extensions/ai-proxy/provider/bedrock.go:997.72,998.23 1 1
github.com/alibaba/higress/plugins/wasm-go/extensions/ai-proxy/provider/bedrock.go:1001.27,1002.21 1 1
github.com/alibaba/higress/plugins/wasm-go/extensions/ai-proxy/provider/bedrock.go:1002.21,1005.6 2 0
github.com/alibaba/higress/plugins/wasm-go/extensions/ai-proxy/provider/bedrock.go:1006.16,1007.53 1 0
github.com/alibaba/higress/plugins/wasm-go/extensions/ai-proxy/provider/bedrock.go:1008.20,1009.113 1 0
github.com/alibaba/higress/plugins/wasm-go/extensions/ai-proxy/provider/bedrock.go:1009.113,1014.6 2 0
github.com/alibaba/higress/plugins/wasm-go/extensions/ai-proxy/provider/bedrock.go:1017.3,1018.42 2 1
github.com/alibaba/higress/plugins/wasm-go/extensions/ai-proxy/provider/bedrock.go:1018.42,1026.4 1 1
github.com/alibaba/higress/plugins/wasm-go/extensions/ai-proxy/provider/bedrock.go:1029.2,1029.59 1 1
github.com/alibaba/higress/plugins/wasm-go/extensions/ai-proxy/provider/bedrock.go:1029.59,1031.3 1 0
github.com/alibaba/higress/plugins/wasm-go/extensions/ai-proxy/provider/bedrock.go:1033.2,1033.30 1 1
github.com/alibaba/higress/plugins/wasm-go/extensions/ai-proxy/provider/bedrock.go:1036.146,1039.65 3 1
github.com/alibaba/higress/plugins/wasm-go/extensions/ai-proxy/provider/bedrock.go:1039.65,1040.38 1 1
github.com/alibaba/higress/plugins/wasm-go/extensions/ai-proxy/provider/bedrock.go:1040.38,1041.53 1 1
github.com/alibaba/higress/plugins/wasm-go/extensions/ai-proxy/provider/bedrock.go:1041.53,1044.38 3 1
github.com/alibaba/higress/plugins/wasm-go/extensions/ai-proxy/provider/bedrock.go:1044.38,1051.6 2 1
github.com/alibaba/higress/plugins/wasm-go/extensions/ai-proxy/provider/bedrock.go:1053.4,1053.54 1 1
github.com/alibaba/higress/plugins/wasm-go/extensions/ai-proxy/provider/bedrock.go:1053.54,1058.5 1 1
github.com/alibaba/higress/plugins/wasm-go/extensions/ai-proxy/provider/bedrock.go:1060.3,1060.29 1 1
github.com/alibaba/higress/plugins/wasm-go/extensions/ai-proxy/provider/bedrock.go:1060.29,1062.20 2 1
github.com/alibaba/higress/plugins/wasm-go/extensions/ai-proxy/provider/bedrock.go:1062.20,1064.5 1 0
github.com/alibaba/higress/plugins/wasm-go/extensions/ai-proxy/provider/bedrock.go:1065.4,1070.6 1 1
github.com/alibaba/higress/plugins/wasm-go/extensions/ai-proxy/provider/bedrock.go:1072.3,1072.25 1 1
github.com/alibaba/higress/plugins/wasm-go/extensions/ai-proxy/provider/bedrock.go:1072.25,1079.4 3 1
github.com/alibaba/higress/plugins/wasm-go/extensions/ai-proxy/provider/bedrock.go:1081.2,1081.16 1 1
github.com/alibaba/higress/plugins/wasm-go/extensions/ai-proxy/provider/bedrock.go:1081.16,1083.61 2 1
github.com/alibaba/higress/plugins/wasm-go/extensions/ai-proxy/provider/bedrock.go:1083.61,1085.4 1 1
github.com/alibaba/higress/plugins/wasm-go/extensions/ai-proxy/provider/bedrock.go:1087.2,1097.65 3 1
github.com/alibaba/higress/plugins/wasm-go/extensions/ai-proxy/provider/bedrock.go:1097.65,1098.29 1 1
github.com/alibaba/higress/plugins/wasm-go/extensions/ai-proxy/provider/bedrock.go:1098.29,1108.4 2 1
github.com/alibaba/higress/plugins/wasm-go/extensions/ai-proxy/provider/bedrock.go:1110.2,1126.3 4 1
github.com/alibaba/higress/plugins/wasm-go/extensions/ai-proxy/provider/bedrock.go:1129.97,1132.39 2 1
github.com/alibaba/higress/plugins/wasm-go/extensions/ai-proxy/provider/bedrock.go:1132.39,1134.3 1 1
github.com/alibaba/higress/plugins/wasm-go/extensions/ai-proxy/provider/bedrock.go:1135.2,1137.48 3 1
github.com/alibaba/higress/plugins/wasm-go/extensions/ai-proxy/provider/bedrock.go:1140.53,1141.16 1 1
github.com/alibaba/higress/plugins/wasm-go/extensions/ai-proxy/provider/bedrock.go:1142.18,1143.26 1 1
github.com/alibaba/higress/plugins/wasm-go/extensions/ai-proxy/provider/bedrock.go:1144.23,1145.26 1 0
github.com/alibaba/higress/plugins/wasm-go/extensions/ai-proxy/provider/bedrock.go:1146.20,1147.28 1 0
github.com/alibaba/higress/plugins/wasm-go/extensions/ai-proxy/provider/bedrock.go:1148.18,1149.30 1 1
github.com/alibaba/higress/plugins/wasm-go/extensions/ai-proxy/provider/bedrock.go:1150.10,1151.16 1 0
github.com/alibaba/higress/plugins/wasm-go/extensions/ai-proxy/provider/bedrock.go:1155.75,1157.29 2 0
github.com/alibaba/higress/plugins/wasm-go/extensions/ai-proxy/provider/bedrock.go:1158.10,1159.19 1 0
github.com/alibaba/higress/plugins/wasm-go/extensions/ai-proxy/provider/bedrock.go:1160.19,1163.18 1 0
github.com/alibaba/higress/plugins/wasm-go/extensions/ai-proxy/provider/bedrock.go:1164.13,1165.33 1 0
github.com/alibaba/higress/plugins/wasm-go/extensions/ai-proxy/provider/bedrock.go:1166.10,1168.19 2 0
github.com/alibaba/higress/plugins/wasm-go/extensions/ai-proxy/provider/bedrock.go:1172.61,1176.30 4 1
github.com/alibaba/higress/plugins/wasm-go/extensions/ai-proxy/provider/bedrock.go:1176.30,1178.3 1 1
github.com/alibaba/higress/plugins/wasm-go/extensions/ai-proxy/provider/bedrock.go:1179.2,1179.19 1 1
github.com/alibaba/higress/plugins/wasm-go/extensions/ai-proxy/provider/bedrock.go:1182.53,1186.2 2 1
github.com/alibaba/higress/plugins/wasm-go/extensions/ai-proxy/provider/bedrock.go:1188.98,1189.39 1 1
github.com/alibaba/higress/plugins/wasm-go/extensions/ai-proxy/provider/bedrock.go:1189.39,1191.3 1 0
github.com/alibaba/higress/plugins/wasm-go/extensions/ai-proxy/provider/bedrock.go:1192.2,1192.41 1 1
github.com/alibaba/higress/plugins/wasm-go/extensions/ai-proxy/provider/bedrock.go:1192.41,1194.3 1 0
github.com/alibaba/higress/plugins/wasm-go/extensions/ai-proxy/provider/bedrock.go:1195.2,1195.11 1 1
github.com/alibaba/higress/plugins/wasm-go/extensions/ai-proxy/provider/bedrock.go:1198.74,1199.54 1 0
github.com/alibaba/higress/plugins/wasm-go/extensions/ai-proxy/provider/bedrock.go:1199.54,1204.3 1 0
github.com/alibaba/higress/plugins/wasm-go/extensions/ai-proxy/provider/bedrock.go:1205.2,1210.73 2 0
github.com/alibaba/higress/plugins/wasm-go/extensions/ai-proxy/provider/bedrock.go:1210.73,1212.14 2 0
github.com/alibaba/higress/plugins/wasm-go/extensions/ai-proxy/provider/bedrock.go:1213.126,1214.28 1 0
github.com/alibaba/higress/plugins/wasm-go/extensions/ai-proxy/provider/bedrock.go:1215.11,1216.77 1 0
github.com/alibaba/higress/plugins/wasm-go/extensions/ai-proxy/provider/bedrock.go:1219.2,1219.18 1 0
github.com/alibaba/higress/plugins/wasm-go/extensions/ai-proxy/provider/bedrock.go:1222.60,1226.13 4 0
github.com/alibaba/higress/plugins/wasm-go/extensions/ai-proxy/provider/bedrock.go:1227.22,1228.47 1 0
github.com/alibaba/higress/plugins/wasm-go/extensions/ai-proxy/provider/bedrock.go:1229.25,1230.50 1 0
github.com/alibaba/higress/plugins/wasm-go/extensions/ai-proxy/provider/bedrock.go:1231.21,1232.46 1 0
github.com/alibaba/higress/plugins/wasm-go/extensions/ai-proxy/provider/bedrock.go:1233.10,1234.13 1 0
github.com/alibaba/higress/plugins/wasm-go/extensions/ai-proxy/provider/bedrock.go:1238.119,1239.81 1 0
github.com/alibaba/higress/plugins/wasm-go/extensions/ai-proxy/provider/bedrock.go:1239.81,1246.3 1 0
github.com/alibaba/higress/plugins/wasm-go/extensions/ai-proxy/provider/bedrock.go:1248.2,1249.57 2 0
github.com/alibaba/higress/plugins/wasm-go/extensions/ai-proxy/provider/bedrock.go:1249.57,1251.32 2 0
github.com/alibaba/higress/plugins/wasm-go/extensions/ai-proxy/provider/bedrock.go:1251.32,1253.4 1 0
github.com/alibaba/higress/plugins/wasm-go/extensions/ai-proxy/provider/bedrock.go:1255.2,1255.82 1 0
github.com/alibaba/higress/plugins/wasm-go/extensions/ai-proxy/provider/bedrock.go:1255.82,1257.47 2 0
github.com/alibaba/higress/plugins/wasm-go/extensions/ai-proxy/provider/bedrock.go:1257.47,1259.4 1 0
github.com/alibaba/higress/plugins/wasm-go/extensions/ai-proxy/provider/bedrock.go:1263.77,1264.42 1 0
github.com/alibaba/higress/plugins/wasm-go/extensions/ai-proxy/provider/bedrock.go:1264.42,1265.31 1 0
github.com/alibaba/higress/plugins/wasm-go/extensions/ai-proxy/provider/bedrock.go:1265.31,1267.4 1 0
github.com/alibaba/higress/plugins/wasm-go/extensions/ai-proxy/provider/bedrock.go:1269.2,1269.11 1 0
github.com/alibaba/higress/plugins/wasm-go/extensions/ai-proxy/provider/bedrock.go:1272.106,1273.63 1 1
github.com/alibaba/higress/plugins/wasm-go/extensions/ai-proxy/provider/bedrock.go:1273.63,1275.3 1 1
github.com/alibaba/higress/plugins/wasm-go/extensions/ai-proxy/provider/bedrock.go:1276.2,1281.4 1 1
github.com/alibaba/higress/plugins/wasm-go/extensions/ai-proxy/provider/bedrock.go:1284.105,1286.28 2 1
github.com/alibaba/higress/plugins/wasm-go/extensions/ai-proxy/provider/bedrock.go:1286.28,1288.3 1 1
github.com/alibaba/higress/plugins/wasm-go/extensions/ai-proxy/provider/bedrock.go:1289.2,1291.3 1 0
github.com/alibaba/higress/plugins/wasm-go/extensions/ai-proxy/provider/bedrock.go:1452.94,1455.50 3 1
github.com/alibaba/higress/plugins/wasm-go/extensions/ai-proxy/provider/bedrock.go:1455.50,1461.3 1 1
github.com/alibaba/higress/plugins/wasm-go/extensions/ai-proxy/provider/bedrock.go:1461.8,1461.63 1 0
github.com/alibaba/higress/plugins/wasm-go/extensions/ai-proxy/provider/bedrock.go:1461.63,1462.43 1 0
github.com/alibaba/higress/plugins/wasm-go/extensions/ai-proxy/provider/bedrock.go:1462.43,1464.51 2 0
github.com/alibaba/higress/plugins/wasm-go/extensions/ai-proxy/provider/bedrock.go:1464.51,1465.61 1 0
github.com/alibaba/higress/plugins/wasm-go/extensions/ai-proxy/provider/bedrock.go:1465.61,1469.6 1 0
github.com/alibaba/higress/plugins/wasm-go/extensions/ai-proxy/provider/bedrock.go:1472.8,1474.3 1 0
github.com/alibaba/higress/plugins/wasm-go/extensions/ai-proxy/provider/bedrock.go:1475.2,1477.3 1 1
github.com/alibaba/higress/plugins/wasm-go/extensions/ai-proxy/provider/bedrock.go:1480.73,1482.46 2 1
github.com/alibaba/higress/plugins/wasm-go/extensions/ai-proxy/provider/bedrock.go:1482.46,1487.3 1 1
github.com/alibaba/higress/plugins/wasm-go/extensions/ai-proxy/provider/bedrock.go:1488.2,1488.36 1 1
github.com/alibaba/higress/plugins/wasm-go/extensions/ai-proxy/provider/bedrock.go:1488.36,1490.50 2 0
github.com/alibaba/higress/plugins/wasm-go/extensions/ai-proxy/provider/bedrock.go:1490.50,1500.4 3 0
github.com/alibaba/higress/plugins/wasm-go/extensions/ai-proxy/provider/bedrock.go:1501.3,1504.4 1 0
github.com/alibaba/higress/plugins/wasm-go/extensions/ai-proxy/provider/bedrock.go:1505.8,1505.42 1 1
github.com/alibaba/higress/plugins/wasm-go/extensions/ai-proxy/provider/bedrock.go:1505.42,1510.3 1 1
github.com/alibaba/higress/plugins/wasm-go/extensions/ai-proxy/provider/bedrock.go:1510.8,1513.38 3 0
github.com/alibaba/higress/plugins/wasm-go/extensions/ai-proxy/provider/bedrock.go:1513.38,1515.36 2 0
github.com/alibaba/higress/plugins/wasm-go/extensions/ai-proxy/provider/bedrock.go:1515.36,1517.5 1 0
github.com/alibaba/higress/plugins/wasm-go/extensions/ai-proxy/provider/bedrock.go:1517.10,1517.47 1 0
github.com/alibaba/higress/plugins/wasm-go/extensions/ai-proxy/provider/bedrock.go:1517.47,1520.19 3 0
github.com/alibaba/higress/plugins/wasm-go/extensions/ai-proxy/provider/bedrock.go:1520.19,1522.14 2 0
github.com/alibaba/higress/plugins/wasm-go/extensions/ai-proxy/provider/bedrock.go:1524.5,1530.6 2 0
github.com/alibaba/higress/plugins/wasm-go/extensions/ai-proxy/provider/bedrock.go:1531.10,1533.13 2 0
github.com/alibaba/higress/plugins/wasm-go/extensions/ai-proxy/provider/bedrock.go:1535.4,1535.40 1 0
github.com/alibaba/higress/plugins/wasm-go/extensions/ai-proxy/provider/bedrock.go:1537.3,1540.4 1 0
github.com/alibaba/higress/plugins/wasm-go/extensions/ai-proxy/provider/bedrock.go:1542.2,1542.15 1 1
github.com/alibaba/higress/plugins/wasm-go/extensions/ai-proxy/provider/bedrock.go:1545.102,1547.31 2 1
github.com/alibaba/higress/plugins/wasm-go/extensions/ai-proxy/provider/bedrock.go:1547.31,1548.21 1 1
github.com/alibaba/higress/plugins/wasm-go/extensions/ai-proxy/provider/bedrock.go:1549.15,1550.68 1 0
github.com/alibaba/higress/plugins/wasm-go/extensions/ai-proxy/provider/bedrock.go:1551.16,1552.60 1 0
github.com/alibaba/higress/plugins/wasm-go/extensions/ai-proxy/provider/bedrock.go:1552.60,1557.5 1 0
github.com/alibaba/higress/plugins/wasm-go/extensions/ai-proxy/provider/bedrock.go:1558.19,1563.7 1 1
github.com/alibaba/higress/plugins/wasm-go/extensions/ai-proxy/provider/bedrock.go:1564.22,1565.101 1 1
github.com/alibaba/higress/plugins/wasm-go/extensions/ai-proxy/provider/bedrock.go:1566.19,1569.7 1 1
github.com/alibaba/higress/plugins/wasm-go/extensions/ai-proxy/provider/bedrock.go:1570.28,1573.7 1 1
github.com/alibaba/higress/plugins/wasm-go/extensions/ai-proxy/provider/bedrock.go:1576.2,1576.15 1 1
github.com/alibaba/higress/plugins/wasm-go/extensions/ai-proxy/provider/bedrock.go:1579.79,1580.18 1 1
github.com/alibaba/higress/plugins/wasm-go/extensions/ai-proxy/provider/bedrock.go:1580.18,1582.3 1 0
github.com/alibaba/higress/plugins/wasm-go/extensions/ai-proxy/provider/bedrock.go:1583.2,1583.15 1 1
github.com/alibaba/higress/plugins/wasm-go/extensions/ai-proxy/provider/bedrock.go:1586.93,1587.75 1 1
github.com/alibaba/higress/plugins/wasm-go/extensions/ai-proxy/provider/bedrock.go:1587.75,1589.3 1 1
github.com/alibaba/higress/plugins/wasm-go/extensions/ai-proxy/provider/bedrock.go:1590.2,1591.28 2 1
github.com/alibaba/higress/plugins/wasm-go/extensions/ai-proxy/provider/bedrock.go:1591.28,1593.3 1 0
github.com/alibaba/higress/plugins/wasm-go/extensions/ai-proxy/provider/bedrock.go:1594.2,1594.61 1 1
github.com/alibaba/higress/plugins/wasm-go/extensions/ai-proxy/provider/bedrock.go:1594.61,1596.3 1 1
github.com/alibaba/higress/plugins/wasm-go/extensions/ai-proxy/provider/bedrock.go:1597.2,1597.15 1 1
github.com/alibaba/higress/plugins/wasm-go/extensions/ai-proxy/provider/bedrock.go:1600.56,1601.16 1 1
github.com/alibaba/higress/plugins/wasm-go/extensions/ai-proxy/provider/bedrock.go:1602.31,1603.14 1 1
github.com/alibaba/higress/plugins/wasm-go/extensions/ai-proxy/provider/bedrock.go:1604.10,1605.15 1 1
github.com/alibaba/higress/plugins/wasm-go/extensions/ai-proxy/provider/bedrock.go:1609.86,1611.19 2 1
github.com/alibaba/higress/plugins/wasm-go/extensions/ai-proxy/provider/bedrock.go:1611.19,1613.3 1 1
github.com/alibaba/higress/plugins/wasm-go/extensions/ai-proxy/provider/bedrock.go:1614.2,1614.26 1 1
github.com/alibaba/higress/plugins/wasm-go/extensions/ai-proxy/provider/bedrock.go:1614.26,1617.3 2 1
github.com/alibaba/higress/plugins/wasm-go/extensions/ai-proxy/provider/bedrock.go:1618.2,1618.28 1 1
github.com/alibaba/higress/plugins/wasm-go/extensions/ai-proxy/provider/bedrock.go:1618.28,1621.3 2 1
github.com/alibaba/higress/plugins/wasm-go/extensions/ai-proxy/provider/bedrock.go:1622.2,1622.48 1 1
github.com/alibaba/higress/plugins/wasm-go/extensions/ai-proxy/provider/bedrock.go:1622.48,1623.20 1 1
github.com/alibaba/higress/plugins/wasm-go/extensions/ai-proxy/provider/bedrock.go:1624.15,1625.94 1 1
github.com/alibaba/higress/plugins/wasm-go/extensions/ai-proxy/provider/bedrock.go:1626.16,1627.58 1 0
github.com/alibaba/higress/plugins/wasm-go/extensions/ai-proxy/provider/bedrock.go:1627.58,1632.5 1 0
github.com/alibaba/higress/plugins/wasm-go/extensions/ai-proxy/provider/bedrock.go:1635.2,1635.30 1 1
github.com/alibaba/higress/plugins/wasm-go/extensions/ai-proxy/provider/bedrock.go:1635.30,1637.3 1 0
github.com/alibaba/higress/plugins/wasm-go/extensions/ai-proxy/provider/bedrock.go:1638.2,1638.15 1 1
github.com/alibaba/higress/plugins/wasm-go/extensions/ai-proxy/provider/bedrock.go:1641.93,1644.33 1 0
github.com/alibaba/higress/plugins/wasm-go/extensions/ai-proxy/provider/bedrock.go:1644.33,1646.3 1 0
github.com/alibaba/higress/plugins/wasm-go/extensions/ai-proxy/provider/bedrock.go:1649.2,1658.224 10 0
github.com/alibaba/higress/plugins/wasm-go/extensions/ai-proxy/provider/bedrock.go:1661.98,1663.2 1 1
github.com/alibaba/higress/plugins/wasm-go/extensions/ai-proxy/provider/bedrock.go:1665.125,1684.2 13 1
github.com/alibaba/higress/plugins/wasm-go/extensions/ai-proxy/provider/bedrock.go:1686.48,1687.41 1 0
github.com/alibaba/higress/plugins/wasm-go/extensions/ai-proxy/provider/bedrock.go:1687.41,1689.3 1 0
github.com/alibaba/higress/plugins/wasm-go/extensions/ai-proxy/provider/bedrock.go:1690.2,1690.26 1 0
github.com/alibaba/higress/plugins/wasm-go/extensions/ai-proxy/provider/bedrock.go:1693.56,1694.40 1 1
github.com/alibaba/higress/plugins/wasm-go/extensions/ai-proxy/provider/bedrock.go:1694.40,1696.3 1 0
github.com/alibaba/higress/plugins/wasm-go/extensions/ai-proxy/provider/bedrock.go:1697.2,1697.50 1 1
github.com/alibaba/higress/plugins/wasm-go/extensions/ai-proxy/provider/bedrock.go:1700.42,1703.61 1 1
github.com/alibaba/higress/plugins/wasm-go/extensions/ai-proxy/provider/bedrock.go:1703.61,1705.3 1 1
github.com/alibaba/higress/plugins/wasm-go/extensions/ai-proxy/provider/bedrock.go:1707.2,1708.31 2 1
github.com/alibaba/higress/plugins/wasm-go/extensions/ai-proxy/provider/bedrock.go:1708.31,1709.16 1 1
github.com/alibaba/higress/plugins/wasm-go/extensions/ai-proxy/provider/bedrock.go:1709.16,1710.12 1 1
github.com/alibaba/higress/plugins/wasm-go/extensions/ai-proxy/provider/bedrock.go:1712.3,1712.36 1 1
github.com/alibaba/higress/plugins/wasm-go/extensions/ai-proxy/provider/bedrock.go:1714.2,1714.36 1 1
github.com/alibaba/higress/plugins/wasm-go/extensions/ai-proxy/provider/bedrock.go:1717.69,1723.2 5 1
github.com/alibaba/higress/plugins/wasm-go/extensions/ai-proxy/provider/bedrock.go:1725.49,1729.2 3 1
github.com/alibaba/higress/plugins/wasm-go/extensions/ai-proxy/provider/bedrock.go:1731.36,1735.2 3 1
github.com/alibaba/higress/plugins/wasm-go/extensions/ai-proxy/provider/bedrock.go:1737.46,1741.2 3 1
github.com/alibaba/higress/plugins/wasm-go/extensions/ai-proxy/provider/bedrock.go:1743.65,1746.22 3 0
github.com/alibaba/higress/plugins/wasm-go/extensions/ai-proxy/provider/bedrock.go:1746.22,1748.3 1 0
github.com/alibaba/higress/plugins/wasm-go/extensions/ai-proxy/provider/bedrock.go:1750.2,1752.20 3 0
github.com/alibaba/higress/plugins/wasm-go/extensions/ai-proxy/provider/bedrock.go:1752.20,1754.3 1 0
github.com/alibaba/higress/plugins/wasm-go/extensions/ai-proxy/provider/bedrock.go:1755.2,1755.34 1 0
github.com/alibaba/higress/plugins/wasm-go/extensions/ai-proxy/provider/claude.go:86.73,89.59 2 1
github.com/alibaba/higress/plugins/wasm-go/extensions/ai-proxy/provider/claude.go:89.59,93.3 3 1
github.com/alibaba/higress/plugins/wasm-go/extensions/ai-proxy/provider/claude.go:96.2,97.58 2 1
github.com/alibaba/higress/plugins/wasm-go/extensions/ai-proxy/provider/claude.go:97.58,101.3 3 1
github.com/alibaba/higress/plugins/wasm-go/extensions/ai-proxy/provider/claude.go:101.8,103.3 1 0
github.com/alibaba/higress/plugins/wasm-go/extensions/ai-proxy/provider/claude.go:105.2,105.90 1 0
github.com/alibaba/higress/plugins/wasm-go/extensions/ai-proxy/provider/claude.go:109.69,110.18 1 1
github.com/alibaba/higress/plugins/wasm-go/extensions/ai-proxy/provider/claude.go:110.18,112.3 1 1
github.com/alibaba/higress/plugins/wasm-go/extensions/ai-proxy/provider/claude.go:113.2,113.37 1 1
github.com/alibaba/higress/plugins/wasm-go/extensions/ai-proxy/provider/claude.go:117.63,118.18 1 1
github.com/alibaba/higress/plugins/wasm-go/extensions/ai-proxy/provider/claude.go:118.18,120.3 1 1
github.com/alibaba/higress/plugins/wasm-go/extensions/ai-proxy/provider/claude.go:122.2,123.39 2 1
github.com/alibaba/higress/plugins/wasm-go/extensions/ai-proxy/provider/claude.go:123.39,124.23 1 1
github.com/alibaba/higress/plugins/wasm-go/extensions/ai-proxy/provider/claude.go:124.23,126.4 1 1
github.com/alibaba/higress/plugins/wasm-go/extensions/ai-proxy/provider/claude.go:128.2,128.34 1 1
github.com/alibaba/higress/plugins/wasm-go/extensions/ai-proxy/provider/claude.go:132.82,133.19 1 1
github.com/alibaba/higress/plugins/wasm-go/extensions/ai-proxy/provider/claude.go:133.19,135.3 1 1
github.com/alibaba/higress/plugins/wasm-go/extensions/ai-proxy/provider/claude.go:136.2,136.12 1 0
github.com/alibaba/higress/plugins/wasm-go/extensions/ai-proxy/provider/claude.go:140.66,145.2 1 1
github.com/alibaba/higress/plugins/wasm-go/extensions/ai-proxy/provider/claude.go:148.85,153.2 1 1
github.com/alibaba/higress/plugins/wasm-go/extensions/ai-proxy/provider/claude.go:166.65,169.59 2 1
github.com/alibaba/higress/plugins/wasm-go/extensions/ai-proxy/provider/claude.go:169.59,173.3 3 1
github.com/alibaba/higress/plugins/wasm-go/extensions/ai-proxy/provider/claude.go:176.2,177.58 2 1
github.com/alibaba/higress/plugins/wasm-go/extensions/ai-proxy/provider/claude.go:177.58,181.3 3 1
github.com/alibaba/higress/plugins/wasm-go/extensions/ai-proxy/provider/claude.go:183.2,183.86 1 0
github.com/alibaba/higress/plugins/wasm-go/extensions/ai-proxy/provider/claude.go:187.61,188.17 1 1
github.com/alibaba/higress/plugins/wasm-go/extensions/ai-proxy/provider/claude.go:188.17,190.3 1 1
github.com/alibaba/higress/plugins/wasm-go/extensions/ai-proxy/provider/claude.go:191.2,191.38 1 0
github.com/alibaba/higress/plugins/wasm-go/extensions/ai-proxy/provider/claude.go:195.47,196.17 1 0
github.com/alibaba/higress/plugins/wasm-go/extensions/ai-proxy/provider/claude.go:196.17,199.40 2 0
github.com/alibaba/higress/plugins/wasm-go/extensions/ai-proxy/provider/claude.go:199.40,200.24 1 0
github.com/alibaba/higress/plugins/wasm-go/extensions/ai-proxy/provider/claude.go:200.24,202.5 1 0
github.com/alibaba/higress/plugins/wasm-go/extensions/ai-proxy/provider/claude.go:204.3,204.35 1 0
github.com/alibaba/higress/plugins/wasm-go/extensions/ai-proxy/provider/claude.go:206.2,206.24 1 0
github.com/alibaba/higress/plugins/wasm-go/extensions/ai-proxy/provider/claude.go:216.67,218.2 1 1
github.com/alibaba/higress/plugins/wasm-go/extensions/ai-proxy/provider/claude.go:299.82,300.32 1 1
github.com/alibaba/higress/plugins/wasm-go/extensions/ai-proxy/provider/claude.go:300.32,302.3 1 1
github.com/alibaba/higress/plugins/wasm-go/extensions/ai-proxy/provider/claude.go:303.2,303.12 1 1
github.com/alibaba/higress/plugins/wasm-go/extensions/ai-proxy/provider/claude.go:306.77,315.2 1 1
github.com/alibaba/higress/plugins/wasm-go/extensions/ai-proxy/provider/claude.go:317.93,323.2 2 1
github.com/alibaba/higress/plugins/wasm-go/extensions/ai-proxy/provider/claude.go:334.51,336.2 1 1
github.com/alibaba/higress/plugins/wasm-go/extensions/ai-proxy/provider/claude.go:338.91,341.2 2 0
github.com/alibaba/higress/plugins/wasm-go/extensions/ai-proxy/provider/claude.go:343.113,347.31 3 0
github.com/alibaba/higress/plugins/wasm-go/extensions/ai-proxy/provider/claude.go:347.31,349.3 1 0
github.com/alibaba/higress/plugins/wasm-go/extensions/ai-proxy/provider/claude.go:350.2,353.29 2 0
github.com/alibaba/higress/plugins/wasm-go/extensions/ai-proxy/provider/claude.go:353.29,366.71 8 0
github.com/alibaba/higress/plugins/wasm-go/extensions/ai-proxy/provider/claude.go:366.71,367.42 1 0
github.com/alibaba/higress/plugins/wasm-go/extensions/ai-proxy/provider/claude.go:367.42,369.5 1 0
github.com/alibaba/higress/plugins/wasm-go/extensions/ai-proxy/provider/claude.go:369.10,371.5 1 0
github.com/alibaba/higress/plugins/wasm-go/extensions/ai-proxy/provider/claude.go:373.8,377.3 2 0
github.com/alibaba/higress/plugins/wasm-go/extensions/ai-proxy/provider/claude.go:380.117,381.39 1 0
github.com/alibaba/higress/plugins/wasm-go/extensions/ai-proxy/provider/claude.go:381.39,383.3 1 0
github.com/alibaba/higress/plugins/wasm-go/extensions/ai-proxy/provider/claude.go:384.2,384.74 1 0
github.com/alibaba/higress/plugins/wasm-go/extensions/ai-proxy/provider/claude.go:387.118,388.38 1 0
github.com/alibaba/higress/plugins/wasm-go/extensions/ai-proxy/provider/claude.go:388.38,390.3 1 0
github.com/alibaba/higress/plugins/wasm-go/extensions/ai-proxy/provider/claude.go:391.2,392.77 2 0
github.com/alibaba/higress/plugins/wasm-go/extensions/ai-proxy/provider/claude.go:392.77,394.3 1 0
github.com/alibaba/higress/plugins/wasm-go/extensions/ai-proxy/provider/claude.go:395.2,396.36 2 0
github.com/alibaba/higress/plugins/wasm-go/extensions/ai-proxy/provider/claude.go:399.119,400.38 1 0
github.com/alibaba/higress/plugins/wasm-go/extensions/ai-proxy/provider/claude.go:400.38,402.3 1 0
github.com/alibaba/higress/plugins/wasm-go/extensions/ai-proxy/provider/claude.go:403.2,404.61 2 0
github.com/alibaba/higress/plugins/wasm-go/extensions/ai-proxy/provider/claude.go:404.61,406.3 1 0
github.com/alibaba/higress/plugins/wasm-go/extensions/ai-proxy/provider/claude.go:407.2,407.33 1 0
github.com/alibaba/higress/plugins/wasm-go/extensions/ai-proxy/provider/claude.go:407.33,409.3 1 0
github.com/alibaba/higress/plugins/wasm-go/extensions/ai-proxy/provider/claude.go:410.2,411.31 2 0
github.com/alibaba/higress/plugins/wasm-go/extensions/ai-proxy/provider/claude.go:414.137,415.36 1 0
github.com/alibaba/higress/plugins/wasm-go/extensions/ai-proxy/provider/claude.go:415.36,417.3 1 0
github.com/alibaba/higress/plugins/wasm-go/extensions/ai-proxy/provider/claude.go:419.2,419.35 1 0
github.com/alibaba/higress/plugins/wasm-go/extensions/ai-proxy/provider/claude.go:419.35,421.3 1 0
github.com/alibaba/higress/plugins/wasm-go/extensions/ai-proxy/provider/claude.go:423.2,425.29 3 0
github.com/alibaba/higress/plugins/wasm-go/extensions/ai-proxy/provider/claude.go:425.29,427.39 1 0
github.com/alibaba/higress/plugins/wasm-go/extensions/ai-proxy/provider/claude.go:427.39,431.76 3 0
github.com/alibaba/higress/plugins/wasm-go/extensions/ai-proxy/provider/claude.go:431.76,433.13 2 0
github.com/alibaba/higress/plugins/wasm-go/extensions/ai-proxy/provider/claude.go:435.4,436.23 2 0
github.com/alibaba/higress/plugins/wasm-go/extensions/ai-proxy/provider/claude.go:436.23,438.19 2 0
github.com/alibaba/higress/plugins/wasm-go/extensions/ai-proxy/provider/claude.go:438.19,441.6 2 0
github.com/alibaba/higress/plugins/wasm-go/extensions/ai-proxy/provider/claude.go:442.5,442.60 1 0
github.com/alibaba/higress/plugins/wasm-go/extensions/ai-proxy/provider/claude.go:446.2,448.43 3 0
github.com/alibaba/higress/plugins/wasm-go/extensions/ai-proxy/provider/claude.go:451.110,461.34 2 1
github.com/alibaba/higress/plugins/wasm-go/extensions/ai-proxy/provider/claude.go:461.34,463.3 1 0
github.com/alibaba/higress/plugins/wasm-go/extensions/ai-proxy/provider/claude.go:465.2,465.43 1 1
github.com/alibaba/higress/plugins/wasm-go/extensions/ai-proxy/provider/claude.go:465.43,467.3 1 1
github.com/alibaba/higress/plugins/wasm-go/extensions/ai-proxy/provider/claude.go:468.2,468.39 1 1
github.com/alibaba/higress/plugins/wasm-go/extensions/ai-proxy/provider/claude.go:468.39,470.3 1 1
github.com/alibaba/higress/plugins/wasm-go/extensions/ai-proxy/provider/claude.go:473.2,473.112 1 1
github.com/alibaba/higress/plugins/wasm-go/extensions/ai-proxy/provider/claude.go:473.112,475.41 2 1
github.com/alibaba/higress/plugins/wasm-go/extensions/ai-proxy/provider/claude.go:475.41,477.4 1 1
github.com/alibaba/higress/plugins/wasm-go/extensions/ai-proxy/provider/claude.go:477.9,479.39 1 1
github.com/alibaba/higress/plugins/wasm-go/extensions/ai-proxy/provider/claude.go:480.15,481.24 1 1
github.com/alibaba/higress/plugins/wasm-go/extensions/ai-proxy/provider/claude.go:482.18,483.24 1 0
github.com/alibaba/higress/plugins/wasm-go/extensions/ai-proxy/provider/claude.go:484.16,485.25 1 1
github.com/alibaba/higress/plugins/wasm-go/extensions/ai-proxy/provider/claude.go:486.12,487.24 1 0
github.com/alibaba/higress/plugins/wasm-go/extensions/ai-proxy/provider/claude.go:490.3,490.51 1 1
github.com/alibaba/higress/plugins/wasm-go/extensions/ai-proxy/provider/claude.go:490.51,492.4 1 0
github.com/alibaba/higress/plugins/wasm-go/extensions/ai-proxy/provider/claude.go:493.3,493.46 1 1
github.com/alibaba/higress/plugins/wasm-go/extensions/ai-proxy/provider/claude.go:493.46,495.4 1 1
github.com/alibaba/higress/plugins/wasm-go/extensions/ai-proxy/provider/claude.go:496.3,496.52 1 1
github.com/alibaba/higress/plugins/wasm-go/extensions/ai-proxy/provider/claude.go:496.52,501.4 1 1
github.com/alibaba/higress/plugins/wasm-go/extensions/ai-proxy/provider/claude.go:505.2,506.47 2 1
github.com/alibaba/higress/plugins/wasm-go/extensions/ai-proxy/provider/claude.go:506.47,507.33 1 1
github.com/alibaba/higress/plugins/wasm-go/extensions/ai-proxy/provider/claude.go:507.33,510.31 2 1
github.com/alibaba/higress/plugins/wasm-go/extensions/ai-proxy/provider/claude.go:510.31,523.5 1 1
github.com/alibaba/higress/plugins/wasm-go/extensions/ai-proxy/provider/claude.go:523.10,528.5 1 1
github.com/alibaba/higress/plugins/wasm-go/extensions/ai-proxy/provider/claude.go:529.4,529.12 1 1
github.com/alibaba/higress/plugins/wasm-go/extensions/ai-proxy/provider/claude.go:532.3,532.43 1 1
github.com/alibaba/higress/plugins/wasm-go/extensions/ai-proxy/provider/claude.go:532.43,534.24 2 1
github.com/alibaba/higress/plugins/wasm-go/extensions/ai-proxy/provider/claude.go:534.24,536.5 1 1
github.com/alibaba/higress/plugins/wasm-go/extensions/ai-proxy/provider/claude.go:537.4,541.12 2 1
github.com/alibaba/higress/plugins/wasm-go/extensions/ai-proxy/provider/claude.go:545.3,545.31 1 1
github.com/alibaba/higress/plugins/wasm-go/extensions/ai-proxy/provider/claude.go:545.31,551.33 2 1
github.com/alibaba/higress/plugins/wasm-go/extensions/ai-proxy/provider/claude.go:551.33,556.5 1 1
github.com/alibaba/higress/plugins/wasm-go/extensions/ai-proxy/provider/claude.go:556.10,559.49 2 0
github.com/alibaba/higress/plugins/wasm-go/extensions/ai-proxy/provider/claude.go:559.49,560.38 1 0
github.com/alibaba/higress/plugins/wasm-go/extensions/ai-proxy/provider/claude.go:560.38,562.7 1 0
github.com/alibaba/higress/plugins/wasm-go/extensions/ai-proxy/provider/claude.go:564.5,567.6 1 0
github.com/alibaba/higress/plugins/wasm-go/extensions/ai-proxy/provider/claude.go:571.4,571.39 1 1
github.com/alibaba/higress/plugins/wasm-go/extensions/ai-proxy/provider/claude.go:571.39,573.62 2 1
github.com/alibaba/higress/plugins/wasm-go/extensions/ai-proxy/provider/claude.go:573.62,576.57 2 1
github.com/alibaba/higress/plugins/wasm-go/extensions/ai-proxy/provider/claude.go:576.57,577.40 1 1
github.com/alibaba/higress/plugins/wasm-go/extensions/ai-proxy/provider/claude.go:577.40,579.13 2 1
github.com/alibaba/higress/plugins/wasm-go/extensions/ai-proxy/provider/claude.go:582.6,582.23 1 1
github.com/alibaba/higress/plugins/wasm-go/extensions/ai-proxy/provider/claude.go:582.23,585.15 2 1
github.com/alibaba/higress/plugins/wasm-go/extensions/ai-proxy/provider/claude.go:591.4,596.12 3 1
github.com/alibaba/higress/plugins/wasm-go/extensions/ai-proxy/provider/claude.go:599.3,604.66 2 1
github.com/alibaba/higress/plugins/wasm-go/extensions/ai-proxy/provider/claude.go:604.66,608.66 2 1
github.com/alibaba/higress/plugins/wasm-go/extensions/ai-proxy/provider/claude.go:608.66,613.5 1 1
github.com/alibaba/higress/plugins/wasm-go/extensions/ai-proxy/provider/claude.go:616.4,616.41 1 1
github.com/alibaba/higress/plugins/wasm-go/extensions/ai-proxy/provider/claude.go:616.41,618.36 2 1
github.com/alibaba/higress/plugins/wasm-go/extensions/ai-proxy/provider/claude.go:618.36,619.85 1 1
github.com/alibaba/higress/plugins/wasm-go/extensions/ai-proxy/provider/claude.go:619.85,622.7 2 0
github.com/alibaba/higress/plugins/wasm-go/extensions/ai-proxy/provider/claude.go:623.11,625.6 1 0
github.com/alibaba/higress/plugins/wasm-go/extensions/ai-proxy/provider/claude.go:627.5,632.7 1 1
github.com/alibaba/higress/plugins/wasm-go/extensions/ai-proxy/provider/claude.go:635.4,637.12 3 1
github.com/alibaba/higress/plugins/wasm-go/extensions/ai-proxy/provider/claude.go:640.3,640.32 1 1
github.com/alibaba/higress/plugins/wasm-go/extensions/ai-proxy/provider/claude.go:640.32,642.4 1 1
github.com/alibaba/higress/plugins/wasm-go/extensions/ai-proxy/provider/claude.go:642.9,644.58 2 0
github.com/alibaba/higress/plugins/wasm-go/extensions/ai-proxy/provider/claude.go:644.58,645.32 1 0
github.com/alibaba/higress/plugins/wasm-go/extensions/ai-proxy/provider/claude.go:646.26,650.8 1 0
github.com/alibaba/higress/plugins/wasm-go/extensions/ai-proxy/provider/claude.go:651.30,652.65 1 0
github.com/alibaba/higress/plugins/wasm-go/extensions/ai-proxy/provider/claude.go:652.65,654.26 2 0
github.com/alibaba/higress/plugins/wasm-go/extensions/ai-proxy/provider/claude.go:654.26,656.16 2 0
github.com/alibaba/higress/plugins/wasm-go/extensions/ai-proxy/provider/claude.go:658.7,665.9 1 0
github.com/alibaba/higress/plugins/wasm-go/extensions/ai-proxy/provider/claude.go:666.12,674.7 1 0
github.com/alibaba/higress/plugins/wasm-go/extensions/ai-proxy/provider/claude.go:675.26,682.8 1 0
github.com/alibaba/higress/plugins/wasm-go/extensions/ai-proxy/provider/claude.go:683.13,685.14 2 0
github.com/alibaba/higress/plugins/wasm-go/extensions/ai-proxy/provider/claude.go:688.4,688.64 1 0
github.com/alibaba/higress/plugins/wasm-go/extensions/ai-proxy/provider/claude.go:690.3,690.73 1 1
github.com/alibaba/higress/plugins/wasm-go/extensions/ai-proxy/provider/claude.go:694.2,694.50 1 1
github.com/alibaba/higress/plugins/wasm-go/extensions/ai-proxy/provider/claude.go:694.50,707.3 1 1
github.com/alibaba/higress/plugins/wasm-go/extensions/ai-proxy/provider/claude.go:709.2,709.41 1 1
github.com/alibaba/higress/plugins/wasm-go/extensions/ai-proxy/provider/claude.go:709.41,716.3 2 1
github.com/alibaba/higress/plugins/wasm-go/extensions/ai-proxy/provider/claude.go:718.2,718.35 1 1
github.com/alibaba/higress/plugins/wasm-go/extensions/ai-proxy/provider/claude.go:718.35,720.43 2 1
github.com/alibaba/higress/plugins/wasm-go/extensions/ai-proxy/provider/claude.go:720.43,722.4 1 1
github.com/alibaba/higress/plugins/wasm-go/extensions/ai-proxy/provider/claude.go:723.3,726.124 3 1
github.com/alibaba/higress/plugins/wasm-go/extensions/ai-proxy/provider/claude.go:726.124,732.4 1 1
github.com/alibaba/higress/plugins/wasm-go/extensions/ai-proxy/provider/claude.go:732.9,732.30 1 1
github.com/alibaba/higress/plugins/wasm-go/extensions/ai-proxy/provider/claude.go:732.30,733.22 1 1
github.com/alibaba/higress/plugins/wasm-go/extensions/ai-proxy/provider/claude.go:734.20,735.23 1 1
github.com/alibaba/higress/plugins/wasm-go/extensions/ai-proxy/provider/claude.go:736.20,737.24 1 0
github.com/alibaba/higress/plugins/wasm-go/extensions/ai-proxy/provider/claude.go:739.4,739.68 1 1
github.com/alibaba/higress/plugins/wasm-go/extensions/ai-proxy/provider/claude.go:739.68,741.5 1 1
github.com/alibaba/higress/plugins/wasm-go/extensions/ai-proxy/provider/claude.go:742.4,745.28 2 1
github.com/alibaba/higress/plugins/wasm-go/extensions/ai-proxy/provider/claude.go:745.28,747.5 1 1
github.com/alibaba/higress/plugins/wasm-go/extensions/ai-proxy/provider/claude.go:751.2,751.23 1 1
github.com/alibaba/higress/plugins/wasm-go/extensions/ai-proxy/provider/claude.go:754.134,762.47 7 1
github.com/alibaba/higress/plugins/wasm-go/extensions/ai-proxy/provider/claude.go:762.47,763.23 1 1
github.com/alibaba/higress/plugins/wasm-go/extensions/ai-proxy/provider/claude.go:764.24,765.27 1 1
github.com/alibaba/higress/plugins/wasm-go/extensions/ai-proxy/provider/claude.go:765.27,767.5 1 1
github.com/alibaba/higress/plugins/wasm-go/extensions/ai-proxy/provider/claude.go:768.4,768.50 1 1
github.com/alibaba/higress/plugins/wasm-go/extensions/ai-proxy/provider/claude.go:769.19,770.31 1 1
github.com/alibaba/higress/plugins/wasm-go/extensions/ai-proxy/provider/claude.go:770.31,772.5 1 1
github.com/alibaba/higress/plugins/wasm-go/extensions/ai-proxy/provider/claude.go:773.4,773.32 1 1
github.com/alibaba/higress/plugins/wasm-go/extensions/ai-proxy/provider/claude.go:773.32,775.5 1 1
github.com/alibaba/higress/plugins/wasm-go/extensions/ai-proxy/provider/claude.go:776.4,776.50 1 1
github.com/alibaba/higress/plugins/wasm-go/extensions/ai-proxy/provider/claude.go:777.28,779.50 2 1
github.com/alibaba/higress/plugins/wasm-go/extensions/ai-proxy/provider/claude.go:780.19,783.28 3 0
github.com/alibaba/higress/plugins/wasm-go/extensions/ai-proxy/provider/claude.go:783.28,785.5 1 0
github.com/alibaba/higress/plugins/wasm-go/extensions/ai-proxy/provider/claude.go:785.10,787.5 1 0
github.com/alibaba/higress/plugins/wasm-go/extensions/ai-proxy/provider/claude.go:788.4,795.6 1 0
github.com/alibaba/higress/plugins/wasm-go/extensions/ai-proxy/provider/claude.go:798.2,798.16 1 1
github.com/alibaba/higress/plugins/wasm-go/extensions/ai-proxy/provider/claude.go:798.16,800.61 2 1
github.com/alibaba/higress/plugins/wasm-go/extensions/ai-proxy/provider/claude.go:800.61,802.4 1 1
github.com/alibaba/higress/plugins/wasm-go/extensions/ai-proxy/provider/claude.go:805.2,828.79 3 1
github.com/alibaba/higress/plugins/wasm-go/extensions/ai-proxy/provider/claude.go:828.79,834.3 1 0
github.com/alibaba/higress/plugins/wasm-go/extensions/ai-proxy/provider/claude.go:836.2,836.17 1 1
github.com/alibaba/higress/plugins/wasm-go/extensions/ai-proxy/provider/claude.go:839.53,840.19 1 1
github.com/alibaba/higress/plugins/wasm-go/extensions/ai-proxy/provider/claude.go:840.19,842.3 1 1
github.com/alibaba/higress/plugins/wasm-go/extensions/ai-proxy/provider/claude.go:843.2,843.17 1 0
github.com/alibaba/higress/plugins/wasm-go/extensions/ai-proxy/provider/claude.go:844.18,845.26 1 0
github.com/alibaba/higress/plugins/wasm-go/extensions/ai-proxy/provider/claude.go:846.23,847.26 1 0
github.com/alibaba/higress/plugins/wasm-go/extensions/ai-proxy/provider/claude.go:848.20,849.28 1 0
github.com/alibaba/higress/plugins/wasm-go/extensions/ai-proxy/provider/claude.go:850.18,851.30 1 0
github.com/alibaba/higress/plugins/wasm-go/extensions/ai-proxy/provider/claude.go:852.10,853.17 1 0
github.com/alibaba/higress/plugins/wasm-go/extensions/ai-proxy/provider/claude.go:857.146,858.27 1 1
github.com/alibaba/higress/plugins/wasm-go/extensions/ai-proxy/provider/claude.go:859.23,860.34 1 0
github.com/alibaba/higress/plugins/wasm-go/extensions/ai-proxy/provider/claude.go:860.34,867.4 3 0
github.com/alibaba/higress/plugins/wasm-go/extensions/ai-proxy/provider/claude.go:868.3,869.32 2 0
github.com/alibaba/higress/plugins/wasm-go/extensions/ai-proxy/provider/claude.go:869.32,871.4 1 0
github.com/alibaba/higress/plugins/wasm-go/extensions/ai-proxy/provider/claude.go:872.3,876.67 2 0
github.com/alibaba/higress/plugins/wasm-go/extensions/ai-proxy/provider/claude.go:878.29,880.128 2 0
github.com/alibaba/higress/plugins/wasm-go/extensions/ai-proxy/provider/claude.go:880.128,882.33 2 0
github.com/alibaba/higress/plugins/wasm-go/extensions/ai-proxy/provider/claude.go:882.33,884.5 1 0
github.com/alibaba/higress/plugins/wasm-go/extensions/ai-proxy/provider/claude.go:885.4,892.68 2 0
github.com/alibaba/higress/plugins/wasm-go/extensions/ai-proxy/provider/claude.go:895.3,895.87 1 0
github.com/alibaba/higress/plugins/wasm-go/extensions/ai-proxy/provider/claude.go:895.87,897.33 2 0
github.com/alibaba/higress/plugins/wasm-go/extensions/ai-proxy/provider/claude.go:897.33,899.5 1 0
github.com/alibaba/higress/plugins/wasm-go/extensions/ai-proxy/provider/claude.go:900.4,916.68 2 0
github.com/alibaba/higress/plugins/wasm-go/extensions/ai-proxy/provider/claude.go:918.3,918.13 1 0
github.com/alibaba/higress/plugins/wasm-go/extensions/ai-proxy/provider/claude.go:920.29,922.32 2 1
github.com/alibaba/higress/plugins/wasm-go/extensions/ai-proxy/provider/claude.go:922.32,924.4 1 1
github.com/alibaba/higress/plugins/wasm-go/extensions/ai-proxy/provider/claude.go:926.3,926.81 1 1
github.com/alibaba/higress/plugins/wasm-go/extensions/ai-proxy/provider/claude.go:926.81,942.4 2 1
github.com/alibaba/higress/plugins/wasm-go/extensions/ai-proxy/provider/claude.go:944.3,944.79 1 1
github.com/alibaba/higress/plugins/wasm-go/extensions/ai-proxy/provider/claude.go:944.79,947.36 3 0
github.com/alibaba/higress/plugins/wasm-go/extensions/ai-proxy/provider/claude.go:947.36,949.5 1 0
github.com/alibaba/higress/plugins/wasm-go/extensions/ai-proxy/provider/claude.go:950.4,954.68 2 0
github.com/alibaba/higress/plugins/wasm-go/extensions/ai-proxy/provider/claude.go:956.3,956.80 1 1
github.com/alibaba/higress/plugins/wasm-go/extensions/ai-proxy/provider/claude.go:956.80,958.37 2 1
github.com/alibaba/higress/plugins/wasm-go/extensions/ai-proxy/provider/claude.go:958.37,960.5 1 0
github.com/alibaba/higress/plugins/wasm-go/extensions/ai-proxy/provider/claude.go:961.4,968.68 2 1
github.com/alibaba/higress/plugins/wasm-go/extensions/ai-proxy/provider/claude.go:971.3,975.67 2 0
github.com/alibaba/higress/plugins/wasm-go/extensions/ai-proxy/provider/claude.go:977.23,978.32 1 0
github.com/alibaba/higress/plugins/wasm-go/extensions/ai-proxy/provider/claude.go:978.32,981.4 2 0
github.com/alibaba/higress/plugins/wasm-go/extensions/ai-proxy/provider/claude.go:983.3,984.32 2 0
github.com/alibaba/higress/plugins/wasm-go/extensions/ai-proxy/provider/claude.go:984.32,986.4 1 0
github.com/alibaba/higress/plugins/wasm-go/extensions/ai-proxy/provider/claude.go:987.3,992.67 2 0
github.com/alibaba/higress/plugins/wasm-go/extensions/ai-proxy/provider/claude.go:993.22,1006.4 1 0
github.com/alibaba/higress/plugins/wasm-go/extensions/ai-proxy/provider/claude.go:1007.28,1009.36 2 1
github.com/alibaba/higress/plugins/wasm-go/extensions/ai-proxy/provider/claude.go:1009.36,1011.4 1 0
github.com/alibaba/higress/plugins/wasm-go/extensions/ai-proxy/provider/claude.go:1012.3,1013.32 2 1
github.com/alibaba/higress/plugins/wasm-go/extensions/ai-proxy/provider/claude.go:1013.32,1015.4 1 1
github.com/alibaba/higress/plugins/wasm-go/extensions/ai-proxy/provider/claude.go:1016.3,1022.67 2 1
github.com/alibaba/higress/plugins/wasm-go/extensions/ai-proxy/provider/claude.go:1023.14,1025.13 2 0
github.com/alibaba/higress/plugins/wasm-go/extensions/ai-proxy/provider/claude.go:1026.10,1028.13 2 0
github.com/alibaba/higress/plugins/wasm-go/extensions/ai-proxy/provider/claude.go:1032.172,1041.2 1 1
github.com/alibaba/higress/plugins/wasm-go/extensions/ai-proxy/provider/claude.go:1043.96,1045.2 1 0
github.com/alibaba/higress/plugins/wasm-go/extensions/ai-proxy/provider/claude.go:1047.126,1049.54 2 0
github.com/alibaba/higress/plugins/wasm-go/extensions/ai-proxy/provider/claude.go:1049.54,1051.3 1 0
github.com/alibaba/higress/plugins/wasm-go/extensions/ai-proxy/provider/claude.go:1053.2,1054.21 2 0
github.com/alibaba/higress/plugins/wasm-go/extensions/ai-proxy/provider/claude.go:1054.21,1059.3 1 0
github.com/alibaba/higress/plugins/wasm-go/extensions/ai-proxy/provider/claude.go:1059.8,1064.3 1 0
github.com/alibaba/higress/plugins/wasm-go/extensions/ai-proxy/provider/claude.go:1066.2,1066.30 1 0
github.com/alibaba/higress/plugins/wasm-go/extensions/ai-proxy/provider/claude.go:1069.58,1070.52 1 1
github.com/alibaba/higress/plugins/wasm-go/extensions/ai-proxy/provider/claude.go:1070.52,1072.3 1 1
github.com/alibaba/higress/plugins/wasm-go/extensions/ai-proxy/provider/claude.go:1073.2,1073.52 1 1
github.com/alibaba/higress/plugins/wasm-go/extensions/ai-proxy/provider/claude.go:1073.52,1075.3 1 1
github.com/alibaba/higress/plugins/wasm-go/extensions/ai-proxy/provider/claude.go:1076.2,1076.47 1 1
github.com/alibaba/higress/plugins/wasm-go/extensions/ai-proxy/provider/claude.go:1076.47,1078.3 1 1
github.com/alibaba/higress/plugins/wasm-go/extensions/ai-proxy/provider/claude.go:1079.2,1079.51 1 1
github.com/alibaba/higress/plugins/wasm-go/extensions/ai-proxy/provider/claude.go:1079.51,1081.3 1 1
github.com/alibaba/higress/plugins/wasm-go/extensions/ai-proxy/provider/claude.go:1082.2,1082.11 1 1
github.com/alibaba/higress/plugins/wasm-go/extensions/ai-proxy/provider/claude_to_openai.go:41.93,42.16 1 1
github.com/alibaba/higress/plugins/wasm-go/extensions/ai-proxy/provider/claude_to_openai.go:42.16,44.3 1 1
github.com/alibaba/higress/plugins/wasm-go/extensions/ai-proxy/provider/claude_to_openai.go:45.2,46.40 2 1
github.com/alibaba/higress/plugins/wasm-go/extensions/ai-proxy/provider/claude_to_openai.go:49.94,50.31 1 1
github.com/alibaba/higress/plugins/wasm-go/extensions/ai-proxy/provider/claude_to_openai.go:50.31,52.17 2 1
github.com/alibaba/higress/plugins/wasm-go/extensions/ai-proxy/provider/claude_to_openai.go:52.17,54.12 2 0
github.com/alibaba/higress/plugins/wasm-go/extensions/ai-proxy/provider/claude_to_openai.go:56.3,56.79 1 1
github.com/alibaba/higress/plugins/wasm-go/extensions/ai-proxy/provider/claude_to_openai.go:60.107,61.66 1 1
github.com/alibaba/higress/plugins/wasm-go/extensions/ai-proxy/provider/claude_to_openai.go:61.66,63.3 1 1
github.com/alibaba/higress/plugins/wasm-go/extensions/ai-proxy/provider/claude_to_openai.go:65.2,67.29 3 1
github.com/alibaba/higress/plugins/wasm-go/extensions/ai-proxy/provider/claude_to_openai.go:67.29,69.3 1 1
github.com/alibaba/higress/plugins/wasm-go/extensions/ai-proxy/provider/claude_to_openai.go:69.8,69.43 1 1
github.com/alibaba/higress/plugins/wasm-go/extensions/ai-proxy/provider/claude_to_openai.go:69.43,71.3 1 1
github.com/alibaba/higress/plugins/wasm-go/extensions/ai-proxy/provider/claude_to_openai.go:72.2,72.25 1 1
github.com/alibaba/higress/plugins/wasm-go/extensions/ai-proxy/provider/claude_to_openai.go:72.25,80.3 3 1
github.com/alibaba/higress/plugins/wasm-go/extensions/ai-proxy/provider/claude_to_openai.go:82.2,82.35 1 1
github.com/alibaba/higress/plugins/wasm-go/extensions/ai-proxy/provider/claude_to_openai.go:82.35,85.3 2 1
github.com/alibaba/higress/plugins/wasm-go/extensions/ai-proxy/provider/claude_to_openai.go:87.2,87.45 1 1
github.com/alibaba/higress/plugins/wasm-go/extensions/ai-proxy/provider/claude_to_openai.go:87.45,88.34 1 1
github.com/alibaba/higress/plugins/wasm-go/extensions/ai-proxy/provider/claude_to_openai.go:88.34,89.12 1 0
github.com/alibaba/higress/plugins/wasm-go/extensions/ai-proxy/provider/claude_to_openai.go:91.3,92.40 2 1
github.com/alibaba/higress/plugins/wasm-go/extensions/ai-proxy/provider/claude_to_openai.go:92.40,93.86 1 1
github.com/alibaba/higress/plugins/wasm-go/extensions/ai-proxy/provider/claude_to_openai.go:93.86,96.5 2 0
github.com/alibaba/higress/plugins/wasm-go/extensions/ai-proxy/provider/claude_to_openai.go:97.9,99.4 1 0
github.com/alibaba/higress/plugins/wasm-go/extensions/ai-proxy/provider/claude_to_openai.go:100.3,105.5 1 1
github.com/alibaba/higress/plugins/wasm-go/extensions/ai-proxy/provider/claude_to_openai.go:107.2,107.17 1 1
github.com/alibaba/higress/plugins/wasm-go/extensions/ai-proxy/provider/claude_to_openai.go:142.61,144.2 1 1
github.com/alibaba/higress/plugins/wasm-go/extensions/ai-proxy/provider/claude_to_openai.go:146.115,147.74 1 1
github.com/alibaba/higress/plugins/wasm-go/extensions/ai-proxy/provider/claude_to_openai.go:147.74,149.3 1 1
github.com/alibaba/higress/plugins/wasm-go/extensions/ai-proxy/provider/claude_to_openai.go:152.130,155.2 2 1
github.com/alibaba/higress/plugins/wasm-go/extensions/ai-proxy/provider/claude_to_openai.go:159.93,163.2 1 1
github.com/alibaba/higress/plugins/wasm-go/extensions/ai-proxy/provider/claude_to_openai.go:166.142,170.61 3 1
github.com/alibaba/higress/plugins/wasm-go/extensions/ai-proxy/provider/claude_to_openai.go:170.61,172.3 1 0
github.com/alibaba/higress/plugins/wasm-go/extensions/ai-proxy/provider/claude_to_openai.go:175.2,184.62 2 1
github.com/alibaba/higress/plugins/wasm-go/extensions/ai-proxy/provider/claude_to_openai.go:184.62,188.3 1 1
github.com/alibaba/higress/plugins/wasm-go/extensions/ai-proxy/provider/claude_to_openai.go:191.2,191.51 1 1
github.com/alibaba/higress/plugins/wasm-go/extensions/ai-proxy/provider/claude_to_openai.go:191.51,193.33 1 1
github.com/alibaba/higress/plugins/wasm-go/extensions/ai-proxy/provider/claude_to_openai.go:193.33,200.4 2 1
github.com/alibaba/higress/plugins/wasm-go/extensions/ai-proxy/provider/claude_to_openai.go:200.9,205.43 2 1
github.com/alibaba/higress/plugins/wasm-go/extensions/ai-proxy/provider/claude_to_openai.go:205.43,214.44 3 1
github.com/alibaba/higress/plugins/wasm-go/extensions/ai-proxy/provider/claude_to_openai.go:214.44,216.6 1 1
github.com/alibaba/higress/plugins/wasm-go/extensions/ai-proxy/provider/claude_to_openai.go:216.11,218.6 1 1
github.com/alibaba/higress/plugins/wasm-go/extensions/ai-proxy/provider/claude_to_openai.go:220.5,220.71 1 1
github.com/alibaba/higress/plugins/wasm-go/extensions/ai-proxy/provider/claude_to_openai.go:224.4,224.45 1 1
github.com/alibaba/higress/plugins/wasm-go/extensions/ai-proxy/provider/claude_to_openai.go:224.45,225.61 1 1
github.com/alibaba/higress/plugins/wasm-go/extensions/ai-proxy/provider/claude_to_openai.go:225.61,233.6 2 1
github.com/alibaba/higress/plugins/wasm-go/extensions/ai-proxy/provider/claude_to_openai.go:237.5,237.44 1 1
github.com/alibaba/higress/plugins/wasm-go/extensions/ai-proxy/provider/claude_to_openai.go:237.44,243.6 2 1
github.com/alibaba/higress/plugins/wasm-go/extensions/ai-proxy/provider/claude_to_openai.go:247.4,247.86 1 1
github.com/alibaba/higress/plugins/wasm-go/extensions/ai-proxy/provider/claude_to_openai.go:247.86,249.49 2 1
github.com/alibaba/higress/plugins/wasm-go/extensions/ai-proxy/provider/claude_to_openai.go:249.49,251.6 1 1
github.com/alibaba/higress/plugins/wasm-go/extensions/ai-proxy/provider/claude_to_openai.go:252.5,257.108 3 1
github.com/alibaba/higress/plugins/wasm-go/extensions/ai-proxy/provider/claude_to_openai.go:257.108,262.6 1 1
github.com/alibaba/higress/plugins/wasm-go/extensions/ai-proxy/provider/claude_to_openai.go:263.5,263.71 1 1
github.com/alibaba/higress/plugins/wasm-go/extensions/ai-proxy/provider/claude_to_openai.go:269.2,269.33 1 1
github.com/alibaba/higress/plugins/wasm-go/extensions/ai-proxy/provider/claude_to_openai.go:269.33,271.36 2 1
github.com/alibaba/higress/plugins/wasm-go/extensions/ai-proxy/provider/claude_to_openai.go:271.36,274.4 1 1
github.com/alibaba/higress/plugins/wasm-go/extensions/ai-proxy/provider/claude_to_openai.go:274.9,277.4 2 1
github.com/alibaba/higress/plugins/wasm-go/extensions/ai-proxy/provider/claude_to_openai.go:279.3,279.87 1 1
github.com/alibaba/higress/plugins/wasm-go/extensions/ai-proxy/provider/claude_to_openai.go:283.2,283.49 1 1
github.com/alibaba/higress/plugins/wasm-go/extensions/ai-proxy/provider/claude_to_openai.go:283.49,293.3 2 1
github.com/alibaba/higress/plugins/wasm-go/extensions/ai-proxy/provider/claude_to_openai.go:296.2,296.37 1 1
github.com/alibaba/higress/plugins/wasm-go/extensions/ai-proxy/provider/claude_to_openai.go:296.37,297.85 1 1
github.com/alibaba/higress/plugins/wasm-go/extensions/ai-proxy/provider/claude_to_openai.go:297.85,304.4 1 0
github.com/alibaba/higress/plugins/wasm-go/extensions/ai-proxy/provider/claude_to_openai.go:304.9,307.46 1 1
github.com/alibaba/higress/plugins/wasm-go/extensions/ai-proxy/provider/claude_to_openai.go:307.46,309.5 1 1
github.com/alibaba/higress/plugins/wasm-go/extensions/ai-proxy/provider/claude_to_openai.go:309.10,312.5 1 0
github.com/alibaba/higress/plugins/wasm-go/extensions/ai-proxy/provider/claude_to_openai.go:316.3,317.55 2 1
github.com/alibaba/higress/plugins/wasm-go/extensions/ai-proxy/provider/claude_to_openai.go:326.2,326.35 1 1
github.com/alibaba/higress/plugins/wasm-go/extensions/ai-proxy/provider/claude_to_openai.go:326.35,331.47 3 1
github.com/alibaba/higress/plugins/wasm-go/extensions/ai-proxy/provider/claude_to_openai.go:331.47,334.50 1 1
github.com/alibaba/higress/plugins/wasm-go/extensions/ai-proxy/provider/claude_to_openai.go:334.50,336.5 1 1
github.com/alibaba/higress/plugins/wasm-go/extensions/ai-proxy/provider/claude_to_openai.go:336.10,336.58 1 1
github.com/alibaba/higress/plugins/wasm-go/extensions/ai-proxy/provider/claude_to_openai.go:336.58,338.5 1 1
github.com/alibaba/higress/plugins/wasm-go/extensions/ai-proxy/provider/claude_to_openai.go:338.10,340.5 1 1
github.com/alibaba/higress/plugins/wasm-go/extensions/ai-proxy/provider/claude_to_openai.go:342.4,343.72 1 1
github.com/alibaba/higress/plugins/wasm-go/extensions/ai-proxy/provider/claude_to_openai.go:346.2,346.39 1 1
github.com/alibaba/higress/plugins/wasm-go/extensions/ai-proxy/provider/claude_to_openai.go:346.39,348.3 1 1
github.com/alibaba/higress/plugins/wasm-go/extensions/ai-proxy/provider/claude_to_openai.go:349.2,352.16 3 1
github.com/alibaba/higress/plugins/wasm-go/extensions/ai-proxy/provider/claude_to_openai.go:352.16,354.3 1 0
github.com/alibaba/higress/plugins/wasm-go/extensions/ai-proxy/provider/claude_to_openai.go:356.2,357.20 2 1
github.com/alibaba/higress/plugins/wasm-go/extensions/ai-proxy/provider/claude_to_openai.go:367.45,368.14 1 1
github.com/alibaba/higress/plugins/wasm-go/extensions/ai-proxy/provider/claude_to_openai.go:368.14,370.3 1 0
github.com/alibaba/higress/plugins/wasm-go/extensions/ai-proxy/provider/claude_to_openai.go:371.2,372.76 2 1
github.com/alibaba/higress/plugins/wasm-go/extensions/ai-proxy/provider/claude_to_openai.go:372.76,373.76 1 1
github.com/alibaba/higress/plugins/wasm-go/extensions/ai-proxy/provider/claude_to_openai.go:373.76,375.4 1 1
github.com/alibaba/higress/plugins/wasm-go/extensions/ai-proxy/provider/claude_to_openai.go:377.2,377.21 1 1
github.com/alibaba/higress/plugins/wasm-go/extensions/ai-proxy/provider/claude_to_openai.go:381.119,385.62 3 1
github.com/alibaba/higress/plugins/wasm-go/extensions/ai-proxy/provider/claude_to_openai.go:385.62,387.3 1 0
github.com/alibaba/higress/plugins/wasm-go/extensions/ai-proxy/provider/claude_to_openai.go:390.2,398.33 2 1
github.com/alibaba/higress/plugins/wasm-go/extensions/ai-proxy/provider/claude_to_openai.go:398.33,403.54 2 1
github.com/alibaba/higress/plugins/wasm-go/extensions/ai-proxy/provider/claude_to_openai.go:403.54,405.4 1 1
github.com/alibaba/higress/plugins/wasm-go/extensions/ai-proxy/provider/claude_to_openai.go:409.2,409.37 1 1
github.com/alibaba/higress/plugins/wasm-go/extensions/ai-proxy/provider/claude_to_openai.go:409.37,411.28 2 1
github.com/alibaba/higress/plugins/wasm-go/extensions/ai-proxy/provider/claude_to_openai.go:411.28,413.4 1 1
github.com/alibaba/higress/plugins/wasm-go/extensions/ai-proxy/provider/claude_to_openai.go:416.3,416.33 1 1
github.com/alibaba/higress/plugins/wasm-go/extensions/ai-proxy/provider/claude_to_openai.go:416.33,419.4 2 1
github.com/alibaba/higress/plugins/wasm-go/extensions/ai-proxy/provider/claude_to_openai.go:422.2,423.16 2 1
github.com/alibaba/higress/plugins/wasm-go/extensions/ai-proxy/provider/claude_to_openai.go:423.16,425.3 1 0
github.com/alibaba/higress/plugins/wasm-go/extensions/ai-proxy/provider/claude_to_openai.go:427.2,428.20 2 1
github.com/alibaba/higress/plugins/wasm-go/extensions/ai-proxy/provider/claude_to_openai.go:432.126,439.29 4 1
github.com/alibaba/higress/plugins/wasm-go/extensions/ai-proxy/provider/claude_to_openai.go:439.29,440.40 1 1
github.com/alibaba/higress/plugins/wasm-go/extensions/ai-proxy/provider/claude_to_openai.go:440.40,444.24 2 1
github.com/alibaba/higress/plugins/wasm-go/extensions/ai-proxy/provider/claude_to_openai.go:444.24,448.58 2 1
github.com/alibaba/higress/plugins/wasm-go/extensions/ai-proxy/provider/claude_to_openai.go:448.58,457.6 5 0
github.com/alibaba/higress/plugins/wasm-go/extensions/ai-proxy/provider/claude_to_openai.go:458.5,458.50 1 1
github.com/alibaba/higress/plugins/wasm-go/extensions/ai-proxy/provider/claude_to_openai.go:458.50,467.6 5 0
github.com/alibaba/higress/plugins/wasm-go/extensions/ai-proxy/provider/claude_to_openai.go:469.5,469.51 1 1
github.com/alibaba/higress/plugins/wasm-go/extensions/ai-proxy/provider/claude_to_openai.go:469.51,470.71 1 0
github.com/alibaba/higress/plugins/wasm-go/extensions/ai-proxy/provider/claude_to_openai.go:470.71,479.7 4 0
github.com/alibaba/higress/plugins/wasm-go/extensions/ai-proxy/provider/claude_to_openai.go:483.5,483.35 1 1
github.com/alibaba/higress/plugins/wasm-go/extensions/ai-proxy/provider/claude_to_openai.go:483.35,495.6 5 0
github.com/alibaba/higress/plugins/wasm-go/extensions/ai-proxy/provider/claude_to_openai.go:497.5,497.49 1 1
github.com/alibaba/higress/plugins/wasm-go/extensions/ai-proxy/provider/claude_to_openai.go:497.49,505.6 5 0
github.com/alibaba/higress/plugins/wasm-go/extensions/ai-proxy/provider/claude_to_openai.go:508.5,526.13 18 1
github.com/alibaba/higress/plugins/wasm-go/extensions/ai-proxy/provider/claude_to_openai.go:531.4,531.25 1 1
github.com/alibaba/higress/plugins/wasm-go/extensions/ai-proxy/provider/claude_to_openai.go:531.25,533.13 2 1
github.com/alibaba/higress/plugins/wasm-go/extensions/ai-proxy/provider/claude_to_openai.go:536.4,537.78 2 1
github.com/alibaba/higress/plugins/wasm-go/extensions/ai-proxy/provider/claude_to_openai.go:537.78,539.13 2 0
github.com/alibaba/higress/plugins/wasm-go/extensions/ai-proxy/provider/claude_to_openai.go:542.4,545.59 3 1
github.com/alibaba/higress/plugins/wasm-go/extensions/ai-proxy/provider/claude_to_openai.go:549.2,551.25 3 1
github.com/alibaba/higress/plugins/wasm-go/extensions/ai-proxy/provider/claude_to_openai.go:554.65,555.25 1 1
github.com/alibaba/higress/plugins/wasm-go/extensions/ai-proxy/provider/claude_to_openai.go:555.25,557.3 1 1
github.com/alibaba/higress/plugins/wasm-go/extensions/ai-proxy/provider/claude_to_openai.go:559.2,560.63 2 1
github.com/alibaba/higress/plugins/wasm-go/extensions/ai-proxy/provider/claude_to_openai.go:560.63,562.3 1 1
github.com/alibaba/higress/plugins/wasm-go/extensions/ai-proxy/provider/claude_to_openai.go:564.2,564.25 1 1
github.com/alibaba/higress/plugins/wasm-go/extensions/ai-proxy/provider/claude_to_openai.go:568.157,570.38 2 1
github.com/alibaba/higress/plugins/wasm-go/extensions/ai-proxy/provider/claude_to_openai.go:570.38,577.3 1 1
github.com/alibaba/higress/plugins/wasm-go/extensions/ai-proxy/provider/claude_to_openai.go:577.8,579.3 1 1
github.com/alibaba/higress/plugins/wasm-go/extensions/ai-proxy/provider/claude_to_openai.go:580.2,594.75 7 1
github.com/alibaba/higress/plugins/wasm-go/extensions/ai-proxy/provider/claude_to_openai.go:594.75,607.34 4 1
github.com/alibaba/higress/plugins/wasm-go/extensions/ai-proxy/provider/claude_to_openai.go:607.34,612.4 1 0
github.com/alibaba/higress/plugins/wasm-go/extensions/ai-proxy/provider/claude_to_openai.go:614.3,619.93 2 1
github.com/alibaba/higress/plugins/wasm-go/extensions/ai-proxy/provider/claude_to_openai.go:620.8,620.81 1 1
github.com/alibaba/higress/plugins/wasm-go/extensions/ai-proxy/provider/claude_to_openai.go:620.81,623.3 1 0
github.com/alibaba/higress/plugins/wasm-go/extensions/ai-proxy/provider/claude_to_openai.go:625.2,625.71 1 1
github.com/alibaba/higress/plugins/wasm-go/extensions/ai-proxy/provider/claude_to_openai.go:625.71,632.93 4 1
github.com/alibaba/higress/plugins/wasm-go/extensions/ai-proxy/provider/claude_to_openai.go:632.93,635.4 2 1
github.com/alibaba/higress/plugins/wasm-go/extensions/ai-proxy/provider/claude_to_openai.go:636.3,636.81 1 1
github.com/alibaba/higress/plugins/wasm-go/extensions/ai-proxy/provider/claude_to_openai.go:636.81,639.4 2 0
github.com/alibaba/higress/plugins/wasm-go/extensions/ai-proxy/provider/claude_to_openai.go:640.3,640.45 1 1
github.com/alibaba/higress/plugins/wasm-go/extensions/ai-proxy/provider/claude_to_openai.go:640.45,641.108 1 0
github.com/alibaba/higress/plugins/wasm-go/extensions/ai-proxy/provider/claude_to_openai.go:641.108,644.5 2 0
github.com/alibaba/higress/plugins/wasm-go/extensions/ai-proxy/provider/claude_to_openai.go:646.3,646.73 1 1
github.com/alibaba/higress/plugins/wasm-go/extensions/ai-proxy/provider/claude_to_openai.go:646.73,649.4 2 1
github.com/alibaba/higress/plugins/wasm-go/extensions/ai-proxy/provider/claude_to_openai.go:650.3,650.18 1 1
github.com/alibaba/higress/plugins/wasm-go/extensions/ai-proxy/provider/claude_to_openai.go:650.18,652.4 1 1
github.com/alibaba/higress/plugins/wasm-go/extensions/ai-proxy/provider/claude_to_openai.go:653.3,653.19 1 1
github.com/alibaba/higress/plugins/wasm-go/extensions/ai-proxy/provider/claude_to_openai.go:656.2,656.72 1 1
github.com/alibaba/higress/plugins/wasm-go/extensions/ai-proxy/provider/claude_to_openai.go:656.72,657.56 1 1
github.com/alibaba/higress/plugins/wasm-go/extensions/ai-proxy/provider/claude_to_openai.go:657.56,663.4 2 0
github.com/alibaba/higress/plugins/wasm-go/extensions/ai-proxy/provider/claude_to_openai.go:664.3,664.48 1 1
github.com/alibaba/higress/plugins/wasm-go/extensions/ai-proxy/provider/claude_to_openai.go:664.48,670.4 2 0
github.com/alibaba/higress/plugins/wasm-go/extensions/ai-proxy/provider/claude_to_openai.go:671.3,672.50 2 1
github.com/alibaba/higress/plugins/wasm-go/extensions/ai-proxy/provider/claude_to_openai.go:672.50,674.4 1 1
github.com/alibaba/higress/plugins/wasm-go/extensions/ai-proxy/provider/claude_to_openai.go:675.3,675.42 1 1
github.com/alibaba/higress/plugins/wasm-go/extensions/ai-proxy/provider/claude_to_openai.go:675.42,677.4 1 1
github.com/alibaba/higress/plugins/wasm-go/extensions/ai-proxy/provider/claude_to_openai.go:678.3,679.36 2 1
github.com/alibaba/higress/plugins/wasm-go/extensions/ai-proxy/provider/claude_to_openai.go:679.36,681.4 1 1
github.com/alibaba/higress/plugins/wasm-go/extensions/ai-proxy/provider/claude_to_openai.go:682.3,691.19 3 1
github.com/alibaba/higress/plugins/wasm-go/extensions/ai-proxy/provider/claude_to_openai.go:695.2,696.25 2 1
github.com/alibaba/higress/plugins/wasm-go/extensions/ai-proxy/provider/claude_to_openai.go:696.25,697.35 1 1
github.com/alibaba/higress/plugins/wasm-go/extensions/ai-proxy/provider/claude_to_openai.go:697.35,699.4 1 0
github.com/alibaba/higress/plugins/wasm-go/extensions/ai-proxy/provider/claude_to_openai.go:699.9,699.49 1 1
github.com/alibaba/higress/plugins/wasm-go/extensions/ai-proxy/provider/claude_to_openai.go:699.49,701.4 1 1
github.com/alibaba/higress/plugins/wasm-go/extensions/ai-proxy/provider/claude_to_openai.go:704.2,704.25 1 1
github.com/alibaba/higress/plugins/wasm-go/extensions/ai-proxy/provider/claude_to_openai.go:704.25,708.56 2 1
github.com/alibaba/higress/plugins/wasm-go/extensions/ai-proxy/provider/claude_to_openai.go:708.56,709.51 1 1
github.com/alibaba/higress/plugins/wasm-go/extensions/ai-proxy/provider/claude_to_openai.go:709.51,711.51 2 1
github.com/alibaba/higress/plugins/wasm-go/extensions/ai-proxy/provider/claude_to_openai.go:711.51,713.6 1 1
github.com/alibaba/higress/plugins/wasm-go/extensions/ai-proxy/provider/claude_to_openai.go:714.10,717.5 2 1
github.com/alibaba/higress/plugins/wasm-go/extensions/ai-proxy/provider/claude_to_openai.go:718.4,730.6 5 1
github.com/alibaba/higress/plugins/wasm-go/extensions/ai-proxy/provider/claude_to_openai.go:734.3,742.5 2 1
github.com/alibaba/higress/plugins/wasm-go/extensions/ai-proxy/provider/claude_to_openai.go:745.2,746.25 2 1
github.com/alibaba/higress/plugins/wasm-go/extensions/ai-proxy/provider/claude_to_openai.go:746.25,748.3 1 1
github.com/alibaba/higress/plugins/wasm-go/extensions/ai-proxy/provider/claude_to_openai.go:749.2,749.21 1 1
github.com/alibaba/higress/plugins/wasm-go/extensions/ai-proxy/provider/claude_to_openai.go:749.21,750.56 1 1
github.com/alibaba/higress/plugins/wasm-go/extensions/ai-proxy/provider/claude_to_openai.go:750.56,751.74 1 1
github.com/alibaba/higress/plugins/wasm-go/extensions/ai-proxy/provider/claude_to_openai.go:751.74,753.51 2 1
github.com/alibaba/higress/plugins/wasm-go/extensions/ai-proxy/provider/claude_to_openai.go:753.51,755.6 1 1
github.com/alibaba/higress/plugins/wasm-go/extensions/ai-proxy/provider/claude_to_openai.go:756.10,759.5 2 0
github.com/alibaba/higress/plugins/wasm-go/extensions/ai-proxy/provider/claude_to_openai.go:760.4,771.6 4 1
github.com/alibaba/higress/plugins/wasm-go/extensions/ai-proxy/provider/claude_to_openai.go:773.3,780.5 1 1
github.com/alibaba/higress/plugins/wasm-go/extensions/ai-proxy/provider/claude_to_openai.go:784.2,784.86 1 1
github.com/alibaba/higress/plugins/wasm-go/extensions/ai-proxy/provider/claude_to_openai.go:784.86,786.10 2 0
github.com/alibaba/higress/plugins/wasm-go/extensions/ai-proxy/provider/claude_to_openai.go:786.10,789.4 2 0
github.com/alibaba/higress/plugins/wasm-go/extensions/ai-proxy/provider/claude_to_openai.go:791.3,794.56 2 0
github.com/alibaba/higress/plugins/wasm-go/extensions/ai-proxy/provider/claude_to_openai.go:794.56,801.4 3 0
github.com/alibaba/higress/plugins/wasm-go/extensions/ai-proxy/provider/claude_to_openai.go:804.3,804.48 1 0
github.com/alibaba/higress/plugins/wasm-go/extensions/ai-proxy/provider/claude_to_openai.go:804.48,805.51 1 0
github.com/alibaba/higress/plugins/wasm-go/extensions/ai-proxy/provider/claude_to_openai.go:805.51,807.47 2 0
github.com/alibaba/higress/plugins/wasm-go/extensions/ai-proxy/provider/claude_to_openai.go:807.47,809.6 1 0
github.com/alibaba/higress/plugins/wasm-go/extensions/ai-proxy/provider/claude_to_openai.go:810.10,813.5 2 0
github.com/alibaba/higress/plugins/wasm-go/extensions/ai-proxy/provider/claude_to_openai.go:814.4,825.6 5 0
github.com/alibaba/higress/plugins/wasm-go/extensions/ai-proxy/provider/claude_to_openai.go:829.3,837.5 2 0
github.com/alibaba/higress/plugins/wasm-go/extensions/ai-proxy/provider/claude_to_openai.go:841.2,841.60 1 1
github.com/alibaba/higress/plugins/wasm-go/extensions/ai-proxy/provider/claude_to_openai.go:841.60,843.26 1 1
github.com/alibaba/higress/plugins/wasm-go/extensions/ai-proxy/provider/claude_to_openai.go:843.26,853.35 4 0
github.com/alibaba/higress/plugins/wasm-go/extensions/ai-proxy/provider/claude_to_openai.go:853.35,858.5 1 0
github.com/alibaba/higress/plugins/wasm-go/extensions/ai-proxy/provider/claude_to_openai.go:859.4,863.112 2 0
github.com/alibaba/higress/plugins/wasm-go/extensions/ai-proxy/provider/claude_to_openai.go:867.3,867.30 1 1
github.com/alibaba/higress/plugins/wasm-go/extensions/ai-proxy/provider/claude_to_openai.go:867.30,869.4 1 1
github.com/alibaba/higress/plugins/wasm-go/extensions/ai-proxy/provider/claude_to_openai.go:871.3,871.51 1 1
github.com/alibaba/higress/plugins/wasm-go/extensions/ai-proxy/provider/claude_to_openai.go:871.51,876.57 2 1
github.com/alibaba/higress/plugins/wasm-go/extensions/ai-proxy/provider/claude_to_openai.go:876.57,878.63 1 1
github.com/alibaba/higress/plugins/wasm-go/extensions/ai-proxy/provider/claude_to_openai.go:878.63,886.53 2 1
github.com/alibaba/higress/plugins/wasm-go/extensions/ai-proxy/provider/claude_to_openai.go:886.53,889.7 2 0
github.com/alibaba/higress/plugins/wasm-go/extensions/ai-proxy/provider/claude_to_openai.go:892.5,895.33 2 1
github.com/alibaba/higress/plugins/wasm-go/extensions/ai-proxy/provider/claude_to_openai.go:895.33,900.6 3 1
github.com/alibaba/higress/plugins/wasm-go/extensions/ai-proxy/provider/claude_to_openai.go:905.4,905.41 1 1
github.com/alibaba/higress/plugins/wasm-go/extensions/ai-proxy/provider/claude_to_openai.go:905.41,906.70 1 1
github.com/alibaba/higress/plugins/wasm-go/extensions/ai-proxy/provider/claude_to_openai.go:906.70,913.107 3 1
github.com/alibaba/higress/plugins/wasm-go/extensions/ai-proxy/provider/claude_to_openai.go:913.107,924.7 2 1
github.com/alibaba/higress/plugins/wasm-go/extensions/ai-proxy/provider/claude_to_openai.go:931.2,931.21 1 1
github.com/alibaba/higress/plugins/wasm-go/extensions/ai-proxy/provider/claude_to_openai.go:931.21,936.56 3 1
github.com/alibaba/higress/plugins/wasm-go/extensions/ai-proxy/provider/claude_to_openai.go:936.56,943.4 3 1
github.com/alibaba/higress/plugins/wasm-go/extensions/ai-proxy/provider/claude_to_openai.go:944.3,944.48 1 1
github.com/alibaba/higress/plugins/wasm-go/extensions/ai-proxy/provider/claude_to_openai.go:944.48,951.4 3 0
github.com/alibaba/higress/plugins/wasm-go/extensions/ai-proxy/provider/claude_to_openai.go:955.3,956.39 2 1
github.com/alibaba/higress/plugins/wasm-go/extensions/ai-proxy/provider/claude_to_openai.go:956.39,958.4 1 0
github.com/alibaba/higress/plugins/wasm-go/extensions/ai-proxy/provider/claude_to_openai.go:961.3,961.45 1 1
github.com/alibaba/higress/plugins/wasm-go/extensions/ai-proxy/provider/claude_to_openai.go:961.45,962.48 1 0
github.com/alibaba/higress/plugins/wasm-go/extensions/ai-proxy/provider/claude_to_openai.go:962.48,963.44 1 0
github.com/alibaba/higress/plugins/wasm-go/extensions/ai-proxy/provider/claude_to_openai.go:963.44,965.6 1 0
github.com/alibaba/higress/plugins/wasm-go/extensions/ai-proxy/provider/claude_to_openai.go:969.3,969.39 1 1
github.com/alibaba/higress/plugins/wasm-go/extensions/ai-proxy/provider/claude_to_openai.go:969.39,971.37 2 0
github.com/alibaba/higress/plugins/wasm-go/extensions/ai-proxy/provider/claude_to_openai.go:971.37,978.5 5 0
github.com/alibaba/higress/plugins/wasm-go/extensions/ai-proxy/provider/claude_to_openai.go:982.3,982.39 1 1
github.com/alibaba/higress/plugins/wasm-go/extensions/ai-proxy/provider/claude_to_openai.go:982.39,984.69 2 0
github.com/alibaba/higress/plugins/wasm-go/extensions/ai-proxy/provider/claude_to_openai.go:984.69,992.5 3 0
github.com/alibaba/higress/plugins/wasm-go/extensions/ai-proxy/provider/claude_to_openai.go:996.3,1000.95 3 1
github.com/alibaba/higress/plugins/wasm-go/extensions/ai-proxy/provider/claude_to_openai.go:1006.2,1006.33 1 1
github.com/alibaba/higress/plugins/wasm-go/extensions/ai-proxy/provider/claude_to_openai.go:1006.33,1015.54 4 1
github.com/alibaba/higress/plugins/wasm-go/extensions/ai-proxy/provider/claude_to_openai.go:1015.54,1017.4 1 1
github.com/alibaba/higress/plugins/wasm-go/extensions/ai-proxy/provider/claude_to_openai.go:1020.3,1029.33 2 1
github.com/alibaba/higress/plugins/wasm-go/extensions/ai-proxy/provider/claude_to_openai.go:1029.33,1034.4 4 1
github.com/alibaba/higress/plugins/wasm-go/extensions/ai-proxy/provider/claude_to_openai.go:1036.3,1041.47 3 1
github.com/alibaba/higress/plugins/wasm-go/extensions/ai-proxy/provider/claude_to_openai.go:1041.47,1047.4 3 1
github.com/alibaba/higress/plugins/wasm-go/extensions/ai-proxy/provider/claude_to_openai.go:1050.2,1050.18 1 1
github.com/alibaba/higress/plugins/wasm-go/extensions/ai-proxy/provider/claude_to_openai.go:1054.55,1055.16 1 1
github.com/alibaba/higress/plugins/wasm-go/extensions/ai-proxy/provider/claude_to_openai.go:1056.24,1057.20 1 1
github.com/alibaba/higress/plugins/wasm-go/extensions/ai-proxy/provider/claude_to_openai.go:1058.26,1059.22 1 1
github.com/alibaba/higress/plugins/wasm-go/extensions/ai-proxy/provider/claude_to_openai.go:1060.28,1061.20 1 1
github.com/alibaba/higress/plugins/wasm-go/extensions/ai-proxy/provider/claude_to_openai.go:1062.10,1063.16 1 1
github.com/alibaba/higress/plugins/wasm-go/extensions/ai-proxy/provider/claude_to_openai.go:1068.123,1080.47 4 1
github.com/alibaba/higress/plugins/wasm-go/extensions/ai-proxy/provider/claude_to_openai.go:1080.47,1082.29 2 1
github.com/alibaba/higress/plugins/wasm-go/extensions/ai-proxy/provider/claude_to_openai.go:1083.15,1084.32 1 1
github.com/alibaba/higress/plugins/wasm-go/extensions/ai-proxy/provider/claude_to_openai.go:1084.32,1094.5 4 1
github.com/alibaba/higress/plugins/wasm-go/extensions/ai-proxy/provider/claude_to_openai.go:1095.19,1098.36 3 1
github.com/alibaba/higress/plugins/wasm-go/extensions/ai-proxy/provider/claude_to_openai.go:1098.36,1100.5 1 1
github.com/alibaba/higress/plugins/wasm-go/extensions/ai-proxy/provider/claude_to_openai.go:1101.28,1103.38 2 1
github.com/alibaba/higress/plugins/wasm-go/extensions/ai-proxy/provider/claude_to_openai.go:1105.16,1106.35 1 1
github.com/alibaba/higress/plugins/wasm-go/extensions/ai-proxy/provider/claude_to_openai.go:1106.35,1107.46 1 1
github.com/alibaba/higress/plugins/wasm-go/extensions/ai-proxy/provider/claude_to_openai.go:1107.46,1116.6 2 1
github.com/alibaba/higress/plugins/wasm-go/extensions/ai-proxy/provider/claude_to_openai.go:1116.11,1116.50 1 0
github.com/alibaba/higress/plugins/wasm-go/extensions/ai-proxy/provider/claude_to_openai.go:1116.50,1123.6 1 0
github.com/alibaba/higress/plugins/wasm-go/extensions/ai-proxy/provider/claude_to_openai.go:1125.19,1128.58 2 1
github.com/alibaba/higress/plugins/wasm-go/extensions/ai-proxy/provider/claude_to_openai.go:1128.58,1131.35 2 1
github.com/alibaba/higress/plugins/wasm-go/extensions/ai-proxy/provider/claude_to_openai.go:1131.35,1132.72 1 1
github.com/alibaba/higress/plugins/wasm-go/extensions/ai-proxy/provider/claude_to_openai.go:1132.72,1134.7 1 1
github.com/alibaba/higress/plugins/wasm-go/extensions/ai-proxy/provider/claude_to_openai.go:1137.5,1146.91 3 1
github.com/alibaba/higress/plugins/wasm-go/extensions/ai-proxy/provider/claude_to_openai.go:1148.22,1152.97 3 1
github.com/alibaba/higress/plugins/wasm-go/extensions/ai-proxy/provider/claude_to_openai.go:1154.3,1154.76 1 1
github.com/alibaba/higress/plugins/wasm-go/extensions/ai-proxy/provider/claude_to_openai.go:1156.2,1156.33 1 1
github.com/alibaba/higress/plugins/wasm-go/extensions/ai-proxy/provider/claude_to_openai.go:1156.33,1158.3 1 1
github.com/alibaba/higress/plugins/wasm-go/extensions/ai-proxy/provider/claude_to_openai.go:1160.2,1160.15 1 1
github.com/alibaba/higress/plugins/wasm-go/extensions/ai-proxy/provider/claude_to_openai.go:1164.105,1168.55 2 1
github.com/alibaba/higress/plugins/wasm-go/extensions/ai-proxy/provider/claude_to_openai.go:1168.55,1175.3 3 0
github.com/alibaba/higress/plugins/wasm-go/extensions/ai-proxy/provider/claude_to_openai.go:1178.2,1178.47 1 1
github.com/alibaba/higress/plugins/wasm-go/extensions/ai-proxy/provider/claude_to_openai.go:1178.47,1185.3 3 0
github.com/alibaba/higress/plugins/wasm-go/extensions/ai-proxy/provider/claude_to_openai.go:1187.2,1187.31 1 1
github.com/alibaba/higress/plugins/wasm-go/extensions/ai-proxy/provider/claude_to_openai.go:1187.31,1191.3 3 1
github.com/alibaba/higress/plugins/wasm-go/extensions/ai-proxy/provider/claude_to_openai.go:1191.8,1191.63 1 0
github.com/alibaba/higress/plugins/wasm-go/extensions/ai-proxy/provider/claude_to_openai.go:1191.63,1193.3 1 0
github.com/alibaba/higress/plugins/wasm-go/extensions/ai-proxy/provider/claude_to_openai.go:1194.2,1213.37 5 1
github.com/alibaba/higress/plugins/wasm-go/extensions/ai-proxy/provider/claude_to_openai.go:1213.37,1223.3 2 0
github.com/alibaba/higress/plugins/wasm-go/extensions/ai-proxy/provider/claude_to_openai.go:1225.2,1225.18 1 1
github.com/alibaba/higress/plugins/wasm-go/extensions/ai-proxy/provider/claude_to_openai.go:1232.52,1236.51 2 1
github.com/alibaba/higress/plugins/wasm-go/extensions/ai-proxy/provider/claude_to_openai.go:1236.51,1238.3 1 1
github.com/alibaba/higress/plugins/wasm-go/extensions/ai-proxy/provider/claude_to_openai.go:1242.2,1246.6 2 1
github.com/alibaba/higress/plugins/wasm-go/extensions/ai-proxy/provider/claude_to_openai.go:1246.6,1248.19 2 1
github.com/alibaba/higress/plugins/wasm-go/extensions/ai-proxy/provider/claude_to_openai.go:1248.19,1249.9 1 1
github.com/alibaba/higress/plugins/wasm-go/extensions/ai-proxy/provider/claude_to_openai.go:1253.3,1255.16 3 1
github.com/alibaba/higress/plugins/wasm-go/extensions/ai-proxy/provider/claude_to_openai.go:1255.16,1258.4 1 1
github.com/alibaba/higress/plugins/wasm-go/extensions/ai-proxy/provider/claude_to_openai.go:1258.9,1261.4 1 1
github.com/alibaba/higress/plugins/wasm-go/extensions/ai-proxy/provider/claude_to_openai.go:1264.2,1264.15 1 1
github.com/alibaba/higress/plugins/wasm-go/extensions/ai-proxy/provider/cloudflare.go:22.86,23.59 1 0
github.com/alibaba/higress/plugins/wasm-go/extensions/ai-proxy/provider/cloudflare.go:23.59,25.3 1 0
github.com/alibaba/higress/plugins/wasm-go/extensions/ai-proxy/provider/cloudflare.go:26.2,26.12 1 0
github.com/alibaba/higress/plugins/wasm-go/extensions/ai-proxy/provider/cloudflare.go:28.81,32.2 1 0
github.com/alibaba/higress/plugins/wasm-go/extensions/ai-proxy/provider/cloudflare.go:34.97,40.2 2 0
github.com/alibaba/higress/plugins/wasm-go/extensions/ai-proxy/provider/cloudflare.go:47.55,49.2 1 0
github.com/alibaba/higress/plugins/wasm-go/extensions/ai-proxy/provider/cloudflare.go:51.95,54.2 2 0
github.com/alibaba/higress/plugins/wasm-go/extensions/ai-proxy/provider/cloudflare.go:56.121,57.39 1 0
github.com/alibaba/higress/plugins/wasm-go/extensions/ai-proxy/provider/cloudflare.go:57.39,59.3 1 0
github.com/alibaba/higress/plugins/wasm-go/extensions/ai-proxy/provider/cloudflare.go:60.2,60.74 1 0
github.com/alibaba/higress/plugins/wasm-go/extensions/ai-proxy/provider/cloudflare.go:63.117,67.2 3 0
github.com/alibaba/higress/plugins/wasm-go/extensions/ai-proxy/provider/cohere.go:23.82,24.59 1 0
github.com/alibaba/higress/plugins/wasm-go/extensions/ai-proxy/provider/cohere.go:24.59,26.3 1 0
github.com/alibaba/higress/plugins/wasm-go/extensions/ai-proxy/provider/cohere.go:27.2,27.12 1 0
github.com/alibaba/higress/plugins/wasm-go/extensions/ai-proxy/provider/cohere.go:30.77,35.2 1 0
github.com/alibaba/higress/plugins/wasm-go/extensions/ai-proxy/provider/cohere.go:37.93,43.2 2 0
github.com/alibaba/higress/plugins/wasm-go/extensions/ai-proxy/provider/cohere.go:64.51,66.2 1 0
github.com/alibaba/higress/plugins/wasm-go/extensions/ai-proxy/provider/cohere.go:68.91,71.2 2 0
github.com/alibaba/higress/plugins/wasm-go/extensions/ai-proxy/provider/cohere.go:73.117,74.39 1 0
github.com/alibaba/higress/plugins/wasm-go/extensions/ai-proxy/provider/cohere.go:74.39,76.3 1 0
github.com/alibaba/higress/plugins/wasm-go/extensions/ai-proxy/provider/cohere.go:77.2,77.74 1 0
github.com/alibaba/higress/plugins/wasm-go/extensions/ai-proxy/provider/cohere.go:80.98,81.31 1 0
github.com/alibaba/higress/plugins/wasm-go/extensions/ai-proxy/provider/cohere.go:81.31,83.3 1 0
github.com/alibaba/higress/plugins/wasm-go/extensions/ai-proxy/provider/cohere.go:84.2,96.3 1 0
github.com/alibaba/higress/plugins/wasm-go/extensions/ai-proxy/provider/cohere.go:99.113,104.2 4 0
github.com/alibaba/higress/plugins/wasm-go/extensions/ai-proxy/provider/cohere.go:106.118,107.38 1 0
github.com/alibaba/higress/plugins/wasm-go/extensions/ai-proxy/provider/cohere.go:107.38,109.3 1 0
github.com/alibaba/higress/plugins/wasm-go/extensions/ai-proxy/provider/cohere.go:110.2,111.77 2 0
github.com/alibaba/higress/plugins/wasm-go/extensions/ai-proxy/provider/cohere.go:111.77,113.3 1 0
github.com/alibaba/higress/plugins/wasm-go/extensions/ai-proxy/provider/cohere.go:115.2,116.36 2 0
github.com/alibaba/higress/plugins/wasm-go/extensions/ai-proxy/provider/cohere.go:119.58,120.54 1 0
github.com/alibaba/higress/plugins/wasm-go/extensions/ai-proxy/provider/cohere.go:120.54,122.3 1 0
github.com/alibaba/higress/plugins/wasm-go/extensions/ai-proxy/provider/cohere.go:123.2,123.11 1 0
github.com/alibaba/higress/plugins/wasm-go/extensions/ai-proxy/provider/context.go:31.53,35.2 3 0
github.com/alibaba/higress/plugins/wasm-go/extensions/ai-proxy/provider/context.go:37.42,38.21 1 0
github.com/alibaba/higress/plugins/wasm-go/extensions/ai-proxy/provider/context.go:38.21,40.3 1 0
github.com/alibaba/higress/plugins/wasm-go/extensions/ai-proxy/provider/context.go:41.2,41.57 1 0
github.com/alibaba/higress/plugins/wasm-go/extensions/ai-proxy/provider/context.go:41.57,43.3 1 0
github.com/alibaba/higress/plugins/wasm-go/extensions/ai-proxy/provider/context.go:43.8,45.3 1 0
github.com/alibaba/higress/plugins/wasm-go/extensions/ai-proxy/provider/context.go:46.2,46.25 1 0
github.com/alibaba/higress/plugins/wasm-go/extensions/ai-proxy/provider/context.go:46.25,48.3 1 0
github.com/alibaba/higress/plugins/wasm-go/extensions/ai-proxy/provider/context.go:49.2,49.24 1 0
github.com/alibaba/higress/plugins/wasm-go/extensions/ai-proxy/provider/context.go:49.24,51.3 1 0
github.com/alibaba/higress/plugins/wasm-go/extensions/ai-proxy/provider/context.go:52.2,52.12 1 0
github.com/alibaba/higress/plugins/wasm-go/extensions/ai-proxy/provider/context.go:68.71,69.21 1 0
github.com/alibaba/higress/plugins/wasm-go/extensions/ai-proxy/provider/context.go:69.21,71.3 1 0
github.com/alibaba/higress/plugins/wasm-go/extensions/ai-proxy/provider/context.go:73.2,73.14 1 0
github.com/alibaba/higress/plugins/wasm-go/extensions/ai-proxy/provider/context.go:73.14,77.3 3 0
github.com/alibaba/higress/plugins/wasm-go/extensions/ai-proxy/provider/context.go:79.2,80.114 2 0
github.com/alibaba/higress/plugins/wasm-go/extensions/ai-proxy/provider/context.go:80.114,81.34 1 0
github.com/alibaba/higress/plugins/wasm-go/extensions/ai-proxy/provider/context.go:81.34,84.4 2 0
github.com/alibaba/higress/plugins/wasm-go/extensions/ai-proxy/provider/context.go:85.3,88.27 4 0
github.com/alibaba/higress/plugins/wasm-go/extensions/ai-proxy/provider/context.go:92.71,94.26 2 1
github.com/alibaba/higress/plugins/wasm-go/extensions/ai-proxy/provider/context.go:94.26,96.3 1 1
github.com/alibaba/higress/plugins/wasm-go/extensions/ai-proxy/provider/context.go:97.2,107.3 3 0
github.com/alibaba/higress/plugins/wasm-go/extensions/ai-proxy/provider/context.go:110.106,111.14 1 0
github.com/alibaba/higress/plugins/wasm-go/extensions/ai-proxy/provider/context.go:111.14,115.3 3 0
github.com/alibaba/higress/plugins/wasm-go/extensions/ai-proxy/provider/context.go:117.2,118.114 2 0
github.com/alibaba/higress/plugins/wasm-go/extensions/ai-proxy/provider/context.go:118.114,119.34 1 0
github.com/alibaba/higress/plugins/wasm-go/extensions/ai-proxy/provider/context.go:119.34,122.4 2 0
github.com/alibaba/higress/plugins/wasm-go/extensions/ai-proxy/provider/context.go:123.3,126.48 4 0
github.com/alibaba/higress/plugins/wasm-go/extensions/ai-proxy/provider/context.go:130.79,131.15 1 0
github.com/alibaba/higress/plugins/wasm-go/extensions/ai-proxy/provider/context.go:131.15,133.3 1 0
github.com/alibaba/higress/plugins/wasm-go/extensions/ai-proxy/provider/context.go:135.2,136.16 2 0
github.com/alibaba/higress/plugins/wasm-go/extensions/ai-proxy/provider/context.go:136.16,139.3 2 0
github.com/alibaba/higress/plugins/wasm-go/extensions/ai-proxy/provider/context.go:141.2,141.52 1 0
github.com/alibaba/higress/plugins/wasm-go/extensions/ai-proxy/provider/context.go:141.52,143.3 1 0
github.com/alibaba/higress/plugins/wasm-go/extensions/ai-proxy/provider/context.go:143.8,145.3 1 0
github.com/alibaba/higress/plugins/wasm-go/extensions/ai-proxy/provider/context.go:147.2,147.16 1 0
github.com/alibaba/higress/plugins/wasm-go/extensions/ai-proxy/provider/context.go:147.16,149.3 1 0
github.com/alibaba/higress/plugins/wasm-go/extensions/ai-proxy/provider/context.go:150.2,150.49 1 0
github.com/alibaba/higress/plugins/wasm-go/extensions/ai-proxy/provider/context.go:150.49,152.3 1 0
github.com/alibaba/higress/plugins/wasm-go/extensions/ai-proxy/provider/context.go:155.83,157.54 2 0
github.com/alibaba/higress/plugins/wasm-go/extensions/ai-proxy/provider/context.go:157.54,159.3 1 0
github.com/alibaba/higress/plugins/wasm-go/extensions/ai-proxy/provider/context.go:161.2,166.43 3 0
github.com/alibaba/higress/plugins/wasm-go/extensions/ai-proxy/provider/context.go:166.43,167.33 1 0
github.com/alibaba/higress/plugins/wasm-go/extensions/ai-proxy/provider/context.go:167.33,169.9 2 0
github.com/alibaba/higress/plugins/wasm-go/extensions/ai-proxy/provider/context.go:172.2,172.37 1 0
github.com/alibaba/higress/plugins/wasm-go/extensions/ai-proxy/provider/context.go:172.37,174.3 1 0
github.com/alibaba/higress/plugins/wasm-go/extensions/ai-proxy/provider/context.go:174.8,176.3 1 0
github.com/alibaba/higress/plugins/wasm-go/extensions/ai-proxy/provider/context.go:178.2,178.30 1 0
github.com/alibaba/higress/plugins/wasm-go/extensions/ai-proxy/provider/coze.go:17.80,18.59 1 0
github.com/alibaba/higress/plugins/wasm-go/extensions/ai-proxy/provider/coze.go:18.59,20.3 1 0
github.com/alibaba/higress/plugins/wasm-go/extensions/ai-proxy/provider/coze.go:21.2,21.12 1 0
github.com/alibaba/higress/plugins/wasm-go/extensions/ai-proxy/provider/coze.go:24.75,26.2 1 0
github.com/alibaba/higress/plugins/wasm-go/extensions/ai-proxy/provider/coze.go:28.91,34.2 2 0
github.com/alibaba/higress/plugins/wasm-go/extensions/ai-proxy/provider/coze.go:41.49,43.2 1 0
github.com/alibaba/higress/plugins/wasm-go/extensions/ai-proxy/provider/coze.go:45.89,48.2 2 0
github.com/alibaba/higress/plugins/wasm-go/extensions/ai-proxy/provider/coze.go:50.111,54.2 3 0
github.com/alibaba/higress/plugins/wasm-go/extensions/ai-proxy/provider/custom_setting.go:81.53,84.43 3 0
github.com/alibaba/higress/plugins/wasm-go/extensions/ai-proxy/provider/custom_setting.go:84.43,86.3 1 0
github.com/alibaba/higress/plugins/wasm-go/extensions/ai-proxy/provider/custom_setting.go:86.8,88.3 1 0
github.com/alibaba/higress/plugins/wasm-go/extensions/ai-proxy/provider/custom_setting.go:89.2,89.48 1 0
github.com/alibaba/higress/plugins/wasm-go/extensions/ai-proxy/provider/custom_setting.go:89.48,91.3 1 0
github.com/alibaba/higress/plugins/wasm-go/extensions/ai-proxy/provider/custom_setting.go:91.8,93.3 1 0
github.com/alibaba/higress/plugins/wasm-go/extensions/ai-proxy/provider/custom_setting.go:96.41,98.2 1 0
github.com/alibaba/higress/plugins/wasm-go/extensions/ai-proxy/provider/custom_setting.go:100.38,102.2 1 0
github.com/alibaba/higress/plugins/wasm-go/extensions/ai-proxy/provider/custom_setting.go:104.61,105.24 1 0
github.com/alibaba/higress/plugins/wasm-go/extensions/ai-proxy/provider/custom_setting.go:105.24,107.9 2 0
github.com/alibaba/higress/plugins/wasm-go/extensions/ai-proxy/provider/custom_setting.go:107.9,109.4 1 0
github.com/alibaba/higress/plugins/wasm-go/extensions/ai-proxy/provider/custom_setting.go:110.3,110.10 1 0
github.com/alibaba/higress/plugins/wasm-go/extensions/ai-proxy/provider/custom_setting.go:110.10,113.4 2 0
github.com/alibaba/higress/plugins/wasm-go/extensions/ai-proxy/provider/custom_setting.go:116.2,116.34 1 0
github.com/alibaba/higress/plugins/wasm-go/extensions/ai-proxy/provider/custom_setting.go:116.34,118.3 1 0
github.com/alibaba/higress/plugins/wasm-go/extensions/ai-proxy/provider/custom_setting.go:119.2,119.36 1 0
github.com/alibaba/higress/plugins/wasm-go/extensions/ai-proxy/provider/custom_setting.go:119.36,121.3 1 0
github.com/alibaba/higress/plugins/wasm-go/extensions/ai-proxy/provider/custom_setting.go:124.85,127.35 3 0
github.com/alibaba/higress/plugins/wasm-go/extensions/ai-proxy/provider/custom_setting.go:127.35,128.70 1 0
github.com/alibaba/higress/plugins/wasm-go/extensions/ai-proxy/provider/custom_setting.go:128.70,129.12 1 0
github.com/alibaba/higress/plugins/wasm-go/extensions/ai-proxy/provider/custom_setting.go:131.3,132.17 2 0
github.com/alibaba/higress/plugins/wasm-go/extensions/ai-proxy/provider/custom_setting.go:132.17,133.9 1 0
github.com/alibaba/higress/plugins/wasm-go/extensions/ai-proxy/provider/custom_setting.go:136.2,136.29 1 0
github.com/alibaba/higress/plugins/wasm-go/extensions/ai-proxy/provider/deepl.go:60.81,61.29 1 0
github.com/alibaba/higress/plugins/wasm-go/extensions/ai-proxy/provider/deepl.go:61.29,63.3 1 0
github.com/alibaba/higress/plugins/wasm-go/extensions/ai-proxy/provider/deepl.go:64.2,64.12 1 0
github.com/alibaba/higress/plugins/wasm-go/extensions/ai-proxy/provider/deepl.go:67.76,71.2 1 0
github.com/alibaba/higress/plugins/wasm-go/extensions/ai-proxy/provider/deepl.go:73.92,79.2 2 0
github.com/alibaba/higress/plugins/wasm-go/extensions/ai-proxy/provider/deepl.go:81.50,83.2 1 0
github.com/alibaba/higress/plugins/wasm-go/extensions/ai-proxy/provider/deepl.go:85.90,88.2 2 0
github.com/alibaba/higress/plugins/wasm-go/extensions/ai-proxy/provider/deepl.go:90.112,91.19 1 0
github.com/alibaba/higress/plugins/wasm-go/extensions/ai-proxy/provider/deepl.go:91.19,93.3 1 0
github.com/alibaba/higress/plugins/wasm-go/extensions/ai-proxy/provider/deepl.go:95.2,96.101 2 0
github.com/alibaba/higress/plugins/wasm-go/extensions/ai-proxy/provider/deepl.go:99.116,100.39 1 0
github.com/alibaba/higress/plugins/wasm-go/extensions/ai-proxy/provider/deepl.go:100.39,102.3 1 0
github.com/alibaba/higress/plugins/wasm-go/extensions/ai-proxy/provider/deepl.go:103.2,103.74 1 0
github.com/alibaba/higress/plugins/wasm-go/extensions/ai-proxy/provider/deepl.go:106.145,108.67 2 0
github.com/alibaba/higress/plugins/wasm-go/extensions/ai-proxy/provider/deepl.go:108.67,110.3 1 0
github.com/alibaba/higress/plugins/wasm-go/extensions/ai-proxy/provider/deepl.go:111.2,114.16 3 0
github.com/alibaba/higress/plugins/wasm-go/extensions/ai-proxy/provider/deepl.go:114.16,116.3 1 0
github.com/alibaba/higress/plugins/wasm-go/extensions/ai-proxy/provider/deepl.go:118.2,119.35 2 0
github.com/alibaba/higress/plugins/wasm-go/extensions/ai-proxy/provider/deepl.go:122.118,123.38 1 0
github.com/alibaba/higress/plugins/wasm-go/extensions/ai-proxy/provider/deepl.go:123.38,125.3 1 0
github.com/alibaba/higress/plugins/wasm-go/extensions/ai-proxy/provider/deepl.go:126.2,127.60 2 0
github.com/alibaba/higress/plugins/wasm-go/extensions/ai-proxy/provider/deepl.go:127.60,129.3 1 0
github.com/alibaba/higress/plugins/wasm-go/extensions/ai-proxy/provider/deepl.go:130.2,131.31 2 0
github.com/alibaba/higress/plugins/wasm-go/extensions/ai-proxy/provider/deepl.go:134.125,137.33 2 0
github.com/alibaba/higress/plugins/wasm-go/extensions/ai-proxy/provider/deepl.go:137.33,143.3 2 0
github.com/alibaba/higress/plugins/wasm-go/extensions/ai-proxy/provider/deepl.go:143.8,146.50 2 0
github.com/alibaba/higress/plugins/wasm-go/extensions/ai-proxy/provider/deepl.go:146.50,151.4 1 0
github.com/alibaba/higress/plugins/wasm-go/extensions/ai-proxy/provider/deepl.go:153.2,158.3 1 0
github.com/alibaba/higress/plugins/wasm-go/extensions/ai-proxy/provider/deepl.go:161.87,162.20 1 0
github.com/alibaba/higress/plugins/wasm-go/extensions/ai-proxy/provider/deepl.go:162.20,164.3 1 0
github.com/alibaba/higress/plugins/wasm-go/extensions/ai-proxy/provider/deepl.go:164.8,164.28 1 0
github.com/alibaba/higress/plugins/wasm-go/extensions/ai-proxy/provider/deepl.go:164.28,166.3 1 0
github.com/alibaba/higress/plugins/wasm-go/extensions/ai-proxy/provider/deepl.go:166.8,168.3 1 0
github.com/alibaba/higress/plugins/wasm-go/extensions/ai-proxy/provider/deepl.go:169.2,169.12 1 0
github.com/alibaba/higress/plugins/wasm-go/extensions/ai-proxy/provider/deepl.go:172.91,177.39 2 0
github.com/alibaba/higress/plugins/wasm-go/extensions/ai-proxy/provider/deepl.go:177.39,178.29 1 0
github.com/alibaba/higress/plugins/wasm-go/extensions/ai-proxy/provider/deepl.go:178.29,180.4 1 0
github.com/alibaba/higress/plugins/wasm-go/extensions/ai-proxy/provider/deepl.go:180.9,182.4 1 0
github.com/alibaba/higress/plugins/wasm-go/extensions/ai-proxy/provider/deepl.go:184.2,184.21 1 0
github.com/alibaba/higress/plugins/wasm-go/extensions/ai-proxy/provider/deepl.go:187.57,188.53 1 0
github.com/alibaba/higress/plugins/wasm-go/extensions/ai-proxy/provider/deepl.go:188.53,190.3 1 0
github.com/alibaba/higress/plugins/wasm-go/extensions/ai-proxy/provider/deepl.go:191.2,191.11 1 0
github.com/alibaba/higress/plugins/wasm-go/extensions/ai-proxy/provider/deepseek.go:21.84,22.32 1 0
github.com/alibaba/higress/plugins/wasm-go/extensions/ai-proxy/provider/deepseek.go:22.32,24.3 1 0
github.com/alibaba/higress/plugins/wasm-go/extensions/ai-proxy/provider/deepseek.go:25.2,25.12 1 0
github.com/alibaba/higress/plugins/wasm-go/extensions/ai-proxy/provider/deepseek.go:28.79,34.2 1 0
github.com/alibaba/higress/plugins/wasm-go/extensions/ai-proxy/provider/deepseek.go:36.95,42.2 2 0
github.com/alibaba/higress/plugins/wasm-go/extensions/ai-proxy/provider/deepseek.go:49.53,51.2 1 0
github.com/alibaba/higress/plugins/wasm-go/extensions/ai-proxy/provider/deepseek.go:53.93,56.2 2 0
github.com/alibaba/higress/plugins/wasm-go/extensions/ai-proxy/provider/deepseek.go:58.119,59.39 1 0
github.com/alibaba/higress/plugins/wasm-go/extensions/ai-proxy/provider/deepseek.go:59.39,61.3 1 0
github.com/alibaba/higress/plugins/wasm-go/extensions/ai-proxy/provider/deepseek.go:62.2,62.74 1 0
github.com/alibaba/higress/plugins/wasm-go/extensions/ai-proxy/provider/deepseek.go:65.115,70.2 4 0
github.com/alibaba/higress/plugins/wasm-go/extensions/ai-proxy/provider/dify.go:32.80,33.59 1 0
github.com/alibaba/higress/plugins/wasm-go/extensions/ai-proxy/provider/dify.go:33.59,35.3 1 0
github.com/alibaba/higress/plugins/wasm-go/extensions/ai-proxy/provider/dify.go:36.2,36.12 1 0
github.com/alibaba/higress/plugins/wasm-go/extensions/ai-proxy/provider/dify.go:39.91,44.2 1 0
github.com/alibaba/higress/plugins/wasm-go/extensions/ai-proxy/provider/dify.go:51.49,53.2 1 0
github.com/alibaba/higress/plugins/wasm-go/extensions/ai-proxy/provider/dify.go:55.89,58.2 2 0
github.com/alibaba/higress/plugins/wasm-go/extensions/ai-proxy/provider/dify.go:60.111,61.31 1 0
github.com/alibaba/higress/plugins/wasm-go/extensions/ai-proxy/provider/dify.go:61.31,65.91 3 0
github.com/alibaba/higress/plugins/wasm-go/extensions/ai-proxy/provider/dify.go:65.91,67.4 1 0
github.com/alibaba/higress/plugins/wasm-go/extensions/ai-proxy/provider/dify.go:67.9,69.50 2 0
github.com/alibaba/higress/plugins/wasm-go/extensions/ai-proxy/provider/dify.go:69.50,71.5 1 0
github.com/alibaba/higress/plugins/wasm-go/extensions/ai-proxy/provider/dify.go:73.3,74.49 2 0
github.com/alibaba/higress/plugins/wasm-go/extensions/ai-proxy/provider/dify.go:75.8,77.3 1 0
github.com/alibaba/higress/plugins/wasm-go/extensions/ai-proxy/provider/dify.go:78.2,78.26 1 0
github.com/alibaba/higress/plugins/wasm-go/extensions/ai-proxy/provider/dify.go:79.33,80.57 1 0
github.com/alibaba/higress/plugins/wasm-go/extensions/ai-proxy/provider/dify.go:81.25,82.63 1 0
github.com/alibaba/higress/plugins/wasm-go/extensions/ai-proxy/provider/dify.go:83.23,84.61 1 0
github.com/alibaba/higress/plugins/wasm-go/extensions/ai-proxy/provider/dify.go:86.2,86.93 1 0
github.com/alibaba/higress/plugins/wasm-go/extensions/ai-proxy/provider/dify.go:89.115,90.38 1 0
github.com/alibaba/higress/plugins/wasm-go/extensions/ai-proxy/provider/dify.go:90.38,92.3 1 0
github.com/alibaba/higress/plugins/wasm-go/extensions/ai-proxy/provider/dify.go:93.2,93.74 1 0
github.com/alibaba/higress/plugins/wasm-go/extensions/ai-proxy/provider/dify.go:96.144,97.38 1 0
github.com/alibaba/higress/plugins/wasm-go/extensions/ai-proxy/provider/dify.go:97.38,99.3 1 0
github.com/alibaba/higress/plugins/wasm-go/extensions/ai-proxy/provider/dify.go:100.2,102.16 3 0
github.com/alibaba/higress/plugins/wasm-go/extensions/ai-proxy/provider/dify.go:102.16,104.3 1 0
github.com/alibaba/higress/plugins/wasm-go/extensions/ai-proxy/provider/dify.go:106.2,108.34 2 0
github.com/alibaba/higress/plugins/wasm-go/extensions/ai-proxy/provider/dify.go:111.117,112.38 1 0
github.com/alibaba/higress/plugins/wasm-go/extensions/ai-proxy/provider/dify.go:112.38,114.3 1 0
github.com/alibaba/higress/plugins/wasm-go/extensions/ai-proxy/provider/dify.go:115.2,116.59 2 0
github.com/alibaba/higress/plugins/wasm-go/extensions/ai-proxy/provider/dify.go:116.59,118.3 1 0
github.com/alibaba/higress/plugins/wasm-go/extensions/ai-proxy/provider/dify.go:119.2,120.31 2 0
github.com/alibaba/higress/plugins/wasm-go/extensions/ai-proxy/provider/dify.go:123.121,126.26 3 0
github.com/alibaba/higress/plugins/wasm-go/extensions/ai-proxy/provider/dify.go:127.33,135.31 3 0
github.com/alibaba/higress/plugins/wasm-go/extensions/ai-proxy/provider/dify.go:136.25,142.26 2 0
github.com/alibaba/higress/plugins/wasm-go/extensions/ai-proxy/provider/dify.go:143.23,149.32 2 0
github.com/alibaba/higress/plugins/wasm-go/extensions/ai-proxy/provider/dify.go:151.2,159.3 1 0
github.com/alibaba/higress/plugins/wasm-go/extensions/ai-proxy/provider/dify.go:162.135,163.36 1 0
github.com/alibaba/higress/plugins/wasm-go/extensions/ai-proxy/provider/dify.go:163.36,165.3 1 0
github.com/alibaba/higress/plugins/wasm-go/extensions/ai-proxy/provider/dify.go:166.2,166.35 1 0
github.com/alibaba/higress/plugins/wasm-go/extensions/ai-proxy/provider/dify.go:166.35,168.3 1 0
github.com/alibaba/higress/plugins/wasm-go/extensions/ai-proxy/provider/dify.go:174.2,176.29 3 0
github.com/alibaba/higress/plugins/wasm-go/extensions/ai-proxy/provider/dify.go:176.29,177.20 1 0
github.com/alibaba/higress/plugins/wasm-go/extensions/ai-proxy/provider/dify.go:177.20,179.12 1 0
github.com/alibaba/higress/plugins/wasm-go/extensions/ai-proxy/provider/dify.go:181.3,183.69 3 0
github.com/alibaba/higress/plugins/wasm-go/extensions/ai-proxy/provider/dify.go:183.69,185.12 2 0
github.com/alibaba/higress/plugins/wasm-go/extensions/ai-proxy/provider/dify.go:187.3,189.17 3 0
github.com/alibaba/higress/plugins/wasm-go/extensions/ai-proxy/provider/dify.go:189.17,192.4 2 0
github.com/alibaba/higress/plugins/wasm-go/extensions/ai-proxy/provider/dify.go:193.3,193.58 1 0
github.com/alibaba/higress/plugins/wasm-go/extensions/ai-proxy/provider/dify.go:195.2,197.43 3 0
github.com/alibaba/higress/plugins/wasm-go/extensions/ai-proxy/provider/dify.go:200.132,204.26 4 0
github.com/alibaba/higress/plugins/wasm-go/extensions/ai-proxy/provider/dify.go:205.33,211.85 3 0
github.com/alibaba/higress/plugins/wasm-go/extensions/ai-proxy/provider/dify.go:212.25,217.26 2 0
github.com/alibaba/higress/plugins/wasm-go/extensions/ai-proxy/provider/dify.go:218.23,223.32 2 0
github.com/alibaba/higress/plugins/wasm-go/extensions/ai-proxy/provider/dify.go:225.2,225.78 1 0
github.com/alibaba/higress/plugins/wasm-go/extensions/ai-proxy/provider/dify.go:225.78,227.38 2 0
github.com/alibaba/higress/plugins/wasm-go/extensions/ai-proxy/provider/dify.go:227.38,233.4 1 0
github.com/alibaba/higress/plugins/wasm-go/extensions/ai-proxy/provider/dify.go:235.2,243.3 1 0
github.com/alibaba/higress/plugins/wasm-go/extensions/ai-proxy/provider/dify.go:246.94,248.2 1 0
github.com/alibaba/higress/plugins/wasm-go/extensions/ai-proxy/provider/dify.go:250.92,252.43 2 0
github.com/alibaba/higress/plugins/wasm-go/extensions/ai-proxy/provider/dify.go:252.43,253.31 1 0
github.com/alibaba/higress/plugins/wasm-go/extensions/ai-proxy/provider/dify.go:253.31,255.4 1 0
github.com/alibaba/higress/plugins/wasm-go/extensions/ai-proxy/provider/dify.go:255.9,255.41 1 0
github.com/alibaba/higress/plugins/wasm-go/extensions/ai-proxy/provider/dify.go:255.41,257.4 1 0
github.com/alibaba/higress/plugins/wasm-go/extensions/ai-proxy/provider/dify.go:257.9,259.4 1 0
github.com/alibaba/higress/plugins/wasm-go/extensions/ai-proxy/provider/dify.go:261.2,262.20 2 0
github.com/alibaba/higress/plugins/wasm-go/extensions/ai-proxy/provider/dify.go:262.20,264.3 1 0
github.com/alibaba/higress/plugins/wasm-go/extensions/ai-proxy/provider/dify.go:265.2,266.16 2 0
github.com/alibaba/higress/plugins/wasm-go/extensions/ai-proxy/provider/dify.go:266.16,268.3 1 0
github.com/alibaba/higress/plugins/wasm-go/extensions/ai-proxy/provider/dify.go:269.2,269.26 1 0
github.com/alibaba/higress/plugins/wasm-go/extensions/ai-proxy/provider/dify.go:270.33,279.4 2 0
github.com/alibaba/higress/plugins/wasm-go/extensions/ai-proxy/provider/dify.go:280.25,287.4 1 0
github.com/alibaba/higress/plugins/wasm-go/extensions/ai-proxy/provider/dify.go:288.23,295.4 1 0
github.com/alibaba/higress/plugins/wasm-go/extensions/ai-proxy/provider/dify.go:296.10,297.28 1 0
github.com/alibaba/higress/plugins/wasm-go/extensions/ai-proxy/provider/doubao.go:26.82,27.59 1 0
github.com/alibaba/higress/plugins/wasm-go/extensions/ai-proxy/provider/doubao.go:27.59,29.3 1 0
github.com/alibaba/higress/plugins/wasm-go/extensions/ai-proxy/provider/doubao.go:30.2,30.12 1 0
github.com/alibaba/higress/plugins/wasm-go/extensions/ai-proxy/provider/doubao.go:33.77,40.2 1 0
github.com/alibaba/higress/plugins/wasm-go/extensions/ai-proxy/provider/doubao.go:42.93,48.2 2 0
github.com/alibaba/higress/plugins/wasm-go/extensions/ai-proxy/provider/doubao.go:55.51,57.2 1 0
github.com/alibaba/higress/plugins/wasm-go/extensions/ai-proxy/provider/doubao.go:59.91,62.2 2 0
github.com/alibaba/higress/plugins/wasm-go/extensions/ai-proxy/provider/doubao.go:64.117,65.39 1 0
github.com/alibaba/higress/plugins/wasm-go/extensions/ai-proxy/provider/doubao.go:65.39,67.3 1 0
github.com/alibaba/higress/plugins/wasm-go/extensions/ai-proxy/provider/doubao.go:68.2,68.74 1 0
github.com/alibaba/higress/plugins/wasm-go/extensions/ai-proxy/provider/doubao.go:71.113,73.33 2 0
github.com/alibaba/higress/plugins/wasm-go/extensions/ai-proxy/provider/doubao.go:73.33,75.3 1 0
github.com/alibaba/higress/plugins/wasm-go/extensions/ai-proxy/provider/doubao.go:75.8,77.3 1 0
github.com/alibaba/higress/plugins/wasm-go/extensions/ai-proxy/provider/doubao.go:78.2,79.31 2 0
github.com/alibaba/higress/plugins/wasm-go/extensions/ai-proxy/provider/doubao.go:82.118,84.17 2 0
github.com/alibaba/higress/plugins/wasm-go/extensions/ai-proxy/provider/doubao.go:85.24,89.72 1 0
github.com/alibaba/higress/plugins/wasm-go/extensions/ai-proxy/provider/doubao.go:89.72,91.18 2 0
github.com/alibaba/higress/plugins/wasm-go/extensions/ai-proxy/provider/doubao.go:91.18,93.5 1 0
github.com/alibaba/higress/plugins/wasm-go/extensions/ai-proxy/provider/doubao.go:95.30,98.62 1 0
github.com/alibaba/higress/plugins/wasm-go/extensions/ai-proxy/provider/doubao.go:98.62,100.18 2 0
github.com/alibaba/higress/plugins/wasm-go/extensions/ai-proxy/provider/doubao.go:100.18,102.5 1 0
github.com/alibaba/higress/plugins/wasm-go/extensions/ai-proxy/provider/doubao.go:105.2,105.65 1 0
github.com/alibaba/higress/plugins/wasm-go/extensions/ai-proxy/provider/doubao.go:108.58,109.54 1 0
github.com/alibaba/higress/plugins/wasm-go/extensions/ai-proxy/provider/doubao.go:109.54,111.3 1 0
github.com/alibaba/higress/plugins/wasm-go/extensions/ai-proxy/provider/doubao.go:112.2,112.50 1 0
github.com/alibaba/higress/plugins/wasm-go/extensions/ai-proxy/provider/doubao.go:112.50,114.3 1 0
github.com/alibaba/higress/plugins/wasm-go/extensions/ai-proxy/provider/doubao.go:115.2,115.55 1 0
github.com/alibaba/higress/plugins/wasm-go/extensions/ai-proxy/provider/doubao.go:115.55,117.3 1 0
github.com/alibaba/higress/plugins/wasm-go/extensions/ai-proxy/provider/doubao.go:118.2,118.49 1 0
github.com/alibaba/higress/plugins/wasm-go/extensions/ai-proxy/provider/doubao.go:118.49,120.3 1 0
github.com/alibaba/higress/plugins/wasm-go/extensions/ai-proxy/provider/doubao.go:121.2,121.11 1 0
github.com/alibaba/higress/plugins/wasm-go/extensions/ai-proxy/provider/failover.go:84.48,87.29 3 1
github.com/alibaba/higress/plugins/wasm-go/extensions/ai-proxy/provider/failover.go:87.29,89.3 1 1
github.com/alibaba/higress/plugins/wasm-go/extensions/ai-proxy/provider/failover.go:90.2,91.29 2 1
github.com/alibaba/higress/plugins/wasm-go/extensions/ai-proxy/provider/failover.go:91.29,93.3 1 1
github.com/alibaba/higress/plugins/wasm-go/extensions/ai-proxy/provider/failover.go:94.2,95.32 2 1
github.com/alibaba/higress/plugins/wasm-go/extensions/ai-proxy/provider/failover.go:95.32,97.3 1 1
github.com/alibaba/higress/plugins/wasm-go/extensions/ai-proxy/provider/failover.go:98.2,99.31 2 1
github.com/alibaba/higress/plugins/wasm-go/extensions/ai-proxy/provider/failover.go:99.31,101.3 1 1
github.com/alibaba/higress/plugins/wasm-go/extensions/ai-proxy/provider/failover.go:102.2,105.62 3 1
github.com/alibaba/higress/plugins/wasm-go/extensions/ai-proxy/provider/failover.go:105.62,107.3 1 1
github.com/alibaba/higress/plugins/wasm-go/extensions/ai-proxy/provider/failover.go:109.2,109.34 1 1
github.com/alibaba/higress/plugins/wasm-go/extensions/ai-proxy/provider/failover.go:109.34,111.3 1 1
github.com/alibaba/higress/plugins/wasm-go/extensions/ai-proxy/provider/failover.go:114.37,115.57 1 1
github.com/alibaba/higress/plugins/wasm-go/extensions/ai-proxy/provider/failover.go:115.57,117.3 1 1
github.com/alibaba/higress/plugins/wasm-go/extensions/ai-proxy/provider/failover.go:118.2,118.12 1 1
github.com/alibaba/higress/plugins/wasm-go/extensions/ai-proxy/provider/failover.go:121.41,133.2 10 0
github.com/alibaba/higress/plugins/wasm-go/extensions/ai-proxy/provider/failover.go:135.56,137.2 1 0
github.com/alibaba/higress/plugins/wasm-go/extensions/ai-proxy/provider/failover.go:139.78,146.27 4 0
github.com/alibaba/higress/plugins/wasm-go/extensions/ai-proxy/provider/failover.go:146.27,152.17 4 0
github.com/alibaba/higress/plugins/wasm-go/extensions/ai-proxy/provider/failover.go:152.17,154.4 1 0
github.com/alibaba/higress/plugins/wasm-go/extensions/ai-proxy/provider/failover.go:156.3,156.67 1 0
github.com/alibaba/higress/plugins/wasm-go/extensions/ai-proxy/provider/failover.go:156.67,158.63 1 0
github.com/alibaba/higress/plugins/wasm-go/extensions/ai-proxy/provider/failover.go:158.63,161.19 3 0
github.com/alibaba/higress/plugins/wasm-go/extensions/ai-proxy/provider/failover.go:161.19,164.6 2 0
github.com/alibaba/higress/plugins/wasm-go/extensions/ai-proxy/provider/failover.go:165.5,165.35 1 0
github.com/alibaba/higress/plugins/wasm-go/extensions/ai-proxy/provider/failover.go:165.35,167.41 1 0
github.com/alibaba/higress/plugins/wasm-go/extensions/ai-proxy/provider/failover.go:167.41,169.21 2 0
github.com/alibaba/higress/plugins/wasm-go/extensions/ai-proxy/provider/failover.go:169.21,171.8 1 0
github.com/alibaba/higress/plugins/wasm-go/extensions/ai-proxy/provider/failover.go:171.13,174.51 3 0
github.com/alibaba/higress/plugins/wasm-go/extensions/ai-proxy/provider/failover.go:174.51,175.94 1 0
github.com/alibaba/higress/plugins/wasm-go/extensions/ai-proxy/provider/failover.go:175.94,182.10 6 0
github.com/alibaba/higress/plugins/wasm-go/extensions/ai-proxy/provider/failover.go:185.8,185.46 1 0
github.com/alibaba/higress/plugins/wasm-go/extensions/ai-proxy/provider/failover.go:185.46,187.9 1 0
github.com/alibaba/higress/plugins/wasm-go/extensions/ai-proxy/provider/failover.go:192.6,192.73 1 0
github.com/alibaba/higress/plugins/wasm-go/extensions/ai-proxy/provider/failover.go:192.73,193.50 1 0
github.com/alibaba/higress/plugins/wasm-go/extensions/ai-proxy/provider/failover.go:193.50,204.22 7 0
github.com/alibaba/higress/plugins/wasm-go/extensions/ai-proxy/provider/failover.go:204.22,206.9 1 0
github.com/alibaba/higress/plugins/wasm-go/extensions/ai-proxy/provider/failover.go:209.8,209.189 1 0
github.com/alibaba/higress/plugins/wasm-go/extensions/ai-proxy/provider/failover.go:209.189,210.30 1 0
github.com/alibaba/higress/plugins/wasm-go/extensions/ai-proxy/provider/failover.go:210.30,212.10 1 0
github.com/alibaba/higress/plugins/wasm-go/extensions/ai-proxy/provider/failover.go:214.8,214.22 1 0
github.com/alibaba/higress/plugins/wasm-go/extensions/ai-proxy/provider/failover.go:214.22,216.9 1 0
github.com/alibaba/higress/plugins/wasm-go/extensions/ai-proxy/provider/failover.go:223.2,223.12 1 0
github.com/alibaba/higress/plugins/wasm-go/extensions/ai-proxy/provider/failover.go:226.45,228.2 1 0
github.com/alibaba/higress/plugins/wasm-go/extensions/ai-proxy/provider/failover.go:230.170,232.72 2 0
github.com/alibaba/higress/plugins/wasm-go/extensions/ai-proxy/provider/failover.go:232.72,234.3 1 0
github.com/alibaba/higress/plugins/wasm-go/extensions/ai-proxy/provider/failover.go:237.2,237.30 1 0
github.com/alibaba/higress/plugins/wasm-go/extensions/ai-proxy/provider/failover.go:237.30,239.3 1 0
github.com/alibaba/higress/plugins/wasm-go/extensions/ai-proxy/provider/failover.go:241.2,242.69 2 0
github.com/alibaba/higress/plugins/wasm-go/extensions/ai-proxy/provider/failover.go:242.69,244.3 1 0
github.com/alibaba/higress/plugins/wasm-go/extensions/ai-proxy/provider/failover.go:244.8,244.83 1 0
github.com/alibaba/higress/plugins/wasm-go/extensions/ai-proxy/provider/failover.go:244.83,246.3 1 0
github.com/alibaba/higress/plugins/wasm-go/extensions/ai-proxy/provider/failover.go:246.8,248.3 1 0
github.com/alibaba/higress/plugins/wasm-go/extensions/ai-proxy/provider/failover.go:249.2,249.16 1 0
github.com/alibaba/higress/plugins/wasm-go/extensions/ai-proxy/provider/failover.go:249.16,251.3 1 0
github.com/alibaba/higress/plugins/wasm-go/extensions/ai-proxy/provider/failover.go:253.2,253.35 1 0
github.com/alibaba/higress/plugins/wasm-go/extensions/ai-proxy/provider/failover.go:256.54,262.2 5 0
github.com/alibaba/higress/plugins/wasm-go/extensions/ai-proxy/provider/failover.go:264.101,266.16 2 0
github.com/alibaba/higress/plugins/wasm-go/extensions/ai-proxy/provider/failover.go:266.16,268.3 1 0
github.com/alibaba/higress/plugins/wasm-go/extensions/ai-proxy/provider/failover.go:269.2,271.16 3 0
github.com/alibaba/higress/plugins/wasm-go/extensions/ai-proxy/provider/failover.go:271.16,273.3 1 0
github.com/alibaba/higress/plugins/wasm-go/extensions/ai-proxy/provider/failover.go:275.2,289.43 3 0
github.com/alibaba/higress/plugins/wasm-go/extensions/ai-proxy/provider/failover.go:292.67,296.16 3 0
github.com/alibaba/higress/plugins/wasm-go/extensions/ai-proxy/provider/failover.go:296.16,297.48 1 0
github.com/alibaba/higress/plugins/wasm-go/extensions/ai-proxy/provider/failover.go:297.48,299.4 1 0
github.com/alibaba/higress/plugins/wasm-go/extensions/ai-proxy/provider/failover.go:299.9,302.4 2 0
github.com/alibaba/higress/plugins/wasm-go/extensions/ai-proxy/provider/failover.go:304.2,304.17 1 0
github.com/alibaba/higress/plugins/wasm-go/extensions/ai-proxy/provider/failover.go:304.17,306.3 1 0
github.com/alibaba/higress/plugins/wasm-go/extensions/ai-proxy/provider/failover.go:308.2,310.16 3 0
github.com/alibaba/higress/plugins/wasm-go/extensions/ai-proxy/provider/failover.go:310.16,313.3 2 0
github.com/alibaba/higress/plugins/wasm-go/extensions/ai-proxy/provider/failover.go:316.2,316.52 1 0
github.com/alibaba/higress/plugins/wasm-go/extensions/ai-proxy/provider/failover.go:316.52,320.3 3 0
github.com/alibaba/higress/plugins/wasm-go/extensions/ai-proxy/provider/failover.go:322.2,322.14 1 0
github.com/alibaba/higress/plugins/wasm-go/extensions/ai-proxy/provider/failover.go:325.82,331.16 3 0
github.com/alibaba/higress/plugins/wasm-go/extensions/ai-proxy/provider/failover.go:331.16,334.3 2 0
github.com/alibaba/higress/plugins/wasm-go/extensions/ai-proxy/provider/failover.go:336.2,336.87 1 0
github.com/alibaba/higress/plugins/wasm-go/extensions/ai-proxy/provider/failover.go:336.87,339.3 2 0
github.com/alibaba/higress/plugins/wasm-go/extensions/ai-proxy/provider/failover.go:340.2,340.13 1 0
github.com/alibaba/higress/plugins/wasm-go/extensions/ai-proxy/provider/failover.go:343.28,345.2 1 0
github.com/alibaba/higress/plugins/wasm-go/extensions/ai-proxy/provider/failover.go:349.67,351.16 2 0
github.com/alibaba/higress/plugins/wasm-go/extensions/ai-proxy/provider/failover.go:351.16,354.3 2 0
github.com/alibaba/higress/plugins/wasm-go/extensions/ai-proxy/provider/failover.go:356.2,357.49 2 0
github.com/alibaba/higress/plugins/wasm-go/extensions/ai-proxy/provider/failover.go:357.49,362.3 4 0
github.com/alibaba/higress/plugins/wasm-go/extensions/ai-proxy/provider/failover.go:362.8,365.3 2 0
github.com/alibaba/higress/plugins/wasm-go/extensions/ai-proxy/provider/failover.go:370.94,372.16 2 0
github.com/alibaba/higress/plugins/wasm-go/extensions/ai-proxy/provider/failover.go:372.16,375.3 2 0
github.com/alibaba/higress/plugins/wasm-go/extensions/ai-proxy/provider/failover.go:377.2,378.16 2 0
github.com/alibaba/higress/plugins/wasm-go/extensions/ai-proxy/provider/failover.go:378.16,381.3 2 0
github.com/alibaba/higress/plugins/wasm-go/extensions/ai-proxy/provider/failover.go:383.2,383.49 1 0
github.com/alibaba/higress/plugins/wasm-go/extensions/ai-proxy/provider/failover.go:383.49,385.3 1 0
github.com/alibaba/higress/plugins/wasm-go/extensions/ai-proxy/provider/failover.go:387.2,388.49 2 0
github.com/alibaba/higress/plugins/wasm-go/extensions/ai-proxy/provider/failover.go:388.49,394.38 5 0
github.com/alibaba/higress/plugins/wasm-go/extensions/ai-proxy/provider/failover.go:394.38,396.4 1 0
github.com/alibaba/higress/plugins/wasm-go/extensions/ai-proxy/provider/failover.go:398.3,398.32 1 0
github.com/alibaba/higress/plugins/wasm-go/extensions/ai-proxy/provider/failover.go:399.8,402.3 2 0
github.com/alibaba/higress/plugins/wasm-go/extensions/ai-proxy/provider/failover.go:405.40,407.2 1 0
github.com/alibaba/higress/plugins/wasm-go/extensions/ai-proxy/provider/failover.go:409.43,411.2 1 0
github.com/alibaba/higress/plugins/wasm-go/extensions/ai-proxy/provider/failover.go:413.47,414.56 1 0
github.com/alibaba/higress/plugins/wasm-go/extensions/ai-proxy/provider/failover.go:414.56,416.17 2 0
github.com/alibaba/higress/plugins/wasm-go/extensions/ai-proxy/provider/failover.go:416.17,418.12 2 0
github.com/alibaba/higress/plugins/wasm-go/extensions/ai-proxy/provider/failover.go:421.3,422.43 2 0
github.com/alibaba/higress/plugins/wasm-go/extensions/ai-proxy/provider/failover.go:422.43,425.4 2 0
github.com/alibaba/higress/plugins/wasm-go/extensions/ai-proxy/provider/failover.go:425.9,425.54 1 0
github.com/alibaba/higress/plugins/wasm-go/extensions/ai-proxy/provider/failover.go:425.54,428.4 2 0
github.com/alibaba/higress/plugins/wasm-go/extensions/ai-proxy/provider/failover.go:430.3,430.33 1 0
github.com/alibaba/higress/plugins/wasm-go/extensions/ai-proxy/provider/failover.go:430.33,432.4 1 0
github.com/alibaba/higress/plugins/wasm-go/extensions/ai-proxy/provider/failover.go:432.9,434.4 1 0
github.com/alibaba/higress/plugins/wasm-go/extensions/ai-proxy/provider/failover.go:436.3,436.59 1 0
github.com/alibaba/higress/plugins/wasm-go/extensions/ai-proxy/provider/failover.go:436.59,439.4 2 0
github.com/alibaba/higress/plugins/wasm-go/extensions/ai-proxy/provider/failover.go:439.9,439.59 1 0
github.com/alibaba/higress/plugins/wasm-go/extensions/ai-proxy/provider/failover.go:439.59,442.4 2 0
github.com/alibaba/higress/plugins/wasm-go/extensions/ai-proxy/provider/failover.go:444.3,444.63 1 0
github.com/alibaba/higress/plugins/wasm-go/extensions/ai-proxy/provider/failover.go:448.57,450.16 2 0
github.com/alibaba/higress/plugins/wasm-go/extensions/ai-proxy/provider/failover.go:450.16,451.48 1 0
github.com/alibaba/higress/plugins/wasm-go/extensions/ai-proxy/provider/failover.go:451.48,453.4 1 0
github.com/alibaba/higress/plugins/wasm-go/extensions/ai-proxy/provider/failover.go:454.3,454.21 1 0
github.com/alibaba/higress/plugins/wasm-go/extensions/ai-proxy/provider/failover.go:456.2,456.17 1 0
github.com/alibaba/higress/plugins/wasm-go/extensions/ai-proxy/provider/failover.go:456.17,458.3 1 0
github.com/alibaba/higress/plugins/wasm-go/extensions/ai-proxy/provider/failover.go:460.2,461.56 2 0
github.com/alibaba/higress/plugins/wasm-go/extensions/ai-proxy/provider/failover.go:461.56,463.3 1 0
github.com/alibaba/higress/plugins/wasm-go/extensions/ai-proxy/provider/failover.go:465.2,465.28 1 0
github.com/alibaba/higress/plugins/wasm-go/extensions/ai-proxy/provider/failover.go:468.69,470.16 2 0
github.com/alibaba/higress/plugins/wasm-go/extensions/ai-proxy/provider/failover.go:470.16,472.3 1 0
github.com/alibaba/higress/plugins/wasm-go/extensions/ai-proxy/provider/failover.go:473.2,473.48 1 0
github.com/alibaba/higress/plugins/wasm-go/extensions/ai-proxy/provider/failover.go:476.55,477.34 1 0
github.com/alibaba/higress/plugins/wasm-go/extensions/ai-proxy/provider/failover.go:477.34,478.20 1 0
github.com/alibaba/higress/plugins/wasm-go/extensions/ai-proxy/provider/failover.go:478.20,481.4 2 0
github.com/alibaba/higress/plugins/wasm-go/extensions/ai-proxy/provider/failover.go:483.2,483.14 1 0
github.com/alibaba/higress/plugins/wasm-go/extensions/ai-proxy/provider/failover.go:486.53,487.29 1 0
github.com/alibaba/higress/plugins/wasm-go/extensions/ai-proxy/provider/failover.go:487.29,488.16 1 0
github.com/alibaba/higress/plugins/wasm-go/extensions/ai-proxy/provider/failover.go:488.16,490.4 1 0
github.com/alibaba/higress/plugins/wasm-go/extensions/ai-proxy/provider/failover.go:492.2,492.14 1 0
github.com/alibaba/higress/plugins/wasm-go/extensions/ai-proxy/provider/failover.go:495.76,497.16 2 0
github.com/alibaba/higress/plugins/wasm-go/extensions/ai-proxy/provider/failover.go:497.16,498.48 1 0
github.com/alibaba/higress/plugins/wasm-go/extensions/ai-proxy/provider/failover.go:498.48,500.4 1 0
github.com/alibaba/higress/plugins/wasm-go/extensions/ai-proxy/provider/failover.go:501.3,501.21 1 0
github.com/alibaba/higress/plugins/wasm-go/extensions/ai-proxy/provider/failover.go:504.2,504.17 1 0
github.com/alibaba/higress/plugins/wasm-go/extensions/ai-proxy/provider/failover.go:504.17,506.3 1 0
github.com/alibaba/higress/plugins/wasm-go/extensions/ai-proxy/provider/failover.go:508.2,510.16 3 0
github.com/alibaba/higress/plugins/wasm-go/extensions/ai-proxy/provider/failover.go:510.16,512.3 1 0
github.com/alibaba/higress/plugins/wasm-go/extensions/ai-proxy/provider/failover.go:513.2,513.28 1 0
github.com/alibaba/higress/plugins/wasm-go/extensions/ai-proxy/provider/failover.go:516.52,518.2 1 0
github.com/alibaba/higress/plugins/wasm-go/extensions/ai-proxy/provider/failover.go:520.54,522.2 1 0
github.com/alibaba/higress/plugins/wasm-go/extensions/ai-proxy/provider/failover.go:524.81,525.27 1 0
github.com/alibaba/higress/plugins/wasm-go/extensions/ai-proxy/provider/failover.go:525.27,527.17 2 0
github.com/alibaba/higress/plugins/wasm-go/extensions/ai-proxy/provider/failover.go:527.17,529.4 1 0
github.com/alibaba/higress/plugins/wasm-go/extensions/ai-proxy/provider/failover.go:530.3,530.62 1 0
github.com/alibaba/higress/plugins/wasm-go/extensions/ai-proxy/provider/failover.go:530.62,533.4 2 0
github.com/alibaba/higress/plugins/wasm-go/extensions/ai-proxy/provider/failover.go:537.66,538.56 1 0
github.com/alibaba/higress/plugins/wasm-go/extensions/ai-proxy/provider/failover.go:538.56,540.17 2 0
github.com/alibaba/higress/plugins/wasm-go/extensions/ai-proxy/provider/failover.go:540.17,542.12 2 0
github.com/alibaba/higress/plugins/wasm-go/extensions/ai-proxy/provider/failover.go:545.3,545.47 1 0
github.com/alibaba/higress/plugins/wasm-go/extensions/ai-proxy/provider/failover.go:545.47,547.4 1 0
github.com/alibaba/higress/plugins/wasm-go/extensions/ai-proxy/provider/failover.go:547.9,549.4 1 0
github.com/alibaba/higress/plugins/wasm-go/extensions/ai-proxy/provider/failover.go:551.3,552.17 2 0
github.com/alibaba/higress/plugins/wasm-go/extensions/ai-proxy/provider/failover.go:552.17,554.4 1 0
github.com/alibaba/higress/plugins/wasm-go/extensions/ai-proxy/provider/failover.go:556.3,556.85 1 0
github.com/alibaba/higress/plugins/wasm-go/extensions/ai-proxy/provider/failover.go:556.85,559.4 2 0
github.com/alibaba/higress/plugins/wasm-go/extensions/ai-proxy/provider/failover.go:559.9,559.59 1 0
github.com/alibaba/higress/plugins/wasm-go/extensions/ai-proxy/provider/failover.go:559.59,562.4 2 0
github.com/alibaba/higress/plugins/wasm-go/extensions/ai-proxy/provider/failover.go:564.3,564.63 1 0
github.com/alibaba/higress/plugins/wasm-go/extensions/ai-proxy/provider/failover.go:568.48,571.2 2 0
github.com/alibaba/higress/plugins/wasm-go/extensions/ai-proxy/provider/failover.go:573.80,575.16 2 0
github.com/alibaba/higress/plugins/wasm-go/extensions/ai-proxy/provider/failover.go:575.16,576.48 1 0
github.com/alibaba/higress/plugins/wasm-go/extensions/ai-proxy/provider/failover.go:576.48,578.4 1 0
github.com/alibaba/higress/plugins/wasm-go/extensions/ai-proxy/provider/failover.go:579.3,579.21 1 0
github.com/alibaba/higress/plugins/wasm-go/extensions/ai-proxy/provider/failover.go:581.2,581.17 1 0
github.com/alibaba/higress/plugins/wasm-go/extensions/ai-proxy/provider/failover.go:581.17,583.3 1 0
github.com/alibaba/higress/plugins/wasm-go/extensions/ai-proxy/provider/failover.go:585.2,586.57 2 0
github.com/alibaba/higress/plugins/wasm-go/extensions/ai-proxy/provider/failover.go:586.57,588.3 1 0
github.com/alibaba/higress/plugins/wasm-go/extensions/ai-proxy/provider/failover.go:589.2,589.29 1 0
github.com/alibaba/higress/plugins/wasm-go/extensions/ai-proxy/provider/failover.go:592.73,593.56 1 0
github.com/alibaba/higress/plugins/wasm-go/extensions/ai-proxy/provider/failover.go:593.56,595.17 2 0
github.com/alibaba/higress/plugins/wasm-go/extensions/ai-proxy/provider/failover.go:595.17,597.12 2 0
github.com/alibaba/higress/plugins/wasm-go/extensions/ai-proxy/provider/failover.go:599.3,601.17 3 0
github.com/alibaba/higress/plugins/wasm-go/extensions/ai-proxy/provider/failover.go:601.17,604.4 2 0
github.com/alibaba/higress/plugins/wasm-go/extensions/ai-proxy/provider/failover.go:605.3,605.65 1 0
github.com/alibaba/higress/plugins/wasm-go/extensions/ai-proxy/provider/failover.go:605.65,607.4 1 0
github.com/alibaba/higress/plugins/wasm-go/extensions/ai-proxy/provider/failover.go:607.9,607.59 1 0
github.com/alibaba/higress/plugins/wasm-go/extensions/ai-proxy/provider/failover.go:607.59,610.4 2 0
github.com/alibaba/higress/plugins/wasm-go/extensions/ai-proxy/provider/failover.go:611.3,611.63 1 0
github.com/alibaba/higress/plugins/wasm-go/extensions/ai-proxy/provider/failover.go:615.59,616.56 1 0
github.com/alibaba/higress/plugins/wasm-go/extensions/ai-proxy/provider/failover.go:616.56,618.17 2 0
github.com/alibaba/higress/plugins/wasm-go/extensions/ai-proxy/provider/failover.go:618.17,620.12 2 0
github.com/alibaba/higress/plugins/wasm-go/extensions/ai-proxy/provider/failover.go:622.3,622.41 1 0
github.com/alibaba/higress/plugins/wasm-go/extensions/ai-proxy/provider/failover.go:622.41,624.4 1 0
github.com/alibaba/higress/plugins/wasm-go/extensions/ai-proxy/provider/failover.go:625.3,627.17 3 0
github.com/alibaba/higress/plugins/wasm-go/extensions/ai-proxy/provider/failover.go:627.17,630.4 2 0
github.com/alibaba/higress/plugins/wasm-go/extensions/ai-proxy/provider/failover.go:631.3,631.65 1 0
github.com/alibaba/higress/plugins/wasm-go/extensions/ai-proxy/provider/failover.go:631.65,633.4 1 0
github.com/alibaba/higress/plugins/wasm-go/extensions/ai-proxy/provider/failover.go:633.9,633.59 1 0
github.com/alibaba/higress/plugins/wasm-go/extensions/ai-proxy/provider/failover.go:633.59,636.4 2 0
github.com/alibaba/higress/plugins/wasm-go/extensions/ai-proxy/provider/failover.go:637.3,637.63 1 0
github.com/alibaba/higress/plugins/wasm-go/extensions/ai-proxy/provider/failover.go:641.56,646.32 4 0
github.com/alibaba/higress/plugins/wasm-go/extensions/ai-proxy/provider/failover.go:646.32,648.3 1 0
github.com/alibaba/higress/plugins/wasm-go/extensions/ai-proxy/provider/failover.go:649.2,650.15 2 0
github.com/alibaba/higress/plugins/wasm-go/extensions/ai-proxy/provider/failover.go:651.9,652.37 1 0
github.com/alibaba/higress/plugins/wasm-go/extensions/ai-proxy/provider/failover.go:652.37,655.4 2 0
github.com/alibaba/higress/plugins/wasm-go/extensions/ai-proxy/provider/failover.go:656.3,657.68 2 0
github.com/alibaba/higress/plugins/wasm-go/extensions/ai-proxy/provider/failover.go:658.9,659.22 1 0
github.com/alibaba/higress/plugins/wasm-go/extensions/ai-proxy/provider/failover.go:660.10,661.37 1 0
github.com/alibaba/higress/plugins/wasm-go/extensions/ai-proxy/provider/failover.go:665.81,668.2 2 0
github.com/alibaba/higress/plugins/wasm-go/extensions/ai-proxy/provider/failover.go:671.73,673.27 2 0
github.com/alibaba/higress/plugins/wasm-go/extensions/ai-proxy/provider/failover.go:673.27,675.3 1 0
github.com/alibaba/higress/plugins/wasm-go/extensions/ai-proxy/provider/failover.go:675.8,677.3 1 0
github.com/alibaba/higress/plugins/wasm-go/extensions/ai-proxy/provider/failover.go:678.2,678.70 1 0
github.com/alibaba/higress/plugins/wasm-go/extensions/ai-proxy/provider/failover.go:681.51,683.2 1 1
github.com/alibaba/higress/plugins/wasm-go/extensions/ai-proxy/provider/failover.go:685.44,696.2 7 0
github.com/alibaba/higress/plugins/wasm-go/extensions/ai-proxy/provider/failover.go:698.162,699.84 1 1
github.com/alibaba/higress/plugins/wasm-go/extensions/ai-proxy/provider/failover.go:699.84,702.3 2 0
github.com/alibaba/higress/plugins/wasm-go/extensions/ai-proxy/provider/failover.go:703.2,703.93 1 1
github.com/alibaba/higress/plugins/wasm-go/extensions/ai-proxy/provider/failover.go:703.93,706.17 3 1
github.com/alibaba/higress/plugins/wasm-go/extensions/ai-proxy/provider/failover.go:706.17,709.4 2 1
github.com/alibaba/higress/plugins/wasm-go/extensions/ai-proxy/provider/failover.go:710.3,710.50 1 0
github.com/alibaba/higress/plugins/wasm-go/extensions/ai-proxy/provider/failover.go:712.2,712.29 1 1
github.com/alibaba/higress/plugins/wasm-go/extensions/ai-proxy/provider/failover.go:715.59,717.2 1 0
github.com/alibaba/higress/plugins/wasm-go/extensions/ai-proxy/provider/failover.go:719.75,722.2 2 1
github.com/alibaba/higress/plugins/wasm-go/extensions/ai-proxy/provider/failover.go:724.68,727.27 2 0
github.com/alibaba/higress/plugins/wasm-go/extensions/ai-proxy/provider/failover.go:727.27,729.3 1 0
github.com/alibaba/higress/plugins/wasm-go/extensions/ai-proxy/provider/failover.go:729.8,731.3 1 0
github.com/alibaba/higress/plugins/wasm-go/extensions/ai-proxy/provider/failover.go:732.2,733.55 2 0
github.com/alibaba/higress/plugins/wasm-go/extensions/ai-proxy/provider/failover.go:736.74,738.16 2 0
github.com/alibaba/higress/plugins/wasm-go/extensions/ai-proxy/provider/failover.go:738.16,740.3 1 0
github.com/alibaba/higress/plugins/wasm-go/extensions/ai-proxy/provider/failover.go:742.2,744.30 3 0
github.com/alibaba/higress/plugins/wasm-go/extensions/ai-proxy/provider/failover.go:744.30,747.3 2 0
github.com/alibaba/higress/plugins/wasm-go/extensions/ai-proxy/provider/failover.go:749.2,756.16 3 0
github.com/alibaba/higress/plugins/wasm-go/extensions/ai-proxy/provider/failover.go:756.16,759.3 1 0
github.com/alibaba/higress/plugins/wasm-go/extensions/ai-proxy/provider/failover.go:760.2,761.16 2 0
github.com/alibaba/higress/plugins/wasm-go/extensions/ai-proxy/provider/failover.go:761.16,763.3 1 0
github.com/alibaba/higress/plugins/wasm-go/extensions/ai-proxy/provider/fireworks.go:21.85,22.59 1 0
github.com/alibaba/higress/plugins/wasm-go/extensions/ai-proxy/provider/fireworks.go:22.59,24.3 1 0
github.com/alibaba/higress/plugins/wasm-go/extensions/ai-proxy/provider/fireworks.go:25.2,25.12 1 0
github.com/alibaba/higress/plugins/wasm-go/extensions/ai-proxy/provider/fireworks.go:28.80,34.2 1 0
github.com/alibaba/higress/plugins/wasm-go/extensions/ai-proxy/provider/fireworks.go:36.96,42.2 2 0
github.com/alibaba/higress/plugins/wasm-go/extensions/ai-proxy/provider/fireworks.go:49.54,51.2 1 0
github.com/alibaba/higress/plugins/wasm-go/extensions/ai-proxy/provider/fireworks.go:53.94,56.2 2 0
github.com/alibaba/higress/plugins/wasm-go/extensions/ai-proxy/provider/fireworks.go:58.120,59.39 1 0
github.com/alibaba/higress/plugins/wasm-go/extensions/ai-proxy/provider/fireworks.go:59.39,61.3 1 0
github.com/alibaba/higress/plugins/wasm-go/extensions/ai-proxy/provider/fireworks.go:62.2,62.74 1 0
github.com/alibaba/higress/plugins/wasm-go/extensions/ai-proxy/provider/fireworks.go:65.116,70.2 4 0
github.com/alibaba/higress/plugins/wasm-go/extensions/ai-proxy/provider/fireworks.go:72.61,73.55 1 0
github.com/alibaba/higress/plugins/wasm-go/extensions/ai-proxy/provider/fireworks.go:73.55,75.3 1 0
github.com/alibaba/higress/plugins/wasm-go/extensions/ai-proxy/provider/fireworks.go:76.2,76.51 1 0
github.com/alibaba/higress/plugins/wasm-go/extensions/ai-proxy/provider/fireworks.go:76.51,78.3 1 0
github.com/alibaba/higress/plugins/wasm-go/extensions/ai-proxy/provider/fireworks.go:79.2,79.46 1 0
github.com/alibaba/higress/plugins/wasm-go/extensions/ai-proxy/provider/fireworks.go:79.46,81.3 1 0
github.com/alibaba/higress/plugins/wasm-go/extensions/ai-proxy/provider/fireworks.go:82.2,82.11 1 0
github.com/alibaba/higress/plugins/wasm-go/extensions/ai-proxy/provider/galadriel.go:21.85,22.59 1 0
github.com/alibaba/higress/plugins/wasm-go/extensions/ai-proxy/provider/galadriel.go:22.59,24.3 1 0
github.com/alibaba/higress/plugins/wasm-go/extensions/ai-proxy/provider/galadriel.go:25.2,25.12 1 0
github.com/alibaba/higress/plugins/wasm-go/extensions/ai-proxy/provider/galadriel.go:28.80,33.2 1 0
github.com/alibaba/higress/plugins/wasm-go/extensions/ai-proxy/provider/galadriel.go:35.96,41.2 2 0
github.com/alibaba/higress/plugins/wasm-go/extensions/ai-proxy/provider/galadriel.go:48.54,50.2 1 0
github.com/alibaba/higress/plugins/wasm-go/extensions/ai-proxy/provider/galadriel.go:52.94,55.2 2 0
github.com/alibaba/higress/plugins/wasm-go/extensions/ai-proxy/provider/galadriel.go:57.120,58.39 1 0
github.com/alibaba/higress/plugins/wasm-go/extensions/ai-proxy/provider/galadriel.go:58.39,60.3 1 0
github.com/alibaba/higress/plugins/wasm-go/extensions/ai-proxy/provider/galadriel.go:61.2,61.74 1 0
github.com/alibaba/higress/plugins/wasm-go/extensions/ai-proxy/provider/galadriel.go:64.143,65.21 1 0
github.com/alibaba/higress/plugins/wasm-go/extensions/ai-proxy/provider/galadriel.go:65.21,67.3 1 0
github.com/alibaba/higress/plugins/wasm-go/extensions/ai-proxy/provider/galadriel.go:70.2,70.19 1 0
github.com/alibaba/higress/plugins/wasm-go/extensions/ai-proxy/provider/galadriel.go:73.116,78.2 4 0
github.com/alibaba/higress/plugins/wasm-go/extensions/ai-proxy/provider/galadriel.go:80.61,81.55 1 0
github.com/alibaba/higress/plugins/wasm-go/extensions/ai-proxy/provider/galadriel.go:81.55,83.3 1 0
github.com/alibaba/higress/plugins/wasm-go/extensions/ai-proxy/provider/galadriel.go:84.2,84.46 1 0
github.com/alibaba/higress/plugins/wasm-go/extensions/ai-proxy/provider/galadriel.go:84.46,86.3 1 0
github.com/alibaba/higress/plugins/wasm-go/extensions/ai-proxy/provider/galadriel.go:87.2,87.11 1 0
github.com/alibaba/higress/plugins/wasm-go/extensions/ai-proxy/provider/gemini.go:45.82,46.59 1 0
github.com/alibaba/higress/plugins/wasm-go/extensions/ai-proxy/provider/gemini.go:46.59,48.3 1 0
github.com/alibaba/higress/plugins/wasm-go/extensions/ai-proxy/provider/gemini.go:49.2,49.12 1 0
github.com/alibaba/higress/plugins/wasm-go/extensions/ai-proxy/provider/gemini.go:52.77,61.2 1 0
github.com/alibaba/higress/plugins/wasm-go/extensions/ai-proxy/provider/gemini.go:63.93,72.2 2 0
github.com/alibaba/higress/plugins/wasm-go/extensions/ai-proxy/provider/gemini.go:81.51,83.2 1 0
github.com/alibaba/higress/plugins/wasm-go/extensions/ai-proxy/provider/gemini.go:85.91,89.2 2 0
github.com/alibaba/higress/plugins/wasm-go/extensions/ai-proxy/provider/gemini.go:91.113,95.2 3 0
github.com/alibaba/higress/plugins/wasm-go/extensions/ai-proxy/provider/gemini.go:98.117,99.39 1 0
github.com/alibaba/higress/plugins/wasm-go/extensions/ai-proxy/provider/gemini.go:99.39,101.3 1 0
github.com/alibaba/higress/plugins/wasm-go/extensions/ai-proxy/provider/gemini.go:103.2,103.78 1 0
github.com/alibaba/higress/plugins/wasm-go/extensions/ai-proxy/provider/gemini.go:103.78,106.17 2 0
github.com/alibaba/higress/plugins/wasm-go/extensions/ai-proxy/provider/gemini.go:106.17,108.4 1 0
github.com/alibaba/higress/plugins/wasm-go/extensions/ai-proxy/provider/gemini.go:111.2,111.27 1 0
github.com/alibaba/higress/plugins/wasm-go/extensions/ai-proxy/provider/gemini.go:111.27,113.3 1 0
github.com/alibaba/higress/plugins/wasm-go/extensions/ai-proxy/provider/gemini.go:115.2,117.16 3 0
github.com/alibaba/higress/plugins/wasm-go/extensions/ai-proxy/provider/gemini.go:117.16,119.3 1 0
github.com/alibaba/higress/plugins/wasm-go/extensions/ai-proxy/provider/gemini.go:120.2,122.38 2 0
github.com/alibaba/higress/plugins/wasm-go/extensions/ai-proxy/provider/gemini.go:122.38,123.30 1 0
github.com/alibaba/higress/plugins/wasm-go/extensions/ai-proxy/provider/gemini.go:123.30,125.18 2 0
github.com/alibaba/higress/plugins/wasm-go/extensions/ai-proxy/provider/gemini.go:125.18,127.5 1 0
github.com/alibaba/higress/plugins/wasm-go/extensions/ai-proxy/provider/gemini.go:130.3,130.65 1 0
github.com/alibaba/higress/plugins/wasm-go/extensions/ai-proxy/provider/gemini.go:130.65,132.4 1 0
github.com/alibaba/higress/plugins/wasm-go/extensions/ai-proxy/provider/gemini.go:132.9,134.4 1 0
github.com/alibaba/higress/plugins/wasm-go/extensions/ai-proxy/provider/gemini.go:137.2,137.58 1 0
github.com/alibaba/higress/plugins/wasm-go/extensions/ai-proxy/provider/gemini.go:140.146,141.17 1 0
github.com/alibaba/higress/plugins/wasm-go/extensions/ai-proxy/provider/gemini.go:142.29,143.59 1 0
github.com/alibaba/higress/plugins/wasm-go/extensions/ai-proxy/provider/gemini.go:144.25,145.55 1 0
github.com/alibaba/higress/plugins/wasm-go/extensions/ai-proxy/provider/gemini.go:146.30,147.60 1 0
github.com/alibaba/higress/plugins/wasm-go/extensions/ai-proxy/provider/gemini.go:149.2,150.18 2 0
github.com/alibaba/higress/plugins/wasm-go/extensions/ai-proxy/provider/gemini.go:153.130,155.77 2 0
github.com/alibaba/higress/plugins/wasm-go/extensions/ai-proxy/provider/gemini.go:155.77,157.3 1 0
github.com/alibaba/higress/plugins/wasm-go/extensions/ai-proxy/provider/gemini.go:158.2,162.36 5 0
github.com/alibaba/higress/plugins/wasm-go/extensions/ai-proxy/provider/gemini.go:165.123,174.2 2 0
github.com/alibaba/higress/plugins/wasm-go/extensions/ai-proxy/provider/gemini.go:176.129,179.16 3 0
github.com/alibaba/higress/plugins/wasm-go/extensions/ai-proxy/provider/gemini.go:179.16,181.3 1 0
github.com/alibaba/higress/plugins/wasm-go/extensions/ai-proxy/provider/gemini.go:182.2,186.36 4 0
github.com/alibaba/higress/plugins/wasm-go/extensions/ai-proxy/provider/gemini.go:189.125,191.77 2 0
github.com/alibaba/higress/plugins/wasm-go/extensions/ai-proxy/provider/gemini.go:191.77,193.3 1 0
github.com/alibaba/higress/plugins/wasm-go/extensions/ai-proxy/provider/gemini.go:194.2,198.36 4 0
github.com/alibaba/higress/plugins/wasm-go/extensions/ai-proxy/provider/gemini.go:201.137,203.36 2 0
github.com/alibaba/higress/plugins/wasm-go/extensions/ai-proxy/provider/gemini.go:203.36,205.3 1 0
github.com/alibaba/higress/plugins/wasm-go/extensions/ai-proxy/provider/gemini.go:206.2,206.35 1 0
github.com/alibaba/higress/plugins/wasm-go/extensions/ai-proxy/provider/gemini.go:206.35,208.3 1 0
github.com/alibaba/higress/plugins/wasm-go/extensions/ai-proxy/provider/gemini.go:211.2,213.29 3 0
github.com/alibaba/higress/plugins/wasm-go/extensions/ai-proxy/provider/gemini.go:213.29,214.20 1 0
github.com/alibaba/higress/plugins/wasm-go/extensions/ai-proxy/provider/gemini.go:214.20,216.12 1 0
github.com/alibaba/higress/plugins/wasm-go/extensions/ai-proxy/provider/gemini.go:218.3,220.67 3 0
github.com/alibaba/higress/plugins/wasm-go/extensions/ai-proxy/provider/gemini.go:220.67,222.12 2 0
github.com/alibaba/higress/plugins/wasm-go/extensions/ai-proxy/provider/gemini.go:224.3,226.17 3 0
github.com/alibaba/higress/plugins/wasm-go/extensions/ai-proxy/provider/gemini.go:226.17,229.4 2 0
github.com/alibaba/higress/plugins/wasm-go/extensions/ai-proxy/provider/gemini.go:230.3,230.58 1 0
github.com/alibaba/higress/plugins/wasm-go/extensions/ai-proxy/provider/gemini.go:232.2,234.43 3 0
github.com/alibaba/higress/plugins/wasm-go/extensions/ai-proxy/provider/gemini.go:237.119,238.17 1 1
github.com/alibaba/higress/plugins/wasm-go/extensions/ai-proxy/provider/gemini.go:239.29,240.51 1 1
github.com/alibaba/higress/plugins/wasm-go/extensions/ai-proxy/provider/gemini.go:241.25,242.47 1 0
github.com/alibaba/higress/plugins/wasm-go/extensions/ai-proxy/provider/gemini.go:243.30,244.52 1 0
github.com/alibaba/higress/plugins/wasm-go/extensions/ai-proxy/provider/gemini.go:245.10,246.19 1 0
github.com/alibaba/higress/plugins/wasm-go/extensions/ai-proxy/provider/gemini.go:250.110,252.61 2 0
github.com/alibaba/higress/plugins/wasm-go/extensions/ai-proxy/provider/gemini.go:252.61,254.3 1 0
github.com/alibaba/higress/plugins/wasm-go/extensions/ai-proxy/provider/gemini.go:255.2,256.31 2 0
github.com/alibaba/higress/plugins/wasm-go/extensions/ai-proxy/provider/gemini.go:259.152,261.56 2 0
github.com/alibaba/higress/plugins/wasm-go/extensions/ai-proxy/provider/gemini.go:261.56,265.3 1 0
github.com/alibaba/higress/plugins/wasm-go/extensions/ai-proxy/provider/gemini.go:266.2,270.17 2 0
github.com/alibaba/higress/plugins/wasm-go/extensions/ai-proxy/provider/gemini.go:273.109,276.61 3 1
github.com/alibaba/higress/plugins/wasm-go/extensions/ai-proxy/provider/gemini.go:276.61,278.3 1 0
github.com/alibaba/higress/plugins/wasm-go/extensions/ai-proxy/provider/gemini.go:279.2,279.33 1 1
github.com/alibaba/higress/plugins/wasm-go/extensions/ai-proxy/provider/gemini.go:279.33,282.3 1 0
github.com/alibaba/higress/plugins/wasm-go/extensions/ai-proxy/provider/gemini.go:283.2,284.31 2 1
github.com/alibaba/higress/plugins/wasm-go/extensions/ai-proxy/provider/gemini.go:287.105,289.61 2 0
github.com/alibaba/higress/plugins/wasm-go/extensions/ai-proxy/provider/gemini.go:289.61,291.3 1 0
github.com/alibaba/higress/plugins/wasm-go/extensions/ai-proxy/provider/gemini.go:292.2,292.33 1 0
github.com/alibaba/higress/plugins/wasm-go/extensions/ai-proxy/provider/gemini.go:292.33,295.3 1 0
github.com/alibaba/higress/plugins/wasm-go/extensions/ai-proxy/provider/gemini.go:296.2,297.31 2 0
github.com/alibaba/higress/plugins/wasm-go/extensions/ai-proxy/provider/gemini.go:300.92,302.31 2 0
github.com/alibaba/higress/plugins/wasm-go/extensions/ai-proxy/provider/gemini.go:302.31,304.3 1 0
github.com/alibaba/higress/plugins/wasm-go/extensions/ai-proxy/provider/gemini.go:305.2,305.17 1 0
github.com/alibaba/higress/plugins/wasm-go/extensions/ai-proxy/provider/gemini.go:306.21,307.70 1 0
github.com/alibaba/higress/plugins/wasm-go/extensions/ai-proxy/provider/gemini.go:308.25,309.31 1 0
github.com/alibaba/higress/plugins/wasm-go/extensions/ai-proxy/provider/gemini.go:310.29,311.13 1 0
github.com/alibaba/higress/plugins/wasm-go/extensions/ai-proxy/provider/gemini.go:311.13,313.4 1 0
github.com/alibaba/higress/plugins/wasm-go/extensions/ai-proxy/provider/gemini.go:313.9,315.4 1 0
github.com/alibaba/higress/plugins/wasm-go/extensions/ai-proxy/provider/gemini.go:316.30,317.37 1 0
github.com/alibaba/higress/plugins/wasm-go/extensions/ai-proxy/provider/gemini.go:318.36,319.36 1 0
github.com/alibaba/higress/plugins/wasm-go/extensions/ai-proxy/provider/gemini.go:320.42,321.42 1 0
github.com/alibaba/higress/plugins/wasm-go/extensions/ai-proxy/provider/gemini.go:323.2,323.76 1 0
github.com/alibaba/higress/plugins/wasm-go/extensions/ai-proxy/provider/gemini.go:413.113,415.64 2 0
github.com/alibaba/higress/plugins/wasm-go/extensions/ai-proxy/provider/gemini.go:415.64,420.3 1 0
github.com/alibaba/higress/plugins/wasm-go/extensions/ai-proxy/provider/gemini.go:422.2,436.41 2 0
github.com/alibaba/higress/plugins/wasm-go/extensions/ai-proxy/provider/gemini.go:436.41,441.3 1 0
github.com/alibaba/higress/plugins/wasm-go/extensions/ai-proxy/provider/gemini.go:443.2,443.26 1 0
github.com/alibaba/higress/plugins/wasm-go/extensions/ai-proxy/provider/gemini.go:443.26,445.38 2 0
github.com/alibaba/higress/plugins/wasm-go/extensions/ai-proxy/provider/gemini.go:445.38,447.4 1 0
github.com/alibaba/higress/plugins/wasm-go/extensions/ai-proxy/provider/gemini.go:448.3,452.4 1 0
github.com/alibaba/higress/plugins/wasm-go/extensions/ai-proxy/provider/gemini.go:455.2,455.43 1 0
github.com/alibaba/higress/plugins/wasm-go/extensions/ai-proxy/provider/gemini.go:455.43,461.44 2 0
github.com/alibaba/higress/plugins/wasm-go/extensions/ai-proxy/provider/gemini.go:461.44,462.18 1 0
github.com/alibaba/higress/plugins/wasm-go/extensions/ai-proxy/provider/gemini.go:463.25,466.7 1 0
github.com/alibaba/higress/plugins/wasm-go/extensions/ai-proxy/provider/gemini.go:467.29,468.83 1 0
github.com/alibaba/higress/plugins/wasm-go/extensions/ai-proxy/provider/gemini.go:469.12,470.73 1 0
github.com/alibaba/higress/plugins/wasm-go/extensions/ai-proxy/provider/gemini.go:475.3,475.23 1 0
github.com/alibaba/higress/plugins/wasm-go/extensions/ai-proxy/provider/gemini.go:476.19,479.12 3 0
github.com/alibaba/higress/plugins/wasm-go/extensions/ai-proxy/provider/gemini.go:480.22,481.26 1 0
github.com/alibaba/higress/plugins/wasm-go/extensions/ai-proxy/provider/gemini.go:483.3,483.67 1 0
github.com/alibaba/higress/plugins/wasm-go/extensions/ai-proxy/provider/gemini.go:487.2,487.23 1 0
github.com/alibaba/higress/plugins/wasm-go/extensions/ai-proxy/provider/gemini.go:490.85,492.37 2 0
github.com/alibaba/higress/plugins/wasm-go/extensions/ai-proxy/provider/gemini.go:492.37,493.29 1 0
github.com/alibaba/higress/plugins/wasm-go/extensions/ai-proxy/provider/gemini.go:493.29,494.57 1 0
github.com/alibaba/higress/plugins/wasm-go/extensions/ai-proxy/provider/gemini.go:494.57,496.5 1 0
github.com/alibaba/higress/plugins/wasm-go/extensions/ai-proxy/provider/gemini.go:499.2,499.20 1 0
github.com/alibaba/higress/plugins/wasm-go/extensions/ai-proxy/provider/gemini.go:502.102,505.16 3 0
github.com/alibaba/higress/plugins/wasm-go/extensions/ai-proxy/provider/gemini.go:505.16,508.3 2 0
github.com/alibaba/higress/plugins/wasm-go/extensions/ai-proxy/provider/gemini.go:509.2,510.62 2 0
github.com/alibaba/higress/plugins/wasm-go/extensions/ai-proxy/provider/gemini.go:510.62,513.3 1 0
github.com/alibaba/higress/plugins/wasm-go/extensions/ai-proxy/provider/gemini.go:515.2,515.95 1 0
github.com/alibaba/higress/plugins/wasm-go/extensions/ai-proxy/provider/gemini.go:515.95,516.16 1 0
github.com/alibaba/higress/plugins/wasm-go/extensions/ai-proxy/provider/gemini.go:516.16,518.4 1 0
github.com/alibaba/higress/plugins/wasm-go/extensions/ai-proxy/provider/gemini.go:520.3,520.17 1 0
github.com/alibaba/higress/plugins/wasm-go/extensions/ai-proxy/provider/gemini.go:520.17,524.4 3 0
github.com/alibaba/higress/plugins/wasm-go/extensions/ai-proxy/provider/gemini.go:526.3,526.50 1 0
github.com/alibaba/higress/plugins/wasm-go/extensions/ai-proxy/provider/gemini.go:526.50,528.4 1 0
github.com/alibaba/higress/plugins/wasm-go/extensions/ai-proxy/provider/gemini.go:529.17,531.3 1 0
github.com/alibaba/higress/plugins/wasm-go/extensions/ai-proxy/provider/gemini.go:533.2,533.31 1 0
github.com/alibaba/higress/plugins/wasm-go/extensions/ai-proxy/provider/gemini.go:536.145,539.16 3 0
github.com/alibaba/higress/plugins/wasm-go/extensions/ai-proxy/provider/gemini.go:539.16,542.3 2 0
github.com/alibaba/higress/plugins/wasm-go/extensions/ai-proxy/provider/gemini.go:544.2,547.38 3 0
github.com/alibaba/higress/plugins/wasm-go/extensions/ai-proxy/provider/gemini.go:547.38,548.27 1 0
github.com/alibaba/higress/plugins/wasm-go/extensions/ai-proxy/provider/gemini.go:548.27,550.57 2 0
github.com/alibaba/higress/plugins/wasm-go/extensions/ai-proxy/provider/gemini.go:550.57,551.96 1 0
github.com/alibaba/higress/plugins/wasm-go/extensions/ai-proxy/provider/gemini.go:551.96,552.20 1 0
github.com/alibaba/higress/plugins/wasm-go/extensions/ai-proxy/provider/gemini.go:552.20,555.7 2 0
github.com/alibaba/higress/plugins/wasm-go/extensions/ai-proxy/provider/gemini.go:555.12,557.7 1 0
github.com/alibaba/higress/plugins/wasm-go/extensions/ai-proxy/provider/gemini.go:559.6,560.22 2 0
github.com/alibaba/higress/plugins/wasm-go/extensions/ai-proxy/provider/gemini.go:560.22,562.21 2 0
github.com/alibaba/higress/plugins/wasm-go/extensions/ai-proxy/provider/gemini.go:562.21,565.8 2 0
github.com/alibaba/higress/plugins/wasm-go/extensions/ai-proxy/provider/gemini.go:566.7,566.50 1 0
github.com/alibaba/higress/plugins/wasm-go/extensions/ai-proxy/provider/gemini.go:572.2,572.12 1 0
github.com/alibaba/higress/plugins/wasm-go/extensions/ai-proxy/provider/gemini.go:575.101,576.20 1 0
github.com/alibaba/higress/plugins/wasm-go/extensions/ai-proxy/provider/gemini.go:576.20,581.3 2 0
github.com/alibaba/higress/plugins/wasm-go/extensions/ai-proxy/provider/gemini.go:582.2,583.8 2 0
github.com/alibaba/higress/plugins/wasm-go/extensions/ai-proxy/provider/gemini.go:586.49,589.2 2 0
github.com/alibaba/higress/plugins/wasm-go/extensions/ai-proxy/provider/gemini.go:591.79,592.41 1 0
github.com/alibaba/higress/plugins/wasm-go/extensions/ai-proxy/provider/gemini.go:592.41,594.18 2 0
github.com/alibaba/higress/plugins/wasm-go/extensions/ai-proxy/provider/gemini.go:594.18,597.4 2 0
github.com/alibaba/higress/plugins/wasm-go/extensions/ai-proxy/provider/gemini.go:599.3,604.4 3 0
github.com/alibaba/higress/plugins/wasm-go/extensions/ai-proxy/provider/gemini.go:606.2,610.3 2 0
github.com/alibaba/higress/plugins/wasm-go/extensions/ai-proxy/provider/gemini.go:613.110,614.93 1 0
github.com/alibaba/higress/plugins/wasm-go/extensions/ai-proxy/provider/gemini.go:614.93,615.34 1 0
github.com/alibaba/higress/plugins/wasm-go/extensions/ai-proxy/provider/gemini.go:615.34,618.4 2 0
github.com/alibaba/higress/plugins/wasm-go/extensions/ai-proxy/provider/gemini.go:619.3,622.17 4 0
github.com/alibaba/higress/plugins/wasm-go/extensions/ai-proxy/provider/gemini.go:622.17,625.4 2 0
github.com/alibaba/higress/plugins/wasm-go/extensions/ai-proxy/provider/gemini.go:626.3,626.26 1 0
github.com/alibaba/higress/plugins/wasm-go/extensions/ai-proxy/provider/gemini.go:626.26,629.4 2 0
github.com/alibaba/higress/plugins/wasm-go/extensions/ai-proxy/provider/gemini.go:631.3,637.10 3 0
github.com/alibaba/higress/plugins/wasm-go/extensions/ai-proxy/provider/gemini.go:640.2,647.21 3 0
github.com/alibaba/higress/plugins/wasm-go/extensions/ai-proxy/provider/gemini.go:647.21,650.3 2 0
github.com/alibaba/higress/plugins/wasm-go/extensions/ai-proxy/provider/gemini.go:651.2,652.16 2 0
github.com/alibaba/higress/plugins/wasm-go/extensions/ai-proxy/provider/gemini.go:652.16,656.3 3 0
github.com/alibaba/higress/plugins/wasm-go/extensions/ai-proxy/provider/gemini.go:659.100,669.2 2 0
github.com/alibaba/higress/plugins/wasm-go/extensions/ai-proxy/provider/gemini.go:685.110,690.31 4 0
github.com/alibaba/higress/plugins/wasm-go/extensions/ai-proxy/provider/gemini.go:690.31,701.3 1 0
github.com/alibaba/higress/plugins/wasm-go/extensions/ai-proxy/provider/gemini.go:703.2,705.3 1 0
github.com/alibaba/higress/plugins/wasm-go/extensions/ai-proxy/provider/gemini.go:743.133,755.48 2 1
github.com/alibaba/higress/plugins/wasm-go/extensions/ai-proxy/provider/gemini.go:755.48,756.40 1 1
github.com/alibaba/higress/plugins/wasm-go/extensions/ai-proxy/provider/gemini.go:756.40,757.12 1 1
github.com/alibaba/higress/plugins/wasm-go/extensions/ai-proxy/provider/gemini.go:759.3,767.48 3 1
github.com/alibaba/higress/plugins/wasm-go/extensions/ai-proxy/provider/gemini.go:767.48,768.11 1 1
github.com/alibaba/higress/plugins/wasm-go/extensions/ai-proxy/provider/gemini.go:769.34,769.34 0 1
github.com/alibaba/higress/plugins/wasm-go/extensions/ai-proxy/provider/gemini.go:772.32,773.46 1 1
github.com/alibaba/higress/plugins/wasm-go/extensions/ai-proxy/provider/gemini.go:774.12,775.35 1 1
github.com/alibaba/higress/plugins/wasm-go/extensions/ai-proxy/provider/gemini.go:778.3,778.24 1 1
github.com/alibaba/higress/plugins/wasm-go/extensions/ai-proxy/provider/gemini.go:778.24,780.4 1 1
github.com/alibaba/higress/plugins/wasm-go/extensions/ai-proxy/provider/gemini.go:781.3,782.40 2 1
github.com/alibaba/higress/plugins/wasm-go/extensions/ai-proxy/provider/gemini.go:782.40,784.4 1 1
github.com/alibaba/higress/plugins/wasm-go/extensions/ai-proxy/provider/gemini.go:785.3,785.70 1 1
github.com/alibaba/higress/plugins/wasm-go/extensions/ai-proxy/provider/gemini.go:787.2,787.26 1 1
github.com/alibaba/higress/plugins/wasm-go/extensions/ai-proxy/provider/gemini.go:790.84,793.47 2 1
github.com/alibaba/higress/plugins/wasm-go/extensions/ai-proxy/provider/gemini.go:793.47,794.31 1 1
github.com/alibaba/higress/plugins/wasm-go/extensions/ai-proxy/provider/gemini.go:794.31,795.12 1 1
github.com/alibaba/higress/plugins/wasm-go/extensions/ai-proxy/provider/gemini.go:797.3,798.17 2 1
github.com/alibaba/higress/plugins/wasm-go/extensions/ai-proxy/provider/gemini.go:798.17,800.12 2 1
github.com/alibaba/higress/plugins/wasm-go/extensions/ai-proxy/provider/gemini.go:802.3,810.5 1 1
github.com/alibaba/higress/plugins/wasm-go/extensions/ai-proxy/provider/gemini.go:812.2,812.18 1 1
github.com/alibaba/higress/plugins/wasm-go/extensions/ai-proxy/provider/gemini.go:815.141,817.87 2 0
github.com/alibaba/higress/plugins/wasm-go/extensions/ai-proxy/provider/gemini.go:817.87,819.50 2 0
github.com/alibaba/higress/plugins/wasm-go/extensions/ai-proxy/provider/gemini.go:819.50,821.4 1 0
github.com/alibaba/higress/plugins/wasm-go/extensions/ai-proxy/provider/gemini.go:823.2,835.24 2 0
github.com/alibaba/higress/plugins/wasm-go/extensions/ai-proxy/provider/gemini.go:847.132,856.45 2 0
github.com/alibaba/higress/plugins/wasm-go/extensions/ai-proxy/provider/gemini.go:856.45,862.3 1 0
github.com/alibaba/higress/plugins/wasm-go/extensions/ai-proxy/provider/gemini.go:863.2,863.18 1 0
github.com/alibaba/higress/plugins/wasm-go/extensions/ai-proxy/provider/gemini.go:866.96,868.2 1 0
github.com/alibaba/higress/plugins/wasm-go/extensions/ai-proxy/provider/gemini.go:870.58,871.112 1 0
github.com/alibaba/higress/plugins/wasm-go/extensions/ai-proxy/provider/gemini.go:871.112,873.3 1 0
github.com/alibaba/higress/plugins/wasm-go/extensions/ai-proxy/provider/gemini.go:874.2,874.49 1 0
github.com/alibaba/higress/plugins/wasm-go/extensions/ai-proxy/provider/gemini.go:874.49,876.3 1 0
github.com/alibaba/higress/plugins/wasm-go/extensions/ai-proxy/provider/gemini.go:877.2,877.55 1 0
github.com/alibaba/higress/plugins/wasm-go/extensions/ai-proxy/provider/gemini.go:877.55,879.3 1 0
github.com/alibaba/higress/plugins/wasm-go/extensions/ai-proxy/provider/gemini.go:880.2,880.11 1 0
github.com/alibaba/higress/plugins/wasm-go/extensions/ai-proxy/provider/generic.go:18.83,20.2 1 0
github.com/alibaba/higress/plugins/wasm-go/extensions/ai-proxy/provider/generic.go:23.78,25.2 1 1
github.com/alibaba/higress/plugins/wasm-go/extensions/ai-proxy/provider/generic.go:28.94,33.2 2 1
github.com/alibaba/higress/plugins/wasm-go/extensions/ai-proxy/provider/generic.go:40.52,42.2 1 1
github.com/alibaba/higress/plugins/wasm-go/extensions/ai-proxy/provider/generic.go:45.92,47.35 2 0
github.com/alibaba/higress/plugins/wasm-go/extensions/ai-proxy/provider/generic.go:47.35,50.3 2 0
github.com/alibaba/higress/plugins/wasm-go/extensions/ai-proxy/provider/generic.go:51.2,51.12 1 0
github.com/alibaba/higress/plugins/wasm-go/extensions/ai-proxy/provider/generic.go:54.118,58.2 2 0
github.com/alibaba/higress/plugins/wasm-go/extensions/ai-proxy/provider/generic.go:61.114,62.33 1 0
github.com/alibaba/higress/plugins/wasm-go/extensions/ai-proxy/provider/generic.go:62.33,63.59 1 0
github.com/alibaba/higress/plugins/wasm-go/extensions/ai-proxy/provider/generic.go:63.59,65.4 1 0
github.com/alibaba/higress/plugins/wasm-go/extensions/ai-proxy/provider/generic.go:67.2,67.32 1 0
github.com/alibaba/higress/plugins/wasm-go/extensions/ai-proxy/provider/generic.go:67.32,69.3 1 0
github.com/alibaba/higress/plugins/wasm-go/extensions/ai-proxy/provider/generic.go:70.2,70.31 1 0
github.com/alibaba/higress/plugins/wasm-go/extensions/ai-proxy/provider/generic.go:74.51,75.36 1 0
github.com/alibaba/higress/plugins/wasm-go/extensions/ai-proxy/provider/generic.go:75.36,77.3 1 0
github.com/alibaba/higress/plugins/wasm-go/extensions/ai-proxy/provider/generic.go:78.2,82.16 2 0
github.com/alibaba/higress/plugins/wasm-go/extensions/ai-proxy/provider/generic.go:82.16,85.3 2 0
github.com/alibaba/higress/plugins/wasm-go/extensions/ai-proxy/provider/generic.go:86.2,86.73 1 0
github.com/alibaba/higress/plugins/wasm-go/extensions/ai-proxy/provider/github.go:28.82,29.59 1 0
github.com/alibaba/higress/plugins/wasm-go/extensions/ai-proxy/provider/github.go:29.59,31.3 1 0
github.com/alibaba/higress/plugins/wasm-go/extensions/ai-proxy/provider/github.go:32.2,32.12 1 0
github.com/alibaba/higress/plugins/wasm-go/extensions/ai-proxy/provider/github.go:35.77,40.2 1 0
github.com/alibaba/higress/plugins/wasm-go/extensions/ai-proxy/provider/github.go:42.93,48.2 2 0
github.com/alibaba/higress/plugins/wasm-go/extensions/ai-proxy/provider/github.go:50.51,52.2 1 0
github.com/alibaba/higress/plugins/wasm-go/extensions/ai-proxy/provider/github.go:54.91,58.2 2 0
github.com/alibaba/higress/plugins/wasm-go/extensions/ai-proxy/provider/github.go:60.117,61.39 1 0
github.com/alibaba/higress/plugins/wasm-go/extensions/ai-proxy/provider/github.go:61.39,63.3 1 0
github.com/alibaba/higress/plugins/wasm-go/extensions/ai-proxy/provider/github.go:64.2,64.74 1 0
github.com/alibaba/higress/plugins/wasm-go/extensions/ai-proxy/provider/github.go:67.113,71.2 3 0
github.com/alibaba/higress/plugins/wasm-go/extensions/ai-proxy/provider/github.go:73.58,74.50 1 0
github.com/alibaba/higress/plugins/wasm-go/extensions/ai-proxy/provider/github.go:74.50,76.3 1 0
github.com/alibaba/higress/plugins/wasm-go/extensions/ai-proxy/provider/github.go:77.2,77.49 1 0
github.com/alibaba/higress/plugins/wasm-go/extensions/ai-proxy/provider/github.go:77.49,79.3 1 0
github.com/alibaba/higress/plugins/wasm-go/extensions/ai-proxy/provider/github.go:80.2,80.11 1 0
github.com/alibaba/higress/plugins/wasm-go/extensions/ai-proxy/provider/grok.go:21.80,22.59 1 0
github.com/alibaba/higress/plugins/wasm-go/extensions/ai-proxy/provider/grok.go:22.59,24.3 1 0
github.com/alibaba/higress/plugins/wasm-go/extensions/ai-proxy/provider/grok.go:25.2,25.12 1 0
github.com/alibaba/higress/plugins/wasm-go/extensions/ai-proxy/provider/grok.go:28.75,32.2 1 0
github.com/alibaba/higress/plugins/wasm-go/extensions/ai-proxy/provider/grok.go:34.91,40.2 2 0
github.com/alibaba/higress/plugins/wasm-go/extensions/ai-proxy/provider/grok.go:47.49,49.2 1 0
github.com/alibaba/higress/plugins/wasm-go/extensions/ai-proxy/provider/grok.go:51.89,54.2 2 0
github.com/alibaba/higress/plugins/wasm-go/extensions/ai-proxy/provider/grok.go:56.115,57.39 1 0
github.com/alibaba/higress/plugins/wasm-go/extensions/ai-proxy/provider/grok.go:57.39,59.3 1 0
github.com/alibaba/higress/plugins/wasm-go/extensions/ai-proxy/provider/grok.go:60.2,60.74 1 0
github.com/alibaba/higress/plugins/wasm-go/extensions/ai-proxy/provider/grok.go:63.111,68.2 4 0
github.com/alibaba/higress/plugins/wasm-go/extensions/ai-proxy/provider/grok.go:70.56,71.52 1 0
github.com/alibaba/higress/plugins/wasm-go/extensions/ai-proxy/provider/grok.go:71.52,73.3 1 0
github.com/alibaba/higress/plugins/wasm-go/extensions/ai-proxy/provider/grok.go:74.2,74.11 1 0
github.com/alibaba/higress/plugins/wasm-go/extensions/ai-proxy/provider/groq.go:22.80,23.59 1 0
github.com/alibaba/higress/plugins/wasm-go/extensions/ai-proxy/provider/groq.go:23.59,25.3 1 0
github.com/alibaba/higress/plugins/wasm-go/extensions/ai-proxy/provider/groq.go:26.2,26.12 1 0
github.com/alibaba/higress/plugins/wasm-go/extensions/ai-proxy/provider/groq.go:29.75,34.2 1 0
github.com/alibaba/higress/plugins/wasm-go/extensions/ai-proxy/provider/groq.go:36.91,42.2 2 0
github.com/alibaba/higress/plugins/wasm-go/extensions/ai-proxy/provider/groq.go:49.49,51.2 1 0
github.com/alibaba/higress/plugins/wasm-go/extensions/ai-proxy/provider/groq.go:53.89,56.2 2 0
github.com/alibaba/higress/plugins/wasm-go/extensions/ai-proxy/provider/groq.go:58.115,59.39 1 0
github.com/alibaba/higress/plugins/wasm-go/extensions/ai-proxy/provider/groq.go:59.39,61.3 1 0
github.com/alibaba/higress/plugins/wasm-go/extensions/ai-proxy/provider/groq.go:62.2,62.74 1 0
github.com/alibaba/higress/plugins/wasm-go/extensions/ai-proxy/provider/groq.go:65.111,70.2 4 0
github.com/alibaba/higress/plugins/wasm-go/extensions/ai-proxy/provider/groq.go:72.56,73.52 1 0
github.com/alibaba/higress/plugins/wasm-go/extensions/ai-proxy/provider/groq.go:73.52,75.3 1 0
github.com/alibaba/higress/plugins/wasm-go/extensions/ai-proxy/provider/groq.go:76.2,76.11 1 0
github.com/alibaba/higress/plugins/wasm-go/extensions/ai-proxy/provider/hunyuan.go:91.83,93.71 1 0
github.com/alibaba/higress/plugins/wasm-go/extensions/ai-proxy/provider/hunyuan.go:93.71,95.3 1 0
github.com/alibaba/higress/plugins/wasm-go/extensions/ai-proxy/provider/hunyuan.go:97.2,97.102 1 0
github.com/alibaba/higress/plugins/wasm-go/extensions/ai-proxy/provider/hunyuan.go:97.102,99.3 1 0
github.com/alibaba/higress/plugins/wasm-go/extensions/ai-proxy/provider/hunyuan.go:100.2,100.12 1 0
github.com/alibaba/higress/plugins/wasm-go/extensions/ai-proxy/provider/hunyuan.go:103.78,108.2 1 0
github.com/alibaba/higress/plugins/wasm-go/extensions/ai-proxy/provider/hunyuan.go:110.94,119.2 2 0
github.com/alibaba/higress/plugins/wasm-go/extensions/ai-proxy/provider/hunyuan.go:128.52,130.2 1 0
github.com/alibaba/higress/plugins/wasm-go/extensions/ai-proxy/provider/hunyuan.go:132.57,134.2 1 0
github.com/alibaba/higress/plugins/wasm-go/extensions/ai-proxy/provider/hunyuan.go:136.92,140.2 2 0
github.com/alibaba/higress/plugins/wasm-go/extensions/ai-proxy/provider/hunyuan.go:142.114,143.32 1 0
github.com/alibaba/higress/plugins/wasm-go/extensions/ai-proxy/provider/hunyuan.go:143.32,147.3 3 0
github.com/alibaba/higress/plugins/wasm-go/extensions/ai-proxy/provider/hunyuan.go:147.8,153.3 4 0
github.com/alibaba/higress/plugins/wasm-go/extensions/ai-proxy/provider/hunyuan.go:157.118,158.39 1 0
github.com/alibaba/higress/plugins/wasm-go/extensions/ai-proxy/provider/hunyuan.go:158.39,160.3 1 0
github.com/alibaba/higress/plugins/wasm-go/extensions/ai-proxy/provider/hunyuan.go:161.2,161.32 1 0
github.com/alibaba/higress/plugins/wasm-go/extensions/ai-proxy/provider/hunyuan.go:161.32,163.3 1 0
github.com/alibaba/higress/plugins/wasm-go/extensions/ai-proxy/provider/hunyuan.go:166.2,170.43 3 0
github.com/alibaba/higress/plugins/wasm-go/extensions/ai-proxy/provider/hunyuan.go:170.43,173.55 2 0
github.com/alibaba/higress/plugins/wasm-go/extensions/ai-proxy/provider/hunyuan.go:173.55,175.4 1 0
github.com/alibaba/higress/plugins/wasm-go/extensions/ai-proxy/provider/hunyuan.go:178.3,185.30 5 0
github.com/alibaba/higress/plugins/wasm-go/extensions/ai-proxy/provider/hunyuan.go:185.30,187.4 1 0
github.com/alibaba/higress/plugins/wasm-go/extensions/ai-proxy/provider/hunyuan.go:188.3,188.68 1 0
github.com/alibaba/higress/plugins/wasm-go/extensions/ai-proxy/provider/hunyuan.go:188.68,190.17 2 0
github.com/alibaba/higress/plugins/wasm-go/extensions/ai-proxy/provider/hunyuan.go:190.17,192.5 1 0
github.com/alibaba/higress/plugins/wasm-go/extensions/ai-proxy/provider/hunyuan.go:194.4,194.18 1 0
github.com/alibaba/higress/plugins/wasm-go/extensions/ai-proxy/provider/hunyuan.go:194.18,197.5 2 0
github.com/alibaba/higress/plugins/wasm-go/extensions/ai-proxy/provider/hunyuan.go:198.4,205.58 5 0
github.com/alibaba/higress/plugins/wasm-go/extensions/ai-proxy/provider/hunyuan.go:205.58,207.5 1 0
github.com/alibaba/higress/plugins/wasm-go/extensions/ai-proxy/provider/hunyuan.go:209.3,209.17 1 0
github.com/alibaba/higress/plugins/wasm-go/extensions/ai-proxy/provider/hunyuan.go:209.17,212.4 2 0
github.com/alibaba/higress/plugins/wasm-go/extensions/ai-proxy/provider/hunyuan.go:214.3,215.63 2 0
github.com/alibaba/higress/plugins/wasm-go/extensions/ai-proxy/provider/hunyuan.go:219.2,220.67 2 0
github.com/alibaba/higress/plugins/wasm-go/extensions/ai-proxy/provider/hunyuan.go:220.67,222.3 1 0
github.com/alibaba/higress/plugins/wasm-go/extensions/ai-proxy/provider/hunyuan.go:224.2,225.17 2 0
github.com/alibaba/higress/plugins/wasm-go/extensions/ai-proxy/provider/hunyuan.go:225.17,227.3 1 0
github.com/alibaba/higress/plugins/wasm-go/extensions/ai-proxy/provider/hunyuan.go:228.2,230.23 3 0
github.com/alibaba/higress/plugins/wasm-go/extensions/ai-proxy/provider/hunyuan.go:230.23,232.3 1 0
github.com/alibaba/higress/plugins/wasm-go/extensions/ai-proxy/provider/hunyuan.go:233.2,238.15 4 0
github.com/alibaba/higress/plugins/wasm-go/extensions/ai-proxy/provider/hunyuan.go:238.15,240.3 1 0
github.com/alibaba/higress/plugins/wasm-go/extensions/ai-proxy/provider/hunyuan.go:240.8,242.3 1 0
github.com/alibaba/higress/plugins/wasm-go/extensions/ai-proxy/provider/hunyuan.go:245.2,245.29 1 0
github.com/alibaba/higress/plugins/wasm-go/extensions/ai-proxy/provider/hunyuan.go:245.29,260.3 5 0
github.com/alibaba/higress/plugins/wasm-go/extensions/ai-proxy/provider/hunyuan.go:262.2,262.67 1 0
github.com/alibaba/higress/plugins/wasm-go/extensions/ai-proxy/provider/hunyuan.go:262.67,263.16 1 0
github.com/alibaba/higress/plugins/wasm-go/extensions/ai-proxy/provider/hunyuan.go:263.16,265.4 1 0
github.com/alibaba/higress/plugins/wasm-go/extensions/ai-proxy/provider/hunyuan.go:266.3,266.17 1 0
github.com/alibaba/higress/plugins/wasm-go/extensions/ai-proxy/provider/hunyuan.go:266.17,270.4 3 0
github.com/alibaba/higress/plugins/wasm-go/extensions/ai-proxy/provider/hunyuan.go:271.3,279.64 6 0
github.com/alibaba/higress/plugins/wasm-go/extensions/ai-proxy/provider/hunyuan.go:279.64,281.4 1 0
github.com/alibaba/higress/plugins/wasm-go/extensions/ai-proxy/provider/hunyuan.go:283.2,283.16 1 0
github.com/alibaba/higress/plugins/wasm-go/extensions/ai-proxy/provider/hunyuan.go:283.16,285.3 1 0
github.com/alibaba/higress/plugins/wasm-go/extensions/ai-proxy/provider/hunyuan.go:286.2,286.34 1 0
github.com/alibaba/higress/plugins/wasm-go/extensions/ai-proxy/provider/hunyuan.go:290.147,291.32 1 0
github.com/alibaba/higress/plugins/wasm-go/extensions/ai-proxy/provider/hunyuan.go:291.32,293.3 1 0
github.com/alibaba/higress/plugins/wasm-go/extensions/ai-proxy/provider/hunyuan.go:294.2,296.16 3 0
github.com/alibaba/higress/plugins/wasm-go/extensions/ai-proxy/provider/hunyuan.go:296.16,298.3 1 0
github.com/alibaba/higress/plugins/wasm-go/extensions/ai-proxy/provider/hunyuan.go:300.2,315.37 7 0
github.com/alibaba/higress/plugins/wasm-go/extensions/ai-proxy/provider/hunyuan.go:318.138,319.90 1 0
github.com/alibaba/higress/plugins/wasm-go/extensions/ai-proxy/provider/hunyuan.go:319.90,321.3 1 0
github.com/alibaba/higress/plugins/wasm-go/extensions/ai-proxy/provider/hunyuan.go:332.2,333.76 2 0
github.com/alibaba/higress/plugins/wasm-go/extensions/ai-proxy/provider/hunyuan.go:333.76,335.3 1 0
github.com/alibaba/higress/plugins/wasm-go/extensions/ai-proxy/provider/hunyuan.go:338.2,343.6 3 0
github.com/alibaba/higress/plugins/wasm-go/extensions/ai-proxy/provider/hunyuan.go:343.6,345.28 2 0
github.com/alibaba/higress/plugins/wasm-go/extensions/ai-proxy/provider/hunyuan.go:345.28,346.9 1 0
github.com/alibaba/higress/plugins/wasm-go/extensions/ai-proxy/provider/hunyuan.go:350.3,354.42 3 0
github.com/alibaba/higress/plugins/wasm-go/extensions/ai-proxy/provider/hunyuan.go:354.42,356.9 1 0
github.com/alibaba/higress/plugins/wasm-go/extensions/ai-proxy/provider/hunyuan.go:360.3,367.56 4 0
github.com/alibaba/higress/plugins/wasm-go/extensions/ai-proxy/provider/hunyuan.go:371.2,374.26 3 0
github.com/alibaba/higress/plugins/wasm-go/extensions/ai-proxy/provider/hunyuan.go:377.121,380.76 2 0
github.com/alibaba/higress/plugins/wasm-go/extensions/ai-proxy/provider/hunyuan.go:380.76,382.3 1 0
github.com/alibaba/higress/plugins/wasm-go/extensions/ai-proxy/provider/hunyuan.go:384.2,400.75 2 0
github.com/alibaba/higress/plugins/wasm-go/extensions/ai-proxy/provider/hunyuan.go:400.75,405.3 1 0
github.com/alibaba/higress/plugins/wasm-go/extensions/ai-proxy/provider/hunyuan.go:405.8,422.3 2 0
github.com/alibaba/higress/plugins/wasm-go/extensions/ai-proxy/provider/hunyuan.go:425.2,431.42 6 0
github.com/alibaba/higress/plugins/wasm-go/extensions/ai-proxy/provider/hunyuan.go:434.120,435.57 1 0
github.com/alibaba/higress/plugins/wasm-go/extensions/ai-proxy/provider/hunyuan.go:435.57,437.3 1 0
github.com/alibaba/higress/plugins/wasm-go/extensions/ai-proxy/provider/hunyuan.go:438.2,438.38 1 0
github.com/alibaba/higress/plugins/wasm-go/extensions/ai-proxy/provider/hunyuan.go:438.38,440.3 1 0
github.com/alibaba/higress/plugins/wasm-go/extensions/ai-proxy/provider/hunyuan.go:441.2,443.62 3 0
github.com/alibaba/higress/plugins/wasm-go/extensions/ai-proxy/provider/hunyuan.go:443.62,445.3 1 0
github.com/alibaba/higress/plugins/wasm-go/extensions/ai-proxy/provider/hunyuan.go:446.2,447.31 2 0
github.com/alibaba/higress/plugins/wasm-go/extensions/ai-proxy/provider/hunyuan.go:450.114,459.2 3 0
github.com/alibaba/higress/plugins/wasm-go/extensions/ai-proxy/provider/hunyuan.go:461.116,473.2 2 0
github.com/alibaba/higress/plugins/wasm-go/extensions/ai-proxy/provider/hunyuan.go:475.92,478.37 2 0
github.com/alibaba/higress/plugins/wasm-go/extensions/ai-proxy/provider/hunyuan.go:478.37,483.3 1 0
github.com/alibaba/higress/plugins/wasm-go/extensions/ai-proxy/provider/hunyuan.go:485.2,485.28 1 0
github.com/alibaba/higress/plugins/wasm-go/extensions/ai-proxy/provider/hunyuan.go:488.157,490.58 2 0
github.com/alibaba/higress/plugins/wasm-go/extensions/ai-proxy/provider/hunyuan.go:490.58,500.3 1 0
github.com/alibaba/higress/plugins/wasm-go/extensions/ai-proxy/provider/hunyuan.go:501.2,513.3 1 0
github.com/alibaba/higress/plugins/wasm-go/extensions/ai-proxy/provider/hunyuan.go:516.33,519.2 2 0
github.com/alibaba/higress/plugins/wasm-go/extensions/ai-proxy/provider/hunyuan.go:521.39,525.2 3 0
github.com/alibaba/higress/plugins/wasm-go/extensions/ai-proxy/provider/hunyuan.go:536.133,594.2 19 0
github.com/alibaba/higress/plugins/wasm-go/extensions/ai-proxy/provider/hunyuan.go:596.59,598.2 1 0
github.com/alibaba/higress/plugins/wasm-go/extensions/ai-proxy/provider/kling.go:41.81,44.34 3 1
github.com/alibaba/higress/plugins/wasm-go/extensions/ai-proxy/provider/kling.go:44.34,45.37 1 1
github.com/alibaba/higress/plugins/wasm-go/extensions/ai-proxy/provider/kling.go:45.37,47.4 1 1
github.com/alibaba/higress/plugins/wasm-go/extensions/ai-proxy/provider/kling.go:48.3,48.13 1 1
github.com/alibaba/higress/plugins/wasm-go/extensions/ai-proxy/provider/kling.go:50.2,50.31 1 1
github.com/alibaba/higress/plugins/wasm-go/extensions/ai-proxy/provider/kling.go:50.31,52.3 1 1
github.com/alibaba/higress/plugins/wasm-go/extensions/ai-proxy/provider/kling.go:53.2,53.129 1 1
github.com/alibaba/higress/plugins/wasm-go/extensions/ai-proxy/provider/kling.go:56.76,63.2 1 1
github.com/alibaba/higress/plugins/wasm-go/extensions/ai-proxy/provider/kling.go:65.92,67.40 2 1
github.com/alibaba/higress/plugins/wasm-go/extensions/ai-proxy/provider/kling.go:67.40,69.3 1 1
github.com/alibaba/higress/plugins/wasm-go/extensions/ai-proxy/provider/kling.go:70.2,74.25 2 1
github.com/alibaba/higress/plugins/wasm-go/extensions/ai-proxy/provider/kling.go:74.25,76.3 1 1
github.com/alibaba/higress/plugins/wasm-go/extensions/ai-proxy/provider/kling.go:77.2,77.59 1 1
github.com/alibaba/higress/plugins/wasm-go/extensions/ai-proxy/provider/kling.go:91.50,93.2 1 1
github.com/alibaba/higress/plugins/wasm-go/extensions/ai-proxy/provider/kling.go:95.90,97.27 2 0
github.com/alibaba/higress/plugins/wasm-go/extensions/ai-proxy/provider/kling.go:97.27,99.3 1 0
github.com/alibaba/higress/plugins/wasm-go/extensions/ai-proxy/provider/kling.go:100.2,100.12 1 0
github.com/alibaba/higress/plugins/wasm-go/extensions/ai-proxy/provider/kling.go:103.122,104.39 1 1
github.com/alibaba/higress/plugins/wasm-go/extensions/ai-proxy/provider/kling.go:104.39,106.3 1 1
github.com/alibaba/higress/plugins/wasm-go/extensions/ai-proxy/provider/kling.go:107.2,107.74 1 0
github.com/alibaba/higress/plugins/wasm-go/extensions/ai-proxy/provider/kling.go:110.112,111.28 1 1
github.com/alibaba/higress/plugins/wasm-go/extensions/ai-proxy/provider/kling.go:111.28,113.38 2 1
github.com/alibaba/higress/plugins/wasm-go/extensions/ai-proxy/provider/kling.go:113.38,115.4 1 1
github.com/alibaba/higress/plugins/wasm-go/extensions/ai-proxy/provider/kling.go:115.9,117.4 1 1
github.com/alibaba/higress/plugins/wasm-go/extensions/ai-proxy/provider/kling.go:118.3,118.23 1 1
github.com/alibaba/higress/plugins/wasm-go/extensions/ai-proxy/provider/kling.go:118.23,120.4 1 1
github.com/alibaba/higress/plugins/wasm-go/extensions/ai-proxy/provider/kling.go:122.2,122.35 1 1
github.com/alibaba/higress/plugins/wasm-go/extensions/ai-proxy/provider/kling.go:122.35,124.3 1 1
github.com/alibaba/higress/plugins/wasm-go/extensions/ai-proxy/provider/kling.go:125.2,125.56 1 1
github.com/alibaba/higress/plugins/wasm-go/extensions/ai-proxy/provider/kling.go:125.56,127.3 1 1
github.com/alibaba/higress/plugins/wasm-go/extensions/ai-proxy/provider/kling.go:128.2,128.28 1 1
github.com/alibaba/higress/plugins/wasm-go/extensions/ai-proxy/provider/kling.go:128.28,130.3 1 1
github.com/alibaba/higress/plugins/wasm-go/extensions/ai-proxy/provider/kling.go:133.145,134.30 1 1
github.com/alibaba/higress/plugins/wasm-go/extensions/ai-proxy/provider/kling.go:134.30,136.3 1 0
github.com/alibaba/higress/plugins/wasm-go/extensions/ai-proxy/provider/kling.go:138.2,140.35 3 1
github.com/alibaba/higress/plugins/wasm-go/extensions/ai-proxy/provider/kling.go:140.35,143.3 2 1
github.com/alibaba/higress/plugins/wasm-go/extensions/ai-proxy/provider/kling.go:144.2,146.49 3 1
github.com/alibaba/higress/plugins/wasm-go/extensions/ai-proxy/provider/kling.go:149.124,150.30 1 1
github.com/alibaba/higress/plugins/wasm-go/extensions/ai-proxy/provider/kling.go:150.30,152.3 1 1
github.com/alibaba/higress/plugins/wasm-go/extensions/ai-proxy/provider/kling.go:154.2,155.18 2 1
github.com/alibaba/higress/plugins/wasm-go/extensions/ai-proxy/provider/kling.go:156.32,157.57 1 1
github.com/alibaba/higress/plugins/wasm-go/extensions/ai-proxy/provider/kling.go:158.33,159.58 1 1
github.com/alibaba/higress/plugins/wasm-go/extensions/ai-proxy/provider/kling.go:160.10,161.19 1 1
github.com/alibaba/higress/plugins/wasm-go/extensions/ai-proxy/provider/kling.go:165.57,166.9 1 1
github.com/alibaba/higress/plugins/wasm-go/extensions/ai-proxy/provider/kling.go:167.44,168.30 1 1
github.com/alibaba/higress/plugins/wasm-go/extensions/ai-proxy/provider/kling.go:169.42,170.23 1 1
github.com/alibaba/higress/plugins/wasm-go/extensions/ai-proxy/provider/kling.go:171.51,172.30 1 1
github.com/alibaba/higress/plugins/wasm-go/extensions/ai-proxy/provider/kling.go:173.10,174.12 1 1
github.com/alibaba/higress/plugins/wasm-go/extensions/ai-proxy/provider/kling.go:178.53,181.2 1 1
github.com/alibaba/higress/plugins/wasm-go/extensions/ai-proxy/provider/kling.go:183.55,186.2 1 1
github.com/alibaba/higress/plugins/wasm-go/extensions/ai-proxy/provider/kling.go:188.58,190.15 2 1
github.com/alibaba/higress/plugins/wasm-go/extensions/ai-proxy/provider/kling.go:190.15,192.3 1 1
github.com/alibaba/higress/plugins/wasm-go/extensions/ai-proxy/provider/kling.go:193.2,194.61 2 1
github.com/alibaba/higress/plugins/wasm-go/extensions/ai-proxy/provider/kling.go:197.79,198.24 1 1
github.com/alibaba/higress/plugins/wasm-go/extensions/ai-proxy/provider/kling.go:198.24,200.3 1 1
github.com/alibaba/higress/plugins/wasm-go/extensions/ai-proxy/provider/kling.go:201.2,201.39 1 1
github.com/alibaba/higress/plugins/wasm-go/extensions/ai-proxy/provider/kling.go:204.47,206.2 1 1
github.com/alibaba/higress/plugins/wasm-go/extensions/ai-proxy/provider/kling.go:208.46,210.77 2 1
github.com/alibaba/higress/plugins/wasm-go/extensions/ai-proxy/provider/kling.go:210.77,212.3 1 1
github.com/alibaba/higress/plugins/wasm-go/extensions/ai-proxy/provider/kling.go:214.2,215.16 2 1
github.com/alibaba/higress/plugins/wasm-go/extensions/ai-proxy/provider/kling.go:215.16,217.3 1 0
github.com/alibaba/higress/plugins/wasm-go/extensions/ai-proxy/provider/kling.go:218.2,220.19 3 1
github.com/alibaba/higress/plugins/wasm-go/extensions/ai-proxy/provider/kling.go:223.84,243.16 5 1
github.com/alibaba/higress/plugins/wasm-go/extensions/ai-proxy/provider/kling.go:243.16,245.3 1 0
github.com/alibaba/higress/plugins/wasm-go/extensions/ai-proxy/provider/kling.go:246.2,247.16 2 1
github.com/alibaba/higress/plugins/wasm-go/extensions/ai-proxy/provider/kling.go:247.16,249.3 1 0
github.com/alibaba/higress/plugins/wasm-go/extensions/ai-proxy/provider/kling.go:251.2,257.54 7 1
github.com/alibaba/higress/plugins/wasm-go/extensions/ai-proxy/provider/kling.go:260.107,263.21 3 1
github.com/alibaba/higress/plugins/wasm-go/extensions/ai-proxy/provider/kling.go:263.21,266.3 2 1
github.com/alibaba/higress/plugins/wasm-go/extensions/ai-proxy/provider/kling.go:267.2,267.20 1 1
github.com/alibaba/higress/plugins/wasm-go/extensions/ai-proxy/provider/kling.go:267.20,274.17 7 1
github.com/alibaba/higress/plugins/wasm-go/extensions/ai-proxy/provider/kling.go:274.17,276.4 1 0
github.com/alibaba/higress/plugins/wasm-go/extensions/ai-proxy/provider/kling.go:277.3,277.27 1 1
github.com/alibaba/higress/plugins/wasm-go/extensions/ai-proxy/provider/kling.go:277.27,279.18 2 1
github.com/alibaba/higress/plugins/wasm-go/extensions/ai-proxy/provider/kling.go:279.18,281.5 1 0
github.com/alibaba/higress/plugins/wasm-go/extensions/ai-proxy/provider/kling.go:284.2,284.18 1 1
github.com/alibaba/higress/plugins/wasm-go/extensions/ai-proxy/provider/kling.go:287.72,290.20 3 1
github.com/alibaba/higress/plugins/wasm-go/extensions/ai-proxy/provider/kling.go:290.20,292.3 1 1
github.com/alibaba/higress/plugins/wasm-go/extensions/ai-proxy/provider/kling.go:294.2,295.40 2 1
github.com/alibaba/higress/plugins/wasm-go/extensions/ai-proxy/provider/kling.go:295.40,297.3 1 0
github.com/alibaba/higress/plugins/wasm-go/extensions/ai-proxy/provider/kling.go:299.2,301.9 3 1
github.com/alibaba/higress/plugins/wasm-go/extensions/ai-proxy/provider/kling.go:302.58,304.98 2 1
github.com/alibaba/higress/plugins/wasm-go/extensions/ai-proxy/provider/kling.go:305.57,307.97 2 1
github.com/alibaba/higress/plugins/wasm-go/extensions/ai-proxy/provider/kling.go:308.10,309.44 1 1
github.com/alibaba/higress/plugins/wasm-go/extensions/ai-proxy/provider/kling.go:309.44,311.4 1 1
github.com/alibaba/higress/plugins/wasm-go/extensions/ai-proxy/provider/kling.go:312.3,312.43 1 1
github.com/alibaba/higress/plugins/wasm-go/extensions/ai-proxy/provider/kling.go:312.43,314.4 1 1
github.com/alibaba/higress/plugins/wasm-go/extensions/ai-proxy/provider/kling.go:315.3,315.119 1 1
github.com/alibaba/higress/plugins/wasm-go/extensions/ai-proxy/provider/kling.go:319.54,321.2 1 1
github.com/alibaba/higress/plugins/wasm-go/extensions/ai-proxy/provider/kling.go:323.55,325.2 1 1
github.com/alibaba/higress/plugins/wasm-go/extensions/ai-proxy/provider/kling.go:327.56,329.2 1 1
github.com/alibaba/higress/plugins/wasm-go/extensions/ai-proxy/provider/kling.go:331.57,333.2 1 1
github.com/alibaba/higress/plugins/wasm-go/extensions/ai-proxy/provider/kling.go:335.99,336.55 1 1
github.com/alibaba/higress/plugins/wasm-go/extensions/ai-proxy/provider/kling.go:336.55,338.3 1 1
github.com/alibaba/higress/plugins/wasm-go/extensions/ai-proxy/provider/kling.go:339.2,339.17 1 1
github.com/alibaba/higress/plugins/wasm-go/extensions/ai-proxy/provider/kling.go:342.59,344.2 1 1
github.com/alibaba/higress/plugins/wasm-go/extensions/ai-proxy/provider/kling.go:346.72,349.2 2 1
github.com/alibaba/higress/plugins/wasm-go/extensions/ai-proxy/provider/kling.go:351.97,352.87 1 1
github.com/alibaba/higress/plugins/wasm-go/extensions/ai-proxy/provider/kling.go:352.87,355.3 2 1
github.com/alibaba/higress/plugins/wasm-go/extensions/ai-proxy/provider/kling.go:356.2,356.60 1 1
github.com/alibaba/higress/plugins/wasm-go/extensions/ai-proxy/provider/kling.go:359.56,360.17 1 1
github.com/alibaba/higress/plugins/wasm-go/extensions/ai-proxy/provider/kling.go:360.17,362.3 1 1
github.com/alibaba/higress/plugins/wasm-go/extensions/ai-proxy/provider/kling.go:363.2,364.17 2 1
github.com/alibaba/higress/plugins/wasm-go/extensions/ai-proxy/provider/kling.go:364.17,366.3 1 1
github.com/alibaba/higress/plugins/wasm-go/extensions/ai-proxy/provider/kling.go:367.2,369.23 3 1
github.com/alibaba/higress/plugins/wasm-go/extensions/ai-proxy/provider/kling.go:369.23,371.3 1 1
github.com/alibaba/higress/plugins/wasm-go/extensions/ai-proxy/provider/kling.go:372.2,372.72 1 1
github.com/alibaba/higress/plugins/wasm-go/extensions/ai-proxy/provider/kling.go:375.64,378.53 3 1
github.com/alibaba/higress/plugins/wasm-go/extensions/ai-proxy/provider/kling.go:378.53,379.17 1 1
github.com/alibaba/higress/plugins/wasm-go/extensions/ai-proxy/provider/kling.go:379.17,380.12 1 1
github.com/alibaba/higress/plugins/wasm-go/extensions/ai-proxy/provider/kling.go:382.3,383.26 2 1
github.com/alibaba/higress/plugins/wasm-go/extensions/ai-proxy/provider/kling.go:385.2,385.54 1 1
github.com/alibaba/higress/plugins/wasm-go/extensions/ai-proxy/provider/kling.go:385.54,386.17 1 1
github.com/alibaba/higress/plugins/wasm-go/extensions/ai-proxy/provider/kling.go:386.17,387.12 1 1
github.com/alibaba/higress/plugins/wasm-go/extensions/ai-proxy/provider/kling.go:389.3,389.38 1 1
github.com/alibaba/higress/plugins/wasm-go/extensions/ai-proxy/provider/kling.go:389.38,390.12 1 1
github.com/alibaba/higress/plugins/wasm-go/extensions/ai-proxy/provider/kling.go:392.3,393.26 2 1
github.com/alibaba/higress/plugins/wasm-go/extensions/ai-proxy/provider/kling.go:395.2,395.33 1 1
github.com/alibaba/higress/plugins/wasm-go/extensions/ai-proxy/provider/kling.go:398.62,400.20 2 1
github.com/alibaba/higress/plugins/wasm-go/extensions/ai-proxy/provider/kling.go:400.20,402.3 1 1
github.com/alibaba/higress/plugins/wasm-go/extensions/ai-proxy/provider/kling.go:403.2,403.51 1 1
github.com/alibaba/higress/plugins/wasm-go/extensions/ai-proxy/provider/kling.go:406.63,407.17 1 1
github.com/alibaba/higress/plugins/wasm-go/extensions/ai-proxy/provider/kling.go:407.17,409.3 1 1
github.com/alibaba/higress/plugins/wasm-go/extensions/ai-proxy/provider/kling.go:411.2,414.29 4 1
github.com/alibaba/higress/plugins/wasm-go/extensions/ai-proxy/provider/kling.go:414.29,415.17 1 1
github.com/alibaba/higress/plugins/wasm-go/extensions/ai-proxy/provider/kling.go:415.17,416.12 1 0
github.com/alibaba/higress/plugins/wasm-go/extensions/ai-proxy/provider/kling.go:419.3,421.17 3 1
github.com/alibaba/higress/plugins/wasm-go/extensions/ai-proxy/provider/kling.go:421.17,423.4 1 1
github.com/alibaba/higress/plugins/wasm-go/extensions/ai-proxy/provider/kling.go:424.3,424.42 1 1
github.com/alibaba/higress/plugins/wasm-go/extensions/ai-proxy/provider/kling.go:424.42,426.12 2 1
github.com/alibaba/higress/plugins/wasm-go/extensions/ai-proxy/provider/kling.go:429.3,430.17 2 1
github.com/alibaba/higress/plugins/wasm-go/extensions/ai-proxy/provider/kling.go:430.17,432.4 1 1
github.com/alibaba/higress/plugins/wasm-go/extensions/ai-proxy/provider/kling.go:434.3,434.50 1 1
github.com/alibaba/higress/plugins/wasm-go/extensions/ai-proxy/provider/kling.go:437.2,437.30 1 1
github.com/alibaba/higress/plugins/wasm-go/extensions/ai-proxy/provider/kling.go:437.30,439.3 1 1
github.com/alibaba/higress/plugins/wasm-go/extensions/ai-proxy/provider/kling.go:440.2,440.58 1 1
github.com/alibaba/higress/plugins/wasm-go/extensions/ai-proxy/provider/kling.go:443.53,444.54 1 1
github.com/alibaba/higress/plugins/wasm-go/extensions/ai-proxy/provider/kling.go:445.49,446.35 1 1
github.com/alibaba/higress/plugins/wasm-go/extensions/ai-proxy/provider/kling.go:447.47,448.34 1 1
github.com/alibaba/higress/plugins/wasm-go/extensions/ai-proxy/provider/kling.go:449.10,450.12 1 1
github.com/alibaba/higress/plugins/wasm-go/extensions/ai-proxy/provider/kling.go:454.69,456.59 2 1
github.com/alibaba/higress/plugins/wasm-go/extensions/ai-proxy/provider/kling.go:456.59,458.46 2 1
github.com/alibaba/higress/plugins/wasm-go/extensions/ai-proxy/provider/kling.go:458.46,459.12 1 1
github.com/alibaba/higress/plugins/wasm-go/extensions/ai-proxy/provider/kling.go:461.3,462.108 2 1
github.com/alibaba/higress/plugins/wasm-go/extensions/ai-proxy/provider/kling.go:462.108,463.12 1 1
github.com/alibaba/higress/plugins/wasm-go/extensions/ai-proxy/provider/kling.go:465.3,466.17 2 1
github.com/alibaba/higress/plugins/wasm-go/extensions/ai-proxy/provider/kling.go:466.17,468.4 1 0
github.com/alibaba/higress/plugins/wasm-go/extensions/ai-proxy/provider/kling.go:470.2,470.18 1 1
github.com/alibaba/higress/plugins/wasm-go/extensions/ai-proxy/provider/kling.go:473.65,486.36 2 1
github.com/alibaba/higress/plugins/wasm-go/extensions/ai-proxy/provider/kling.go:486.36,487.43 1 1
github.com/alibaba/higress/plugins/wasm-go/extensions/ai-proxy/provider/kling.go:487.43,489.4 1 1
github.com/alibaba/higress/plugins/wasm-go/extensions/ai-proxy/provider/kling.go:491.2,491.14 1 1
github.com/alibaba/higress/plugins/wasm-go/extensions/ai-proxy/provider/longcat.go:21.83,22.59 1 1
github.com/alibaba/higress/plugins/wasm-go/extensions/ai-proxy/provider/longcat.go:22.59,24.3 1 1
github.com/alibaba/higress/plugins/wasm-go/extensions/ai-proxy/provider/longcat.go:25.2,25.12 1 1
github.com/alibaba/higress/plugins/wasm-go/extensions/ai-proxy/provider/longcat.go:28.78,34.2 1 1
github.com/alibaba/higress/plugins/wasm-go/extensions/ai-proxy/provider/longcat.go:36.94,42.2 2 1
github.com/alibaba/higress/plugins/wasm-go/extensions/ai-proxy/provider/longcat.go:49.52,51.2 1 1
github.com/alibaba/higress/plugins/wasm-go/extensions/ai-proxy/provider/longcat.go:53.92,56.2 2 0
github.com/alibaba/higress/plugins/wasm-go/extensions/ai-proxy/provider/longcat.go:58.114,63.2 4 0
github.com/alibaba/higress/plugins/wasm-go/extensions/ai-proxy/provider/longcat.go:65.118,66.39 1 0
github.com/alibaba/higress/plugins/wasm-go/extensions/ai-proxy/provider/longcat.go:66.39,68.3 1 0
github.com/alibaba/higress/plugins/wasm-go/extensions/ai-proxy/provider/longcat.go:69.2,69.74 1 0
github.com/alibaba/higress/plugins/wasm-go/extensions/ai-proxy/provider/longcat.go:72.119,73.76 1 1
github.com/alibaba/higress/plugins/wasm-go/extensions/ai-proxy/provider/longcat.go:73.76,75.68 2 1
github.com/alibaba/higress/plugins/wasm-go/extensions/ai-proxy/provider/longcat.go:75.68,77.4 1 1
github.com/alibaba/higress/plugins/wasm-go/extensions/ai-proxy/provider/longcat.go:78.3,80.17 3 1
github.com/alibaba/higress/plugins/wasm-go/extensions/ai-proxy/provider/longcat.go:80.17,82.4 1 0
github.com/alibaba/higress/plugins/wasm-go/extensions/ai-proxy/provider/longcat.go:83.3,83.19 1 1
github.com/alibaba/higress/plugins/wasm-go/extensions/ai-proxy/provider/longcat.go:86.2,86.16 1 1
github.com/alibaba/higress/plugins/wasm-go/extensions/ai-proxy/provider/longcat.go:86.16,88.3 1 0
github.com/alibaba/higress/plugins/wasm-go/extensions/ai-proxy/provider/longcat.go:89.2,89.18 1 1
github.com/alibaba/higress/plugins/wasm-go/extensions/ai-proxy/provider/minimax.go:41.83,43.79 1 0
github.com/alibaba/higress/plugins/wasm-go/extensions/ai-proxy/provider/minimax.go:43.79,45.3 1 0
github.com/alibaba/higress/plugins/wasm-go/extensions/ai-proxy/provider/minimax.go:46.2,46.59 1 0
github.com/alibaba/higress/plugins/wasm-go/extensions/ai-proxy/provider/minimax.go:46.59,48.3 1 0
github.com/alibaba/higress/plugins/wasm-go/extensions/ai-proxy/provider/minimax.go:49.2,49.12 1 0
github.com/alibaba/higress/plugins/wasm-go/extensions/ai-proxy/provider/minimax.go:52.78,57.2 1 0
github.com/alibaba/higress/plugins/wasm-go/extensions/ai-proxy/provider/minimax.go:59.94,65.2 2 0
github.com/alibaba/higress/plugins/wasm-go/extensions/ai-proxy/provider/minimax.go:72.52,74.2 1 0
github.com/alibaba/higress/plugins/wasm-go/extensions/ai-proxy/provider/minimax.go:76.92,80.2 2 0
github.com/alibaba/higress/plugins/wasm-go/extensions/ai-proxy/provider/minimax.go:82.114,86.2 3 0
github.com/alibaba/higress/plugins/wasm-go/extensions/ai-proxy/provider/minimax.go:88.118,89.39 1 0
github.com/alibaba/higress/plugins/wasm-go/extensions/ai-proxy/provider/minimax.go:89.39,91.3 1 0
github.com/alibaba/higress/plugins/wasm-go/extensions/ai-proxy/provider/minimax.go:92.2,92.50 1 0
github.com/alibaba/higress/plugins/wasm-go/extensions/ai-proxy/provider/minimax.go:92.50,95.3 1 0
github.com/alibaba/higress/plugins/wasm-go/extensions/ai-proxy/provider/minimax.go:95.8,98.3 1 0
github.com/alibaba/higress/plugins/wasm-go/extensions/ai-proxy/provider/minimax.go:102.99,104.67 2 0
github.com/alibaba/higress/plugins/wasm-go/extensions/ai-proxy/provider/minimax.go:104.67,106.3 1 0
github.com/alibaba/higress/plugins/wasm-go/extensions/ai-proxy/provider/minimax.go:110.2,111.28 2 0
github.com/alibaba/higress/plugins/wasm-go/extensions/ai-proxy/provider/minimax.go:111.28,113.3 1 0
github.com/alibaba/higress/plugins/wasm-go/extensions/ai-proxy/provider/minimax.go:115.2,115.29 1 0
github.com/alibaba/higress/plugins/wasm-go/extensions/ai-proxy/provider/minimax.go:115.29,118.3 2 0
github.com/alibaba/higress/plugins/wasm-go/extensions/ai-proxy/provider/minimax.go:120.2,120.67 1 0
github.com/alibaba/higress/plugins/wasm-go/extensions/ai-proxy/provider/minimax.go:120.67,121.16 1 0
github.com/alibaba/higress/plugins/wasm-go/extensions/ai-proxy/provider/minimax.go:121.16,123.4 1 0
github.com/alibaba/higress/plugins/wasm-go/extensions/ai-proxy/provider/minimax.go:124.3,124.17 1 0
github.com/alibaba/higress/plugins/wasm-go/extensions/ai-proxy/provider/minimax.go:124.17,127.4 2 0
github.com/alibaba/higress/plugins/wasm-go/extensions/ai-proxy/provider/minimax.go:131.3,132.64 2 0
github.com/alibaba/higress/plugins/wasm-go/extensions/ai-proxy/provider/minimax.go:132.64,134.4 1 0
github.com/alibaba/higress/plugins/wasm-go/extensions/ai-proxy/provider/minimax.go:136.2,136.16 1 0
github.com/alibaba/higress/plugins/wasm-go/extensions/ai-proxy/provider/minimax.go:136.16,138.3 1 0
github.com/alibaba/higress/plugins/wasm-go/extensions/ai-proxy/provider/minimax.go:139.2,139.34 1 0
github.com/alibaba/higress/plugins/wasm-go/extensions/ai-proxy/provider/minimax.go:142.147,144.2 1 0
github.com/alibaba/higress/plugins/wasm-go/extensions/ai-proxy/provider/minimax.go:147.113,153.2 4 0
github.com/alibaba/higress/plugins/wasm-go/extensions/ai-proxy/provider/minimax.go:155.115,158.91 1 0
github.com/alibaba/higress/plugins/wasm-go/extensions/ai-proxy/provider/minimax.go:158.91,160.3 1 0
github.com/alibaba/higress/plugins/wasm-go/extensions/ai-proxy/provider/minimax.go:160.8,162.3 1 0
github.com/alibaba/higress/plugins/wasm-go/extensions/ai-proxy/provider/minimax.go:166.138,167.36 1 0
github.com/alibaba/higress/plugins/wasm-go/extensions/ai-proxy/provider/minimax.go:167.36,169.3 1 0
github.com/alibaba/higress/plugins/wasm-go/extensions/ai-proxy/provider/minimax.go:170.2,170.35 1 0
github.com/alibaba/higress/plugins/wasm-go/extensions/ai-proxy/provider/minimax.go:170.35,172.3 1 0
github.com/alibaba/higress/plugins/wasm-go/extensions/ai-proxy/provider/minimax.go:178.2,180.29 3 0
github.com/alibaba/higress/plugins/wasm-go/extensions/ai-proxy/provider/minimax.go:180.29,181.20 1 0
github.com/alibaba/higress/plugins/wasm-go/extensions/ai-proxy/provider/minimax.go:181.20,183.12 1 0
github.com/alibaba/higress/plugins/wasm-go/extensions/ai-proxy/provider/minimax.go:185.3,187.68 3 0
github.com/alibaba/higress/plugins/wasm-go/extensions/ai-proxy/provider/minimax.go:187.68,189.12 2 0
github.com/alibaba/higress/plugins/wasm-go/extensions/ai-proxy/provider/minimax.go:191.3,193.17 3 0
github.com/alibaba/higress/plugins/wasm-go/extensions/ai-proxy/provider/minimax.go:193.17,196.4 2 0
github.com/alibaba/higress/plugins/wasm-go/extensions/ai-proxy/provider/minimax.go:197.3,197.58 1 0
github.com/alibaba/higress/plugins/wasm-go/extensions/ai-proxy/provider/minimax.go:199.2,201.43 3 0
github.com/alibaba/higress/plugins/wasm-go/extensions/ai-proxy/provider/minimax.go:205.120,206.38 1 0
github.com/alibaba/higress/plugins/wasm-go/extensions/ai-proxy/provider/minimax.go:206.38,208.3 1 0
github.com/alibaba/higress/plugins/wasm-go/extensions/ai-proxy/provider/minimax.go:209.2,210.58 2 0
github.com/alibaba/higress/plugins/wasm-go/extensions/ai-proxy/provider/minimax.go:210.58,212.3 1 0
github.com/alibaba/higress/plugins/wasm-go/extensions/ai-proxy/provider/minimax.go:213.2,213.42 1 0
github.com/alibaba/higress/plugins/wasm-go/extensions/ai-proxy/provider/minimax.go:213.42,215.3 1 0
github.com/alibaba/higress/plugins/wasm-go/extensions/ai-proxy/provider/minimax.go:216.2,217.31 2 0
github.com/alibaba/higress/plugins/wasm-go/extensions/ai-proxy/provider/minimax.go:285.110,286.35 1 0
github.com/alibaba/higress/plugins/wasm-go/extensions/ai-proxy/provider/minimax.go:286.35,290.28 1 0
github.com/alibaba/higress/plugins/wasm-go/extensions/ai-proxy/provider/minimax.go:290.28,291.33 1 0
github.com/alibaba/higress/plugins/wasm-go/extensions/ai-proxy/provider/minimax.go:291.33,293.7 1 0
github.com/alibaba/higress/plugins/wasm-go/extensions/ai-proxy/provider/minimax.go:294.6,294.37 1 0
github.com/alibaba/higress/plugins/wasm-go/extensions/ai-proxy/provider/minimax.go:298.8,298.36 1 0
github.com/alibaba/higress/plugins/wasm-go/extensions/ai-proxy/provider/minimax.go:298.36,304.3 2 0
github.com/alibaba/higress/plugins/wasm-go/extensions/ai-proxy/provider/minimax.go:307.155,312.64 4 0
github.com/alibaba/higress/plugins/wasm-go/extensions/ai-proxy/provider/minimax.go:312.64,313.17 1 0
github.com/alibaba/higress/plugins/wasm-go/extensions/ai-proxy/provider/minimax.go:313.17,315.4 1 0
github.com/alibaba/higress/plugins/wasm-go/extensions/ai-proxy/provider/minimax.go:316.3,316.21 1 0
github.com/alibaba/higress/plugins/wasm-go/extensions/ai-proxy/provider/minimax.go:319.2,319.43 1 0
github.com/alibaba/higress/plugins/wasm-go/extensions/ai-proxy/provider/minimax.go:319.43,320.23 1 0
github.com/alibaba/higress/plugins/wasm-go/extensions/ai-proxy/provider/minimax.go:321.19,326.6 2 0
github.com/alibaba/higress/plugins/wasm-go/extensions/ai-proxy/provider/minimax.go:327.22,332.6 1 0
github.com/alibaba/higress/plugins/wasm-go/extensions/ai-proxy/provider/minimax.go:333.17,338.6 1 0
github.com/alibaba/higress/plugins/wasm-go/extensions/ai-proxy/provider/minimax.go:342.2,359.15 4 0
github.com/alibaba/higress/plugins/wasm-go/extensions/ai-proxy/provider/minimax.go:362.111,365.42 3 0
github.com/alibaba/higress/plugins/wasm-go/extensions/ai-proxy/provider/minimax.go:365.42,366.43 1 0
github.com/alibaba/higress/plugins/wasm-go/extensions/ai-proxy/provider/minimax.go:366.43,378.4 3 0
github.com/alibaba/higress/plugins/wasm-go/extensions/ai-proxy/provider/minimax.go:380.2,391.3 1 0
github.com/alibaba/higress/plugins/wasm-go/extensions/ai-proxy/provider/minimax.go:394.97,396.2 1 0
github.com/alibaba/higress/plugins/wasm-go/extensions/ai-proxy/provider/minimax.go:398.59,399.113 1 0
github.com/alibaba/higress/plugins/wasm-go/extensions/ai-proxy/provider/minimax.go:399.113,401.3 1 0
github.com/alibaba/higress/plugins/wasm-go/extensions/ai-proxy/provider/minimax.go:402.2,402.11 1 0
github.com/alibaba/higress/plugins/wasm-go/extensions/ai-proxy/provider/mistral.go:18.83,19.59 1 0
github.com/alibaba/higress/plugins/wasm-go/extensions/ai-proxy/provider/mistral.go:19.59,21.3 1 0
github.com/alibaba/higress/plugins/wasm-go/extensions/ai-proxy/provider/mistral.go:22.2,22.12 1 0
github.com/alibaba/higress/plugins/wasm-go/extensions/ai-proxy/provider/mistral.go:25.78,31.2 1 0
github.com/alibaba/higress/plugins/wasm-go/extensions/ai-proxy/provider/mistral.go:33.94,39.2 2 0
github.com/alibaba/higress/plugins/wasm-go/extensions/ai-proxy/provider/mistral.go:46.52,48.2 1 0
github.com/alibaba/higress/plugins/wasm-go/extensions/ai-proxy/provider/mistral.go:50.92,53.2 2 0
github.com/alibaba/higress/plugins/wasm-go/extensions/ai-proxy/provider/mistral.go:55.118,56.39 1 0
github.com/alibaba/higress/plugins/wasm-go/extensions/ai-proxy/provider/mistral.go:56.39,58.3 1 0
github.com/alibaba/higress/plugins/wasm-go/extensions/ai-proxy/provider/mistral.go:59.2,59.74 1 0
github.com/alibaba/higress/plugins/wasm-go/extensions/ai-proxy/provider/mistral.go:62.114,66.2 3 0
github.com/alibaba/higress/plugins/wasm-go/extensions/ai-proxy/provider/model.go:80.52,81.31 1 1
github.com/alibaba/higress/plugins/wasm-go/extensions/ai-proxy/provider/model.go:81.31,83.3 1 0
github.com/alibaba/higress/plugins/wasm-go/extensions/ai-proxy/provider/model.go:84.2,84.20 1 1
github.com/alibaba/higress/plugins/wasm-go/extensions/ai-proxy/provider/model.go:87.62,88.25 1 1
github.com/alibaba/higress/plugins/wasm-go/extensions/ai-proxy/provider/model.go:88.25,90.3 1 0
github.com/alibaba/higress/plugins/wasm-go/extensions/ai-proxy/provider/model.go:92.2,92.41 1 1
github.com/alibaba/higress/plugins/wasm-go/extensions/ai-proxy/provider/model.go:92.41,94.3 1 1
github.com/alibaba/higress/plugins/wasm-go/extensions/ai-proxy/provider/model.go:95.2,95.11 1 1
github.com/alibaba/higress/plugins/wasm-go/extensions/ai-proxy/provider/model.go:98.60,99.45 1 1
github.com/alibaba/higress/plugins/wasm-go/extensions/ai-proxy/provider/model.go:99.45,101.3 1 1
github.com/alibaba/higress/plugins/wasm-go/extensions/ai-proxy/provider/model.go:102.2,102.46 1 1
github.com/alibaba/higress/plugins/wasm-go/extensions/ai-proxy/provider/model.go:102.46,104.3 1 1
github.com/alibaba/higress/plugins/wasm-go/extensions/ai-proxy/provider/model.go:105.2,105.11 1 0
github.com/alibaba/higress/plugins/wasm-go/extensions/ai-proxy/provider/model.go:108.67,109.35 1 1
github.com/alibaba/higress/plugins/wasm-go/extensions/ai-proxy/provider/model.go:110.19,111.13 1 1
github.com/alibaba/higress/plugins/wasm-go/extensions/ai-proxy/provider/model.go:112.19,113.12 1 0
github.com/alibaba/higress/plugins/wasm-go/extensions/ai-proxy/provider/model.go:116.2,117.16 2 1
github.com/alibaba/higress/plugins/wasm-go/extensions/ai-proxy/provider/model.go:117.16,119.3 1 0
github.com/alibaba/higress/plugins/wasm-go/extensions/ai-proxy/provider/model.go:120.2,121.54 2 1
github.com/alibaba/higress/plugins/wasm-go/extensions/ai-proxy/provider/model.go:121.54,123.3 1 0
github.com/alibaba/higress/plugins/wasm-go/extensions/ai-proxy/provider/model.go:124.2,124.16 1 1
github.com/alibaba/higress/plugins/wasm-go/extensions/ai-proxy/provider/model.go:226.87,227.30 1 0
github.com/alibaba/higress/plugins/wasm-go/extensions/ai-proxy/provider/model.go:227.30,229.3 1 0
github.com/alibaba/higress/plugins/wasm-go/extensions/ai-proxy/provider/model.go:230.2,230.30 1 0
github.com/alibaba/higress/plugins/wasm-go/extensions/ai-proxy/provider/model.go:231.31,233.8 2 0
github.com/alibaba/higress/plugins/wasm-go/extensions/ai-proxy/provider/model.go:234.31,237.8 3 0
github.com/alibaba/higress/plugins/wasm-go/extensions/ai-proxy/provider/model.go:238.36,238.36 0 0
github.com/alibaba/higress/plugins/wasm-go/extensions/ai-proxy/provider/model.go:239.10,240.8 1 0
github.com/alibaba/higress/plugins/wasm-go/extensions/ai-proxy/provider/model.go:244.109,245.30 1 0
github.com/alibaba/higress/plugins/wasm-go/extensions/ai-proxy/provider/model.go:246.31,248.8 2 0
github.com/alibaba/higress/plugins/wasm-go/extensions/ai-proxy/provider/model.go:249.31,253.20 3 0
github.com/alibaba/higress/plugins/wasm-go/extensions/ai-proxy/provider/model.go:253.20,254.32 1 0
github.com/alibaba/higress/plugins/wasm-go/extensions/ai-proxy/provider/model.go:254.32,257.5 1 0
github.com/alibaba/higress/plugins/wasm-go/extensions/ai-proxy/provider/model.go:258.4,258.10 1 0
github.com/alibaba/higress/plugins/wasm-go/extensions/ai-proxy/provider/model.go:261.3,261.58 1 0
github.com/alibaba/higress/plugins/wasm-go/extensions/ai-proxy/provider/model.go:261.58,264.4 2 0
github.com/alibaba/higress/plugins/wasm-go/extensions/ai-proxy/provider/model.go:265.3,265.22 1 0
github.com/alibaba/higress/plugins/wasm-go/extensions/ai-proxy/provider/model.go:265.22,266.109 1 0
github.com/alibaba/higress/plugins/wasm-go/extensions/ai-proxy/provider/model.go:266.109,268.5 1 0
github.com/alibaba/higress/plugins/wasm-go/extensions/ai-proxy/provider/model.go:269.4,269.24 1 0
github.com/alibaba/higress/plugins/wasm-go/extensions/ai-proxy/provider/model.go:272.3,277.8 5 0
github.com/alibaba/higress/plugins/wasm-go/extensions/ai-proxy/provider/model.go:278.36,278.36 0 0
github.com/alibaba/higress/plugins/wasm-go/extensions/ai-proxy/provider/model.go:279.10,280.8 1 0
github.com/alibaba/higress/plugins/wasm-go/extensions/ai-proxy/provider/model.go:286.59,287.27 1 0
github.com/alibaba/higress/plugins/wasm-go/extensions/ai-proxy/provider/model.go:287.27,289.17 2 0
github.com/alibaba/higress/plugins/wasm-go/extensions/ai-proxy/provider/model.go:289.17,290.12 1 0
github.com/alibaba/higress/plugins/wasm-go/extensions/ai-proxy/provider/model.go:292.3,292.35 1 0
github.com/alibaba/higress/plugins/wasm-go/extensions/ai-proxy/provider/model.go:292.35,293.12 1 0
github.com/alibaba/higress/plugins/wasm-go/extensions/ai-proxy/provider/model.go:295.3,295.33 1 0
github.com/alibaba/higress/plugins/wasm-go/extensions/ai-proxy/provider/model.go:295.33,298.4 2 0
github.com/alibaba/higress/plugins/wasm-go/extensions/ai-proxy/provider/model.go:308.86,309.16 1 0
github.com/alibaba/higress/plugins/wasm-go/extensions/ai-proxy/provider/model.go:309.16,311.3 1 0
github.com/alibaba/higress/plugins/wasm-go/extensions/ai-proxy/provider/model.go:312.2,313.21 2 0
github.com/alibaba/higress/plugins/wasm-go/extensions/ai-proxy/provider/model.go:313.21,315.3 1 0
github.com/alibaba/higress/plugins/wasm-go/extensions/ai-proxy/provider/model.go:317.2,317.34 1 0
github.com/alibaba/higress/plugins/wasm-go/extensions/ai-proxy/provider/model.go:317.34,320.3 2 0
github.com/alibaba/higress/plugins/wasm-go/extensions/ai-proxy/provider/model.go:323.2,324.21 2 0
github.com/alibaba/higress/plugins/wasm-go/extensions/ai-proxy/provider/model.go:324.21,326.3 1 0
github.com/alibaba/higress/plugins/wasm-go/extensions/ai-proxy/provider/model.go:327.2,327.21 1 0
github.com/alibaba/higress/plugins/wasm-go/extensions/ai-proxy/provider/model.go:327.21,333.3 5 0
github.com/alibaba/higress/plugins/wasm-go/extensions/ai-proxy/provider/model.go:334.2,334.14 1 0
github.com/alibaba/higress/plugins/wasm-go/extensions/ai-proxy/provider/model.go:337.39,338.29 1 0
github.com/alibaba/higress/plugins/wasm-go/extensions/ai-proxy/provider/model.go:339.11,340.14 1 0
github.com/alibaba/higress/plugins/wasm-go/extensions/ai-proxy/provider/model.go:341.14,342.36 1 0
github.com/alibaba/higress/plugins/wasm-go/extensions/ai-proxy/provider/model.go:343.10,344.15 1 0
github.com/alibaba/higress/plugins/wasm-go/extensions/ai-proxy/provider/model.go:373.38,374.30 1 0
github.com/alibaba/higress/plugins/wasm-go/extensions/ai-proxy/provider/model.go:374.30,376.3 1 0
github.com/alibaba/higress/plugins/wasm-go/extensions/ai-proxy/provider/model.go:377.2,377.44 1 0
github.com/alibaba/higress/plugins/wasm-go/extensions/ai-proxy/provider/model.go:377.44,379.3 1 0
github.com/alibaba/higress/plugins/wasm-go/extensions/ai-proxy/provider/model.go:380.2,381.28 2 0
github.com/alibaba/higress/plugins/wasm-go/extensions/ai-proxy/provider/model.go:381.28,383.3 1 0
github.com/alibaba/higress/plugins/wasm-go/extensions/ai-proxy/provider/model.go:384.2,384.27 1 0
github.com/alibaba/higress/plugins/wasm-go/extensions/ai-proxy/provider/model.go:384.27,386.40 2 0
github.com/alibaba/higress/plugins/wasm-go/extensions/ai-proxy/provider/model.go:386.40,387.36 1 0
github.com/alibaba/higress/plugins/wasm-go/extensions/ai-proxy/provider/model.go:387.36,389.10 2 0
github.com/alibaba/higress/plugins/wasm-go/extensions/ai-proxy/provider/model.go:392.3,392.15 1 0
github.com/alibaba/higress/plugins/wasm-go/extensions/ai-proxy/provider/model.go:392.15,394.4 1 0
github.com/alibaba/higress/plugins/wasm-go/extensions/ai-proxy/provider/model.go:396.2,396.13 1 0
github.com/alibaba/higress/plugins/wasm-go/extensions/ai-proxy/provider/model.go:399.46,402.2 2 1
github.com/alibaba/higress/plugins/wasm-go/extensions/ai-proxy/provider/model.go:404.46,406.8 2 1
github.com/alibaba/higress/plugins/wasm-go/extensions/ai-proxy/provider/model.go:406.8,408.3 1 1
github.com/alibaba/higress/plugins/wasm-go/extensions/ai-proxy/provider/model.go:409.2,410.8 2 0
github.com/alibaba/higress/plugins/wasm-go/extensions/ai-proxy/provider/model.go:410.8,412.43 2 0
github.com/alibaba/higress/plugins/wasm-go/extensions/ai-proxy/provider/model.go:412.43,414.11 2 0
github.com/alibaba/higress/plugins/wasm-go/extensions/ai-proxy/provider/model.go:414.11,415.13 1 0
github.com/alibaba/higress/plugins/wasm-go/extensions/ai-proxy/provider/model.go:417.4,417.45 1 0
github.com/alibaba/higress/plugins/wasm-go/extensions/ai-proxy/provider/model.go:417.45,418.63 1 0
github.com/alibaba/higress/plugins/wasm-go/extensions/ai-proxy/provider/model.go:418.63,420.6 1 0
github.com/alibaba/higress/plugins/wasm-go/extensions/ai-proxy/provider/model.go:423.3,423.20 1 0
github.com/alibaba/higress/plugins/wasm-go/extensions/ai-proxy/provider/model.go:425.2,425.11 1 0
github.com/alibaba/higress/plugins/wasm-go/extensions/ai-proxy/provider/model.go:428.59,431.8 3 1
github.com/alibaba/higress/plugins/wasm-go/extensions/ai-proxy/provider/model.go:431.8,437.3 2 1
github.com/alibaba/higress/plugins/wasm-go/extensions/ai-proxy/provider/model.go:438.2,439.8 2 1
github.com/alibaba/higress/plugins/wasm-go/extensions/ai-proxy/provider/model.go:439.8,440.39 1 1
github.com/alibaba/higress/plugins/wasm-go/extensions/ai-proxy/provider/model.go:440.39,442.11 2 1
github.com/alibaba/higress/plugins/wasm-go/extensions/ai-proxy/provider/model.go:442.11,443.13 1 0
github.com/alibaba/higress/plugins/wasm-go/extensions/ai-proxy/provider/model.go:445.4,445.30 1 1
github.com/alibaba/higress/plugins/wasm-go/extensions/ai-proxy/provider/model.go:446.25,447.63 1 1
github.com/alibaba/higress/plugins/wasm-go/extensions/ai-proxy/provider/model.go:447.63,452.6 1 1
github.com/alibaba/higress/plugins/wasm-go/extensions/ai-proxy/provider/model.go:453.29,454.75 1 1
github.com/alibaba/higress/plugins/wasm-go/extensions/ai-proxy/provider/model.go:454.75,461.53 2 1
github.com/alibaba/higress/plugins/wasm-go/extensions/ai-proxy/provider/model.go:461.53,463.7 1 0
github.com/alibaba/higress/plugins/wasm-go/extensions/ai-proxy/provider/model.go:464.6,464.44 1 1
github.com/alibaba/higress/plugins/wasm-go/extensions/ai-proxy/provider/model.go:466.31,467.77 1 0
github.com/alibaba/higress/plugins/wasm-go/extensions/ai-proxy/provider/model.go:467.77,475.6 1 0
github.com/alibaba/higress/plugins/wasm-go/extensions/ai-proxy/provider/model.go:476.25,477.71 1 0
github.com/alibaba/higress/plugins/wasm-go/extensions/ai-proxy/provider/model.go:477.71,486.6 1 0
github.com/alibaba/higress/plugins/wasm-go/extensions/ai-proxy/provider/model.go:489.3,489.21 1 1
github.com/alibaba/higress/plugins/wasm-go/extensions/ai-proxy/provider/model.go:491.2,491.12 1 0
github.com/alibaba/higress/plugins/wasm-go/extensions/ai-proxy/provider/model.go:503.49,504.14 1 1
github.com/alibaba/higress/plugins/wasm-go/extensions/ai-proxy/provider/model.go:504.14,506.3 1 1
github.com/alibaba/higress/plugins/wasm-go/extensions/ai-proxy/provider/model.go:507.2,507.30 1 1
github.com/alibaba/higress/plugins/wasm-go/extensions/ai-proxy/provider/model.go:507.30,509.3 1 1
github.com/alibaba/higress/plugins/wasm-go/extensions/ai-proxy/provider/model.go:510.2,510.71 1 1
github.com/alibaba/higress/plugins/wasm-go/extensions/ai-proxy/provider/model.go:513.79,514.21 1 1
github.com/alibaba/higress/plugins/wasm-go/extensions/ai-proxy/provider/model.go:514.21,516.3 1 1
github.com/alibaba/higress/plugins/wasm-go/extensions/ai-proxy/provider/model.go:517.2,521.3 1 1
github.com/alibaba/higress/plugins/wasm-go/extensions/ai-proxy/provider/model.go:524.66,526.27 2 1
github.com/alibaba/higress/plugins/wasm-go/extensions/ai-proxy/provider/model.go:526.27,528.10 2 1
github.com/alibaba/higress/plugins/wasm-go/extensions/ai-proxy/provider/model.go:528.10,530.4 1 1
github.com/alibaba/higress/plugins/wasm-go/extensions/ai-proxy/provider/model.go:531.3,532.10 2 1
github.com/alibaba/higress/plugins/wasm-go/extensions/ai-proxy/provider/model.go:532.10,534.4 1 1
github.com/alibaba/higress/plugins/wasm-go/extensions/ai-proxy/provider/model.go:536.2,537.14 2 1
github.com/alibaba/higress/plugins/wasm-go/extensions/ai-proxy/provider/model.go:546.39,548.2 1 1
github.com/alibaba/higress/plugins/wasm-go/extensions/ai-proxy/provider/model.go:558.40,560.2 1 0
github.com/alibaba/higress/plugins/wasm-go/extensions/ai-proxy/provider/model.go:562.51,563.13 1 1
github.com/alibaba/higress/plugins/wasm-go/extensions/ai-proxy/provider/model.go:564.28,565.15 1 0
github.com/alibaba/higress/plugins/wasm-go/extensions/ai-proxy/provider/model.go:566.30,567.18 1 1
github.com/alibaba/higress/plugins/wasm-go/extensions/ai-proxy/provider/model.go:568.25,569.17 1 1
github.com/alibaba/higress/plugins/wasm-go/extensions/ai-proxy/provider/model.go:570.28,571.60 1 1
github.com/alibaba/higress/plugins/wasm-go/extensions/ai-proxy/provider/model.go:571.60,573.4 1 1
github.com/alibaba/higress/plugins/wasm-go/extensions/ai-proxy/provider/model.go:577.45,579.2 1 0
github.com/alibaba/higress/plugins/wasm-go/extensions/ai-proxy/provider/model.go:601.58,604.54 2 0
github.com/alibaba/higress/plugins/wasm-go/extensions/ai-proxy/provider/model.go:604.54,608.3 3 0
github.com/alibaba/higress/plugins/wasm-go/extensions/ai-proxy/provider/model.go:610.2,612.53 3 0
github.com/alibaba/higress/plugins/wasm-go/extensions/ai-proxy/provider/model.go:612.53,614.3 1 0
github.com/alibaba/higress/plugins/wasm-go/extensions/ai-proxy/provider/model.go:615.2,616.12 2 0
github.com/alibaba/higress/plugins/wasm-go/extensions/ai-proxy/provider/model.go:619.41,620.14 1 0
github.com/alibaba/higress/plugins/wasm-go/extensions/ai-proxy/provider/model.go:620.14,622.3 1 0
github.com/alibaba/higress/plugins/wasm-go/extensions/ai-proxy/provider/model.go:623.2,623.47 1 0
github.com/alibaba/higress/plugins/wasm-go/extensions/ai-proxy/provider/model.go:623.47,625.3 1 0
github.com/alibaba/higress/plugins/wasm-go/extensions/ai-proxy/provider/model.go:626.2,626.14 1 0
github.com/alibaba/higress/plugins/wasm-go/extensions/ai-proxy/provider/model.go:648.52,650.33 2 0
github.com/alibaba/higress/plugins/wasm-go/extensions/ai-proxy/provider/model.go:650.33,651.39 1 0
github.com/alibaba/higress/plugins/wasm-go/extensions/ai-proxy/provider/model.go:651.39,653.4 1 0
github.com/alibaba/higress/plugins/wasm-go/extensions/ai-proxy/provider/model.go:655.2,655.20 1 0
github.com/alibaba/higress/plugins/wasm-go/extensions/ai-proxy/provider/model.go:655.20,656.41 1 0
github.com/alibaba/higress/plugins/wasm-go/extensions/ai-proxy/provider/model.go:656.41,658.4 1 0
github.com/alibaba/higress/plugins/wasm-go/extensions/ai-proxy/provider/model.go:660.2,660.23 1 0
github.com/alibaba/higress/plugins/wasm-go/extensions/ai-proxy/provider/model.go:660.23,661.44 1 0
github.com/alibaba/higress/plugins/wasm-go/extensions/ai-proxy/provider/model.go:661.44,663.4 1 0
github.com/alibaba/higress/plugins/wasm-go/extensions/ai-proxy/provider/model.go:665.2,665.13 1 0
github.com/alibaba/higress/plugins/wasm-go/extensions/ai-proxy/provider/model.go:668.43,669.44 1 0
github.com/alibaba/higress/plugins/wasm-go/extensions/ai-proxy/provider/model.go:669.44,671.3 1 0
github.com/alibaba/higress/plugins/wasm-go/extensions/ai-proxy/provider/model.go:672.2,672.53 1 0
github.com/alibaba/higress/plugins/wasm-go/extensions/ai-proxy/provider/model.go:692.57,694.33 2 0
github.com/alibaba/higress/plugins/wasm-go/extensions/ai-proxy/provider/model.go:694.33,695.39 1 0
github.com/alibaba/higress/plugins/wasm-go/extensions/ai-proxy/provider/model.go:695.39,697.4 1 0
github.com/alibaba/higress/plugins/wasm-go/extensions/ai-proxy/provider/model.go:699.2,699.20 1 0
github.com/alibaba/higress/plugins/wasm-go/extensions/ai-proxy/provider/model.go:699.20,700.41 1 0
github.com/alibaba/higress/plugins/wasm-go/extensions/ai-proxy/provider/model.go:700.41,702.4 1 0
github.com/alibaba/higress/plugins/wasm-go/extensions/ai-proxy/provider/model.go:704.2,704.23 1 0
github.com/alibaba/higress/plugins/wasm-go/extensions/ai-proxy/provider/model.go:704.23,705.44 1 0
github.com/alibaba/higress/plugins/wasm-go/extensions/ai-proxy/provider/model.go:705.44,707.4 1 0
github.com/alibaba/higress/plugins/wasm-go/extensions/ai-proxy/provider/model.go:709.2,709.13 1 0
github.com/alibaba/higress/plugins/wasm-go/extensions/ai-proxy/provider/model.go:762.50,763.20 1 0
github.com/alibaba/higress/plugins/wasm-go/extensions/ai-proxy/provider/model.go:763.20,765.3 1 0
github.com/alibaba/higress/plugins/wasm-go/extensions/ai-proxy/provider/model.go:766.2,767.24 2 0
github.com/alibaba/higress/plugins/wasm-go/extensions/ai-proxy/provider/model.go:768.14,769.37 1 0
github.com/alibaba/higress/plugins/wasm-go/extensions/ai-proxy/provider/model.go:770.13,772.40 2 0
github.com/alibaba/higress/plugins/wasm-go/extensions/ai-proxy/provider/model.go:772.40,773.36 1 0
github.com/alibaba/higress/plugins/wasm-go/extensions/ai-proxy/provider/model.go:773.36,775.5 1 0
github.com/alibaba/higress/plugins/wasm-go/extensions/ai-proxy/provider/model.go:778.2,778.14 1 0
github.com/alibaba/higress/plugins/wasm-go/extensions/ai-proxy/provider/model.go:783.66,785.52 2 0
github.com/alibaba/higress/plugins/wasm-go/extensions/ai-proxy/provider/model.go:785.52,787.3 1 0
github.com/alibaba/higress/plugins/wasm-go/extensions/ai-proxy/provider/model.go:788.2,789.30 2 0
github.com/alibaba/higress/plugins/wasm-go/extensions/ai-proxy/provider/model.go:789.30,791.17 2 0
github.com/alibaba/higress/plugins/wasm-go/extensions/ai-proxy/provider/model.go:791.17,792.12 1 0
github.com/alibaba/higress/plugins/wasm-go/extensions/ai-proxy/provider/model.go:794.3,794.35 1 0
github.com/alibaba/higress/plugins/wasm-go/extensions/ai-proxy/provider/model.go:794.35,795.12 1 0
github.com/alibaba/higress/plugins/wasm-go/extensions/ai-proxy/provider/model.go:797.3,797.33 1 0
github.com/alibaba/higress/plugins/wasm-go/extensions/ai-proxy/provider/model.go:797.33,801.4 3 0
github.com/alibaba/higress/plugins/wasm-go/extensions/ai-proxy/provider/model.go:803.2,803.15 1 0
github.com/alibaba/higress/plugins/wasm-go/extensions/ai-proxy/provider/model.go:803.15,805.3 1 0
github.com/alibaba/higress/plugins/wasm-go/extensions/ai-proxy/provider/model.go:806.2,806.27 1 0
github.com/alibaba/higress/plugins/wasm-go/extensions/ai-proxy/provider/model.go:812.97,814.52 2 0
github.com/alibaba/higress/plugins/wasm-go/extensions/ai-proxy/provider/model.go:814.52,816.3 1 0
github.com/alibaba/higress/plugins/wasm-go/extensions/ai-proxy/provider/model.go:817.2,818.30 2 0
github.com/alibaba/higress/plugins/wasm-go/extensions/ai-proxy/provider/model.go:818.30,820.17 2 0
github.com/alibaba/higress/plugins/wasm-go/extensions/ai-proxy/provider/model.go:820.17,821.12 1 0
github.com/alibaba/higress/plugins/wasm-go/extensions/ai-proxy/provider/model.go:823.3,823.48 1 0
github.com/alibaba/higress/plugins/wasm-go/extensions/ai-proxy/provider/model.go:823.48,825.4 1 0
github.com/alibaba/higress/plugins/wasm-go/extensions/ai-proxy/provider/model.go:827.2,827.15 1 0
github.com/alibaba/higress/plugins/wasm-go/extensions/ai-proxy/provider/model.go:827.15,829.3 1 0
github.com/alibaba/higress/plugins/wasm-go/extensions/ai-proxy/provider/model.go:830.2,830.27 1 0
github.com/alibaba/higress/plugins/wasm-go/extensions/ai-proxy/provider/model.go:836.68,838.21 2 0
github.com/alibaba/higress/plugins/wasm-go/extensions/ai-proxy/provider/model.go:838.21,840.3 1 0
github.com/alibaba/higress/plugins/wasm-go/extensions/ai-proxy/provider/model.go:841.2,842.20 2 0
github.com/alibaba/higress/plugins/wasm-go/extensions/ai-proxy/provider/model.go:842.20,844.3 1 0
github.com/alibaba/higress/plugins/wasm-go/extensions/ai-proxy/provider/model.go:846.2,858.16 3 0
github.com/alibaba/higress/plugins/wasm-go/extensions/ai-proxy/provider/model.go:858.16,860.3 1 0
github.com/alibaba/higress/plugins/wasm-go/extensions/ai-proxy/provider/model.go:862.2,862.49 1 0
github.com/alibaba/higress/plugins/wasm-go/extensions/ai-proxy/provider/moonshot.go:25.84,26.58 1 0
github.com/alibaba/higress/plugins/wasm-go/extensions/ai-proxy/provider/moonshot.go:26.58,28.3 1 0
github.com/alibaba/higress/plugins/wasm-go/extensions/ai-proxy/provider/moonshot.go:29.2,29.59 1 0
github.com/alibaba/higress/plugins/wasm-go/extensions/ai-proxy/provider/moonshot.go:29.59,31.3 1 0
github.com/alibaba/higress/plugins/wasm-go/extensions/ai-proxy/provider/moonshot.go:32.2,32.12 1 0
github.com/alibaba/higress/plugins/wasm-go/extensions/ai-proxy/provider/moonshot.go:35.79,40.2 1 0
github.com/alibaba/higress/plugins/wasm-go/extensions/ai-proxy/provider/moonshot.go:42.95,51.2 2 0
github.com/alibaba/higress/plugins/wasm-go/extensions/ai-proxy/provider/moonshot.go:61.53,63.2 1 0
github.com/alibaba/higress/plugins/wasm-go/extensions/ai-proxy/provider/moonshot.go:65.93,68.2 2 0
github.com/alibaba/higress/plugins/wasm-go/extensions/ai-proxy/provider/moonshot.go:70.115,75.2 4 0
github.com/alibaba/higress/plugins/wasm-go/extensions/ai-proxy/provider/moonshot.go:79.119,80.39 1 0
github.com/alibaba/higress/plugins/wasm-go/extensions/ai-proxy/provider/moonshot.go:80.39,82.3 1 0
github.com/alibaba/higress/plugins/wasm-go/extensions/ai-proxy/provider/moonshot.go:83.2,83.74 1 0
github.com/alibaba/higress/plugins/wasm-go/extensions/ai-proxy/provider/moonshot.go:86.133,89.2 2 0
github.com/alibaba/higress/plugins/wasm-go/extensions/ai-proxy/provider/moonshot.go:91.97,92.35 1 0
github.com/alibaba/higress/plugins/wasm-go/extensions/ai-proxy/provider/moonshot.go:92.35,93.26 1 0
github.com/alibaba/higress/plugins/wasm-go/extensions/ai-proxy/provider/moonshot.go:93.26,96.4 2 0
github.com/alibaba/higress/plugins/wasm-go/extensions/ai-proxy/provider/moonshot.go:97.3,98.75 1 0
github.com/alibaba/higress/plugins/wasm-go/extensions/ai-proxy/provider/moonshot.go:98.75,100.36 2 0
github.com/alibaba/higress/plugins/wasm-go/extensions/ai-proxy/provider/moonshot.go:100.36,104.6 3 0
github.com/alibaba/higress/plugins/wasm-go/extensions/ai-proxy/provider/moonshot.go:105.5,107.33 3 0
github.com/alibaba/higress/plugins/wasm-go/extensions/ai-proxy/provider/moonshot.go:111.2,111.27 1 0
github.com/alibaba/higress/plugins/wasm-go/extensions/ai-proxy/provider/moonshot.go:111.27,113.3 1 0
github.com/alibaba/higress/plugins/wasm-go/extensions/ai-proxy/provider/moonshot.go:115.2,115.73 1 0
github.com/alibaba/higress/plugins/wasm-go/extensions/ai-proxy/provider/moonshot.go:118.116,119.16 1 0
github.com/alibaba/higress/plugins/wasm-go/extensions/ai-proxy/provider/moonshot.go:120.22,122.65 2 0
github.com/alibaba/higress/plugins/wasm-go/extensions/ai-proxy/provider/moonshot.go:123.23,125.80 2 0
github.com/alibaba/higress/plugins/wasm-go/extensions/ai-proxy/provider/moonshot.go:126.10,127.53 1 0
github.com/alibaba/higress/plugins/wasm-go/extensions/ai-proxy/provider/moonshot.go:131.126,132.35 1 0
github.com/alibaba/higress/plugins/wasm-go/extensions/ai-proxy/provider/moonshot.go:132.35,134.3 1 0
github.com/alibaba/higress/plugins/wasm-go/extensions/ai-proxy/provider/moonshot.go:136.2,136.55 1 0
github.com/alibaba/higress/plugins/wasm-go/extensions/ai-proxy/provider/moonshot.go:136.55,139.17 3 0
github.com/alibaba/higress/plugins/wasm-go/extensions/ai-proxy/provider/moonshot.go:139.17,142.4 2 0
github.com/alibaba/higress/plugins/wasm-go/extensions/ai-proxy/provider/moonshot.go:143.3,144.17 2 0
github.com/alibaba/higress/plugins/wasm-go/extensions/ai-proxy/provider/moonshot.go:144.17,147.4 2 0
github.com/alibaba/higress/plugins/wasm-go/extensions/ai-proxy/provider/moonshot.go:148.3,148.23 1 0
github.com/alibaba/higress/plugins/wasm-go/extensions/ai-proxy/provider/moonshot.go:150.2,150.34 1 0
github.com/alibaba/higress/plugins/wasm-go/extensions/ai-proxy/provider/moonshot.go:153.100,157.2 3 0
github.com/alibaba/higress/plugins/wasm-go/extensions/ai-proxy/provider/multipart_helper.go:16.62,18.2 1 1
github.com/alibaba/higress/plugins/wasm-go/extensions/ai-proxy/provider/multipart_helper.go:30.51,32.16 2 1
github.com/alibaba/higress/plugins/wasm-go/extensions/ai-proxy/provider/multipart_helper.go:32.16,34.3 1 1
github.com/alibaba/higress/plugins/wasm-go/extensions/ai-proxy/provider/multipart_helper.go:35.2,35.60 1 1
github.com/alibaba/higress/plugins/wasm-go/extensions/ai-proxy/provider/multipart_helper.go:38.65,40.16 2 1
github.com/alibaba/higress/plugins/wasm-go/extensions/ai-proxy/provider/multipart_helper.go:40.16,42.3 1 1
github.com/alibaba/higress/plugins/wasm-go/extensions/ai-proxy/provider/multipart_helper.go:43.2,44.20 2 1
github.com/alibaba/higress/plugins/wasm-go/extensions/ai-proxy/provider/multipart_helper.go:44.20,46.3 1 1
github.com/alibaba/higress/plugins/wasm-go/extensions/ai-proxy/provider/multipart_helper.go:47.2,47.22 1 1
github.com/alibaba/higress/plugins/wasm-go/extensions/ai-proxy/provider/multipart_helper.go:50.98,52.16 2 1
github.com/alibaba/higress/plugins/wasm-go/extensions/ai-proxy/provider/multipart_helper.go:52.16,54.3 1 1
github.com/alibaba/higress/plugins/wasm-go/extensions/ai-proxy/provider/multipart_helper.go:56.2,60.6 3 1
github.com/alibaba/higress/plugins/wasm-go/extensions/ai-proxy/provider/multipart_helper.go:60.6,62.20 2 1
github.com/alibaba/higress/plugins/wasm-go/extensions/ai-proxy/provider/multipart_helper.go:62.20,63.9 1 1
github.com/alibaba/higress/plugins/wasm-go/extensions/ai-proxy/provider/multipart_helper.go:65.3,65.17 1 1
github.com/alibaba/higress/plugins/wasm-go/extensions/ai-proxy/provider/multipart_helper.go:65.17,67.4 1 0
github.com/alibaba/higress/plugins/wasm-go/extensions/ai-proxy/provider/multipart_helper.go:68.3,69.22 2 1
github.com/alibaba/higress/plugins/wasm-go/extensions/ai-proxy/provider/multipart_helper.go:69.22,71.12 2 0
github.com/alibaba/higress/plugins/wasm-go/extensions/ai-proxy/provider/multipart_helper.go:73.3,77.17 4 1
github.com/alibaba/higress/plugins/wasm-go/extensions/ai-proxy/provider/multipart_helper.go:77.17,79.4 1 0
github.com/alibaba/higress/plugins/wasm-go/extensions/ai-proxy/provider/multipart_helper.go:81.3,82.20 2 1
github.com/alibaba/higress/plugins/wasm-go/extensions/ai-proxy/provider/multipart_helper.go:83.16,85.12 2 1
github.com/alibaba/higress/plugins/wasm-go/extensions/ai-proxy/provider/multipart_helper.go:86.17,88.12 2 1
github.com/alibaba/higress/plugins/wasm-go/extensions/ai-proxy/provider/multipart_helper.go:89.15,91.12 2 1
github.com/alibaba/higress/plugins/wasm-go/extensions/ai-proxy/provider/multipart_helper.go:92.24,94.12 2 0
github.com/alibaba/higress/plugins/wasm-go/extensions/ai-proxy/provider/multipart_helper.go:95.12,96.19 1 0
github.com/alibaba/higress/plugins/wasm-go/extensions/ai-proxy/provider/multipart_helper.go:96.19,97.55 1 0
github.com/alibaba/higress/plugins/wasm-go/extensions/ai-proxy/provider/multipart_helper.go:97.55,99.6 1 0
github.com/alibaba/higress/plugins/wasm-go/extensions/ai-proxy/provider/multipart_helper.go:101.4,101.12 1 0
github.com/alibaba/higress/plugins/wasm-go/extensions/ai-proxy/provider/multipart_helper.go:104.3,104.39 1 1
github.com/alibaba/higress/plugins/wasm-go/extensions/ai-proxy/provider/multipart_helper.go:104.39,105.39 1 1
github.com/alibaba/higress/plugins/wasm-go/extensions/ai-proxy/provider/multipart_helper.go:105.39,107.13 2 0
github.com/alibaba/higress/plugins/wasm-go/extensions/ai-proxy/provider/multipart_helper.go:109.4,109.26 1 1
github.com/alibaba/higress/plugins/wasm-go/extensions/ai-proxy/provider/multipart_helper.go:109.26,110.13 1 0
github.com/alibaba/higress/plugins/wasm-go/extensions/ai-proxy/provider/multipart_helper.go:112.4,114.12 3 1
github.com/alibaba/higress/plugins/wasm-go/extensions/ai-proxy/provider/multipart_helper.go:116.3,116.38 1 0
github.com/alibaba/higress/plugins/wasm-go/extensions/ai-proxy/provider/multipart_helper.go:116.38,117.40 1 0
github.com/alibaba/higress/plugins/wasm-go/extensions/ai-proxy/provider/multipart_helper.go:117.40,119.5 1 0
github.com/alibaba/higress/plugins/wasm-go/extensions/ai-proxy/provider/multipart_helper.go:120.4,120.12 1 0
github.com/alibaba/higress/plugins/wasm-go/extensions/ai-proxy/provider/multipart_helper.go:124.2,124.17 1 1
github.com/alibaba/higress/plugins/wasm-go/extensions/ai-proxy/provider/multipart_helper.go:127.77,129.16 2 1
github.com/alibaba/higress/plugins/wasm-go/extensions/ai-proxy/provider/multipart_helper.go:129.16,131.3 1 1
github.com/alibaba/higress/plugins/wasm-go/extensions/ai-proxy/provider/multipart_helper.go:133.2,135.6 3 1
github.com/alibaba/higress/plugins/wasm-go/extensions/ai-proxy/provider/multipart_helper.go:135.6,137.20 2 1
github.com/alibaba/higress/plugins/wasm-go/extensions/ai-proxy/provider/multipart_helper.go:137.20,138.9 1 1
github.com/alibaba/higress/plugins/wasm-go/extensions/ai-proxy/provider/multipart_helper.go:140.3,140.17 1 1
github.com/alibaba/higress/plugins/wasm-go/extensions/ai-proxy/provider/multipart_helper.go:140.17,142.4 1 1
github.com/alibaba/higress/plugins/wasm-go/extensions/ai-proxy/provider/multipart_helper.go:144.3,146.27 3 1
github.com/alibaba/higress/plugins/wasm-go/extensions/ai-proxy/provider/multipart_helper.go:146.27,149.22 3 1
github.com/alibaba/higress/plugins/wasm-go/extensions/ai-proxy/provider/multipart_helper.go:149.22,151.5 1 1
github.com/alibaba/higress/plugins/wasm-go/extensions/ai-proxy/provider/multipart_helper.go:152.9,154.4 1 1
github.com/alibaba/higress/plugins/wasm-go/extensions/ai-proxy/provider/multipart_helper.go:155.3,156.21 2 1
github.com/alibaba/higress/plugins/wasm-go/extensions/ai-proxy/provider/multipart_helper.go:156.21,158.4 1 1
github.com/alibaba/higress/plugins/wasm-go/extensions/ai-proxy/provider/multipart_helper.go:161.2,161.19 1 1
github.com/alibaba/higress/plugins/wasm-go/extensions/ai-proxy/provider/multipart_helper.go:164.95,166.16 2 1
github.com/alibaba/higress/plugins/wasm-go/extensions/ai-proxy/provider/multipart_helper.go:166.16,168.3 1 1
github.com/alibaba/higress/plugins/wasm-go/extensions/ai-proxy/provider/multipart_helper.go:170.2,172.53 3 1
github.com/alibaba/higress/plugins/wasm-go/extensions/ai-proxy/provider/multipart_helper.go:172.53,174.3 1 1
github.com/alibaba/higress/plugins/wasm-go/extensions/ai-proxy/provider/multipart_helper.go:176.2,178.6 3 1
github.com/alibaba/higress/plugins/wasm-go/extensions/ai-proxy/provider/multipart_helper.go:178.6,180.20 2 1
github.com/alibaba/higress/plugins/wasm-go/extensions/ai-proxy/provider/multipart_helper.go:180.20,181.9 1 1
github.com/alibaba/higress/plugins/wasm-go/extensions/ai-proxy/provider/multipart_helper.go:183.3,183.17 1 1
github.com/alibaba/higress/plugins/wasm-go/extensions/ai-proxy/provider/multipart_helper.go:183.17,185.4 1 1
github.com/alibaba/higress/plugins/wasm-go/extensions/ai-proxy/provider/multipart_helper.go:187.3,189.17 3 1
github.com/alibaba/higress/plugins/wasm-go/extensions/ai-proxy/provider/multipart_helper.go:189.17,192.4 2 1
github.com/alibaba/higress/plugins/wasm-go/extensions/ai-proxy/provider/multipart_helper.go:194.3,195.27 2 1
github.com/alibaba/higress/plugins/wasm-go/extensions/ai-proxy/provider/multipart_helper.go:195.27,197.67 2 1
github.com/alibaba/higress/plugins/wasm-go/extensions/ai-proxy/provider/multipart_helper.go:197.67,199.5 1 1
github.com/alibaba/higress/plugins/wasm-go/extensions/ai-proxy/provider/multipart_helper.go:200.9,202.4 1 1
github.com/alibaba/higress/plugins/wasm-go/extensions/ai-proxy/provider/multipart_helper.go:203.3,204.21 2 1
github.com/alibaba/higress/plugins/wasm-go/extensions/ai-proxy/provider/multipart_helper.go:204.21,206.4 1 1
github.com/alibaba/higress/plugins/wasm-go/extensions/ai-proxy/provider/multipart_helper.go:209.2,209.32 1 1
github.com/alibaba/higress/plugins/wasm-go/extensions/ai-proxy/provider/multipart_helper.go:209.32,210.59 1 1
github.com/alibaba/higress/plugins/wasm-go/extensions/ai-proxy/provider/multipart_helper.go:210.59,212.4 1 1
github.com/alibaba/higress/plugins/wasm-go/extensions/ai-proxy/provider/multipart_helper.go:214.2,214.39 1 1
github.com/alibaba/higress/plugins/wasm-go/extensions/ai-proxy/provider/multipart_helper.go:214.39,216.3 1 1
github.com/alibaba/higress/plugins/wasm-go/extensions/ai-proxy/provider/multipart_helper.go:218.2,218.28 1 1
github.com/alibaba/higress/plugins/wasm-go/extensions/ai-proxy/provider/multipart_helper.go:221.81,223.34 2 1
github.com/alibaba/higress/plugins/wasm-go/extensions/ai-proxy/provider/multipart_helper.go:223.34,227.3 3 1
github.com/alibaba/higress/plugins/wasm-go/extensions/ai-proxy/provider/multipart_helper.go:228.2,228.15 1 1
github.com/alibaba/higress/plugins/wasm-go/extensions/ai-proxy/provider/multipart_helper.go:231.51,233.2 1 1
github.com/alibaba/higress/plugins/wasm-go/extensions/ai-proxy/provider/multipart_helper.go:235.50,237.2 1 0
github.com/alibaba/higress/plugins/wasm-go/extensions/ai-proxy/provider/multipart_helper.go:239.50,240.17 1 1
github.com/alibaba/higress/plugins/wasm-go/extensions/ai-proxy/provider/multipart_helper.go:240.17,242.3 1 0
github.com/alibaba/higress/plugins/wasm-go/extensions/ai-proxy/provider/multipart_helper.go:243.2,244.142 2 1
github.com/alibaba/higress/plugins/wasm-go/extensions/ai-proxy/provider/multipart_helper.go:247.68,249.79 2 1
github.com/alibaba/higress/plugins/wasm-go/extensions/ai-proxy/provider/multipart_helper.go:249.79,251.3 1 1
github.com/alibaba/higress/plugins/wasm-go/extensions/ai-proxy/provider/multipart_helper.go:252.2,253.20 2 1
github.com/alibaba/higress/plugins/wasm-go/extensions/ai-proxy/provider/multipart_helper.go:253.20,255.3 1 0
github.com/alibaba/higress/plugins/wasm-go/extensions/ai-proxy/provider/multipart_helper.go:256.2,257.60 2 1
github.com/alibaba/higress/plugins/wasm-go/extensions/ai-proxy/provider/multipart_helper.go:260.60,262.23 2 1
github.com/alibaba/higress/plugins/wasm-go/extensions/ai-proxy/provider/multipart_helper.go:262.23,264.3 1 0
github.com/alibaba/higress/plugins/wasm-go/extensions/ai-proxy/provider/multipart_helper.go:265.2,266.35 2 1
github.com/alibaba/higress/plugins/wasm-go/extensions/ai-proxy/provider/multipart_helper.go:266.35,268.3 1 1
github.com/alibaba/higress/plugins/wasm-go/extensions/ai-proxy/provider/multipart_helper.go:269.2,269.53 1 0
github.com/alibaba/higress/plugins/wasm-go/extensions/ai-proxy/provider/multipart_helper.go:269.53,271.3 1 0
github.com/alibaba/higress/plugins/wasm-go/extensions/ai-proxy/provider/multipart_helper.go:272.2,272.20 1 0
github.com/alibaba/higress/plugins/wasm-go/extensions/ai-proxy/provider/ollama.go:18.82,19.35 1 0
github.com/alibaba/higress/plugins/wasm-go/extensions/ai-proxy/provider/ollama.go:19.35,21.3 1 0
github.com/alibaba/higress/plugins/wasm-go/extensions/ai-proxy/provider/ollama.go:22.2,22.34 1 0
github.com/alibaba/higress/plugins/wasm-go/extensions/ai-proxy/provider/ollama.go:22.34,24.3 1 0
github.com/alibaba/higress/plugins/wasm-go/extensions/ai-proxy/provider/ollama.go:25.2,25.12 1 0
github.com/alibaba/higress/plugins/wasm-go/extensions/ai-proxy/provider/ollama.go:28.77,35.2 1 0
github.com/alibaba/higress/plugins/wasm-go/extensions/ai-proxy/provider/ollama.go:37.93,46.2 4 0
github.com/alibaba/higress/plugins/wasm-go/extensions/ai-proxy/provider/ollama.go:54.51,56.2 1 0
github.com/alibaba/higress/plugins/wasm-go/extensions/ai-proxy/provider/ollama.go:58.91,61.2 2 0
github.com/alibaba/higress/plugins/wasm-go/extensions/ai-proxy/provider/ollama.go:63.117,64.39 1 0
github.com/alibaba/higress/plugins/wasm-go/extensions/ai-proxy/provider/ollama.go:64.39,66.3 1 0
github.com/alibaba/higress/plugins/wasm-go/extensions/ai-proxy/provider/ollama.go:67.2,67.74 1 0
github.com/alibaba/higress/plugins/wasm-go/extensions/ai-proxy/provider/ollama.go:70.113,74.2 3 0
github.com/alibaba/higress/plugins/wasm-go/extensions/ai-proxy/provider/openai.go:24.82,26.2 1 0
github.com/alibaba/higress/plugins/wasm-go/extensions/ai-proxy/provider/openai.go:28.77,62.2 1 1
github.com/alibaba/higress/plugins/wasm-go/extensions/ai-proxy/provider/openai.go:65.37,80.2 1 0
github.com/alibaba/higress/plugins/wasm-go/extensions/ai-proxy/provider/openai.go:82.93,83.34 1 1
github.com/alibaba/higress/plugins/wasm-go/extensions/ai-proxy/provider/openai.go:83.34,89.3 2 1
github.com/alibaba/higress/plugins/wasm-go/extensions/ai-proxy/provider/openai.go:90.2,93.21 4 0
github.com/alibaba/higress/plugins/wasm-go/extensions/ai-proxy/provider/openai.go:93.21,95.3 1 0
github.com/alibaba/higress/plugins/wasm-go/extensions/ai-proxy/provider/openai.go:96.2,98.25 3 0
github.com/alibaba/higress/plugins/wasm-go/extensions/ai-proxy/provider/openai.go:98.25,99.42 1 0
github.com/alibaba/higress/plugins/wasm-go/extensions/ai-proxy/provider/openai.go:99.42,101.4 1 0
github.com/alibaba/higress/plugins/wasm-go/extensions/ai-proxy/provider/openai.go:103.2,112.8 3 0
github.com/alibaba/higress/plugins/wasm-go/extensions/ai-proxy/provider/openai.go:123.51,125.2 1 1
github.com/alibaba/higress/plugins/wasm-go/extensions/ai-proxy/provider/openai.go:127.91,130.2 2 0
github.com/alibaba/higress/plugins/wasm-go/extensions/ai-proxy/provider/openai.go:132.113,133.26 1 0
github.com/alibaba/higress/plugins/wasm-go/extensions/ai-proxy/provider/openai.go:133.26,135.3 1 0
github.com/alibaba/higress/plugins/wasm-go/extensions/ai-proxy/provider/openai.go:135.8,135.26 1 0
github.com/alibaba/higress/plugins/wasm-go/extensions/ai-proxy/provider/openai.go:135.26,137.3 1 0
github.com/alibaba/higress/plugins/wasm-go/extensions/ai-proxy/provider/openai.go:139.2,139.26 1 0
github.com/alibaba/higress/plugins/wasm-go/extensions/ai-proxy/provider/openai.go:139.26,141.3 1 0
github.com/alibaba/higress/plugins/wasm-go/extensions/ai-proxy/provider/openai.go:141.8,143.3 1 0
github.com/alibaba/higress/plugins/wasm-go/extensions/ai-proxy/provider/openai.go:145.2,148.33 2 0
github.com/alibaba/higress/plugins/wasm-go/extensions/ai-proxy/provider/openai.go:148.33,150.18 2 0
github.com/alibaba/higress/plugins/wasm-go/extensions/ai-proxy/provider/openai.go:150.18,152.4 1 0
github.com/alibaba/higress/plugins/wasm-go/extensions/ai-proxy/provider/openai.go:153.8,157.35 1 0
github.com/alibaba/higress/plugins/wasm-go/extensions/ai-proxy/provider/openai.go:157.35,158.105 1 0
github.com/alibaba/higress/plugins/wasm-go/extensions/ai-proxy/provider/openai.go:158.105,161.5 2 0
github.com/alibaba/higress/plugins/wasm-go/extensions/ai-proxy/provider/openai.go:165.3,165.18 1 0
github.com/alibaba/higress/plugins/wasm-go/extensions/ai-proxy/provider/openai.go:165.18,167.46 2 0
github.com/alibaba/higress/plugins/wasm-go/extensions/ai-proxy/provider/openai.go:167.46,168.94 1 0
github.com/alibaba/higress/plugins/wasm-go/extensions/ai-proxy/provider/openai.go:168.94,171.11 3 0
github.com/alibaba/higress/plugins/wasm-go/extensions/ai-proxy/provider/openai.go:177.3,177.18 1 0
github.com/alibaba/higress/plugins/wasm-go/extensions/ai-proxy/provider/openai.go:177.18,178.94 1 0
github.com/alibaba/higress/plugins/wasm-go/extensions/ai-proxy/provider/openai.go:178.94,180.43 1 0
github.com/alibaba/higress/plugins/wasm-go/extensions/ai-proxy/provider/openai.go:180.43,183.6 2 0
github.com/alibaba/higress/plugins/wasm-go/extensions/ai-proxy/provider/openai.go:183.11,186.6 2 0
github.com/alibaba/higress/plugins/wasm-go/extensions/ai-proxy/provider/openai.go:192.2,192.17 1 0
github.com/alibaba/higress/plugins/wasm-go/extensions/ai-proxy/provider/openai.go:192.17,194.43 1 0
github.com/alibaba/higress/plugins/wasm-go/extensions/ai-proxy/provider/openai.go:194.43,196.4 1 0
github.com/alibaba/higress/plugins/wasm-go/extensions/ai-proxy/provider/openai.go:197.3,198.95 2 0
github.com/alibaba/higress/plugins/wasm-go/extensions/ai-proxy/provider/openai.go:199.8,201.3 1 0
github.com/alibaba/higress/plugins/wasm-go/extensions/ai-proxy/provider/openai.go:202.2,202.31 1 0
github.com/alibaba/higress/plugins/wasm-go/extensions/ai-proxy/provider/openai.go:205.117,206.49 1 0
github.com/alibaba/higress/plugins/wasm-go/extensions/ai-proxy/provider/openai.go:206.49,209.3 1 0
github.com/alibaba/higress/plugins/wasm-go/extensions/ai-proxy/provider/openai.go:210.2,210.74 1 0
github.com/alibaba/higress/plugins/wasm-go/extensions/ai-proxy/provider/openai.go:213.118,214.40 1 0
github.com/alibaba/higress/plugins/wasm-go/extensions/ai-proxy/provider/openai.go:214.40,216.68 2 0
github.com/alibaba/higress/plugins/wasm-go/extensions/ai-proxy/provider/openai.go:216.68,218.4 1 0
github.com/alibaba/higress/plugins/wasm-go/extensions/ai-proxy/provider/openai.go:219.3,221.34 3 0
github.com/alibaba/higress/plugins/wasm-go/extensions/ai-proxy/provider/openai.go:223.2,223.65 1 0
github.com/alibaba/higress/plugins/wasm-go/extensions/ai-proxy/provider/openrouter.go:24.86,25.32 1 0
github.com/alibaba/higress/plugins/wasm-go/extensions/ai-proxy/provider/openrouter.go:25.32,27.3 1 0
github.com/alibaba/higress/plugins/wasm-go/extensions/ai-proxy/provider/openrouter.go:28.2,28.12 1 0
github.com/alibaba/higress/plugins/wasm-go/extensions/ai-proxy/provider/openrouter.go:31.81,36.2 1 0
github.com/alibaba/higress/plugins/wasm-go/extensions/ai-proxy/provider/openrouter.go:38.97,44.2 2 0
github.com/alibaba/higress/plugins/wasm-go/extensions/ai-proxy/provider/openrouter.go:51.55,53.2 1 0
github.com/alibaba/higress/plugins/wasm-go/extensions/ai-proxy/provider/openrouter.go:55.95,58.2 2 0
github.com/alibaba/higress/plugins/wasm-go/extensions/ai-proxy/provider/openrouter.go:60.121,61.39 1 0
github.com/alibaba/higress/plugins/wasm-go/extensions/ai-proxy/provider/openrouter.go:61.39,63.3 1 0
github.com/alibaba/higress/plugins/wasm-go/extensions/ai-proxy/provider/openrouter.go:64.2,64.74 1 0
github.com/alibaba/higress/plugins/wasm-go/extensions/ai-proxy/provider/openrouter.go:67.117,72.2 4 0
github.com/alibaba/higress/plugins/wasm-go/extensions/ai-proxy/provider/openrouter.go:74.122,75.38 1 0
github.com/alibaba/higress/plugins/wasm-go/extensions/ai-proxy/provider/openrouter.go:75.38,77.3 1 0
github.com/alibaba/higress/plugins/wasm-go/extensions/ai-proxy/provider/openrouter.go:80.2,81.67 2 0
github.com/alibaba/higress/plugins/wasm-go/extensions/ai-proxy/provider/openrouter.go:81.67,84.102 1 0
github.com/alibaba/higress/plugins/wasm-go/extensions/ai-proxy/provider/openrouter.go:84.102,85.98 1 0
github.com/alibaba/higress/plugins/wasm-go/extensions/ai-proxy/provider/openrouter.go:85.98,88.19 2 0
github.com/alibaba/higress/plugins/wasm-go/extensions/ai-proxy/provider/openrouter.go:88.19,90.6 1 0
github.com/alibaba/higress/plugins/wasm-go/extensions/ai-proxy/provider/openrouter.go:91.5,92.19 2 0
github.com/alibaba/higress/plugins/wasm-go/extensions/ai-proxy/provider/openrouter.go:92.19,94.6 1 0
github.com/alibaba/higress/plugins/wasm-go/extensions/ai-proxy/provider/openrouter.go:95.5,95.76 1 0
github.com/alibaba/higress/plugins/wasm-go/extensions/ai-proxy/provider/openrouter.go:99.3,99.66 1 0
github.com/alibaba/higress/plugins/wasm-go/extensions/ai-proxy/provider/openrouter.go:103.2,104.16 2 0
github.com/alibaba/higress/plugins/wasm-go/extensions/ai-proxy/provider/openrouter.go:104.16,107.3 1 0
github.com/alibaba/higress/plugins/wasm-go/extensions/ai-proxy/provider/openrouter.go:110.2,111.16 2 0
github.com/alibaba/higress/plugins/wasm-go/extensions/ai-proxy/provider/openrouter.go:111.16,113.3 1 0
github.com/alibaba/higress/plugins/wasm-go/extensions/ai-proxy/provider/openrouter.go:116.2,117.16 2 0
github.com/alibaba/higress/plugins/wasm-go/extensions/ai-proxy/provider/openrouter.go:117.16,119.3 1 0
github.com/alibaba/higress/plugins/wasm-go/extensions/ai-proxy/provider/openrouter.go:122.2,122.73 1 0
github.com/alibaba/higress/plugins/wasm-go/extensions/ai-proxy/provider/openrouter.go:125.62,126.58 1 0
github.com/alibaba/higress/plugins/wasm-go/extensions/ai-proxy/provider/openrouter.go:126.58,128.3 1 0
github.com/alibaba/higress/plugins/wasm-go/extensions/ai-proxy/provider/openrouter.go:129.2,129.54 1 0
github.com/alibaba/higress/plugins/wasm-go/extensions/ai-proxy/provider/openrouter.go:129.54,131.3 1 0
github.com/alibaba/higress/plugins/wasm-go/extensions/ai-proxy/provider/openrouter.go:132.2,132.11 1 0
github.com/alibaba/higress/plugins/wasm-go/extensions/ai-proxy/provider/provider.go:523.41,525.2 1 0
github.com/alibaba/higress/plugins/wasm-go/extensions/ai-proxy/provider/provider.go:527.43,529.2 1 0
github.com/alibaba/higress/plugins/wasm-go/extensions/ai-proxy/provider/provider.go:531.60,533.2 1 0
github.com/alibaba/higress/plugins/wasm-go/extensions/ai-proxy/provider/provider.go:535.47,537.2 1 0
github.com/alibaba/higress/plugins/wasm-go/extensions/ai-proxy/provider/provider.go:539.52,541.2 1 1
github.com/alibaba/higress/plugins/wasm-go/extensions/ai-proxy/provider/provider.go:543.53,545.2 1 0
github.com/alibaba/higress/plugins/wasm-go/extensions/ai-proxy/provider/provider.go:547.63,549.2 1 0
github.com/alibaba/higress/plugins/wasm-go/extensions/ai-proxy/provider/provider.go:551.50,553.2 1 0
github.com/alibaba/higress/plugins/wasm-go/extensions/ai-proxy/provider/provider.go:555.65,556.15 1 1
github.com/alibaba/higress/plugins/wasm-go/extensions/ai-proxy/provider/provider.go:557.69,558.14 1 1
github.com/alibaba/higress/plugins/wasm-go/extensions/ai-proxy/provider/provider.go:559.10,563.15 1 1
github.com/alibaba/higress/plugins/wasm-go/extensions/ai-proxy/provider/provider.go:567.54,571.54 4 1
github.com/alibaba/higress/plugins/wasm-go/extensions/ai-proxy/provider/provider.go:571.54,573.3 1 1
github.com/alibaba/higress/plugins/wasm-go/extensions/ai-proxy/provider/provider.go:574.2,575.20 2 1
github.com/alibaba/higress/plugins/wasm-go/extensions/ai-proxy/provider/provider.go:575.20,577.3 1 1
github.com/alibaba/higress/plugins/wasm-go/extensions/ai-proxy/provider/provider.go:579.2,584.57 6 1
github.com/alibaba/higress/plugins/wasm-go/extensions/ai-proxy/provider/provider.go:584.57,586.3 1 0
github.com/alibaba/higress/plugins/wasm-go/extensions/ai-proxy/provider/provider.go:587.2,588.73 2 1
github.com/alibaba/higress/plugins/wasm-go/extensions/ai-proxy/provider/provider.go:588.73,590.3 1 0
github.com/alibaba/higress/plugins/wasm-go/extensions/ai-proxy/provider/provider.go:590.8,593.3 1 1
github.com/alibaba/higress/plugins/wasm-go/extensions/ai-proxy/provider/provider.go:594.2,595.24 2 1
github.com/alibaba/higress/plugins/wasm-go/extensions/ai-proxy/provider/provider.go:595.25,597.3 0 0
github.com/alibaba/higress/plugins/wasm-go/extensions/ai-proxy/provider/provider.go:598.2,601.51 4 1
github.com/alibaba/higress/plugins/wasm-go/extensions/ai-proxy/provider/provider.go:601.51,603.3 1 0
github.com/alibaba/higress/plugins/wasm-go/extensions/ai-proxy/provider/provider.go:604.2,605.22 2 1
github.com/alibaba/higress/plugins/wasm-go/extensions/ai-proxy/provider/provider.go:605.22,607.3 1 1
github.com/alibaba/higress/plugins/wasm-go/extensions/ai-proxy/provider/provider.go:608.2,609.26 2 1
github.com/alibaba/higress/plugins/wasm-go/extensions/ai-proxy/provider/provider.go:609.26,612.3 2 0
github.com/alibaba/higress/plugins/wasm-go/extensions/ai-proxy/provider/provider.go:615.2,616.24 2 1
github.com/alibaba/higress/plugins/wasm-go/extensions/ai-proxy/provider/provider.go:616.24,619.3 1 1
github.com/alibaba/higress/plugins/wasm-go/extensions/ai-proxy/provider/provider.go:620.2,625.34 6 1
github.com/alibaba/higress/plugins/wasm-go/extensions/ai-proxy/provider/provider.go:625.34,627.63 2 0
github.com/alibaba/higress/plugins/wasm-go/extensions/ai-proxy/provider/provider.go:627.63,629.4 1 0
github.com/alibaba/higress/plugins/wasm-go/extensions/ai-proxy/provider/provider.go:630.3,631.90 2 0
github.com/alibaba/higress/plugins/wasm-go/extensions/ai-proxy/provider/provider.go:631.90,633.41 2 0
github.com/alibaba/higress/plugins/wasm-go/extensions/ai-proxy/provider/provider.go:633.41,635.5 1 0
github.com/alibaba/higress/plugins/wasm-go/extensions/ai-proxy/provider/provider.go:638.2,641.64 4 1
github.com/alibaba/higress/plugins/wasm-go/extensions/ai-proxy/provider/provider.go:641.64,643.59 2 0
github.com/alibaba/higress/plugins/wasm-go/extensions/ai-proxy/provider/provider.go:643.59,645.4 1 0
github.com/alibaba/higress/plugins/wasm-go/extensions/ai-proxy/provider/provider.go:647.2,653.36 7 1
github.com/alibaba/higress/plugins/wasm-go/extensions/ai-proxy/provider/provider.go:653.36,655.3 1 1
github.com/alibaba/higress/plugins/wasm-go/extensions/ai-proxy/provider/provider.go:656.2,659.35 4 1
github.com/alibaba/higress/plugins/wasm-go/extensions/ai-proxy/provider/provider.go:659.35,661.3 1 1
github.com/alibaba/higress/plugins/wasm-go/extensions/ai-proxy/provider/provider.go:662.2,665.92 3 1
github.com/alibaba/higress/plugins/wasm-go/extensions/ai-proxy/provider/provider.go:665.92,667.3 1 0
github.com/alibaba/higress/plugins/wasm-go/extensions/ai-proxy/provider/provider.go:667.8,669.3 1 1
github.com/alibaba/higress/plugins/wasm-go/extensions/ai-proxy/provider/provider.go:671.2,673.33 3 1
github.com/alibaba/higress/plugins/wasm-go/extensions/ai-proxy/provider/provider.go:673.33,675.37 2 0
github.com/alibaba/higress/plugins/wasm-go/extensions/ai-proxy/provider/provider.go:675.37,678.4 1 0
github.com/alibaba/higress/plugins/wasm-go/extensions/ai-proxy/provider/provider.go:679.3,679.58 1 0
github.com/alibaba/higress/plugins/wasm-go/extensions/ai-proxy/provider/provider.go:679.58,684.26 4 0
github.com/alibaba/higress/plugins/wasm-go/extensions/ai-proxy/provider/provider.go:684.26,686.5 1 0
github.com/alibaba/higress/plugins/wasm-go/extensions/ai-proxy/provider/provider.go:690.2,691.34 2 1
github.com/alibaba/higress/plugins/wasm-go/extensions/ai-proxy/provider/provider.go:691.34,693.3 1 1
github.com/alibaba/higress/plugins/wasm-go/extensions/ai-proxy/provider/provider.go:693.8,695.33 2 0
github.com/alibaba/higress/plugins/wasm-go/extensions/ai-proxy/provider/provider.go:696.87,696.87 0 0
github.com/alibaba/higress/plugins/wasm-go/extensions/ai-proxy/provider/provider.go:698.11,699.57 1 0
github.com/alibaba/higress/plugins/wasm-go/extensions/ai-proxy/provider/provider.go:703.2,707.27 3 1
github.com/alibaba/higress/plugins/wasm-go/extensions/ai-proxy/provider/provider.go:707.27,709.3 1 0
github.com/alibaba/higress/plugins/wasm-go/extensions/ai-proxy/provider/provider.go:711.2,715.33 3 1
github.com/alibaba/higress/plugins/wasm-go/extensions/ai-proxy/provider/provider.go:715.33,717.3 1 1
github.com/alibaba/higress/plugins/wasm-go/extensions/ai-proxy/provider/provider.go:718.2,729.67 9 1
github.com/alibaba/higress/plugins/wasm-go/extensions/ai-proxy/provider/provider.go:729.67,731.21 1 1
github.com/alibaba/higress/plugins/wasm-go/extensions/ai-proxy/provider/provider.go:748.30,749.50 1 1
github.com/alibaba/higress/plugins/wasm-go/extensions/ai-proxy/provider/provider.go:752.2,754.50 3 1
github.com/alibaba/higress/plugins/wasm-go/extensions/ai-proxy/provider/provider.go:754.50,756.3 1 0
github.com/alibaba/higress/plugins/wasm-go/extensions/ai-proxy/provider/provider.go:757.2,765.65 9 1
github.com/alibaba/higress/plugins/wasm-go/extensions/ai-proxy/provider/provider.go:765.65,766.25 1 0
github.com/alibaba/higress/plugins/wasm-go/extensions/ai-proxy/provider/provider.go:766.25,768.4 1 0
github.com/alibaba/higress/plugins/wasm-go/extensions/ai-proxy/provider/provider.go:770.2,775.18 6 1
github.com/alibaba/higress/plugins/wasm-go/extensions/ai-proxy/provider/provider.go:775.18,778.3 2 0
github.com/alibaba/higress/plugins/wasm-go/extensions/ai-proxy/provider/provider.go:779.2,779.60 1 1
github.com/alibaba/higress/plugins/wasm-go/extensions/ai-proxy/provider/provider.go:782.43,783.68 1 0
github.com/alibaba/higress/plugins/wasm-go/extensions/ai-proxy/provider/provider.go:783.68,785.3 1 0
github.com/alibaba/higress/plugins/wasm-go/extensions/ai-proxy/provider/provider.go:786.2,786.22 1 0
github.com/alibaba/higress/plugins/wasm-go/extensions/ai-proxy/provider/provider.go:786.22,787.46 1 0
github.com/alibaba/higress/plugins/wasm-go/extensions/ai-proxy/provider/provider.go:787.46,789.4 1 0
github.com/alibaba/higress/plugins/wasm-go/extensions/ai-proxy/provider/provider.go:792.2,792.24 1 0
github.com/alibaba/higress/plugins/wasm-go/extensions/ai-proxy/provider/provider.go:792.24,793.47 1 0
github.com/alibaba/higress/plugins/wasm-go/extensions/ai-proxy/provider/provider.go:793.47,795.4 1 0
github.com/alibaba/higress/plugins/wasm-go/extensions/ai-proxy/provider/provider.go:798.2,798.17 1 0
github.com/alibaba/higress/plugins/wasm-go/extensions/ai-proxy/provider/provider.go:798.17,800.3 1 0
github.com/alibaba/higress/plugins/wasm-go/extensions/ai-proxy/provider/provider.go:801.2,802.10 2 0
github.com/alibaba/higress/plugins/wasm-go/extensions/ai-proxy/provider/provider.go:802.10,804.3 1 0
github.com/alibaba/higress/plugins/wasm-go/extensions/ai-proxy/provider/provider.go:805.2,805.54 1 0
github.com/alibaba/higress/plugins/wasm-go/extensions/ai-proxy/provider/provider.go:805.54,807.3 1 0
github.com/alibaba/higress/plugins/wasm-go/extensions/ai-proxy/provider/provider.go:808.2,808.12 1 0
github.com/alibaba/higress/plugins/wasm-go/extensions/ai-proxy/provider/provider.go:811.83,813.22 2 0
github.com/alibaba/higress/plugins/wasm-go/extensions/ai-proxy/provider/provider.go:813.22,817.3 3 0
github.com/alibaba/higress/plugins/wasm-go/extensions/ai-proxy/provider/provider.go:818.2,818.27 1 0
github.com/alibaba/higress/plugins/wasm-go/extensions/ai-proxy/provider/provider.go:823.73,827.23 3 0
github.com/alibaba/higress/plugins/wasm-go/extensions/ai-proxy/provider/provider.go:827.23,830.3 1 0
github.com/alibaba/higress/plugins/wasm-go/extensions/ai-proxy/provider/provider.go:833.2,833.28 1 0
github.com/alibaba/higress/plugins/wasm-go/extensions/ai-proxy/provider/provider.go:833.28,835.21 2 0
github.com/alibaba/higress/plugins/wasm-go/extensions/ai-proxy/provider/provider.go:835.21,837.4 1 0
github.com/alibaba/higress/plugins/wasm-go/extensions/ai-proxy/provider/provider.go:841.2,841.27 1 0
github.com/alibaba/higress/plugins/wasm-go/extensions/ai-proxy/provider/provider.go:845.81,847.34 2 0
github.com/alibaba/higress/plugins/wasm-go/extensions/ai-proxy/provider/provider.go:847.34,849.3 1 0
github.com/alibaba/higress/plugins/wasm-go/extensions/ai-proxy/provider/provider.go:850.2,850.11 1 0
github.com/alibaba/higress/plugins/wasm-go/extensions/ai-proxy/provider/provider.go:853.50,856.15 3 0
github.com/alibaba/higress/plugins/wasm-go/extensions/ai-proxy/provider/provider.go:857.9,858.12 1 0
github.com/alibaba/higress/plugins/wasm-go/extensions/ai-proxy/provider/provider.go:859.9,860.22 1 0
github.com/alibaba/higress/plugins/wasm-go/extensions/ai-proxy/provider/provider.go:861.10,862.37 1 0
github.com/alibaba/higress/plugins/wasm-go/extensions/ai-proxy/provider/provider.go:867.41,885.2 2 1
github.com/alibaba/higress/plugins/wasm-go/extensions/ai-proxy/provider/provider.go:889.104,892.15 3 1
github.com/alibaba/higress/plugins/wasm-go/extensions/ai-proxy/provider/provider.go:893.9,894.12 1 1
github.com/alibaba/higress/plugins/wasm-go/extensions/ai-proxy/provider/provider.go:895.9,896.22 1 1
github.com/alibaba/higress/plugins/wasm-go/extensions/ai-proxy/provider/provider.go:897.10,903.16 5 1
github.com/alibaba/higress/plugins/wasm-go/extensions/ai-proxy/provider/provider.go:903.16,905.4 1 0
github.com/alibaba/higress/plugins/wasm-go/extensions/ai-proxy/provider/provider.go:906.3,906.26 1 1
github.com/alibaba/higress/plugins/wasm-go/extensions/ai-proxy/provider/provider.go:910.44,912.2 1 1
github.com/alibaba/higress/plugins/wasm-go/extensions/ai-proxy/provider/provider.go:914.43,916.2 1 0
github.com/alibaba/higress/plugins/wasm-go/extensions/ai-proxy/provider/provider.go:918.59,920.2 1 1
github.com/alibaba/higress/plugins/wasm-go/extensions/ai-proxy/provider/provider.go:922.65,924.2 1 1
github.com/alibaba/higress/plugins/wasm-go/extensions/ai-proxy/provider/provider.go:926.79,928.2 1 0
github.com/alibaba/higress/plugins/wasm-go/extensions/ai-proxy/provider/provider.go:930.58,932.10 2 1
github.com/alibaba/higress/plugins/wasm-go/extensions/ai-proxy/provider/provider.go:932.10,934.3 1 1
github.com/alibaba/higress/plugins/wasm-go/extensions/ai-proxy/provider/provider.go:935.2,935.39 1 1
github.com/alibaba/higress/plugins/wasm-go/extensions/ai-proxy/provider/provider.go:939.68,940.78 1 1
github.com/alibaba/higress/plugins/wasm-go/extensions/ai-proxy/provider/provider.go:940.78,942.3 1 1
github.com/alibaba/higress/plugins/wasm-go/extensions/ai-proxy/provider/provider.go:943.2,943.13 1 1
github.com/alibaba/higress/plugins/wasm-go/extensions/ai-proxy/provider/provider.go:946.115,947.31 1 0
github.com/alibaba/higress/plugins/wasm-go/extensions/ai-proxy/provider/provider.go:948.30,949.64 1 0
github.com/alibaba/higress/plugins/wasm-go/extensions/ai-proxy/provider/provider.go:949.64,951.4 1 0
github.com/alibaba/higress/plugins/wasm-go/extensions/ai-proxy/provider/provider.go:953.3,954.16 2 0
github.com/alibaba/higress/plugins/wasm-go/extensions/ai-proxy/provider/provider.go:954.16,957.4 2 0
github.com/alibaba/higress/plugins/wasm-go/extensions/ai-proxy/provider/provider.go:957.9,959.4 1 0
github.com/alibaba/higress/plugins/wasm-go/extensions/ai-proxy/provider/provider.go:961.3,961.37 1 0
github.com/alibaba/higress/plugins/wasm-go/extensions/ai-proxy/provider/provider.go:962.26,963.60 1 0
github.com/alibaba/higress/plugins/wasm-go/extensions/ai-proxy/provider/provider.go:963.60,965.4 1 0
github.com/alibaba/higress/plugins/wasm-go/extensions/ai-proxy/provider/provider.go:966.3,966.37 1 0
github.com/alibaba/higress/plugins/wasm-go/extensions/ai-proxy/provider/provider.go:967.31,968.65 1 0
github.com/alibaba/higress/plugins/wasm-go/extensions/ai-proxy/provider/provider.go:968.65,970.4 1 0
github.com/alibaba/higress/plugins/wasm-go/extensions/ai-proxy/provider/provider.go:971.3,971.37 1 0
github.com/alibaba/higress/plugins/wasm-go/extensions/ai-proxy/provider/provider.go:972.25,973.59 1 0
github.com/alibaba/higress/plugins/wasm-go/extensions/ai-proxy/provider/provider.go:973.59,975.4 1 0
github.com/alibaba/higress/plugins/wasm-go/extensions/ai-proxy/provider/provider.go:976.3,976.37 1 0
github.com/alibaba/higress/plugins/wasm-go/extensions/ai-proxy/provider/provider.go:977.30,978.64 1 0
github.com/alibaba/higress/plugins/wasm-go/extensions/ai-proxy/provider/provider.go:978.64,980.4 1 0
github.com/alibaba/higress/plugins/wasm-go/extensions/ai-proxy/provider/provider.go:981.3,981.37 1 0
github.com/alibaba/higress/plugins/wasm-go/extensions/ai-proxy/provider/provider.go:982.10,983.48 1 0
github.com/alibaba/higress/plugins/wasm-go/extensions/ai-proxy/provider/provider.go:987.94,990.31 2 0
github.com/alibaba/higress/plugins/wasm-go/extensions/ai-proxy/provider/provider.go:991.30,992.21 1 0
github.com/alibaba/higress/plugins/wasm-go/extensions/ai-proxy/provider/provider.go:993.26,994.21 1 0
github.com/alibaba/higress/plugins/wasm-go/extensions/ai-proxy/provider/provider.go:995.31,996.21 1 0
github.com/alibaba/higress/plugins/wasm-go/extensions/ai-proxy/provider/provider.go:997.25,998.21 1 0
github.com/alibaba/higress/plugins/wasm-go/extensions/ai-proxy/provider/provider.go:999.30,1000.21 1 0
github.com/alibaba/higress/plugins/wasm-go/extensions/ai-proxy/provider/provider.go:1001.10,1002.48 1 0
github.com/alibaba/higress/plugins/wasm-go/extensions/ai-proxy/provider/provider.go:1005.2,1005.31 1 0
github.com/alibaba/higress/plugins/wasm-go/extensions/ai-proxy/provider/provider.go:1008.81,1009.18 1 1
github.com/alibaba/higress/plugins/wasm-go/extensions/ai-proxy/provider/provider.go:1009.18,1011.3 1 0
github.com/alibaba/higress/plugins/wasm-go/extensions/ai-proxy/provider/provider.go:1012.2,1015.23 3 1
github.com/alibaba/higress/plugins/wasm-go/extensions/ai-proxy/provider/provider.go:1015.23,1017.3 1 0
github.com/alibaba/higress/plugins/wasm-go/extensions/ai-proxy/provider/provider.go:1019.2,1021.12 3 1
github.com/alibaba/higress/plugins/wasm-go/extensions/ai-proxy/provider/provider.go:1024.74,1026.27 2 1
github.com/alibaba/higress/plugins/wasm-go/extensions/ai-proxy/provider/provider.go:1026.27,1028.3 1 1
github.com/alibaba/higress/plugins/wasm-go/extensions/ai-proxy/provider/provider.go:1029.2,1029.14 1 1
github.com/alibaba/higress/plugins/wasm-go/extensions/ai-proxy/provider/provider.go:1032.76,1033.28 1 1
github.com/alibaba/higress/plugins/wasm-go/extensions/ai-proxy/provider/provider.go:1033.28,1035.3 1 1
github.com/alibaba/higress/plugins/wasm-go/extensions/ai-proxy/provider/provider.go:1037.2,1037.38 1 1
github.com/alibaba/higress/plugins/wasm-go/extensions/ai-proxy/provider/provider.go:1037.38,1040.3 2 1
github.com/alibaba/higress/plugins/wasm-go/extensions/ai-proxy/provider/provider.go:1042.2,1042.33 1 1
github.com/alibaba/higress/plugins/wasm-go/extensions/ai-proxy/provider/provider.go:1042.33,1043.20 1 1
github.com/alibaba/higress/plugins/wasm-go/extensions/ai-proxy/provider/provider.go:1043.20,1044.12 1 1
github.com/alibaba/higress/plugins/wasm-go/extensions/ai-proxy/provider/provider.go:1046.3,1046.37 1 0
github.com/alibaba/higress/plugins/wasm-go/extensions/ai-proxy/provider/provider.go:1046.37,1048.35 2 0
github.com/alibaba/higress/plugins/wasm-go/extensions/ai-proxy/provider/provider.go:1048.35,1051.5 2 0
github.com/alibaba/higress/plugins/wasm-go/extensions/ai-proxy/provider/provider.go:1054.3,1054.32 1 0
github.com/alibaba/higress/plugins/wasm-go/extensions/ai-proxy/provider/provider.go:1054.32,1057.29 3 0
github.com/alibaba/higress/plugins/wasm-go/extensions/ai-proxy/provider/provider.go:1057.29,1061.5 3 0
github.com/alibaba/higress/plugins/wasm-go/extensions/ai-proxy/provider/provider.go:1065.2,1065.41 1 1
github.com/alibaba/higress/plugins/wasm-go/extensions/ai-proxy/provider/provider.go:1065.41,1068.3 2 1
github.com/alibaba/higress/plugins/wasm-go/extensions/ai-proxy/provider/provider.go:1070.2,1070.11 1 0
github.com/alibaba/higress/plugins/wasm-go/extensions/ai-proxy/provider/provider.go:1074.57,1076.2 1 0
github.com/alibaba/higress/plugins/wasm-go/extensions/ai-proxy/provider/provider.go:1080.64,1082.54 2 0
github.com/alibaba/higress/plugins/wasm-go/extensions/ai-proxy/provider/provider.go:1082.54,1084.3 1 0
github.com/alibaba/higress/plugins/wasm-go/extensions/ai-proxy/provider/provider.go:1086.2,1087.34 2 0
github.com/alibaba/higress/plugins/wasm-go/extensions/ai-proxy/provider/provider.go:1087.34,1088.48 1 0
github.com/alibaba/higress/plugins/wasm-go/extensions/ai-proxy/provider/provider.go:1088.48,1091.4 2 0
github.com/alibaba/higress/plugins/wasm-go/extensions/ai-proxy/provider/provider.go:1094.2,1094.15 1 0
github.com/alibaba/higress/plugins/wasm-go/extensions/ai-proxy/provider/provider.go:1094.15,1096.3 1 0
github.com/alibaba/higress/plugins/wasm-go/extensions/ai-proxy/provider/provider.go:1098.2,1098.18 1 0
github.com/alibaba/higress/plugins/wasm-go/extensions/ai-proxy/provider/provider.go:1101.82,1103.85 2 1
github.com/alibaba/higress/plugins/wasm-go/extensions/ai-proxy/provider/provider.go:1103.85,1105.3 1 1
github.com/alibaba/higress/plugins/wasm-go/extensions/ai-proxy/provider/provider.go:1106.2,1111.15 4 1
github.com/alibaba/higress/plugins/wasm-go/extensions/ai-proxy/provider/provider.go:1111.15,1112.58 1 1
github.com/alibaba/higress/plugins/wasm-go/extensions/ai-proxy/provider/provider.go:1112.58,1115.4 1 1
github.com/alibaba/higress/plugins/wasm-go/extensions/ai-proxy/provider/provider.go:1115.9,1117.4 1 1
github.com/alibaba/higress/plugins/wasm-go/extensions/ai-proxy/provider/provider.go:1131.2,1136.29 5 1
github.com/alibaba/higress/plugins/wasm-go/extensions/ai-proxy/provider/provider.go:1136.29,1138.17 2 1
github.com/alibaba/higress/plugins/wasm-go/extensions/ai-proxy/provider/provider.go:1138.17,1139.28 1 1
github.com/alibaba/higress/plugins/wasm-go/extensions/ai-proxy/provider/provider.go:1139.28,1140.30 1 1
github.com/alibaba/higress/plugins/wasm-go/extensions/ai-proxy/provider/provider.go:1140.30,1142.6 1 1
github.com/alibaba/higress/plugins/wasm-go/extensions/ai-proxy/provider/provider.go:1143.5,1144.25 2 1
github.com/alibaba/higress/plugins/wasm-go/extensions/ai-proxy/provider/provider.go:1146.4,1146.29 1 1
github.com/alibaba/higress/plugins/wasm-go/extensions/ai-proxy/provider/provider.go:1146.29,1147.18 1 1
github.com/alibaba/higress/plugins/wasm-go/extensions/ai-proxy/provider/provider.go:1147.18,1150.6 2 1
github.com/alibaba/higress/plugins/wasm-go/extensions/ai-proxy/provider/provider.go:1151.10,1151.48 1 1
github.com/alibaba/higress/plugins/wasm-go/extensions/ai-proxy/provider/provider.go:1151.48,1154.5 1 0
github.com/alibaba/higress/plugins/wasm-go/extensions/ai-proxy/provider/provider.go:1155.4,1155.12 1 1
github.com/alibaba/higress/plugins/wasm-go/extensions/ai-proxy/provider/provider.go:1158.3,1158.27 1 1
github.com/alibaba/higress/plugins/wasm-go/extensions/ai-proxy/provider/provider.go:1158.27,1161.4 2 1
github.com/alibaba/higress/plugins/wasm-go/extensions/ai-proxy/provider/provider.go:1161.9,1161.35 1 1
github.com/alibaba/higress/plugins/wasm-go/extensions/ai-proxy/provider/provider.go:1161.35,1168.4 4 1
github.com/alibaba/higress/plugins/wasm-go/extensions/ai-proxy/provider/provider.go:1171.3,1173.18 3 1
github.com/alibaba/higress/plugins/wasm-go/extensions/ai-proxy/provider/provider.go:1176.2,1176.15 1 1
github.com/alibaba/higress/plugins/wasm-go/extensions/ai-proxy/provider/provider.go:1179.63,1181.11 2 1
github.com/alibaba/higress/plugins/wasm-go/extensions/ai-proxy/provider/provider.go:1181.11,1183.3 1 1
github.com/alibaba/higress/plugins/wasm-go/extensions/ai-proxy/provider/provider.go:1184.2,1184.76 1 1
github.com/alibaba/higress/plugins/wasm-go/extensions/ai-proxy/provider/provider.go:1187.63,1189.2 1 1
github.com/alibaba/higress/plugins/wasm-go/extensions/ai-proxy/provider/provider.go:1191.81,1192.27 1 1
github.com/alibaba/higress/plugins/wasm-go/extensions/ai-proxy/provider/provider.go:1192.27,1194.3 1 1
github.com/alibaba/higress/plugins/wasm-go/extensions/ai-proxy/provider/provider.go:1195.2,1195.45 1 1
github.com/alibaba/higress/plugins/wasm-go/extensions/ai-proxy/provider/provider.go:1195.45,1196.55 1 1
github.com/alibaba/higress/plugins/wasm-go/extensions/ai-proxy/provider/provider.go:1196.55,1198.4 1 1
github.com/alibaba/higress/plugins/wasm-go/extensions/ai-proxy/provider/provider.go:1204.25,1206.64 1 0
github.com/alibaba/higress/plugins/wasm-go/extensions/ai-proxy/provider/provider.go:1206.64,1208.17 2 0
github.com/alibaba/higress/plugins/wasm-go/extensions/ai-proxy/provider/provider.go:1208.17,1210.4 1 0
github.com/alibaba/higress/plugins/wasm-go/extensions/ai-proxy/provider/provider.go:1211.3,1211.58 1 0
github.com/alibaba/higress/plugins/wasm-go/extensions/ai-proxy/provider/provider.go:1215.2,1215.20 1 0
github.com/alibaba/higress/plugins/wasm-go/extensions/ai-proxy/provider/provider.go:1215.20,1217.3 1 0
github.com/alibaba/higress/plugins/wasm-go/extensions/ai-proxy/provider/provider.go:1219.2,1224.26 3 0
github.com/alibaba/higress/plugins/wasm-go/extensions/ai-proxy/provider/provider.go:1224.26,1228.25 2 0
github.com/alibaba/higress/plugins/wasm-go/extensions/ai-proxy/provider/provider.go:1228.25,1231.4 1 0
github.com/alibaba/higress/plugins/wasm-go/extensions/ai-proxy/provider/provider.go:1232.3,1234.32 2 0
github.com/alibaba/higress/plugins/wasm-go/extensions/ai-proxy/provider/provider.go:1234.32,1235.94 1 0
github.com/alibaba/higress/plugins/wasm-go/extensions/ai-proxy/provider/provider.go:1235.94,1237.5 1 0
github.com/alibaba/higress/plugins/wasm-go/extensions/ai-proxy/provider/provider.go:1241.3,1246.17 3 0
github.com/alibaba/higress/plugins/wasm-go/extensions/ai-proxy/provider/provider.go:1246.17,1248.4 1 0
github.com/alibaba/higress/plugins/wasm-go/extensions/ai-proxy/provider/provider.go:1249.3,1249.79 1 0
github.com/alibaba/higress/plugins/wasm-go/extensions/ai-proxy/provider/provider.go:1253.2,1253.75 1 0
github.com/alibaba/higress/plugins/wasm-go/extensions/ai-proxy/provider/provider.go:1253.75,1255.17 2 0
github.com/alibaba/higress/plugins/wasm-go/extensions/ai-proxy/provider/provider.go:1255.17,1259.4 2 0
github.com/alibaba/higress/plugins/wasm-go/extensions/ai-proxy/provider/provider.go:1263.2,1263.68 1 0
github.com/alibaba/higress/plugins/wasm-go/extensions/ai-proxy/provider/provider.go:1263.68,1265.17 2 0
github.com/alibaba/higress/plugins/wasm-go/extensions/ai-proxy/provider/provider.go:1265.17,1268.4 2 0
github.com/alibaba/higress/plugins/wasm-go/extensions/ai-proxy/provider/provider.go:1268.9,1270.4 1 0
github.com/alibaba/higress/plugins/wasm-go/extensions/ai-proxy/provider/provider.go:1274.2,1274.74 1 0
github.com/alibaba/higress/plugins/wasm-go/extensions/ai-proxy/provider/provider.go:1274.74,1276.17 2 0
github.com/alibaba/higress/plugins/wasm-go/extensions/ai-proxy/provider/provider.go:1276.17,1280.4 2 0
github.com/alibaba/higress/plugins/wasm-go/extensions/ai-proxy/provider/provider.go:1280.9,1282.4 1 0
github.com/alibaba/higress/plugins/wasm-go/extensions/ai-proxy/provider/provider.go:1285.2,1285.131 1 0
github.com/alibaba/higress/plugins/wasm-go/extensions/ai-proxy/provider/provider.go:1285.131,1287.3 1 0
github.com/alibaba/higress/plugins/wasm-go/extensions/ai-proxy/provider/provider.go:1290.2,1290.63 1 0
github.com/alibaba/higress/plugins/wasm-go/extensions/ai-proxy/provider/provider.go:1290.63,1292.3 1 0
github.com/alibaba/higress/plugins/wasm-go/extensions/ai-proxy/provider/provider.go:1292.8,1292.77 1 0
github.com/alibaba/higress/plugins/wasm-go/extensions/ai-proxy/provider/provider.go:1292.77,1296.31 3 0
github.com/alibaba/higress/plugins/wasm-go/extensions/ai-proxy/provider/provider.go:1296.31,1298.4 1 0
github.com/alibaba/higress/plugins/wasm-go/extensions/ai-proxy/provider/provider.go:1299.3,1299.38 1 0
github.com/alibaba/higress/plugins/wasm-go/extensions/ai-proxy/provider/provider.go:1300.8,1302.3 1 0
github.com/alibaba/higress/plugins/wasm-go/extensions/ai-proxy/provider/provider.go:1304.2,1304.16 1 0
github.com/alibaba/higress/plugins/wasm-go/extensions/ai-proxy/provider/provider.go:1304.16,1306.3 1 0
github.com/alibaba/higress/plugins/wasm-go/extensions/ai-proxy/provider/provider.go:1308.2,1308.38 1 0
github.com/alibaba/higress/plugins/wasm-go/extensions/ai-proxy/provider/provider.go:1308.38,1309.23 1 0
github.com/alibaba/higress/plugins/wasm-go/extensions/ai-proxy/provider/provider.go:1309.23,1311.4 1 0
github.com/alibaba/higress/plugins/wasm-go/extensions/ai-proxy/provider/provider.go:1312.3,1314.17 2 0
github.com/alibaba/higress/plugins/wasm-go/extensions/ai-proxy/provider/provider.go:1314.17,1316.4 1 0
github.com/alibaba/higress/plugins/wasm-go/extensions/ai-proxy/provider/provider.go:1317.3,1317.35 1 0
github.com/alibaba/higress/plugins/wasm-go/extensions/ai-proxy/provider/provider.go:1319.2,1319.55 1 0
github.com/alibaba/higress/plugins/wasm-go/extensions/ai-proxy/provider/provider.go:1322.100,1324.101 2 1
github.com/alibaba/higress/plugins/wasm-go/extensions/ai-proxy/provider/provider.go:1324.101,1325.67 1 1
github.com/alibaba/higress/plugins/wasm-go/extensions/ai-proxy/provider/provider.go:1325.67,1327.4 1 1
github.com/alibaba/higress/plugins/wasm-go/extensions/ai-proxy/provider/provider.go:1330.2,1331.25 2 1
github.com/alibaba/higress/plugins/wasm-go/extensions/ai-proxy/provider/provider.go:1331.25,1333.3 1 0
github.com/alibaba/higress/plugins/wasm-go/extensions/ai-proxy/provider/provider.go:1335.2,1343.86 2 1
github.com/alibaba/higress/plugins/wasm-go/extensions/ai-proxy/provider/provider.go:1343.86,1345.3 1 1
github.com/alibaba/higress/plugins/wasm-go/extensions/ai-proxy/provider/provider.go:1347.2,1347.31 1 1
github.com/alibaba/higress/plugins/wasm-go/extensions/ai-proxy/provider/provider.go:1347.31,1348.51 1 1
github.com/alibaba/higress/plugins/wasm-go/extensions/ai-proxy/provider/provider.go:1348.51,1349.110 1 1
github.com/alibaba/higress/plugins/wasm-go/extensions/ai-proxy/provider/provider.go:1349.110,1351.5 1 1
github.com/alibaba/higress/plugins/wasm-go/extensions/ai-proxy/provider/provider.go:1352.4,1352.15 1 1
github.com/alibaba/higress/plugins/wasm-go/extensions/ai-proxy/provider/provider.go:1355.2,1355.15 1 1
github.com/alibaba/higress/plugins/wasm-go/extensions/ai-proxy/provider/provider.go:1358.108,1364.76 4 0
github.com/alibaba/higress/plugins/wasm-go/extensions/ai-proxy/provider/provider.go:1364.76,1367.3 2 0
github.com/alibaba/higress/plugins/wasm-go/extensions/ai-proxy/provider/provider.go:1369.2,1369.66 1 0
github.com/alibaba/higress/plugins/wasm-go/extensions/ai-proxy/provider/provider.go:1369.66,1371.3 1 0
github.com/alibaba/higress/plugins/wasm-go/extensions/ai-proxy/provider/provider.go:1384.2,1384.46 1 0
github.com/alibaba/higress/plugins/wasm-go/extensions/ai-proxy/provider/provider.go:1384.46,1386.3 1 0
github.com/alibaba/higress/plugins/wasm-go/extensions/ai-proxy/provider/provider.go:1388.2,1388.127 1 0
github.com/alibaba/higress/plugins/wasm-go/extensions/ai-proxy/provider/provider.go:1388.127,1390.3 1 0
github.com/alibaba/higress/plugins/wasm-go/extensions/ai-proxy/provider/provider.go:1393.2,1394.30 2 0
github.com/alibaba/higress/plugins/wasm-go/extensions/ai-proxy/provider/provider.go:1394.30,1396.3 1 0
github.com/alibaba/higress/plugins/wasm-go/extensions/ai-proxy/provider/provider.go:1399.2,1399.28 1 0
github.com/alibaba/higress/plugins/wasm-go/extensions/ai-proxy/provider/provider.go:1399.28,1401.3 1 0
github.com/alibaba/higress/plugins/wasm-go/extensions/ai-proxy/provider/provider.go:1403.2,1403.37 1 0
github.com/alibaba/higress/plugins/wasm-go/extensions/ai-proxy/provider/provider.go:1407.125,1408.128 1 0
github.com/alibaba/higress/plugins/wasm-go/extensions/ai-proxy/provider/provider.go:1408.128,1410.3 1 0
github.com/alibaba/higress/plugins/wasm-go/extensions/ai-proxy/provider/provider.go:1412.2,1412.17 1 0
github.com/alibaba/higress/plugins/wasm-go/extensions/ai-proxy/provider/provider.go:1415.21,1417.13 2 0
github.com/alibaba/higress/plugins/wasm-go/extensions/ai-proxy/provider/provider.go:1417.13,1420.4 2 0
github.com/alibaba/higress/plugins/wasm-go/extensions/ai-proxy/provider/provider.go:1420.9,1422.4 1 0
github.com/alibaba/higress/plugins/wasm-go/extensions/ai-proxy/provider/provider.go:1424.2,1428.51 5 0
github.com/alibaba/higress/plugins/wasm-go/extensions/ai-proxy/provider/provider.go:1431.154,1432.69 1 1
github.com/alibaba/higress/plugins/wasm-go/extensions/ai-proxy/provider/provider.go:1432.69,1434.3 1 1
github.com/alibaba/higress/plugins/wasm-go/extensions/ai-proxy/provider/provider.go:1436.2,1437.16 2 1
github.com/alibaba/higress/plugins/wasm-go/extensions/ai-proxy/provider/provider.go:1437.16,1439.3 1 1
github.com/alibaba/higress/plugins/wasm-go/extensions/ai-proxy/provider/provider.go:1441.2,1446.64 4 1
github.com/alibaba/higress/plugins/wasm-go/extensions/ai-proxy/provider/provider.go:1446.64,1448.3 1 1
github.com/alibaba/higress/plugins/wasm-go/extensions/ai-proxy/provider/provider.go:1450.2,1450.66 1 1
github.com/alibaba/higress/plugins/wasm-go/extensions/ai-proxy/provider/provider.go:1453.104,1454.36 1 0
github.com/alibaba/higress/plugins/wasm-go/extensions/ai-proxy/provider/provider.go:1454.36,1456.3 1 0
github.com/alibaba/higress/plugins/wasm-go/extensions/ai-proxy/provider/provider.go:1456.8,1458.3 1 0
github.com/alibaba/higress/plugins/wasm-go/extensions/ai-proxy/provider/provider.go:1461.76,1463.17 2 0
github.com/alibaba/higress/plugins/wasm-go/extensions/ai-proxy/provider/provider.go:1471.28,1472.49 1 0
github.com/alibaba/higress/plugins/wasm-go/extensions/ai-proxy/provider/provider.go:1473.42,1474.16 1 0
github.com/alibaba/higress/plugins/wasm-go/extensions/ai-proxy/provider/provider.go:1476.2,1476.15 1 0
github.com/alibaba/higress/plugins/wasm-go/extensions/ai-proxy/provider/provider.go:1479.73,1480.17 1 1
github.com/alibaba/higress/plugins/wasm-go/extensions/ai-proxy/provider/provider.go:1495.31,1496.14 1 1
github.com/alibaba/higress/plugins/wasm-go/extensions/ai-proxy/provider/provider.go:1498.2,1498.14 1 1
github.com/alibaba/higress/plugins/wasm-go/extensions/ai-proxy/provider/qwen.go:59.80,60.59 1 0
github.com/alibaba/higress/plugins/wasm-go/extensions/ai-proxy/provider/qwen.go:60.59,62.3 1 0
github.com/alibaba/higress/plugins/wasm-go/extensions/ai-proxy/provider/qwen.go:63.2,63.32 1 0
github.com/alibaba/higress/plugins/wasm-go/extensions/ai-proxy/provider/qwen.go:63.32,65.3 1 0
github.com/alibaba/higress/plugins/wasm-go/extensions/ai-proxy/provider/qwen.go:66.2,66.12 1 0
github.com/alibaba/higress/plugins/wasm-go/extensions/ai-proxy/provider/qwen.go:69.100,70.26 1 0
github.com/alibaba/higress/plugins/wasm-go/extensions/ai-proxy/provider/qwen.go:70.26,87.3 1 0
github.com/alibaba/higress/plugins/wasm-go/extensions/ai-proxy/provider/qwen.go:87.8,96.3 1 0
github.com/alibaba/higress/plugins/wasm-go/extensions/ai-proxy/provider/qwen.go:99.91,105.2 2 0
github.com/alibaba/higress/plugins/wasm-go/extensions/ai-proxy/provider/qwen.go:112.111,113.31 1 0
github.com/alibaba/higress/plugins/wasm-go/extensions/ai-proxy/provider/qwen.go:113.31,115.3 1 0
github.com/alibaba/higress/plugins/wasm-go/extensions/ai-proxy/provider/qwen.go:115.8,117.3 1 0
github.com/alibaba/higress/plugins/wasm-go/extensions/ai-proxy/provider/qwen.go:118.2,120.28 2 0
github.com/alibaba/higress/plugins/wasm-go/extensions/ai-proxy/provider/qwen.go:120.28,122.3 1 0
github.com/alibaba/higress/plugins/wasm-go/extensions/ai-proxy/provider/qwen.go:125.144,126.35 1 1
github.com/alibaba/higress/plugins/wasm-go/extensions/ai-proxy/provider/qwen.go:126.35,130.21 4 1
github.com/alibaba/higress/plugins/wasm-go/extensions/ai-proxy/provider/qwen.go:130.21,134.18 4 1
github.com/alibaba/higress/plugins/wasm-go/extensions/ai-proxy/provider/qwen.go:134.18,137.5 2 0
github.com/alibaba/higress/plugins/wasm-go/extensions/ai-proxy/provider/qwen.go:138.4,138.26 1 1
github.com/alibaba/higress/plugins/wasm-go/extensions/ai-proxy/provider/qwen.go:140.3,140.124 1 1
github.com/alibaba/higress/plugins/wasm-go/extensions/ai-proxy/provider/qwen.go:140.124,145.18 3 1
github.com/alibaba/higress/plugins/wasm-go/extensions/ai-proxy/provider/qwen.go:145.18,147.5 1 0
github.com/alibaba/higress/plugins/wasm-go/extensions/ai-proxy/provider/qwen.go:149.3,149.27 1 1
github.com/alibaba/higress/plugins/wasm-go/extensions/ai-proxy/provider/qwen.go:151.2,151.17 1 0
github.com/alibaba/higress/plugins/wasm-go/extensions/ai-proxy/provider/qwen.go:152.29,153.59 1 0
github.com/alibaba/higress/plugins/wasm-go/extensions/ai-proxy/provider/qwen.go:154.25,155.46 1 0
github.com/alibaba/higress/plugins/wasm-go/extensions/ai-proxy/provider/qwen.go:156.10,157.66 1 0
github.com/alibaba/higress/plugins/wasm-go/extensions/ai-proxy/provider/qwen.go:161.49,163.2 1 0
github.com/alibaba/higress/plugins/wasm-go/extensions/ai-proxy/provider/qwen.go:165.89,168.43 2 0
github.com/alibaba/higress/plugins/wasm-go/extensions/ai-proxy/provider/qwen.go:168.43,171.3 2 0
github.com/alibaba/higress/plugins/wasm-go/extensions/ai-proxy/provider/qwen.go:173.2,173.12 1 0
github.com/alibaba/higress/plugins/wasm-go/extensions/ai-proxy/provider/qwen.go:176.115,177.39 1 0
github.com/alibaba/higress/plugins/wasm-go/extensions/ai-proxy/provider/qwen.go:177.39,179.3 1 0
github.com/alibaba/higress/plugins/wasm-go/extensions/ai-proxy/provider/qwen.go:180.2,180.74 1 0
github.com/alibaba/higress/plugins/wasm-go/extensions/ai-proxy/provider/qwen.go:183.127,186.16 3 0
github.com/alibaba/higress/plugins/wasm-go/extensions/ai-proxy/provider/qwen.go:186.16,188.3 1 0
github.com/alibaba/higress/plugins/wasm-go/extensions/ai-proxy/provider/qwen.go:191.2,191.61 1 0
github.com/alibaba/higress/plugins/wasm-go/extensions/ai-proxy/provider/qwen.go:191.61,193.3 1 0
github.com/alibaba/higress/plugins/wasm-go/extensions/ai-proxy/provider/qwen.go:195.2,196.15 2 0
github.com/alibaba/higress/plugins/wasm-go/extensions/ai-proxy/provider/qwen.go:196.15,199.3 2 0
github.com/alibaba/higress/plugins/wasm-go/extensions/ai-proxy/provider/qwen.go:199.8,202.3 2 0
github.com/alibaba/higress/plugins/wasm-go/extensions/ai-proxy/provider/qwen.go:204.2,204.66 1 0
github.com/alibaba/higress/plugins/wasm-go/extensions/ai-proxy/provider/qwen.go:207.102,209.77 2 0
github.com/alibaba/higress/plugins/wasm-go/extensions/ai-proxy/provider/qwen.go:209.77,211.3 1 0
github.com/alibaba/higress/plugins/wasm-go/extensions/ai-proxy/provider/qwen.go:213.2,214.16 2 0
github.com/alibaba/higress/plugins/wasm-go/extensions/ai-proxy/provider/qwen.go:214.16,216.3 1 0
github.com/alibaba/higress/plugins/wasm-go/extensions/ai-proxy/provider/qwen.go:217.2,217.34 1 0
github.com/alibaba/higress/plugins/wasm-go/extensions/ai-proxy/provider/qwen.go:220.122,221.68 1 0
github.com/alibaba/higress/plugins/wasm-go/extensions/ai-proxy/provider/qwen.go:221.68,223.3 1 0
github.com/alibaba/higress/plugins/wasm-go/extensions/ai-proxy/provider/qwen.go:225.2,228.73 3 0
github.com/alibaba/higress/plugins/wasm-go/extensions/ai-proxy/provider/qwen.go:228.73,231.3 2 0
github.com/alibaba/higress/plugins/wasm-go/extensions/ai-proxy/provider/qwen.go:233.2,235.37 3 0
github.com/alibaba/higress/plugins/wasm-go/extensions/ai-proxy/provider/qwen.go:235.37,237.17 2 0
github.com/alibaba/higress/plugins/wasm-go/extensions/ai-proxy/provider/qwen.go:237.17,240.4 2 0
github.com/alibaba/higress/plugins/wasm-go/extensions/ai-proxy/provider/qwen.go:241.3,243.53 3 0
github.com/alibaba/higress/plugins/wasm-go/extensions/ai-proxy/provider/qwen.go:245.2,245.26 1 0
github.com/alibaba/higress/plugins/wasm-go/extensions/ai-proxy/provider/qwen.go:248.117,249.35 1 0
github.com/alibaba/higress/plugins/wasm-go/extensions/ai-proxy/provider/qwen.go:249.35,251.3 1 0
github.com/alibaba/higress/plugins/wasm-go/extensions/ai-proxy/provider/qwen.go:252.2,252.38 1 0
github.com/alibaba/higress/plugins/wasm-go/extensions/ai-proxy/provider/qwen.go:252.38,254.3 1 0
github.com/alibaba/higress/plugins/wasm-go/extensions/ai-proxy/provider/qwen.go:255.2,255.34 1 0
github.com/alibaba/higress/plugins/wasm-go/extensions/ai-proxy/provider/qwen.go:255.34,257.3 1 0
github.com/alibaba/higress/plugins/wasm-go/extensions/ai-proxy/provider/qwen.go:258.2,258.38 1 0
github.com/alibaba/higress/plugins/wasm-go/extensions/ai-proxy/provider/qwen.go:258.38,260.3 1 0
github.com/alibaba/higress/plugins/wasm-go/extensions/ai-proxy/provider/qwen.go:261.2,261.35 1 0
github.com/alibaba/higress/plugins/wasm-go/extensions/ai-proxy/provider/qwen.go:264.107,266.59 2 0
github.com/alibaba/higress/plugins/wasm-go/extensions/ai-proxy/provider/qwen.go:266.59,268.3 1 0
github.com/alibaba/higress/plugins/wasm-go/extensions/ai-proxy/provider/qwen.go:269.2,270.31 2 0
github.com/alibaba/higress/plugins/wasm-go/extensions/ai-proxy/provider/qwen.go:273.103,275.59 2 0
github.com/alibaba/higress/plugins/wasm-go/extensions/ai-proxy/provider/qwen.go:275.59,277.3 1 0
github.com/alibaba/higress/plugins/wasm-go/extensions/ai-proxy/provider/qwen.go:278.2,279.31 2 0
github.com/alibaba/higress/plugins/wasm-go/extensions/ai-proxy/provider/qwen.go:282.148,284.38 2 1
github.com/alibaba/higress/plugins/wasm-go/extensions/ai-proxy/provider/qwen.go:284.38,286.3 1 1
github.com/alibaba/higress/plugins/wasm-go/extensions/ai-proxy/provider/qwen.go:287.2,306.15 2 1
github.com/alibaba/higress/plugins/wasm-go/extensions/ai-proxy/provider/qwen.go:306.15,308.3 1 0
github.com/alibaba/higress/plugins/wasm-go/extensions/ai-proxy/provider/qwen.go:310.2,310.78 1 1
github.com/alibaba/higress/plugins/wasm-go/extensions/ai-proxy/provider/qwen.go:310.78,312.47 2 0
github.com/alibaba/higress/plugins/wasm-go/extensions/ai-proxy/provider/qwen.go:312.47,313.26 1 0
github.com/alibaba/higress/plugins/wasm-go/extensions/ai-proxy/provider/qwen.go:313.26,315.5 1 0
github.com/alibaba/higress/plugins/wasm-go/extensions/ai-proxy/provider/qwen.go:316.4,317.31 2 0
github.com/alibaba/higress/plugins/wasm-go/extensions/ai-proxy/provider/qwen.go:320.3,321.17 2 0
github.com/alibaba/higress/plugins/wasm-go/extensions/ai-proxy/provider/qwen.go:321.17,323.4 1 0
github.com/alibaba/higress/plugins/wasm-go/extensions/ai-proxy/provider/qwen.go:325.3,325.66 1 0
github.com/alibaba/higress/plugins/wasm-go/extensions/ai-proxy/provider/qwen.go:327.2,327.30 1 1
github.com/alibaba/higress/plugins/wasm-go/extensions/ai-proxy/provider/qwen.go:330.136,332.57 2 0
github.com/alibaba/higress/plugins/wasm-go/extensions/ai-proxy/provider/qwen.go:332.57,338.3 2 0
github.com/alibaba/higress/plugins/wasm-go/extensions/ai-proxy/provider/qwen.go:339.2,351.3 1 0
github.com/alibaba/higress/plugins/wasm-go/extensions/ai-proxy/provider/qwen.go:354.174,355.43 1 0
github.com/alibaba/higress/plugins/wasm-go/extensions/ai-proxy/provider/qwen.go:355.43,358.3 2 0
github.com/alibaba/higress/plugins/wasm-go/extensions/ai-proxy/provider/qwen.go:360.2,381.26 10 0
github.com/alibaba/higress/plugins/wasm-go/extensions/ai-proxy/provider/qwen.go:381.26,383.3 1 0
github.com/alibaba/higress/plugins/wasm-go/extensions/ai-proxy/provider/qwen.go:383.8,384.40 1 0
github.com/alibaba/higress/plugins/wasm-go/extensions/ai-proxy/provider/qwen.go:384.40,385.48 1 0
github.com/alibaba/higress/plugins/wasm-go/extensions/ai-proxy/provider/qwen.go:385.48,388.5 1 0
github.com/alibaba/higress/plugins/wasm-go/extensions/ai-proxy/provider/qwen.go:390.3,390.81 1 0
github.com/alibaba/higress/plugins/wasm-go/extensions/ai-proxy/provider/qwen.go:390.81,391.29 1 0
github.com/alibaba/higress/plugins/wasm-go/extensions/ai-proxy/provider/qwen.go:391.29,393.5 1 0
github.com/alibaba/higress/plugins/wasm-go/extensions/ai-proxy/provider/qwen.go:393.10,393.40 1 0
github.com/alibaba/higress/plugins/wasm-go/extensions/ai-proxy/provider/qwen.go:393.40,395.5 1 0
github.com/alibaba/higress/plugins/wasm-go/extensions/ai-proxy/provider/qwen.go:395.10,395.74 1 0
github.com/alibaba/higress/plugins/wasm-go/extensions/ai-proxy/provider/qwen.go:395.74,398.12 2 0
github.com/alibaba/higress/plugins/wasm-go/extensions/ai-proxy/provider/qwen.go:398.12,400.6 1 0
github.com/alibaba/higress/plugins/wasm-go/extensions/ai-proxy/provider/qwen.go:400.11,402.13 2 0
github.com/alibaba/higress/plugins/wasm-go/extensions/ai-proxy/provider/qwen.go:402.13,404.7 1 0
github.com/alibaba/higress/plugins/wasm-go/extensions/ai-proxy/provider/qwen.go:404.12,405.48 1 0
github.com/alibaba/higress/plugins/wasm-go/extensions/ai-proxy/provider/qwen.go:405.48,406.39 1 0
github.com/alibaba/higress/plugins/wasm-go/extensions/ai-proxy/provider/qwen.go:406.39,407.14 1 0
github.com/alibaba/higress/plugins/wasm-go/extensions/ai-proxy/provider/qwen.go:409.8,411.37 3 0
github.com/alibaba/higress/plugins/wasm-go/extensions/ai-proxy/provider/qwen.go:416.4,416.38 1 0
github.com/alibaba/higress/plugins/wasm-go/extensions/ai-proxy/provider/qwen.go:416.38,418.5 1 0
github.com/alibaba/higress/plugins/wasm-go/extensions/ai-proxy/provider/qwen.go:418.10,420.5 1 0
github.com/alibaba/higress/plugins/wasm-go/extensions/ai-proxy/provider/qwen.go:421.4,423.82 2 0
github.com/alibaba/higress/plugins/wasm-go/extensions/ai-proxy/provider/qwen.go:423.82,424.56 1 0
github.com/alibaba/higress/plugins/wasm-go/extensions/ai-proxy/provider/qwen.go:424.56,425.43 1 0
github.com/alibaba/higress/plugins/wasm-go/extensions/ai-proxy/provider/qwen.go:425.43,426.12 1 0
github.com/alibaba/higress/plugins/wasm-go/extensions/ai-proxy/provider/qwen.go:428.6,432.45 5 0
github.com/alibaba/higress/plugins/wasm-go/extensions/ai-proxy/provider/qwen.go:436.3,436.47 1 0
github.com/alibaba/higress/plugins/wasm-go/extensions/ai-proxy/provider/qwen.go:439.2,439.36 1 0
github.com/alibaba/higress/plugins/wasm-go/extensions/ai-proxy/provider/qwen.go:439.36,443.3 3 0
github.com/alibaba/higress/plugins/wasm-go/extensions/ai-proxy/provider/qwen.go:444.2,444.38 1 0
github.com/alibaba/higress/plugins/wasm-go/extensions/ai-proxy/provider/qwen.go:444.38,448.3 3 0
github.com/alibaba/higress/plugins/wasm-go/extensions/ai-proxy/provider/qwen.go:450.2,450.14 1 0
github.com/alibaba/higress/plugins/wasm-go/extensions/ai-proxy/provider/qwen.go:450.14,463.3 6 0
github.com/alibaba/higress/plugins/wasm-go/extensions/ai-proxy/provider/qwen.go:465.2,465.18 1 0
github.com/alibaba/higress/plugins/wasm-go/extensions/ai-proxy/provider/qwen.go:468.124,470.54 2 0
github.com/alibaba/higress/plugins/wasm-go/extensions/ai-proxy/provider/qwen.go:470.54,472.3 1 0
github.com/alibaba/higress/plugins/wasm-go/extensions/ai-proxy/provider/qwen.go:474.2,480.21 4 0
github.com/alibaba/higress/plugins/wasm-go/extensions/ai-proxy/provider/qwen.go:480.21,481.50 1 0
github.com/alibaba/higress/plugins/wasm-go/extensions/ai-proxy/provider/qwen.go:481.50,482.34 1 0
github.com/alibaba/higress/plugins/wasm-go/extensions/ai-proxy/provider/qwen.go:482.34,484.10 2 0
github.com/alibaba/higress/plugins/wasm-go/extensions/ai-proxy/provider/qwen.go:488.2,488.37 1 0
github.com/alibaba/higress/plugins/wasm-go/extensions/ai-proxy/provider/qwen.go:488.37,490.3 1 0
github.com/alibaba/higress/plugins/wasm-go/extensions/ai-proxy/provider/qwen.go:490.8,490.37 1 0
github.com/alibaba/higress/plugins/wasm-go/extensions/ai-proxy/provider/qwen.go:490.37,492.3 1 0
github.com/alibaba/higress/plugins/wasm-go/extensions/ai-proxy/provider/qwen.go:492.8,494.79 2 0
github.com/alibaba/higress/plugins/wasm-go/extensions/ai-proxy/provider/qwen.go:494.79,495.26 1 0
github.com/alibaba/higress/plugins/wasm-go/extensions/ai-proxy/provider/qwen.go:495.26,497.5 1 0
github.com/alibaba/higress/plugins/wasm-go/extensions/ai-proxy/provider/qwen.go:498.4,498.48 1 0
github.com/alibaba/higress/plugins/wasm-go/extensions/ai-proxy/provider/qwen.go:500.3,501.33 2 0
github.com/alibaba/higress/plugins/wasm-go/extensions/ai-proxy/provider/qwen.go:504.2,504.37 1 0
github.com/alibaba/higress/plugins/wasm-go/extensions/ai-proxy/provider/qwen.go:504.37,507.3 1 0
github.com/alibaba/higress/plugins/wasm-go/extensions/ai-proxy/provider/qwen.go:509.2,509.30 1 0
github.com/alibaba/higress/plugins/wasm-go/extensions/ai-proxy/provider/qwen.go:512.96,516.2 3 0
github.com/alibaba/higress/plugins/wasm-go/extensions/ai-proxy/provider/qwen.go:518.117,520.55 2 0
github.com/alibaba/higress/plugins/wasm-go/extensions/ai-proxy/provider/qwen.go:520.55,522.3 1 0
github.com/alibaba/higress/plugins/wasm-go/extensions/ai-proxy/provider/qwen.go:522.8,522.68 1 0
github.com/alibaba/higress/plugins/wasm-go/extensions/ai-proxy/provider/qwen.go:522.68,524.29 2 0
github.com/alibaba/higress/plugins/wasm-go/extensions/ai-proxy/provider/qwen.go:524.29,525.48 1 0
github.com/alibaba/higress/plugins/wasm-go/extensions/ai-proxy/provider/qwen.go:525.48,527.5 1 0
github.com/alibaba/higress/plugins/wasm-go/extensions/ai-proxy/provider/qwen.go:527.10,529.5 1 0
github.com/alibaba/higress/plugins/wasm-go/extensions/ai-proxy/provider/qwen.go:531.8,533.3 1 0
github.com/alibaba/higress/plugins/wasm-go/extensions/ai-proxy/provider/qwen.go:534.2,539.8 1 0
github.com/alibaba/higress/plugins/wasm-go/extensions/ai-proxy/provider/qwen.go:542.134,544.63 2 0
github.com/alibaba/higress/plugins/wasm-go/extensions/ai-proxy/provider/qwen.go:544.63,550.3 1 0
github.com/alibaba/higress/plugins/wasm-go/extensions/ai-proxy/provider/qwen.go:551.2,559.3 1 0
github.com/alibaba/higress/plugins/wasm-go/extensions/ai-proxy/provider/qwen.go:651.97,661.2 3 0
github.com/alibaba/higress/plugins/wasm-go/extensions/ai-proxy/provider/qwen.go:663.46,666.2 2 0
github.com/alibaba/higress/plugins/wasm-go/extensions/ai-proxy/provider/qwen.go:668.46,670.8 2 0
github.com/alibaba/higress/plugins/wasm-go/extensions/ai-proxy/provider/qwen.go:670.8,672.3 1 0
github.com/alibaba/higress/plugins/wasm-go/extensions/ai-proxy/provider/qwen.go:673.2,674.8 2 0
github.com/alibaba/higress/plugins/wasm-go/extensions/ai-proxy/provider/qwen.go:674.8,676.43 2 0
github.com/alibaba/higress/plugins/wasm-go/extensions/ai-proxy/provider/qwen.go:676.43,678.11 2 0
github.com/alibaba/higress/plugins/wasm-go/extensions/ai-proxy/provider/qwen.go:678.11,679.13 1 0
github.com/alibaba/higress/plugins/wasm-go/extensions/ai-proxy/provider/qwen.go:681.4,681.51 1 0
github.com/alibaba/higress/plugins/wasm-go/extensions/ai-proxy/provider/qwen.go:681.51,683.5 1 0
github.com/alibaba/higress/plugins/wasm-go/extensions/ai-proxy/provider/qwen.go:685.3,685.20 1 0
github.com/alibaba/higress/plugins/wasm-go/extensions/ai-proxy/provider/qwen.go:687.2,687.11 1 0
github.com/alibaba/higress/plugins/wasm-go/extensions/ai-proxy/provider/qwen.go:690.68,691.35 1 1
github.com/alibaba/higress/plugins/wasm-go/extensions/ai-proxy/provider/qwen.go:691.35,692.37 1 1
github.com/alibaba/higress/plugins/wasm-go/extensions/ai-proxy/provider/qwen.go:692.37,694.4 1 1
github.com/alibaba/higress/plugins/wasm-go/extensions/ai-proxy/provider/qwen.go:696.2,696.14 1 1
github.com/alibaba/higress/plugins/wasm-go/extensions/ai-proxy/provider/qwen.go:699.82,701.2 1 1
github.com/alibaba/higress/plugins/wasm-go/extensions/ai-proxy/provider/qwen.go:703.54,704.9 1 1
github.com/alibaba/higress/plugins/wasm-go/extensions/ai-proxy/provider/qwen.go:705.38,706.14 1 0
github.com/alibaba/higress/plugins/wasm-go/extensions/ai-proxy/provider/qwen.go:707.48,708.14 1 1
github.com/alibaba/higress/plugins/wasm-go/extensions/ai-proxy/provider/qwen.go:709.28,710.14 1 0
github.com/alibaba/higress/plugins/wasm-go/extensions/ai-proxy/provider/qwen.go:711.10,712.15 1 1
github.com/alibaba/higress/plugins/wasm-go/extensions/ai-proxy/provider/qwen.go:716.62,717.67 1 1
github.com/alibaba/higress/plugins/wasm-go/extensions/ai-proxy/provider/qwen.go:717.67,718.54 1 1
github.com/alibaba/higress/plugins/wasm-go/extensions/ai-proxy/provider/qwen.go:718.54,720.4 1 1
github.com/alibaba/higress/plugins/wasm-go/extensions/ai-proxy/provider/qwen.go:722.2,722.14 1 1
github.com/alibaba/higress/plugins/wasm-go/extensions/ai-proxy/provider/qwen.go:725.67,726.35 1 1
github.com/alibaba/higress/plugins/wasm-go/extensions/ai-proxy/provider/qwen.go:726.35,734.3 1 1
github.com/alibaba/higress/plugins/wasm-go/extensions/ai-proxy/provider/qwen.go:734.8,737.38 3 1
github.com/alibaba/higress/plugins/wasm-go/extensions/ai-proxy/provider/qwen.go:737.38,739.36 2 1
github.com/alibaba/higress/plugins/wasm-go/extensions/ai-proxy/provider/qwen.go:739.36,741.5 1 1
github.com/alibaba/higress/plugins/wasm-go/extensions/ai-proxy/provider/qwen.go:741.10,741.47 1 1
github.com/alibaba/higress/plugins/wasm-go/extensions/ai-proxy/provider/qwen.go:741.47,743.5 1 1
github.com/alibaba/higress/plugins/wasm-go/extensions/ai-proxy/provider/qwen.go:744.4,744.40 1 1
github.com/alibaba/higress/plugins/wasm-go/extensions/ai-proxy/provider/qwen.go:746.3,752.4 1 1
github.com/alibaba/higress/plugins/wasm-go/extensions/ai-proxy/provider/qwen.go:756.56,757.9 1 0
github.com/alibaba/higress/plugins/wasm-go/extensions/ai-proxy/provider/qwen.go:761.60,762.31 1 0
github.com/alibaba/higress/plugins/wasm-go/extensions/ai-proxy/provider/qwen.go:764.59,765.27 1 0
github.com/alibaba/higress/plugins/wasm-go/extensions/ai-proxy/provider/qwen.go:766.59,767.26 1 0
github.com/alibaba/higress/plugins/wasm-go/extensions/ai-proxy/provider/qwen.go:768.49,769.30 1 0
github.com/alibaba/higress/plugins/wasm-go/extensions/ai-proxy/provider/qwen.go:770.49,771.30 1 0
github.com/alibaba/higress/plugins/wasm-go/extensions/ai-proxy/provider/qwen.go:773.56,774.29 1 0
github.com/alibaba/higress/plugins/wasm-go/extensions/ai-proxy/provider/qwen.go:775.63,776.36 1 0
github.com/alibaba/higress/plugins/wasm-go/extensions/ai-proxy/provider/qwen.go:777.10,778.12 1 0
github.com/alibaba/higress/plugins/wasm-go/extensions/ai-proxy/provider/request_helper.go:11.85,12.54 1 1
github.com/alibaba/higress/plugins/wasm-go/extensions/ai-proxy/provider/request_helper.go:12.54,14.3 1 1
github.com/alibaba/higress/plugins/wasm-go/extensions/ai-proxy/provider/request_helper.go:15.2,15.59 1 1
github.com/alibaba/higress/plugins/wasm-go/extensions/ai-proxy/provider/request_helper.go:15.59,17.3 1 0
github.com/alibaba/higress/plugins/wasm-go/extensions/ai-proxy/provider/request_helper.go:18.2,18.12 1 1
github.com/alibaba/higress/plugins/wasm-go/extensions/ai-proxy/provider/request_helper.go:21.77,22.54 1 0
github.com/alibaba/higress/plugins/wasm-go/extensions/ai-proxy/provider/request_helper.go:22.54,24.3 1 0
github.com/alibaba/higress/plugins/wasm-go/extensions/ai-proxy/provider/request_helper.go:25.2,25.12 1 0
github.com/alibaba/higress/plugins/wasm-go/extensions/ai-proxy/provider/request_helper.go:28.87,29.54 1 0
github.com/alibaba/higress/plugins/wasm-go/extensions/ai-proxy/provider/request_helper.go:29.54,31.3 1 0
github.com/alibaba/higress/plugins/wasm-go/extensions/ai-proxy/provider/request_helper.go:32.2,32.12 1 0
github.com/alibaba/higress/plugins/wasm-go/extensions/ai-proxy/provider/request_helper.go:35.75,36.54 1 0
github.com/alibaba/higress/plugins/wasm-go/extensions/ai-proxy/provider/request_helper.go:36.54,38.3 1 0
github.com/alibaba/higress/plugins/wasm-go/extensions/ai-proxy/provider/request_helper.go:39.2,39.12 1 0
github.com/alibaba/higress/plugins/wasm-go/extensions/ai-proxy/provider/request_helper.go:42.85,43.54 1 0
github.com/alibaba/higress/plugins/wasm-go/extensions/ai-proxy/provider/request_helper.go:43.54,45.3 1 0
github.com/alibaba/higress/plugins/wasm-go/extensions/ai-proxy/provider/request_helper.go:46.2,46.12 1 0
github.com/alibaba/higress/plugins/wasm-go/extensions/ai-proxy/provider/request_helper.go:49.56,51.16 2 0
github.com/alibaba/higress/plugins/wasm-go/extensions/ai-proxy/provider/request_helper.go:51.16,53.3 1 0
github.com/alibaba/higress/plugins/wasm-go/extensions/ai-proxy/provider/request_helper.go:54.2,56.16 3 0
github.com/alibaba/higress/plugins/wasm-go/extensions/ai-proxy/provider/request_helper.go:56.16,58.3 1 0
github.com/alibaba/higress/plugins/wasm-go/extensions/ai-proxy/provider/request_helper.go:59.2,59.12 1 0
github.com/alibaba/higress/plugins/wasm-go/extensions/ai-proxy/provider/request_helper.go:62.44,65.16 3 0
github.com/alibaba/higress/plugins/wasm-go/extensions/ai-proxy/provider/request_helper.go:65.16,67.3 1 0
github.com/alibaba/higress/plugins/wasm-go/extensions/ai-proxy/provider/request_helper.go:68.2,68.12 1 0
github.com/alibaba/higress/plugins/wasm-go/extensions/ai-proxy/provider/request_helper.go:71.75,77.43 3 0
github.com/alibaba/higress/plugins/wasm-go/extensions/ai-proxy/provider/request_helper.go:77.43,78.33 1 0
github.com/alibaba/higress/plugins/wasm-go/extensions/ai-proxy/provider/request_helper.go:78.33,80.9 2 0
github.com/alibaba/higress/plugins/wasm-go/extensions/ai-proxy/provider/request_helper.go:83.2,83.37 1 0
github.com/alibaba/higress/plugins/wasm-go/extensions/ai-proxy/provider/request_helper.go:83.37,85.3 1 0
github.com/alibaba/higress/plugins/wasm-go/extensions/ai-proxy/provider/request_helper.go:85.8,87.3 1 0
github.com/alibaba/higress/plugins/wasm-go/extensions/ai-proxy/provider/request_helper.go:92.84,93.31 1 1
github.com/alibaba/higress/plugins/wasm-go/extensions/ai-proxy/provider/request_helper.go:93.31,95.3 1 1
github.com/alibaba/higress/plugins/wasm-go/extensions/ai-proxy/provider/request_helper.go:97.2,98.54 2 1
github.com/alibaba/higress/plugins/wasm-go/extensions/ai-proxy/provider/request_helper.go:98.54,100.3 1 1
github.com/alibaba/higress/plugins/wasm-go/extensions/ai-proxy/provider/request_helper.go:102.2,102.32 1 1
github.com/alibaba/higress/plugins/wasm-go/extensions/ai-proxy/provider/request_helper.go:102.32,104.3 1 1
github.com/alibaba/higress/plugins/wasm-go/extensions/ai-proxy/provider/request_helper.go:107.2,108.50 2 1
github.com/alibaba/higress/plugins/wasm-go/extensions/ai-proxy/provider/request_helper.go:108.50,110.27 2 1
github.com/alibaba/higress/plugins/wasm-go/extensions/ai-proxy/provider/request_helper.go:110.27,112.40 2 1
github.com/alibaba/higress/plugins/wasm-go/extensions/ai-proxy/provider/request_helper.go:112.40,113.23 1 1
github.com/alibaba/higress/plugins/wasm-go/extensions/ai-proxy/provider/request_helper.go:113.23,115.11 2 1
github.com/alibaba/higress/plugins/wasm-go/extensions/ai-proxy/provider/request_helper.go:118.4,118.26 1 1
github.com/alibaba/higress/plugins/wasm-go/extensions/ai-proxy/provider/request_helper.go:118.26,119.10 1 1
github.com/alibaba/higress/plugins/wasm-go/extensions/ai-proxy/provider/request_helper.go:125.2,125.24 1 1
github.com/alibaba/higress/plugins/wasm-go/extensions/ai-proxy/provider/request_helper.go:125.24,127.3 1 1
github.com/alibaba/higress/plugins/wasm-go/extensions/ai-proxy/provider/request_helper.go:129.2,138.36 3 1
github.com/alibaba/higress/plugins/wasm-go/extensions/ai-proxy/provider/request_helper.go:138.36,140.29 2 1
github.com/alibaba/higress/plugins/wasm-go/extensions/ai-proxy/provider/request_helper.go:140.29,142.4 1 1
github.com/alibaba/higress/plugins/wasm-go/extensions/ai-proxy/provider/request_helper.go:147.2,147.60 1 1
github.com/alibaba/higress/plugins/wasm-go/extensions/ai-proxy/provider/request_helper.go:147.60,149.3 1 1
github.com/alibaba/higress/plugins/wasm-go/extensions/ai-proxy/provider/request_helper.go:151.2,154.30 3 1
github.com/alibaba/higress/plugins/wasm-go/extensions/ai-proxy/provider/request_helper.go:161.60,163.54 2 1
github.com/alibaba/higress/plugins/wasm-go/extensions/ai-proxy/provider/request_helper.go:163.54,165.3 1 1
github.com/alibaba/higress/plugins/wasm-go/extensions/ai-proxy/provider/request_helper.go:166.2,166.32 1 1
github.com/alibaba/higress/plugins/wasm-go/extensions/ai-proxy/provider/request_helper.go:166.32,168.3 1 1
github.com/alibaba/higress/plugins/wasm-go/extensions/ai-proxy/provider/request_helper.go:170.2,172.39 3 1
github.com/alibaba/higress/plugins/wasm-go/extensions/ai-proxy/provider/request_helper.go:172.39,175.56 1 1
github.com/alibaba/higress/plugins/wasm-go/extensions/ai-proxy/provider/request_helper.go:175.56,178.112 2 1
github.com/alibaba/higress/plugins/wasm-go/extensions/ai-proxy/provider/request_helper.go:178.112,182.13 2 1
github.com/alibaba/higress/plugins/wasm-go/extensions/ai-proxy/provider/request_helper.go:184.4,187.12 4 1
github.com/alibaba/higress/plugins/wasm-go/extensions/ai-proxy/provider/request_helper.go:189.3,189.31 1 1
github.com/alibaba/higress/plugins/wasm-go/extensions/ai-proxy/provider/request_helper.go:192.2,192.13 1 1
github.com/alibaba/higress/plugins/wasm-go/extensions/ai-proxy/provider/request_helper.go:192.13,194.3 1 1
github.com/alibaba/higress/plugins/wasm-go/extensions/ai-proxy/provider/request_helper.go:195.2,196.30 2 1
github.com/alibaba/higress/plugins/wasm-go/extensions/ai-proxy/provider/request_helper.go:202.46,205.28 3 1
github.com/alibaba/higress/plugins/wasm-go/extensions/ai-proxy/provider/request_helper.go:205.28,207.3 1 1
github.com/alibaba/higress/plugins/wasm-go/extensions/ai-proxy/provider/request_helper.go:208.2,210.40 3 0
github.com/alibaba/higress/plugins/wasm-go/extensions/ai-proxy/provider/request_helper.go:213.54,214.9 1 1
github.com/alibaba/higress/plugins/wasm-go/extensions/ai-proxy/provider/request_helper.go:215.18,216.14 1 1
github.com/alibaba/higress/plugins/wasm-go/extensions/ai-proxy/provider/request_helper.go:217.18,218.14 1 0
github.com/alibaba/higress/plugins/wasm-go/extensions/ai-proxy/provider/request_helper.go:219.10,220.30 1 1
github.com/alibaba/higress/plugins/wasm-go/extensions/ai-proxy/provider/request_helper.go:224.45,227.16 3 0
github.com/alibaba/higress/plugins/wasm-go/extensions/ai-proxy/provider/request_helper.go:227.16,229.3 1 0
github.com/alibaba/higress/plugins/wasm-go/extensions/ai-proxy/provider/request_helper.go:230.2,230.12 1 0
github.com/alibaba/higress/plugins/wasm-go/extensions/ai-proxy/provider/retry.go:32.54,35.23 3 1
github.com/alibaba/higress/plugins/wasm-go/extensions/ai-proxy/provider/retry.go:35.23,37.3 1 1
github.com/alibaba/higress/plugins/wasm-go/extensions/ai-proxy/provider/retry.go:38.2,39.25 2 1
github.com/alibaba/higress/plugins/wasm-go/extensions/ai-proxy/provider/retry.go:39.25,41.3 1 1
github.com/alibaba/higress/plugins/wasm-go/extensions/ai-proxy/provider/retry.go:42.2,42.59 1 1
github.com/alibaba/higress/plugins/wasm-go/extensions/ai-proxy/provider/retry.go:42.59,44.3 1 1
github.com/alibaba/higress/plugins/wasm-go/extensions/ai-proxy/provider/retry.go:46.2,46.31 1 1
github.com/alibaba/higress/plugins/wasm-go/extensions/ai-proxy/provider/retry.go:46.31,48.3 1 1
github.com/alibaba/higress/plugins/wasm-go/extensions/ai-proxy/provider/retry.go:51.57,53.2 1 1
github.com/alibaba/higress/plugins/wasm-go/extensions/ai-proxy/provider/retry.go:55.143,61.2 5 1
github.com/alibaba/higress/plugins/wasm-go/extensions/ai-proxy/provider/retry.go:63.181,64.73 1 0
github.com/alibaba/higress/plugins/wasm-go/extensions/ai-proxy/provider/retry.go:64.73,66.3 1 0
github.com/alibaba/higress/plugins/wasm-go/extensions/ai-proxy/provider/retry.go:66.8,68.3 1 0
github.com/alibaba/higress/plugins/wasm-go/extensions/ai-proxy/provider/retry.go:70.2,70.70 1 0
github.com/alibaba/higress/plugins/wasm-go/extensions/ai-proxy/provider/retry.go:70.70,73.17 3 0
github.com/alibaba/higress/plugins/wasm-go/extensions/ai-proxy/provider/retry.go:73.17,75.4 1 0
github.com/alibaba/higress/plugins/wasm-go/extensions/ai-proxy/provider/retry.go:78.2,78.42 1 0
github.com/alibaba/higress/plugins/wasm-go/extensions/ai-proxy/provider/retry.go:86.3,88.9 2 0
github.com/alibaba/higress/plugins/wasm-go/extensions/ai-proxy/provider/retry.go:88.9,92.3 3 0
github.com/alibaba/higress/plugins/wasm-go/extensions/ai-proxy/provider/retry.go:93.2,95.23 2 0
github.com/alibaba/higress/plugins/wasm-go/extensions/ai-proxy/provider/retry.go:95.23,100.3 4 0
github.com/alibaba/higress/plugins/wasm-go/extensions/ai-proxy/provider/retry.go:100.8,102.3 1 0
github.com/alibaba/higress/plugins/wasm-go/extensions/ai-proxy/provider/retry.go:104.2,105.52 2 0
github.com/alibaba/higress/plugins/wasm-go/extensions/ai-proxy/provider/retry.go:105.52,108.17 3 0
github.com/alibaba/higress/plugins/wasm-go/extensions/ai-proxy/provider/retry.go:108.17,112.4 3 0
github.com/alibaba/higress/plugins/wasm-go/extensions/ai-proxy/provider/retry.go:113.8,117.3 3 0
github.com/alibaba/higress/plugins/wasm-go/extensions/ai-proxy/provider/retry.go:124.9,127.25 2 1
github.com/alibaba/higress/plugins/wasm-go/extensions/ai-proxy/provider/retry.go:127.25,129.3 1 1
github.com/alibaba/higress/plugins/wasm-go/extensions/ai-proxy/provider/retry.go:131.2,141.16 7 0
github.com/alibaba/higress/plugins/wasm-go/extensions/ai-proxy/provider/retry.go:141.16,143.3 1 0
github.com/alibaba/higress/plugins/wasm-go/extensions/ai-proxy/provider/retry.go:145.2,146.74 1 0
github.com/alibaba/higress/plugins/wasm-go/extensions/ai-proxy/provider/retry.go:146.74,148.4 1 0
github.com/alibaba/higress/plugins/wasm-go/extensions/ai-proxy/provider/retry.go:149.2,149.16 1 0
github.com/alibaba/higress/plugins/wasm-go/extensions/ai-proxy/provider/retry.go:149.16,151.3 1 0
github.com/alibaba/higress/plugins/wasm-go/extensions/ai-proxy/provider/retry.go:152.2,152.12 1 0
github.com/alibaba/higress/plugins/wasm-go/extensions/ai-proxy/provider/retry.go:155.71,158.2 2 1
github.com/alibaba/higress/plugins/wasm-go/extensions/ai-proxy/provider/retry.go:160.87,162.30 2 1
github.com/alibaba/higress/plugins/wasm-go/extensions/ai-proxy/provider/retry.go:162.30,163.27 1 1
github.com/alibaba/higress/plugins/wasm-go/extensions/ai-proxy/provider/retry.go:163.27,165.4 1 1
github.com/alibaba/higress/plugins/wasm-go/extensions/ai-proxy/provider/retry.go:167.2,169.27 3 1
github.com/alibaba/higress/plugins/wasm-go/extensions/ai-proxy/provider/retry.go:172.48,174.15 2 1
github.com/alibaba/higress/plugins/wasm-go/extensions/ai-proxy/provider/retry.go:175.9,176.12 1 1
github.com/alibaba/higress/plugins/wasm-go/extensions/ai-proxy/provider/retry.go:177.9,178.22 1 1
github.com/alibaba/higress/plugins/wasm-go/extensions/ai-proxy/provider/retry.go:179.10,180.37 1 1
github.com/alibaba/higress/plugins/wasm-go/extensions/ai-proxy/provider/spark.go:53.81,55.2 1 0
github.com/alibaba/higress/plugins/wasm-go/extensions/ai-proxy/provider/spark.go:57.76,61.2 1 0
github.com/alibaba/higress/plugins/wasm-go/extensions/ai-proxy/provider/spark.go:63.92,69.2 2 0
github.com/alibaba/higress/plugins/wasm-go/extensions/ai-proxy/provider/spark.go:71.50,73.2 1 0
github.com/alibaba/higress/plugins/wasm-go/extensions/ai-proxy/provider/spark.go:75.90,78.2 2 0
github.com/alibaba/higress/plugins/wasm-go/extensions/ai-proxy/provider/spark.go:80.116,81.39 1 0
github.com/alibaba/higress/plugins/wasm-go/extensions/ai-proxy/provider/spark.go:81.39,83.3 1 0
github.com/alibaba/higress/plugins/wasm-go/extensions/ai-proxy/provider/spark.go:84.2,84.74 1 0
github.com/alibaba/higress/plugins/wasm-go/extensions/ai-proxy/provider/spark.go:87.118,88.38 1 0
github.com/alibaba/higress/plugins/wasm-go/extensions/ai-proxy/provider/spark.go:88.38,90.3 1 0
github.com/alibaba/higress/plugins/wasm-go/extensions/ai-proxy/provider/spark.go:91.2,92.60 2 0
github.com/alibaba/higress/plugins/wasm-go/extensions/ai-proxy/provider/spark.go:92.60,94.3 1 0
github.com/alibaba/higress/plugins/wasm-go/extensions/ai-proxy/provider/spark.go:95.2,95.29 1 0
github.com/alibaba/higress/plugins/wasm-go/extensions/ai-proxy/provider/spark.go:95.29,97.3 1 0
github.com/alibaba/higress/plugins/wasm-go/extensions/ai-proxy/provider/spark.go:98.2,99.31 2 0
github.com/alibaba/higress/plugins/wasm-go/extensions/ai-proxy/provider/spark.go:102.136,103.36 1 0
github.com/alibaba/higress/plugins/wasm-go/extensions/ai-proxy/provider/spark.go:103.36,105.3 1 0
github.com/alibaba/higress/plugins/wasm-go/extensions/ai-proxy/provider/spark.go:106.2,106.35 1 0
github.com/alibaba/higress/plugins/wasm-go/extensions/ai-proxy/provider/spark.go:106.35,108.3 1 0
github.com/alibaba/higress/plugins/wasm-go/extensions/ai-proxy/provider/spark.go:109.2,111.29 3 0
github.com/alibaba/higress/plugins/wasm-go/extensions/ai-proxy/provider/spark.go:111.29,112.20 1 0
github.com/alibaba/higress/plugins/wasm-go/extensions/ai-proxy/provider/spark.go:112.20,114.12 1 0
github.com/alibaba/higress/plugins/wasm-go/extensions/ai-proxy/provider/spark.go:116.3,118.23 2 0
github.com/alibaba/higress/plugins/wasm-go/extensions/ai-proxy/provider/spark.go:118.23,119.12 1 0
github.com/alibaba/higress/plugins/wasm-go/extensions/ai-proxy/provider/spark.go:121.3,122.70 2 0
github.com/alibaba/higress/plugins/wasm-go/extensions/ai-proxy/provider/spark.go:122.70,124.12 2 0
github.com/alibaba/higress/plugins/wasm-go/extensions/ai-proxy/provider/spark.go:126.3,128.17 3 0
github.com/alibaba/higress/plugins/wasm-go/extensions/ai-proxy/provider/spark.go:128.17,131.4 2 0
github.com/alibaba/higress/plugins/wasm-go/extensions/ai-proxy/provider/spark.go:132.3,132.58 1 0
github.com/alibaba/higress/plugins/wasm-go/extensions/ai-proxy/provider/spark.go:134.2,136.43 3 0
github.com/alibaba/higress/plugins/wasm-go/extensions/ai-proxy/provider/spark.go:139.120,141.39 2 0
github.com/alibaba/higress/plugins/wasm-go/extensions/ai-proxy/provider/spark.go:141.39,146.3 1 0
github.com/alibaba/higress/plugins/wasm-go/extensions/ai-proxy/provider/spark.go:147.2,154.3 1 0
github.com/alibaba/higress/plugins/wasm-go/extensions/ai-proxy/provider/spark.go:157.132,159.39 2 0
github.com/alibaba/higress/plugins/wasm-go/extensions/ai-proxy/provider/spark.go:159.39,164.3 1 0
github.com/alibaba/higress/plugins/wasm-go/extensions/ai-proxy/provider/spark.go:165.2,172.3 1 0
github.com/alibaba/higress/plugins/wasm-go/extensions/ai-proxy/provider/spark.go:175.95,177.2 1 0
github.com/alibaba/higress/plugins/wasm-go/extensions/ai-proxy/provider/spark.go:179.112,183.2 3 0
github.com/alibaba/higress/plugins/wasm-go/extensions/ai-proxy/provider/stepfun.go:18.83,19.59 1 0
github.com/alibaba/higress/plugins/wasm-go/extensions/ai-proxy/provider/stepfun.go:19.59,21.3 1 0
github.com/alibaba/higress/plugins/wasm-go/extensions/ai-proxy/provider/stepfun.go:22.2,22.12 1 0
github.com/alibaba/higress/plugins/wasm-go/extensions/ai-proxy/provider/stepfun.go:25.78,30.2 1 0
github.com/alibaba/higress/plugins/wasm-go/extensions/ai-proxy/provider/stepfun.go:32.94,38.2 2 0
github.com/alibaba/higress/plugins/wasm-go/extensions/ai-proxy/provider/stepfun.go:45.52,47.2 1 0
github.com/alibaba/higress/plugins/wasm-go/extensions/ai-proxy/provider/stepfun.go:49.92,52.2 2 0
github.com/alibaba/higress/plugins/wasm-go/extensions/ai-proxy/provider/stepfun.go:54.118,55.39 1 0
github.com/alibaba/higress/plugins/wasm-go/extensions/ai-proxy/provider/stepfun.go:55.39,57.3 1 0
github.com/alibaba/higress/plugins/wasm-go/extensions/ai-proxy/provider/stepfun.go:58.2,58.74 1 0
github.com/alibaba/higress/plugins/wasm-go/extensions/ai-proxy/provider/stepfun.go:61.114,66.2 4 0
github.com/alibaba/higress/plugins/wasm-go/extensions/ai-proxy/provider/together_ai.go:19.86,20.59 1 0
github.com/alibaba/higress/plugins/wasm-go/extensions/ai-proxy/provider/together_ai.go:20.59,22.3 1 0
github.com/alibaba/higress/plugins/wasm-go/extensions/ai-proxy/provider/together_ai.go:23.2,23.12 1 0
github.com/alibaba/higress/plugins/wasm-go/extensions/ai-proxy/provider/together_ai.go:26.81,30.2 1 0
github.com/alibaba/higress/plugins/wasm-go/extensions/ai-proxy/provider/together_ai.go:32.97,38.2 2 0
github.com/alibaba/higress/plugins/wasm-go/extensions/ai-proxy/provider/together_ai.go:45.55,47.2 1 0
github.com/alibaba/higress/plugins/wasm-go/extensions/ai-proxy/provider/together_ai.go:49.95,52.2 2 0
github.com/alibaba/higress/plugins/wasm-go/extensions/ai-proxy/provider/together_ai.go:54.121,55.39 1 0
github.com/alibaba/higress/plugins/wasm-go/extensions/ai-proxy/provider/together_ai.go:55.39,57.3 1 0
github.com/alibaba/higress/plugins/wasm-go/extensions/ai-proxy/provider/together_ai.go:58.2,58.74 1 0
github.com/alibaba/higress/plugins/wasm-go/extensions/ai-proxy/provider/together_ai.go:61.117,66.2 4 0
github.com/alibaba/higress/plugins/wasm-go/extensions/ai-proxy/provider/together_ai.go:68.62,69.55 1 0
github.com/alibaba/higress/plugins/wasm-go/extensions/ai-proxy/provider/together_ai.go:69.55,71.3 1 0
github.com/alibaba/higress/plugins/wasm-go/extensions/ai-proxy/provider/together_ai.go:72.2,72.11 1 0
github.com/alibaba/higress/plugins/wasm-go/extensions/ai-proxy/provider/triton.go:26.82,27.59 1 0
github.com/alibaba/higress/plugins/wasm-go/extensions/ai-proxy/provider/triton.go:27.59,29.3 1 0
github.com/alibaba/higress/plugins/wasm-go/extensions/ai-proxy/provider/triton.go:30.2,30.12 1 0
github.com/alibaba/higress/plugins/wasm-go/extensions/ai-proxy/provider/triton.go:33.77,38.2 1 0
github.com/alibaba/higress/plugins/wasm-go/extensions/ai-proxy/provider/triton.go:40.93,46.2 2 0
github.com/alibaba/higress/plugins/wasm-go/extensions/ai-proxy/provider/triton.go:53.51,55.2 1 0
github.com/alibaba/higress/plugins/wasm-go/extensions/ai-proxy/provider/triton.go:57.91,60.2 2 0
github.com/alibaba/higress/plugins/wasm-go/extensions/ai-proxy/provider/triton.go:62.117,63.39 1 0
github.com/alibaba/higress/plugins/wasm-go/extensions/ai-proxy/provider/triton.go:63.39,65.3 1 0
github.com/alibaba/higress/plugins/wasm-go/extensions/ai-proxy/provider/triton.go:66.2,66.74 1 0
github.com/alibaba/higress/plugins/wasm-go/extensions/ai-proxy/provider/triton.go:69.58,70.54 1 0
github.com/alibaba/higress/plugins/wasm-go/extensions/ai-proxy/provider/triton.go:70.54,72.3 1 0
github.com/alibaba/higress/plugins/wasm-go/extensions/ai-proxy/provider/triton.go:73.2,73.11 1 0
github.com/alibaba/higress/plugins/wasm-go/extensions/ai-proxy/provider/triton.go:76.146,78.77 2 0
github.com/alibaba/higress/plugins/wasm-go/extensions/ai-proxy/provider/triton.go:78.77,80.3 1 0
github.com/alibaba/higress/plugins/wasm-go/extensions/ai-proxy/provider/triton.go:82.2,90.36 7 0
github.com/alibaba/higress/plugins/wasm-go/extensions/ai-proxy/provider/triton.go:93.129,96.39 3 0
github.com/alibaba/higress/plugins/wasm-go/extensions/ai-proxy/provider/triton.go:96.39,99.3 2 0
github.com/alibaba/higress/plugins/wasm-go/extensions/ai-proxy/provider/triton.go:101.2,102.15 2 0
github.com/alibaba/higress/plugins/wasm-go/extensions/ai-proxy/provider/triton.go:102.15,104.3 1 0
github.com/alibaba/higress/plugins/wasm-go/extensions/ai-proxy/provider/triton.go:106.2,107.12 2 0
github.com/alibaba/higress/plugins/wasm-go/extensions/ai-proxy/provider/triton.go:129.110,139.43 2 0
github.com/alibaba/higress/plugins/wasm-go/extensions/ai-proxy/provider/triton.go:139.43,142.3 2 0
github.com/alibaba/higress/plugins/wasm-go/extensions/ai-proxy/provider/triton.go:143.2,143.12 1 0
github.com/alibaba/higress/plugins/wasm-go/extensions/ai-proxy/provider/triton.go:145.119,146.38 1 0
github.com/alibaba/higress/plugins/wasm-go/extensions/ai-proxy/provider/triton.go:146.38,148.3 1 0
github.com/alibaba/higress/plugins/wasm-go/extensions/ai-proxy/provider/triton.go:149.2,150.56 2 0
github.com/alibaba/higress/plugins/wasm-go/extensions/ai-proxy/provider/triton.go:150.56,152.3 1 0
github.com/alibaba/higress/plugins/wasm-go/extensions/ai-proxy/provider/triton.go:153.2,153.27 1 0
github.com/alibaba/higress/plugins/wasm-go/extensions/ai-proxy/provider/triton.go:153.27,155.3 1 0
github.com/alibaba/higress/plugins/wasm-go/extensions/ai-proxy/provider/triton.go:156.2,157.31 2 0
github.com/alibaba/higress/plugins/wasm-go/extensions/ai-proxy/provider/triton.go:160.106,175.2 2 0
github.com/alibaba/higress/plugins/wasm-go/extensions/ai-proxy/provider/triton.go:177.137,179.36 2 0
github.com/alibaba/higress/plugins/wasm-go/extensions/ai-proxy/provider/triton.go:179.36,181.3 1 0
github.com/alibaba/higress/plugins/wasm-go/extensions/ai-proxy/provider/triton.go:182.2,182.35 1 0
github.com/alibaba/higress/plugins/wasm-go/extensions/ai-proxy/provider/triton.go:182.35,184.3 1 0
github.com/alibaba/higress/plugins/wasm-go/extensions/ai-proxy/provider/triton.go:185.2,187.29 3 0
github.com/alibaba/higress/plugins/wasm-go/extensions/ai-proxy/provider/triton.go:187.29,188.20 1 0
github.com/alibaba/higress/plugins/wasm-go/extensions/ai-proxy/provider/triton.go:188.20,190.12 1 0
github.com/alibaba/higress/plugins/wasm-go/extensions/ai-proxy/provider/triton.go:192.3,194.66 3 0
github.com/alibaba/higress/plugins/wasm-go/extensions/ai-proxy/provider/triton.go:194.66,196.12 2 0
github.com/alibaba/higress/plugins/wasm-go/extensions/ai-proxy/provider/triton.go:198.3,200.17 3 0
github.com/alibaba/higress/plugins/wasm-go/extensions/ai-proxy/provider/triton.go:200.17,203.4 2 0
github.com/alibaba/higress/plugins/wasm-go/extensions/ai-proxy/provider/triton.go:204.3,204.89 1 0
github.com/alibaba/higress/plugins/wasm-go/extensions/ai-proxy/provider/triton.go:206.2,208.43 3 0
github.com/alibaba/higress/plugins/wasm-go/extensions/ai-proxy/provider/triton.go:211.136,226.2 4 0
github.com/alibaba/higress/plugins/wasm-go/extensions/ai-proxy/provider/vertex.go:67.82,69.31 1 0
github.com/alibaba/higress/plugins/wasm-go/extensions/ai-proxy/provider/vertex.go:69.31,71.36 1 0
github.com/alibaba/higress/plugins/wasm-go/extensions/ai-proxy/provider/vertex.go:71.36,73.4 1 0
github.com/alibaba/higress/plugins/wasm-go/extensions/ai-proxy/provider/vertex.go:75.3,75.13 1 0
github.com/alibaba/higress/plugins/wasm-go/extensions/ai-proxy/provider/vertex.go:79.2,79.35 1 0
github.com/alibaba/higress/plugins/wasm-go/extensions/ai-proxy/provider/vertex.go:79.35,80.33 1 0
github.com/alibaba/higress/plugins/wasm-go/extensions/ai-proxy/provider/vertex.go:80.33,82.4 1 0
github.com/alibaba/higress/plugins/wasm-go/extensions/ai-proxy/provider/vertex.go:83.3,83.64 1 0
github.com/alibaba/higress/plugins/wasm-go/extensions/ai-proxy/provider/vertex.go:83.64,85.4 1 0
github.com/alibaba/higress/plugins/wasm-go/extensions/ai-proxy/provider/vertex.go:86.3,86.41 1 0
github.com/alibaba/higress/plugins/wasm-go/extensions/ai-proxy/provider/vertex.go:86.41,88.4 1 0
github.com/alibaba/higress/plugins/wasm-go/extensions/ai-proxy/provider/vertex.go:89.3,89.13 1 0
github.com/alibaba/higress/plugins/wasm-go/extensions/ai-proxy/provider/vertex.go:93.2,93.32 1 0
github.com/alibaba/higress/plugins/wasm-go/extensions/ai-proxy/provider/vertex.go:93.32,95.3 1 0
github.com/alibaba/higress/plugins/wasm-go/extensions/ai-proxy/provider/vertex.go:96.2,96.63 1 0
github.com/alibaba/higress/plugins/wasm-go/extensions/ai-proxy/provider/vertex.go:96.63,98.3 1 0
github.com/alibaba/higress/plugins/wasm-go/extensions/ai-proxy/provider/vertex.go:99.2,99.40 1 0
github.com/alibaba/higress/plugins/wasm-go/extensions/ai-proxy/provider/vertex.go:99.40,101.3 1 0
github.com/alibaba/higress/plugins/wasm-go/extensions/ai-proxy/provider/vertex.go:102.2,102.12 1 0
github.com/alibaba/higress/plugins/wasm-go/extensions/ai-proxy/provider/vertex.go:105.77,115.2 1 0
github.com/alibaba/higress/plugins/wasm-go/extensions/ai-proxy/provider/vertex.go:117.93,130.31 3 0
github.com/alibaba/higress/plugins/wasm-go/extensions/ai-proxy/provider/vertex.go:130.31,136.3 1 0
github.com/alibaba/higress/plugins/wasm-go/extensions/ai-proxy/provider/vertex.go:138.2,138.22 1 0
github.com/alibaba/higress/plugins/wasm-go/extensions/ai-proxy/provider/vertex.go:143.47,145.2 1 1
github.com/alibaba/higress/plugins/wasm-go/extensions/ai-proxy/provider/vertex.go:149.56,151.2 1 0
github.com/alibaba/higress/plugins/wasm-go/extensions/ai-proxy/provider/vertex.go:160.51,162.2 1 0
github.com/alibaba/higress/plugins/wasm-go/extensions/ai-proxy/provider/vertex.go:164.58,168.112 1 0
github.com/alibaba/higress/plugins/wasm-go/extensions/ai-proxy/provider/vertex.go:168.112,170.3 1 0
github.com/alibaba/higress/plugins/wasm-go/extensions/ai-proxy/provider/vertex.go:171.2,171.118 1 0
github.com/alibaba/higress/plugins/wasm-go/extensions/ai-proxy/provider/vertex.go:171.118,173.3 1 0
github.com/alibaba/higress/plugins/wasm-go/extensions/ai-proxy/provider/vertex.go:174.2,174.52 1 0
github.com/alibaba/higress/plugins/wasm-go/extensions/ai-proxy/provider/vertex.go:174.52,176.3 1 0
github.com/alibaba/higress/plugins/wasm-go/extensions/ai-proxy/provider/vertex.go:177.2,177.11 1 0
github.com/alibaba/higress/plugins/wasm-go/extensions/ai-proxy/provider/vertex.go:180.91,183.2 2 0
github.com/alibaba/higress/plugins/wasm-go/extensions/ai-proxy/provider/vertex.go:185.113,188.23 2 1
github.com/alibaba/higress/plugins/wasm-go/extensions/ai-proxy/provider/vertex.go:188.23,191.3 1 0
github.com/alibaba/higress/plugins/wasm-go/extensions/ai-proxy/provider/vertex.go:191.8,193.50 1 1
github.com/alibaba/higress/plugins/wasm-go/extensions/ai-proxy/provider/vertex.go:193.50,195.4 1 1
github.com/alibaba/higress/plugins/wasm-go/extensions/ai-proxy/provider/vertex.go:195.9,197.4 1 0
github.com/alibaba/higress/plugins/wasm-go/extensions/ai-proxy/provider/vertex.go:200.2,211.34 5 1
github.com/alibaba/higress/plugins/wasm-go/extensions/ai-proxy/provider/vertex.go:214.62,217.43 3 0
github.com/alibaba/higress/plugins/wasm-go/extensions/ai-proxy/provider/vertex.go:217.43,220.3 2 0
github.com/alibaba/higress/plugins/wasm-go/extensions/ai-proxy/provider/vertex.go:222.2,223.77 2 0
github.com/alibaba/higress/plugins/wasm-go/extensions/ai-proxy/provider/vertex.go:223.77,225.3 1 0
github.com/alibaba/higress/plugins/wasm-go/extensions/ai-proxy/provider/vertex.go:227.2,227.73 1 0
github.com/alibaba/higress/plugins/wasm-go/extensions/ai-proxy/provider/vertex.go:227.73,229.3 1 0
github.com/alibaba/higress/plugins/wasm-go/extensions/ai-proxy/provider/vertex.go:231.2,232.16 2 0
github.com/alibaba/higress/plugins/wasm-go/extensions/ai-proxy/provider/vertex.go:232.16,235.3 2 0
github.com/alibaba/higress/plugins/wasm-go/extensions/ai-proxy/provider/vertex.go:237.2,238.16 2 0
github.com/alibaba/higress/plugins/wasm-go/extensions/ai-proxy/provider/vertex.go:238.16,241.3 2 0
github.com/alibaba/higress/plugins/wasm-go/extensions/ai-proxy/provider/vertex.go:243.2,243.19 1 0
github.com/alibaba/higress/plugins/wasm-go/extensions/ai-proxy/provider/vertex.go:246.56,247.18 1 1
github.com/alibaba/higress/plugins/wasm-go/extensions/ai-proxy/provider/vertex.go:247.18,249.3 1 1
github.com/alibaba/higress/plugins/wasm-go/extensions/ai-proxy/provider/vertex.go:251.2,252.16 2 1
github.com/alibaba/higress/plugins/wasm-go/extensions/ai-proxy/provider/vertex.go:252.16,254.34 1 1
github.com/alibaba/higress/plugins/wasm-go/extensions/ai-proxy/provider/vertex.go:254.34,256.4 1 1
github.com/alibaba/higress/plugins/wasm-go/extensions/ai-proxy/provider/vertex.go:257.3,257.33 1 1
github.com/alibaba/higress/plugins/wasm-go/extensions/ai-proxy/provider/vertex.go:260.2,263.32 4 1
github.com/alibaba/higress/plugins/wasm-go/extensions/ai-proxy/provider/vertex.go:266.75,268.18 2 0
github.com/alibaba/higress/plugins/wasm-go/extensions/ai-proxy/provider/vertex.go:268.18,270.3 1 0
github.com/alibaba/higress/plugins/wasm-go/extensions/ai-proxy/provider/vertex.go:271.2,271.15 1 0
github.com/alibaba/higress/plugins/wasm-go/extensions/ai-proxy/provider/vertex.go:274.117,275.39 1 0
github.com/alibaba/higress/plugins/wasm-go/extensions/ai-proxy/provider/vertex.go:275.39,277.3 1 0
github.com/alibaba/higress/plugins/wasm-go/extensions/ai-proxy/provider/vertex.go:282.2,282.33 1 0
github.com/alibaba/higress/plugins/wasm-go/extensions/ai-proxy/provider/vertex.go:282.33,285.24 2 0
github.com/alibaba/higress/plugins/wasm-go/extensions/ai-proxy/provider/vertex.go:285.24,293.4 7 0
github.com/alibaba/higress/plugins/wasm-go/extensions/ai-proxy/provider/vertex.go:295.3,296.13 2 0
github.com/alibaba/higress/plugins/wasm-go/extensions/ai-proxy/provider/vertex.go:296.13,298.4 1 0
github.com/alibaba/higress/plugins/wasm-go/extensions/ai-proxy/provider/vertex.go:299.3,299.17 1 0
github.com/alibaba/higress/plugins/wasm-go/extensions/ai-proxy/provider/vertex.go:299.17,301.4 1 0
github.com/alibaba/higress/plugins/wasm-go/extensions/ai-proxy/provider/vertex.go:302.3,302.35 1 0
github.com/alibaba/higress/plugins/wasm-go/extensions/ai-proxy/provider/vertex.go:305.2,305.27 1 0
github.com/alibaba/higress/plugins/wasm-go/extensions/ai-proxy/provider/vertex.go:305.27,307.3 1 0
github.com/alibaba/higress/plugins/wasm-go/extensions/ai-proxy/provider/vertex.go:309.2,315.71 2 0
github.com/alibaba/higress/plugins/wasm-go/extensions/ai-proxy/provider/vertex.go:315.71,318.17 3 0
github.com/alibaba/higress/plugins/wasm-go/extensions/ai-proxy/provider/vertex.go:318.17,320.4 1 0
github.com/alibaba/higress/plugins/wasm-go/extensions/ai-proxy/provider/vertex.go:321.3,326.13 5 0
github.com/alibaba/higress/plugins/wasm-go/extensions/ai-proxy/provider/vertex.go:326.13,328.4 1 0
github.com/alibaba/higress/plugins/wasm-go/extensions/ai-proxy/provider/vertex.go:329.3,329.17 1 0
github.com/alibaba/higress/plugins/wasm-go/extensions/ai-proxy/provider/vertex.go:329.17,331.4 1 0
github.com/alibaba/higress/plugins/wasm-go/extensions/ai-proxy/provider/vertex.go:332.3,332.35 1 0
github.com/alibaba/higress/plugins/wasm-go/extensions/ai-proxy/provider/vertex.go:335.2,336.16 2 0
github.com/alibaba/higress/plugins/wasm-go/extensions/ai-proxy/provider/vertex.go:336.16,338.3 1 0
github.com/alibaba/higress/plugins/wasm-go/extensions/ai-proxy/provider/vertex.go:339.2,341.23 2 0
github.com/alibaba/higress/plugins/wasm-go/extensions/ai-proxy/provider/vertex.go:341.23,347.3 4 0
github.com/alibaba/higress/plugins/wasm-go/extensions/ai-proxy/provider/vertex.go:350.2,353.12 4 0
github.com/alibaba/higress/plugins/wasm-go/extensions/ai-proxy/provider/vertex.go:353.12,355.3 1 0
github.com/alibaba/higress/plugins/wasm-go/extensions/ai-proxy/provider/vertex.go:356.2,356.16 1 0
github.com/alibaba/higress/plugins/wasm-go/extensions/ai-proxy/provider/vertex.go:356.16,358.3 1 0
github.com/alibaba/higress/plugins/wasm-go/extensions/ai-proxy/provider/vertex.go:359.2,359.34 1 0
github.com/alibaba/higress/plugins/wasm-go/extensions/ai-proxy/provider/vertex.go:362.146,363.17 1 1
github.com/alibaba/higress/plugins/wasm-go/extensions/ai-proxy/provider/vertex.go:364.29,365.59 1 0
github.com/alibaba/higress/plugins/wasm-go/extensions/ai-proxy/provider/vertex.go:366.32,367.62 1 1
github.com/alibaba/higress/plugins/wasm-go/extensions/ai-proxy/provider/vertex.go:368.25,369.55 1 0
github.com/alibaba/higress/plugins/wasm-go/extensions/ai-proxy/provider/vertex.go:370.30,371.60 1 0
github.com/alibaba/higress/plugins/wasm-go/extensions/ai-proxy/provider/vertex.go:372.24,373.54 1 0
github.com/alibaba/higress/plugins/wasm-go/extensions/ai-proxy/provider/vertex.go:374.29,375.59 1 0
github.com/alibaba/higress/plugins/wasm-go/extensions/ai-proxy/provider/vertex.go:376.10,377.19 1 0
github.com/alibaba/higress/plugins/wasm-go/extensions/ai-proxy/provider/vertex.go:383.148,384.38 1 0
github.com/alibaba/higress/plugins/wasm-go/extensions/ai-proxy/provider/vertex.go:384.38,386.3 1 0
github.com/alibaba/higress/plugins/wasm-go/extensions/ai-proxy/provider/vertex.go:389.2,390.77 2 0
github.com/alibaba/higress/plugins/wasm-go/extensions/ai-proxy/provider/vertex.go:390.77,392.3 1 0
github.com/alibaba/higress/plugins/wasm-go/extensions/ai-proxy/provider/vertex.go:395.2,399.25 3 0
github.com/alibaba/higress/plugins/wasm-go/extensions/ai-proxy/provider/vertex.go:399.25,401.3 1 0
github.com/alibaba/higress/plugins/wasm-go/extensions/ai-proxy/provider/vertex.go:404.2,404.18 1 0
github.com/alibaba/higress/plugins/wasm-go/extensions/ai-proxy/provider/vertex.go:417.132,421.55 3 1
github.com/alibaba/higress/plugins/wasm-go/extensions/ai-proxy/provider/vertex.go:421.55,423.3 1 0
github.com/alibaba/higress/plugins/wasm-go/extensions/ai-proxy/provider/vertex.go:425.2,429.16 4 1
github.com/alibaba/higress/plugins/wasm-go/extensions/ai-proxy/provider/vertex.go:429.16,431.3 1 0
github.com/alibaba/higress/plugins/wasm-go/extensions/ai-proxy/provider/vertex.go:432.2,433.16 2 1
github.com/alibaba/higress/plugins/wasm-go/extensions/ai-proxy/provider/vertex.go:433.16,435.3 1 0
github.com/alibaba/higress/plugins/wasm-go/extensions/ai-proxy/provider/vertex.go:439.2,439.59 1 1
github.com/alibaba/higress/plugins/wasm-go/extensions/ai-proxy/provider/vertex.go:439.59,440.47 1 1
github.com/alibaba/higress/plugins/wasm-go/extensions/ai-proxy/provider/vertex.go:440.47,442.4 1 0
github.com/alibaba/higress/plugins/wasm-go/extensions/ai-proxy/provider/vertex.go:447.2,447.50 1 1
github.com/alibaba/higress/plugins/wasm-go/extensions/ai-proxy/provider/vertex.go:447.50,449.17 2 1
github.com/alibaba/higress/plugins/wasm-go/extensions/ai-proxy/provider/vertex.go:449.17,451.4 1 0
github.com/alibaba/higress/plugins/wasm-go/extensions/ai-proxy/provider/vertex.go:454.2,454.18 1 1
github.com/alibaba/higress/plugins/wasm-go/extensions/ai-proxy/provider/vertex.go:457.129,460.16 3 0
github.com/alibaba/higress/plugins/wasm-go/extensions/ai-proxy/provider/vertex.go:460.16,462.3 1 0
github.com/alibaba/higress/plugins/wasm-go/extensions/ai-proxy/provider/vertex.go:463.2,463.48 1 0
github.com/alibaba/higress/plugins/wasm-go/extensions/ai-proxy/provider/vertex.go:463.48,472.17 8 0
github.com/alibaba/higress/plugins/wasm-go/extensions/ai-proxy/provider/vertex.go:472.17,474.4 1 0
github.com/alibaba/higress/plugins/wasm-go/extensions/ai-proxy/provider/vertex.go:475.3,475.25 1 0
github.com/alibaba/higress/plugins/wasm-go/extensions/ai-proxy/provider/vertex.go:476.8,481.17 4 0
github.com/alibaba/higress/plugins/wasm-go/extensions/ai-proxy/provider/vertex.go:481.17,483.4 1 0
github.com/alibaba/higress/plugins/wasm-go/extensions/ai-proxy/provider/vertex.go:484.3,484.37 1 0
github.com/alibaba/higress/plugins/wasm-go/extensions/ai-proxy/provider/vertex.go:488.125,490.77 2 0
github.com/alibaba/higress/plugins/wasm-go/extensions/ai-proxy/provider/vertex.go:490.77,492.3 1 0
github.com/alibaba/higress/plugins/wasm-go/extensions/ai-proxy/provider/vertex.go:493.2,497.36 4 0
github.com/alibaba/higress/plugins/wasm-go/extensions/ai-proxy/provider/vertex.go:500.130,502.77 2 0
github.com/alibaba/higress/plugins/wasm-go/extensions/ai-proxy/provider/vertex.go:502.77,504.3 1 0
github.com/alibaba/higress/plugins/wasm-go/extensions/ai-proxy/provider/vertex.go:506.2,510.16 4 0
github.com/alibaba/higress/plugins/wasm-go/extensions/ai-proxy/provider/vertex.go:510.16,512.3 1 0
github.com/alibaba/higress/plugins/wasm-go/extensions/ai-proxy/provider/vertex.go:513.2,513.36 1 0
github.com/alibaba/higress/plugins/wasm-go/extensions/ai-proxy/provider/vertex.go:516.124,520.38 4 0
github.com/alibaba/higress/plugins/wasm-go/extensions/ai-proxy/provider/vertex.go:520.38,522.17 2 0
github.com/alibaba/higress/plugins/wasm-go/extensions/ai-proxy/provider/vertex.go:522.17,524.4 1 0
github.com/alibaba/higress/plugins/wasm-go/extensions/ai-proxy/provider/vertex.go:525.3,531.64 7 0
github.com/alibaba/higress/plugins/wasm-go/extensions/ai-proxy/provider/vertex.go:531.64,533.4 1 0
github.com/alibaba/higress/plugins/wasm-go/extensions/ai-proxy/provider/vertex.go:534.3,534.28 1 0
github.com/alibaba/higress/plugins/wasm-go/extensions/ai-proxy/provider/vertex.go:534.28,536.4 1 0
github.com/alibaba/higress/plugins/wasm-go/extensions/ai-proxy/provider/vertex.go:537.8,538.78 1 0
github.com/alibaba/higress/plugins/wasm-go/extensions/ai-proxy/provider/vertex.go:538.78,540.4 1 0
github.com/alibaba/higress/plugins/wasm-go/extensions/ai-proxy/provider/vertex.go:541.3,541.24 1 0
github.com/alibaba/higress/plugins/wasm-go/extensions/ai-proxy/provider/vertex.go:541.24,543.4 1 0
github.com/alibaba/higress/plugins/wasm-go/extensions/ai-proxy/provider/vertex.go:544.3,544.37 1 0
github.com/alibaba/higress/plugins/wasm-go/extensions/ai-proxy/provider/vertex.go:546.2,546.25 1 0
github.com/alibaba/higress/plugins/wasm-go/extensions/ai-proxy/provider/vertex.go:546.25,548.3 1 0
github.com/alibaba/higress/plugins/wasm-go/extensions/ai-proxy/provider/vertex.go:549.2,549.26 1 0
github.com/alibaba/higress/plugins/wasm-go/extensions/ai-proxy/provider/vertex.go:549.26,551.3 1 0
github.com/alibaba/higress/plugins/wasm-go/extensions/ai-proxy/provider/vertex.go:553.2,557.16 5 0
github.com/alibaba/higress/plugins/wasm-go/extensions/ai-proxy/provider/vertex.go:557.16,559.3 1 0
github.com/alibaba/higress/plugins/wasm-go/extensions/ai-proxy/provider/vertex.go:560.2,560.36 1 0
github.com/alibaba/higress/plugins/wasm-go/extensions/ai-proxy/provider/vertex.go:563.129,567.38 4 0
github.com/alibaba/higress/plugins/wasm-go/extensions/ai-proxy/provider/vertex.go:567.38,569.17 2 0
github.com/alibaba/higress/plugins/wasm-go/extensions/ai-proxy/provider/vertex.go:569.17,571.4 1 0
github.com/alibaba/higress/plugins/wasm-go/extensions/ai-proxy/provider/vertex.go:572.3,578.64 7 0
github.com/alibaba/higress/plugins/wasm-go/extensions/ai-proxy/provider/vertex.go:578.64,580.4 1 0
github.com/alibaba/higress/plugins/wasm-go/extensions/ai-proxy/provider/vertex.go:581.8,582.78 1 0
github.com/alibaba/higress/plugins/wasm-go/extensions/ai-proxy/provider/vertex.go:582.78,584.4 1 0
github.com/alibaba/higress/plugins/wasm-go/extensions/ai-proxy/provider/vertex.go:585.3,585.37 1 0
github.com/alibaba/higress/plugins/wasm-go/extensions/ai-proxy/provider/vertex.go:587.2,587.25 1 0
github.com/alibaba/higress/plugins/wasm-go/extensions/ai-proxy/provider/vertex.go:587.25,589.3 1 0
github.com/alibaba/higress/plugins/wasm-go/extensions/ai-proxy/provider/vertex.go:591.2,592.18 2 0
github.com/alibaba/higress/plugins/wasm-go/extensions/ai-proxy/provider/vertex.go:592.18,594.3 1 0
github.com/alibaba/higress/plugins/wasm-go/extensions/ai-proxy/provider/vertex.go:596.2,600.16 5 0
github.com/alibaba/higress/plugins/wasm-go/extensions/ai-proxy/provider/vertex.go:600.16,602.3 1 0
github.com/alibaba/higress/plugins/wasm-go/extensions/ai-proxy/provider/vertex.go:603.2,603.36 1 0
github.com/alibaba/higress/plugins/wasm-go/extensions/ai-proxy/provider/vertex.go:606.121,608.2 1 0
github.com/alibaba/higress/plugins/wasm-go/extensions/ai-proxy/provider/vertex.go:610.147,613.64 2 0
github.com/alibaba/higress/plugins/wasm-go/extensions/ai-proxy/provider/vertex.go:613.64,618.3 1 0
github.com/alibaba/higress/plugins/wasm-go/extensions/ai-proxy/provider/vertex.go:621.2,625.24 3 0
github.com/alibaba/higress/plugins/wasm-go/extensions/ai-proxy/provider/vertex.go:625.24,626.23 1 0
github.com/alibaba/higress/plugins/wasm-go/extensions/ai-proxy/provider/vertex.go:627.22,628.27 1 0
github.com/alibaba/higress/plugins/wasm-go/extensions/ai-proxy/provider/vertex.go:629.15,630.27 1 0
github.com/alibaba/higress/plugins/wasm-go/extensions/ai-proxy/provider/vertex.go:631.11,632.26 1 0
github.com/alibaba/higress/plugins/wasm-go/extensions/ai-proxy/provider/vertex.go:636.2,637.37 2 0
github.com/alibaba/higress/plugins/wasm-go/extensions/ai-proxy/provider/vertex.go:637.37,639.17 2 0
github.com/alibaba/higress/plugins/wasm-go/extensions/ai-proxy/provider/vertex.go:639.17,641.4 1 0
github.com/alibaba/higress/plugins/wasm-go/extensions/ai-proxy/provider/vertex.go:642.3,642.30 1 0
github.com/alibaba/higress/plugins/wasm-go/extensions/ai-proxy/provider/vertex.go:644.2,644.18 1 0
github.com/alibaba/higress/plugins/wasm-go/extensions/ai-proxy/provider/vertex.go:644.18,648.3 1 0
github.com/alibaba/higress/plugins/wasm-go/extensions/ai-proxy/provider/vertex.go:649.2,649.21 1 0
github.com/alibaba/higress/plugins/wasm-go/extensions/ai-proxy/provider/vertex.go:649.21,651.3 1 0
github.com/alibaba/higress/plugins/wasm-go/extensions/ai-proxy/provider/vertex.go:653.2,674.27 2 0
github.com/alibaba/higress/plugins/wasm-go/extensions/ai-proxy/provider/vertex.go:680.86,685.16 3 0
github.com/alibaba/higress/plugins/wasm-go/extensions/ai-proxy/provider/vertex.go:685.16,687.3 1 0
github.com/alibaba/higress/plugins/wasm-go/extensions/ai-proxy/provider/vertex.go:690.2,718.42 2 0
github.com/alibaba/higress/plugins/wasm-go/extensions/ai-proxy/provider/vertex.go:718.42,720.3 1 0
github.com/alibaba/higress/plugins/wasm-go/extensions/ai-proxy/provider/vertex.go:722.2,722.8 1 0
github.com/alibaba/higress/plugins/wasm-go/extensions/ai-proxy/provider/vertex.go:725.137,727.38 1 1
github.com/alibaba/higress/plugins/wasm-go/extensions/ai-proxy/provider/vertex.go:727.38,729.3 1 1
github.com/alibaba/higress/plugins/wasm-go/extensions/ai-proxy/provider/vertex.go:733.2,733.114 1 0
github.com/alibaba/higress/plugins/wasm-go/extensions/ai-proxy/provider/vertex.go:733.114,735.3 1 0
github.com/alibaba/higress/plugins/wasm-go/extensions/ai-proxy/provider/vertex.go:737.2,737.94 1 0
github.com/alibaba/higress/plugins/wasm-go/extensions/ai-proxy/provider/vertex.go:737.94,739.3 1 0
github.com/alibaba/higress/plugins/wasm-go/extensions/ai-proxy/provider/vertex.go:740.2,741.37 2 0
github.com/alibaba/higress/plugins/wasm-go/extensions/ai-proxy/provider/vertex.go:741.37,743.3 1 0
github.com/alibaba/higress/plugins/wasm-go/extensions/ai-proxy/provider/vertex.go:744.2,744.35 1 0
github.com/alibaba/higress/plugins/wasm-go/extensions/ai-proxy/provider/vertex.go:744.35,745.18 1 0
github.com/alibaba/higress/plugins/wasm-go/extensions/ai-proxy/provider/vertex.go:745.18,747.4 1 0
github.com/alibaba/higress/plugins/wasm-go/extensions/ai-proxy/provider/vertex.go:748.3,748.20 1 0
github.com/alibaba/higress/plugins/wasm-go/extensions/ai-proxy/provider/vertex.go:751.2,754.17 3 0
github.com/alibaba/higress/plugins/wasm-go/extensions/ai-proxy/provider/vertex.go:754.17,756.80 2 0
github.com/alibaba/higress/plugins/wasm-go/extensions/ai-proxy/provider/vertex.go:756.80,758.4 1 0
github.com/alibaba/higress/plugins/wasm-go/extensions/ai-proxy/provider/vertex.go:759.3,759.31 1 0
github.com/alibaba/higress/plugins/wasm-go/extensions/ai-proxy/provider/vertex.go:759.31,761.48 2 0
github.com/alibaba/higress/plugins/wasm-go/extensions/ai-proxy/provider/vertex.go:761.48,763.5 1 0
github.com/alibaba/higress/plugins/wasm-go/extensions/ai-proxy/provider/vertex.go:766.2,769.37 4 0
github.com/alibaba/higress/plugins/wasm-go/extensions/ai-proxy/provider/vertex.go:769.37,771.17 2 0
github.com/alibaba/higress/plugins/wasm-go/extensions/ai-proxy/provider/vertex.go:771.17,772.12 1 0
github.com/alibaba/higress/plugins/wasm-go/extensions/ai-proxy/provider/vertex.go:774.3,774.33 1 0
github.com/alibaba/higress/plugins/wasm-go/extensions/ai-proxy/provider/vertex.go:774.33,775.17 1 0
github.com/alibaba/higress/plugins/wasm-go/extensions/ai-proxy/provider/vertex.go:775.17,778.5 2 0
github.com/alibaba/higress/plugins/wasm-go/extensions/ai-proxy/provider/vertex.go:779.4,779.12 1 0
github.com/alibaba/higress/plugins/wasm-go/extensions/ai-proxy/provider/vertex.go:781.3,782.67 2 0
github.com/alibaba/higress/plugins/wasm-go/extensions/ai-proxy/provider/vertex.go:782.67,784.12 2 0
github.com/alibaba/higress/plugins/wasm-go/extensions/ai-proxy/provider/vertex.go:786.3,788.17 3 0
github.com/alibaba/higress/plugins/wasm-go/extensions/ai-proxy/provider/vertex.go:788.17,791.4 2 0
github.com/alibaba/higress/plugins/wasm-go/extensions/ai-proxy/provider/vertex.go:792.3,792.58 1 0
github.com/alibaba/higress/plugins/wasm-go/extensions/ai-proxy/provider/vertex.go:794.2,794.16 1 0
github.com/alibaba/higress/plugins/wasm-go/extensions/ai-proxy/provider/vertex.go:794.16,797.3 2 0
github.com/alibaba/higress/plugins/wasm-go/extensions/ai-proxy/provider/vertex.go:798.2,800.33 3 0
github.com/alibaba/higress/plugins/wasm-go/extensions/ai-proxy/provider/vertex.go:800.33,804.3 1 0
github.com/alibaba/higress/plugins/wasm-go/extensions/ai-proxy/provider/vertex.go:805.2,806.43 2 0
github.com/alibaba/higress/plugins/wasm-go/extensions/ai-proxy/provider/vertex.go:809.119,811.41 1 1
github.com/alibaba/higress/plugins/wasm-go/extensions/ai-proxy/provider/vertex.go:811.41,813.3 1 1
github.com/alibaba/higress/plugins/wasm-go/extensions/ai-proxy/provider/vertex.go:817.2,817.114 1 0
github.com/alibaba/higress/plugins/wasm-go/extensions/ai-proxy/provider/vertex.go:817.114,819.3 1 0
github.com/alibaba/higress/plugins/wasm-go/extensions/ai-proxy/provider/vertex.go:821.2,821.94 1 0
github.com/alibaba/higress/plugins/wasm-go/extensions/ai-proxy/provider/vertex.go:821.94,823.3 1 0
github.com/alibaba/higress/plugins/wasm-go/extensions/ai-proxy/provider/vertex.go:825.2,825.17 1 0
github.com/alibaba/higress/plugins/wasm-go/extensions/ai-proxy/provider/vertex.go:826.29,827.51 1 0
github.com/alibaba/higress/plugins/wasm-go/extensions/ai-proxy/provider/vertex.go:828.25,829.47 1 0
github.com/alibaba/higress/plugins/wasm-go/extensions/ai-proxy/provider/vertex.go:830.71,831.52 1 0
github.com/alibaba/higress/plugins/wasm-go/extensions/ai-proxy/provider/vertex.go:832.10,833.19 1 0
github.com/alibaba/higress/plugins/wasm-go/extensions/ai-proxy/provider/vertex.go:837.109,839.61 2 0
github.com/alibaba/higress/plugins/wasm-go/extensions/ai-proxy/provider/vertex.go:839.61,841.3 1 0
github.com/alibaba/higress/plugins/wasm-go/extensions/ai-proxy/provider/vertex.go:842.2,843.31 2 0
github.com/alibaba/higress/plugins/wasm-go/extensions/ai-proxy/provider/vertex.go:846.133,862.48 2 1
github.com/alibaba/higress/plugins/wasm-go/extensions/ai-proxy/provider/vertex.go:862.48,870.39 2 1
github.com/alibaba/higress/plugins/wasm-go/extensions/ai-proxy/provider/vertex.go:870.39,872.32 2 1
github.com/alibaba/higress/plugins/wasm-go/extensions/ai-proxy/provider/vertex.go:872.32,886.5 2 1
github.com/alibaba/higress/plugins/wasm-go/extensions/ai-proxy/provider/vertex.go:886.10,886.71 1 0
github.com/alibaba/higress/plugins/wasm-go/extensions/ai-proxy/provider/vertex.go:886.71,888.5 1 0
github.com/alibaba/higress/plugins/wasm-go/extensions/ai-proxy/provider/vertex.go:888.10,888.30 1 0
github.com/alibaba/higress/plugins/wasm-go/extensions/ai-proxy/provider/vertex.go:888.30,890.5 1 0
github.com/alibaba/higress/plugins/wasm-go/extensions/ai-proxy/provider/vertex.go:891.9,893.4 1 0
github.com/alibaba/higress/plugins/wasm-go/extensions/ai-proxy/provider/vertex.go:894.3,894.70 1 1
github.com/alibaba/higress/plugins/wasm-go/extensions/ai-proxy/provider/vertex.go:896.2,896.26 1 1
github.com/alibaba/higress/plugins/wasm-go/extensions/ai-proxy/provider/vertex.go:899.105,901.61 2 0
github.com/alibaba/higress/plugins/wasm-go/extensions/ai-proxy/provider/vertex.go:901.61,903.3 1 0
github.com/alibaba/higress/plugins/wasm-go/extensions/ai-proxy/provider/vertex.go:904.2,905.31 2 0
github.com/alibaba/higress/plugins/wasm-go/extensions/ai-proxy/provider/vertex.go:908.132,915.46 3 0
github.com/alibaba/higress/plugins/wasm-go/extensions/ai-proxy/provider/vertex.go:915.46,921.40 2 0
github.com/alibaba/higress/plugins/wasm-go/extensions/ai-proxy/provider/vertex.go:921.40,923.4 1 0
github.com/alibaba/higress/plugins/wasm-go/extensions/ai-proxy/provider/vertex.go:925.2,926.18 2 0
github.com/alibaba/higress/plugins/wasm-go/extensions/ai-proxy/provider/vertex.go:929.110,934.2 2 0
github.com/alibaba/higress/plugins/wasm-go/extensions/ai-proxy/provider/vertex.go:938.101,944.58 4 0
github.com/alibaba/higress/plugins/wasm-go/extensions/ai-proxy/provider/vertex.go:944.58,946.49 2 0
github.com/alibaba/higress/plugins/wasm-go/extensions/ai-proxy/provider/vertex.go:946.49,948.34 1 0
github.com/alibaba/higress/plugins/wasm-go/extensions/ai-proxy/provider/vertex.go:948.34,950.5 1 0
github.com/alibaba/higress/plugins/wasm-go/extensions/ai-proxy/provider/vertex.go:952.4,953.56 2 0
github.com/alibaba/higress/plugins/wasm-go/extensions/ai-proxy/provider/vertex.go:953.56,957.5 1 0
github.com/alibaba/higress/plugins/wasm-go/extensions/ai-proxy/provider/vertex.go:958.4,958.15 1 0
github.com/alibaba/higress/plugins/wasm-go/extensions/ai-proxy/provider/vertex.go:960.3,960.14 1 0
github.com/alibaba/higress/plugins/wasm-go/extensions/ai-proxy/provider/vertex.go:964.2,974.3 2 0
github.com/alibaba/higress/plugins/wasm-go/extensions/ai-proxy/provider/vertex.go:977.141,980.87 3 1
github.com/alibaba/higress/plugins/wasm-go/extensions/ai-proxy/provider/vertex.go:980.87,982.31 2 1
github.com/alibaba/higress/plugins/wasm-go/extensions/ai-proxy/provider/vertex.go:982.31,998.4 2 1
github.com/alibaba/higress/plugins/wasm-go/extensions/ai-proxy/provider/vertex.go:998.9,998.34 1 1
github.com/alibaba/higress/plugins/wasm-go/extensions/ai-proxy/provider/vertex.go:998.34,999.47 1 1
github.com/alibaba/higress/plugins/wasm-go/extensions/ai-proxy/provider/vertex.go:999.47,1002.5 2 1
github.com/alibaba/higress/plugins/wasm-go/extensions/ai-proxy/provider/vertex.go:1002.10,1004.5 1 1
github.com/alibaba/higress/plugins/wasm-go/extensions/ai-proxy/provider/vertex.go:1005.9,1005.29 1 1
github.com/alibaba/higress/plugins/wasm-go/extensions/ai-proxy/provider/vertex.go:1005.29,1006.88 1 1
github.com/alibaba/higress/plugins/wasm-go/extensions/ai-proxy/provider/vertex.go:1006.88,1009.5 2 1
github.com/alibaba/higress/plugins/wasm-go/extensions/ai-proxy/provider/vertex.go:1009.10,1011.5 1 1
github.com/alibaba/higress/plugins/wasm-go/extensions/ai-proxy/provider/vertex.go:1014.2,1029.24 2 1
github.com/alibaba/higress/plugins/wasm-go/extensions/ai-proxy/provider/vertex.go:1032.35,1034.2 1 1
github.com/alibaba/higress/plugins/wasm-go/extensions/ai-proxy/provider/vertex.go:1036.75,1038.24 2 1
github.com/alibaba/higress/plugins/wasm-go/extensions/ai-proxy/provider/vertex.go:1038.24,1041.3 2 1
github.com/alibaba/higress/plugins/wasm-go/extensions/ai-proxy/provider/vertex.go:1042.2,1042.40 1 1
github.com/alibaba/higress/plugins/wasm-go/extensions/ai-proxy/provider/vertex.go:1042.40,1044.3 1 1
github.com/alibaba/higress/plugins/wasm-go/extensions/ai-proxy/provider/vertex.go:1045.2,1047.11 3 1
github.com/alibaba/higress/plugins/wasm-go/extensions/ai-proxy/provider/vertex.go:1050.96,1052.2 1 0
github.com/alibaba/higress/plugins/wasm-go/extensions/ai-proxy/provider/vertex.go:1054.128,1056.12 2 1
github.com/alibaba/higress/plugins/wasm-go/extensions/ai-proxy/provider/vertex.go:1056.12,1058.3 1 1
github.com/alibaba/higress/plugins/wasm-go/extensions/ai-proxy/provider/vertex.go:1058.8,1060.3 1 1
github.com/alibaba/higress/plugins/wasm-go/extensions/ai-proxy/provider/vertex.go:1062.2,1062.23 1 1
github.com/alibaba/higress/plugins/wasm-go/extensions/ai-proxy/provider/vertex.go:1062.23,1067.3 3 0
github.com/alibaba/higress/plugins/wasm-go/extensions/ai-proxy/provider/vertex.go:1069.2,1070.13 2 1
github.com/alibaba/higress/plugins/wasm-go/extensions/ai-proxy/provider/vertex.go:1073.119,1075.17 2 0
github.com/alibaba/higress/plugins/wasm-go/extensions/ai-proxy/provider/vertex.go:1076.25,1077.33 1 0
github.com/alibaba/higress/plugins/wasm-go/extensions/ai-proxy/provider/vertex.go:1078.71,1080.38 1 0
github.com/alibaba/higress/plugins/wasm-go/extensions/ai-proxy/provider/vertex.go:1081.10,1082.13 1 0
github.com/alibaba/higress/plugins/wasm-go/extensions/ai-proxy/provider/vertex.go:1082.13,1084.4 1 0
github.com/alibaba/higress/plugins/wasm-go/extensions/ai-proxy/provider/vertex.go:1084.9,1086.4 1 0
github.com/alibaba/higress/plugins/wasm-go/extensions/ai-proxy/provider/vertex.go:1089.2,1089.23 1 0
github.com/alibaba/higress/plugins/wasm-go/extensions/ai-proxy/provider/vertex.go:1089.23,1094.3 3 0
github.com/alibaba/higress/plugins/wasm-go/extensions/ai-proxy/provider/vertex.go:1096.2,1097.13 2 0
github.com/alibaba/higress/plugins/wasm-go/extensions/ai-proxy/provider/vertex.go:1101.66,1103.2 1 0
github.com/alibaba/higress/plugins/wasm-go/extensions/ai-proxy/provider/vertex.go:1105.109,1107.64 2 1
github.com/alibaba/higress/plugins/wasm-go/extensions/ai-proxy/provider/vertex.go:1107.64,1112.3 1 0
github.com/alibaba/higress/plugins/wasm-go/extensions/ai-proxy/provider/vertex.go:1113.2,1122.35 2 1
github.com/alibaba/higress/plugins/wasm-go/extensions/ai-proxy/provider/vertex.go:1122.35,1127.34 2 0
github.com/alibaba/higress/plugins/wasm-go/extensions/ai-proxy/provider/vertex.go:1128.15,1130.37 2 0
github.com/alibaba/higress/plugins/wasm-go/extensions/ai-proxy/provider/vertex.go:1131.14,1132.40 1 0
github.com/alibaba/higress/plugins/wasm-go/extensions/ai-proxy/provider/vertex.go:1133.17,1134.40 1 0
github.com/alibaba/higress/plugins/wasm-go/extensions/ai-proxy/provider/vertex.go:1135.15,1136.41 1 0
github.com/alibaba/higress/plugins/wasm-go/extensions/ai-proxy/provider/vertex.go:1138.3,1138.65 1 0
github.com/alibaba/higress/plugins/wasm-go/extensions/ai-proxy/provider/vertex.go:1140.2,1140.136 1 1
github.com/alibaba/higress/plugins/wasm-go/extensions/ai-proxy/provider/vertex.go:1140.136,1142.3 1 1
github.com/alibaba/higress/plugins/wasm-go/extensions/ai-proxy/provider/vertex.go:1143.2,1143.26 1 1
github.com/alibaba/higress/plugins/wasm-go/extensions/ai-proxy/provider/vertex.go:1143.26,1145.38 2 0
github.com/alibaba/higress/plugins/wasm-go/extensions/ai-proxy/provider/vertex.go:1145.38,1147.4 1 0
github.com/alibaba/higress/plugins/wasm-go/extensions/ai-proxy/provider/vertex.go:1148.3,1152.4 1 0
github.com/alibaba/higress/plugins/wasm-go/extensions/ai-proxy/provider/vertex.go:1154.2,1156.43 3 1
github.com/alibaba/higress/plugins/wasm-go/extensions/ai-proxy/provider/vertex.go:1156.43,1161.33 2 1
github.com/alibaba/higress/plugins/wasm-go/extensions/ai-proxy/provider/vertex.go:1161.33,1164.97 3 1
github.com/alibaba/higress/plugins/wasm-go/extensions/ai-proxy/provider/vertex.go:1164.97,1166.5 1 1
github.com/alibaba/higress/plugins/wasm-go/extensions/ai-proxy/provider/vertex.go:1167.4,1173.6 1 1
github.com/alibaba/higress/plugins/wasm-go/extensions/ai-proxy/provider/vertex.go:1174.9,1175.48 1 1
github.com/alibaba/higress/plugins/wasm-go/extensions/ai-proxy/provider/vertex.go:1175.48,1176.22 1 1
github.com/alibaba/higress/plugins/wasm-go/extensions/ai-proxy/provider/vertex.go:1177.26,1178.34 1 1
github.com/alibaba/higress/plugins/wasm-go/extensions/ai-proxy/provider/vertex.go:1178.34,1187.7 1 1
github.com/alibaba/higress/plugins/wasm-go/extensions/ai-proxy/provider/vertex.go:1187.12,1191.7 1 1
github.com/alibaba/higress/plugins/wasm-go/extensions/ai-proxy/provider/vertex.go:1192.30,1194.20 2 0
github.com/alibaba/higress/plugins/wasm-go/extensions/ai-proxy/provider/vertex.go:1194.20,1196.7 1 0
github.com/alibaba/higress/plugins/wasm-go/extensions/ai-proxy/provider/vertex.go:1196.12,1198.7 1 0
github.com/alibaba/higress/plugins/wasm-go/extensions/ai-proxy/provider/vertex.go:1204.3,1204.23 1 1
github.com/alibaba/higress/plugins/wasm-go/extensions/ai-proxy/provider/vertex.go:1205.22,1206.26 1 1
github.com/alibaba/higress/plugins/wasm-go/extensions/ai-proxy/provider/vertex.go:1207.17,1208.27 1 1
github.com/alibaba/higress/plugins/wasm-go/extensions/ai-proxy/provider/vertex.go:1209.19,1211.37 2 0
github.com/alibaba/higress/plugins/wasm-go/extensions/ai-proxy/provider/vertex.go:1213.3,1216.33 2 1
github.com/alibaba/higress/plugins/wasm-go/extensions/ai-proxy/provider/vertex.go:1216.33,1226.4 2 0
github.com/alibaba/higress/plugins/wasm-go/extensions/ai-proxy/provider/vertex.go:1229.2,1229.28 1 1
github.com/alibaba/higress/plugins/wasm-go/extensions/ai-proxy/provider/vertex.go:1234.169,1235.57 1 1
github.com/alibaba/higress/plugins/wasm-go/extensions/ai-proxy/provider/vertex.go:1235.57,1237.3 1 1
github.com/alibaba/higress/plugins/wasm-go/extensions/ai-proxy/provider/vertex.go:1243.2,1243.45 1 1
github.com/alibaba/higress/plugins/wasm-go/extensions/ai-proxy/provider/vertex.go:1243.45,1245.3 1 1
github.com/alibaba/higress/plugins/wasm-go/extensions/ai-proxy/provider/vertex.go:1247.2,1250.28 3 1
github.com/alibaba/higress/plugins/wasm-go/extensions/ai-proxy/provider/vertex.go:1251.10,1253.38 1 0
github.com/alibaba/higress/plugins/wasm-go/extensions/ai-proxy/provider/vertex.go:1253.38,1256.4 2 0
github.com/alibaba/higress/plugins/wasm-go/extensions/ai-proxy/provider/vertex.go:1257.21,1258.67 1 1
github.com/alibaba/higress/plugins/wasm-go/extensions/ai-proxy/provider/vertex.go:1259.21,1261.23 2 1
github.com/alibaba/higress/plugins/wasm-go/extensions/ai-proxy/provider/vertex.go:1261.23,1263.4 1 1
github.com/alibaba/higress/plugins/wasm-go/extensions/ai-proxy/provider/vertex.go:1264.3,1265.43 2 1
github.com/alibaba/higress/plugins/wasm-go/extensions/ai-proxy/provider/vertex.go:1266.14,1266.14 0 1
github.com/alibaba/higress/plugins/wasm-go/extensions/ai-proxy/provider/vertex.go:1268.10,1270.78 1 1
github.com/alibaba/higress/plugins/wasm-go/extensions/ai-proxy/provider/vertex.go:1270.78,1273.4 2 1
github.com/alibaba/higress/plugins/wasm-go/extensions/ai-proxy/provider/vertex.go:1275.2,1275.12 1 1
github.com/alibaba/higress/plugins/wasm-go/extensions/ai-proxy/provider/vertex.go:1278.92,1280.9 2 1
github.com/alibaba/higress/plugins/wasm-go/extensions/ai-proxy/provider/vertex.go:1280.9,1282.3 1 0
github.com/alibaba/higress/plugins/wasm-go/extensions/ai-proxy/provider/vertex.go:1284.2,1285.9 2 1
github.com/alibaba/higress/plugins/wasm-go/extensions/ai-proxy/provider/vertex.go:1285.9,1287.3 1 1
github.com/alibaba/higress/plugins/wasm-go/extensions/ai-proxy/provider/vertex.go:1294.2,1294.58 1 1
github.com/alibaba/higress/plugins/wasm-go/extensions/ai-proxy/provider/vertex.go:1294.58,1295.73 1 1
github.com/alibaba/higress/plugins/wasm-go/extensions/ai-proxy/provider/vertex.go:1295.73,1297.4 1 1
github.com/alibaba/higress/plugins/wasm-go/extensions/ai-proxy/provider/vertex.go:1301.2,1301.36 1 1
github.com/alibaba/higress/plugins/wasm-go/extensions/ai-proxy/provider/vertex.go:1301.36,1303.3 1 1
github.com/alibaba/higress/plugins/wasm-go/extensions/ai-proxy/provider/vertex.go:1304.2,1304.12 1 0
github.com/alibaba/higress/plugins/wasm-go/extensions/ai-proxy/provider/vertex.go:1307.42,1308.32 1 1
github.com/alibaba/higress/plugins/wasm-go/extensions/ai-proxy/provider/vertex.go:1309.75,1310.14 1 1
github.com/alibaba/higress/plugins/wasm-go/extensions/ai-proxy/provider/vertex.go:1311.10,1312.15 1 1
github.com/alibaba/higress/plugins/wasm-go/extensions/ai-proxy/provider/vertex.go:1316.58,1317.22 1 1
github.com/alibaba/higress/plugins/wasm-go/extensions/ai-proxy/provider/vertex.go:1317.22,1319.3 1 0
github.com/alibaba/higress/plugins/wasm-go/extensions/ai-proxy/provider/vertex.go:1321.2,1321.81 1 1
github.com/alibaba/higress/plugins/wasm-go/extensions/ai-proxy/provider/vertex.go:1321.81,1323.3 1 1
github.com/alibaba/higress/plugins/wasm-go/extensions/ai-proxy/provider/vertex.go:1326.2,1341.33 2 0
github.com/alibaba/higress/plugins/wasm-go/extensions/ai-proxy/provider/vertex.go:1341.33,1342.31 1 0
github.com/alibaba/higress/plugins/wasm-go/extensions/ai-proxy/provider/vertex.go:1342.31,1344.4 1 0
github.com/alibaba/higress/plugins/wasm-go/extensions/ai-proxy/provider/vertex.go:1347.2,1347.14 1 0
github.com/alibaba/higress/plugins/wasm-go/extensions/ai-proxy/provider/vertex.go:1350.58,1353.2 2 1
github.com/alibaba/higress/plugins/wasm-go/extensions/ai-proxy/provider/vertex.go:1355.100,1358.31 3 0
github.com/alibaba/higress/plugins/wasm-go/extensions/ai-proxy/provider/vertex.go:1358.31,1362.3 1 0
github.com/alibaba/higress/plugins/wasm-go/extensions/ai-proxy/provider/vertex.go:1363.2,1363.54 1 0
github.com/alibaba/higress/plugins/wasm-go/extensions/ai-proxy/provider/vertex.go:1528.56,1531.18 2 0
github.com/alibaba/higress/plugins/wasm-go/extensions/ai-proxy/provider/vertex.go:1531.18,1533.3 1 0
github.com/alibaba/higress/plugins/wasm-go/extensions/ai-proxy/provider/vertex.go:1534.2,1535.16 2 0
github.com/alibaba/higress/plugins/wasm-go/extensions/ai-proxy/provider/vertex.go:1535.16,1537.3 1 0
github.com/alibaba/higress/plugins/wasm-go/extensions/ai-proxy/provider/vertex.go:1538.2,1564.16 12 0
github.com/alibaba/higress/plugins/wasm-go/extensions/ai-proxy/provider/vertex.go:1564.16,1566.3 1 0
github.com/alibaba/higress/plugins/wasm-go/extensions/ai-proxy/provider/vertex.go:1567.2,1569.67 2 0
github.com/alibaba/higress/plugins/wasm-go/extensions/ai-proxy/provider/vertex.go:1572.64,1577.130 3 0
github.com/alibaba/higress/plugins/wasm-go/extensions/ai-proxy/provider/vertex.go:1577.130,1579.16 2 0
github.com/alibaba/higress/plugins/wasm-go/extensions/ai-proxy/provider/vertex.go:1579.16,1581.4 1 0
github.com/alibaba/higress/plugins/wasm-go/extensions/ai-proxy/provider/vertex.go:1582.3,1582.34 1 0
github.com/alibaba/higress/plugins/wasm-go/extensions/ai-proxy/provider/vertex.go:1582.34,1586.4 3 0
github.com/alibaba/higress/plugins/wasm-go/extensions/ai-proxy/provider/vertex.go:1587.3,1592.76 5 0
github.com/alibaba/higress/plugins/wasm-go/extensions/ai-proxy/provider/vertex.go:1592.76,1594.4 1 0
github.com/alibaba/higress/plugins/wasm-go/extensions/ai-proxy/provider/vertex.go:1595.3,1598.17 4 0
github.com/alibaba/higress/plugins/wasm-go/extensions/ai-proxy/provider/vertex.go:1598.17,1600.4 1 0
github.com/alibaba/higress/plugins/wasm-go/extensions/ai-proxy/provider/vertex.go:1602.2,1602.12 1 0
github.com/alibaba/higress/plugins/wasm-go/extensions/ai-proxy/provider/vertex.go:1605.49,1610.2 3 0
github.com/alibaba/higress/plugins/wasm-go/extensions/ai-proxy/provider/vertex.go:1617.75,1619.16 2 0
github.com/alibaba/higress/plugins/wasm-go/extensions/ai-proxy/provider/vertex.go:1619.16,1620.48 1 0
github.com/alibaba/higress/plugins/wasm-go/extensions/ai-proxy/provider/vertex.go:1620.48,1622.4 1 0
github.com/alibaba/higress/plugins/wasm-go/extensions/ai-proxy/provider/vertex.go:1623.3,1623.17 1 0
github.com/alibaba/higress/plugins/wasm-go/extensions/ai-proxy/provider/vertex.go:1625.2,1625.17 1 0
github.com/alibaba/higress/plugins/wasm-go/extensions/ai-proxy/provider/vertex.go:1625.17,1627.3 1 0
github.com/alibaba/higress/plugins/wasm-go/extensions/ai-proxy/provider/vertex.go:1629.2,1630.56 2 0
github.com/alibaba/higress/plugins/wasm-go/extensions/ai-proxy/provider/vertex.go:1630.56,1632.3 1 0
github.com/alibaba/higress/plugins/wasm-go/extensions/ai-proxy/provider/vertex.go:1634.2,1637.43 3 0
github.com/alibaba/higress/plugins/wasm-go/extensions/ai-proxy/provider/vertex.go:1637.43,1639.3 1 0
github.com/alibaba/higress/plugins/wasm-go/extensions/ai-proxy/provider/vertex.go:1641.2,1641.16 1 0
github.com/alibaba/higress/plugins/wasm-go/extensions/ai-proxy/provider/vertex.go:1644.83,1651.62 3 0
github.com/alibaba/higress/plugins/wasm-go/extensions/ai-proxy/provider/vertex.go:1651.62,1653.3 1 0
github.com/alibaba/higress/plugins/wasm-go/extensions/ai-proxy/provider/vertex.go:1655.2,1656.16 2 0
github.com/alibaba/higress/plugins/wasm-go/extensions/ai-proxy/provider/vertex.go:1656.16,1658.3 1 0
github.com/alibaba/higress/plugins/wasm-go/extensions/ai-proxy/provider/vertex.go:1660.2,1660.48 1 0
github.com/alibaba/higress/plugins/wasm-go/extensions/ai-proxy/provider/vertex.go:1665.63,1667.41 2 0
github.com/alibaba/higress/plugins/wasm-go/extensions/ai-proxy/provider/vertex.go:1667.41,1674.3 3 0
github.com/alibaba/higress/plugins/wasm-go/extensions/ai-proxy/provider/vertex.go:1674.8,1678.23 3 0
github.com/alibaba/higress/plugins/wasm-go/extensions/ai-proxy/provider/vertex.go:1678.23,1680.4 1 0
github.com/alibaba/higress/plugins/wasm-go/extensions/ai-proxy/provider/vertex.go:1682.3,1684.21 3 0
github.com/alibaba/higress/plugins/wasm-go/extensions/ai-proxy/provider/vertex.go:1684.21,1686.4 1 0
github.com/alibaba/higress/plugins/wasm-go/extensions/ai-proxy/provider/vertex.go:1687.3,1691.19 2 0
github.com/alibaba/higress/plugins/wasm-go/extensions/ai-proxy/provider/vertex.go:1697.47,1699.47 1 0
github.com/alibaba/higress/plugins/wasm-go/extensions/ai-proxy/provider/vertex.go:1699.47,1701.3 1 0
github.com/alibaba/higress/plugins/wasm-go/extensions/ai-proxy/provider/vertex.go:1702.2,1702.47 1 0
github.com/alibaba/higress/plugins/wasm-go/extensions/ai-proxy/provider/vertex.go:1702.47,1704.3 1 0
github.com/alibaba/higress/plugins/wasm-go/extensions/ai-proxy/provider/vertex.go:1707.2,1708.21 2 0
github.com/alibaba/higress/plugins/wasm-go/extensions/ai-proxy/provider/vertex.go:1708.21,1710.3 1 0
github.com/alibaba/higress/plugins/wasm-go/extensions/ai-proxy/provider/vertex.go:1713.2,1714.44 2 0
github.com/alibaba/higress/plugins/wasm-go/extensions/ai-proxy/provider/vertex.go:1714.44,1716.3 1 0
github.com/alibaba/higress/plugins/wasm-go/extensions/ai-proxy/provider/vertex.go:1717.2,1760.40 3 0
github.com/alibaba/higress/plugins/wasm-go/extensions/ai-proxy/provider/vertex.go:1760.40,1762.3 1 0
github.com/alibaba/higress/plugins/wasm-go/extensions/ai-proxy/provider/vertex.go:1764.2,1764.35 1 0
github.com/alibaba/higress/plugins/wasm-go/extensions/ai-proxy/provider/vllm.go:23.41,31.2 1 1
github.com/alibaba/higress/plugins/wasm-go/extensions/ai-proxy/provider/vllm.go:35.80,40.2 1 0
github.com/alibaba/higress/plugins/wasm-go/extensions/ai-proxy/provider/vllm.go:42.75,57.2 1 1
github.com/alibaba/higress/plugins/wasm-go/extensions/ai-proxy/provider/vllm.go:59.91,60.37 1 1
github.com/alibaba/higress/plugins/wasm-go/extensions/ai-proxy/provider/vllm.go:60.37,66.3 2 0
github.com/alibaba/higress/plugins/wasm-go/extensions/ai-proxy/provider/vllm.go:69.2,72.21 4 1
github.com/alibaba/higress/plugins/wasm-go/extensions/ai-proxy/provider/vllm.go:72.21,74.3 1 1
github.com/alibaba/higress/plugins/wasm-go/extensions/ai-proxy/provider/vllm.go:77.2,79.25 3 1
github.com/alibaba/higress/plugins/wasm-go/extensions/ai-proxy/provider/vllm.go:79.25,80.42 1 1
github.com/alibaba/higress/plugins/wasm-go/extensions/ai-proxy/provider/vllm.go:80.42,82.4 1 1
github.com/alibaba/higress/plugins/wasm-go/extensions/ai-proxy/provider/vllm.go:84.2,92.8 2 1
github.com/alibaba/higress/plugins/wasm-go/extensions/ai-proxy/provider/vllm.go:103.49,105.2 1 0
github.com/alibaba/higress/plugins/wasm-go/extensions/ai-proxy/provider/vllm.go:107.89,110.2 2 0
github.com/alibaba/higress/plugins/wasm-go/extensions/ai-proxy/provider/vllm.go:112.115,113.39 1 0
github.com/alibaba/higress/plugins/wasm-go/extensions/ai-proxy/provider/vllm.go:113.39,115.3 1 0
github.com/alibaba/higress/plugins/wasm-go/extensions/ai-proxy/provider/vllm.go:116.2,116.74 1 0
github.com/alibaba/higress/plugins/wasm-go/extensions/ai-proxy/provider/vllm.go:119.111,120.26 1 0
github.com/alibaba/higress/plugins/wasm-go/extensions/ai-proxy/provider/vllm.go:120.26,122.3 1 0
github.com/alibaba/higress/plugins/wasm-go/extensions/ai-proxy/provider/vllm.go:122.8,122.26 1 0
github.com/alibaba/higress/plugins/wasm-go/extensions/ai-proxy/provider/vllm.go:122.26,124.3 1 0
github.com/alibaba/higress/plugins/wasm-go/extensions/ai-proxy/provider/vllm.go:127.2,127.26 1 0
github.com/alibaba/higress/plugins/wasm-go/extensions/ai-proxy/provider/vllm.go:127.26,129.3 1 0
github.com/alibaba/higress/plugins/wasm-go/extensions/ai-proxy/provider/vllm.go:129.8,132.23 2 0
github.com/alibaba/higress/plugins/wasm-go/extensions/ai-proxy/provider/vllm.go:132.23,134.4 1 0
github.com/alibaba/higress/plugins/wasm-go/extensions/ai-proxy/provider/vllm.go:134.9,136.41 1 0
github.com/alibaba/higress/plugins/wasm-go/extensions/ai-proxy/provider/vllm.go:136.41,139.5 2 0
github.com/alibaba/higress/plugins/wasm-go/extensions/ai-proxy/provider/vllm.go:141.3,141.55 1 0
github.com/alibaba/higress/plugins/wasm-go/extensions/ai-proxy/provider/vllm.go:145.2,145.33 1 0
github.com/alibaba/higress/plugins/wasm-go/extensions/ai-proxy/provider/vllm.go:145.33,147.3 1 0
github.com/alibaba/higress/plugins/wasm-go/extensions/ai-proxy/provider/vllm.go:150.2,150.31 1 0
github.com/alibaba/higress/plugins/wasm-go/extensions/ai-proxy/provider/vllm.go:153.116,156.2 1 0
github.com/alibaba/higress/plugins/wasm-go/extensions/ai-proxy/provider/vllm.go:158.56,159.55 1 1
github.com/alibaba/higress/plugins/wasm-go/extensions/ai-proxy/provider/vllm.go:159.55,161.3 1 1
github.com/alibaba/higress/plugins/wasm-go/extensions/ai-proxy/provider/vllm.go:162.2,162.51 1 1
github.com/alibaba/higress/plugins/wasm-go/extensions/ai-proxy/provider/vllm.go:162.51,164.3 1 1
github.com/alibaba/higress/plugins/wasm-go/extensions/ai-proxy/provider/vllm.go:165.2,165.46 1 1
github.com/alibaba/higress/plugins/wasm-go/extensions/ai-proxy/provider/vllm.go:165.46,167.3 1 1
github.com/alibaba/higress/plugins/wasm-go/extensions/ai-proxy/provider/vllm.go:168.2,168.50 1 1
github.com/alibaba/higress/plugins/wasm-go/extensions/ai-proxy/provider/vllm.go:168.50,170.3 1 1
github.com/alibaba/higress/plugins/wasm-go/extensions/ai-proxy/provider/vllm.go:171.2,171.48 1 1
github.com/alibaba/higress/plugins/wasm-go/extensions/ai-proxy/provider/vllm.go:171.48,173.3 1 1
github.com/alibaba/higress/plugins/wasm-go/extensions/ai-proxy/provider/vllm.go:175.2,175.62 1 1
github.com/alibaba/higress/plugins/wasm-go/extensions/ai-proxy/provider/vllm.go:175.62,177.3 1 1
github.com/alibaba/higress/plugins/wasm-go/extensions/ai-proxy/provider/vllm.go:178.2,178.51 1 1
github.com/alibaba/higress/plugins/wasm-go/extensions/ai-proxy/provider/vllm.go:178.51,180.3 1 1
github.com/alibaba/higress/plugins/wasm-go/extensions/ai-proxy/provider/vllm.go:181.2,181.49 1 1
github.com/alibaba/higress/plugins/wasm-go/extensions/ai-proxy/provider/vllm.go:181.49,183.3 1 1
github.com/alibaba/higress/plugins/wasm-go/extensions/ai-proxy/provider/vllm.go:184.2,184.59 1 1
github.com/alibaba/higress/plugins/wasm-go/extensions/ai-proxy/provider/vllm.go:184.59,186.3 1 1
github.com/alibaba/higress/plugins/wasm-go/extensions/ai-proxy/provider/vllm.go:187.2,187.57 1 1
github.com/alibaba/higress/plugins/wasm-go/extensions/ai-proxy/provider/vllm.go:187.57,189.3 1 1
github.com/alibaba/higress/plugins/wasm-go/extensions/ai-proxy/provider/vllm.go:190.2,190.11 1 1
github.com/alibaba/higress/plugins/wasm-go/extensions/ai-proxy/provider/vllm.go:194.112,197.2 1 0
github.com/alibaba/higress/plugins/wasm-go/extensions/ai-proxy/provider/vllm.go:200.117,204.2 1 0
github.com/alibaba/higress/plugins/wasm-go/extensions/ai-proxy/provider/vllm.go:207.135,211.2 1 0
github.com/alibaba/higress/plugins/wasm-go/extensions/ai-proxy/provider/yi.go:18.78,19.59 1 0
github.com/alibaba/higress/plugins/wasm-go/extensions/ai-proxy/provider/yi.go:19.59,21.3 1 0
github.com/alibaba/higress/plugins/wasm-go/extensions/ai-proxy/provider/yi.go:22.2,22.12 1 0
github.com/alibaba/higress/plugins/wasm-go/extensions/ai-proxy/provider/yi.go:25.73,29.2 1 0
github.com/alibaba/higress/plugins/wasm-go/extensions/ai-proxy/provider/yi.go:31.89,37.2 2 0
github.com/alibaba/higress/plugins/wasm-go/extensions/ai-proxy/provider/yi.go:44.47,46.2 1 0
github.com/alibaba/higress/plugins/wasm-go/extensions/ai-proxy/provider/yi.go:48.87,51.2 2 0
github.com/alibaba/higress/plugins/wasm-go/extensions/ai-proxy/provider/yi.go:53.113,54.39 1 0
github.com/alibaba/higress/plugins/wasm-go/extensions/ai-proxy/provider/yi.go:54.39,56.3 1 0
github.com/alibaba/higress/plugins/wasm-go/extensions/ai-proxy/provider/yi.go:57.2,57.74 1 0
github.com/alibaba/higress/plugins/wasm-go/extensions/ai-proxy/provider/yi.go:60.109,65.2 4 0
github.com/alibaba/higress/plugins/wasm-go/extensions/ai-proxy/provider/zhipuai.go:26.83,27.59 1 0
github.com/alibaba/higress/plugins/wasm-go/extensions/ai-proxy/provider/zhipuai.go:27.59,29.3 1 0
github.com/alibaba/higress/plugins/wasm-go/extensions/ai-proxy/provider/zhipuai.go:30.2,30.12 1 0
github.com/alibaba/higress/plugins/wasm-go/extensions/ai-proxy/provider/zhipuai.go:33.95,35.18 2 0
github.com/alibaba/higress/plugins/wasm-go/extensions/ai-proxy/provider/zhipuai.go:35.18,37.3 1 0
github.com/alibaba/higress/plugins/wasm-go/extensions/ai-proxy/provider/zhipuai.go:38.2,42.3 1 0
github.com/alibaba/higress/plugins/wasm-go/extensions/ai-proxy/provider/zhipuai.go:45.94,51.2 2 0
github.com/alibaba/higress/plugins/wasm-go/extensions/ai-proxy/provider/zhipuai.go:58.52,60.2 1 0
github.com/alibaba/higress/plugins/wasm-go/extensions/ai-proxy/provider/zhipuai.go:62.92,65.2 2 0
github.com/alibaba/higress/plugins/wasm-go/extensions/ai-proxy/provider/zhipuai.go:67.118,68.39 1 0
github.com/alibaba/higress/plugins/wasm-go/extensions/ai-proxy/provider/zhipuai.go:68.39,70.3 1 0
github.com/alibaba/higress/plugins/wasm-go/extensions/ai-proxy/provider/zhipuai.go:71.2,71.74 1 0
github.com/alibaba/higress/plugins/wasm-go/extensions/ai-proxy/provider/zhipuai.go:74.114,78.18 3 0
github.com/alibaba/higress/plugins/wasm-go/extensions/ai-proxy/provider/zhipuai.go:78.18,80.3 1 0
github.com/alibaba/higress/plugins/wasm-go/extensions/ai-proxy/provider/zhipuai.go:81.2,83.31 3 0
github.com/alibaba/higress/plugins/wasm-go/extensions/ai-proxy/provider/zhipuai.go:86.119,87.38 1 0
github.com/alibaba/higress/plugins/wasm-go/extensions/ai-proxy/provider/zhipuai.go:87.38,89.3 1 0
github.com/alibaba/higress/plugins/wasm-go/extensions/ai-proxy/provider/zhipuai.go:92.2,93.27 2 0
github.com/alibaba/higress/plugins/wasm-go/extensions/ai-proxy/provider/zhipuai.go:93.27,98.3 2 0
github.com/alibaba/higress/plugins/wasm-go/extensions/ai-proxy/provider/zhipuai.go:98.8,98.115 1 0
github.com/alibaba/higress/plugins/wasm-go/extensions/ai-proxy/provider/zhipuai.go:98.115,102.3 1 0
github.com/alibaba/higress/plugins/wasm-go/extensions/ai-proxy/provider/zhipuai.go:103.2,103.49 1 0
github.com/alibaba/higress/plugins/wasm-go/extensions/ai-proxy/provider/zhipuai.go:103.49,107.3 1 0
github.com/alibaba/higress/plugins/wasm-go/extensions/ai-proxy/provider/zhipuai.go:109.2,109.65 1 0
github.com/alibaba/higress/plugins/wasm-go/extensions/ai-proxy/provider/zhipuai.go:112.59,113.102 1 0
github.com/alibaba/higress/plugins/wasm-go/extensions/ai-proxy/provider/zhipuai.go:113.102,115.3 1 0
github.com/alibaba/higress/plugins/wasm-go/extensions/ai-proxy/provider/zhipuai.go:116.2,116.51 1 0
github.com/alibaba/higress/plugins/wasm-go/extensions/ai-proxy/provider/zhipuai.go:116.51,118.3 1 0
github.com/alibaba/higress/plugins/wasm-go/extensions/ai-proxy/provider/zhipuai.go:119.2,119.58 1 0
github.com/alibaba/higress/plugins/wasm-go/extensions/ai-proxy/provider/zhipuai.go:119.58,121.3 1 0
github.com/alibaba/higress/plugins/wasm-go/extensions/ai-proxy/provider/zhipuai.go:122.2,122.11 1 0
