envoy-1  | 2026-09-23T10:13:13.185622882Z [2026-09-23 10:13:13.185][1][info][main] [external/envoy/source/server/server.cc:467] initializing epoch 0 (base id=0, hot restart version=11.104)
redis-fixture-1  | 2026-09-23T10:13:33.415970112Z {"seq": 0, "time_ns": 3508193387378, "event": "upstream_seen", "id": "warmup", "headers": {"host": "127.0.0.1:19468", "user-agent": "curl/7.81.0", "accept": "*/*", "x-higress-skip-response-cache": "on", "x-forwarded-proto": "http", "x-envoy-original-host": "127.0.0.1:19468", "x-request-id": "3e657122-8617-40b2-884d-155bf905b989", "x-envoy-expected-rq-timeout-ms": "15000", "req-start-time": "1790158413413"}}
envoy-1  | 2026-09-23T10:13:13.185710979Z [2026-09-23 10:13:13.185][1][info][main] [external/envoy/source/server/server.cc:469] statically linked extensions:
envoy-1          | 2026-09-23T10:13:13.185724203Z [2026-09-23 10:13:13.185][1][info][main] [external/envoy/source/server/server.cc:471]   envoy.matching.http.input: envoy.matching.inputs.destination_ip, envoy.matching.inputs.destination_port, envoy.matching.inputs.direct_source_ip, envoy.matching.inputs.dns_san, envoy.matching.inputs.filter_state, envoy.matching.inputs.network_namespace, envoy.matching.inputs.request_headers, envoy.matching.inputs.request_trailers, envoy.matching.inputs.response_headers, envoy.matching.inputs.response_trailers, envoy.matching.inputs.server_name, envoy.matching.inputs.source_ip, envoy.matching.inputs.source_port, envoy.matching.inputs.source_type, envoy.matching.inputs.status_code_class_input, envoy.matching.inputs.status_code_input, envoy.matching.inputs.subject, envoy.matching.inputs.uri_san, query_params
envoy-1          | 2026-09-23T10:13:13.185739043Z [2026-09-23 10:13:13.185][1][info][main] [external/envoy/source/server/server.cc:471]   envoy.transport_sockets.downstream: envoy.transport_sockets.alts, envoy.transport_sockets.quic, envoy.transport_sockets.raw_buffer, envoy.transport_sockets.starttls, envoy.transport_sockets.tap, envoy.transport_sockets.tls, raw_buffer, starttls, tls
redis-fixture-1  | 2026-09-23T10:13:33.425881854Z {"seq": 0, "time_ns": 3508203437414, "event": "prepared", "id": "hit-r1-000", "mode": "hit", "key": "higress-audit:hit-r1-000", "value": "{\"source\":\"cache\",\"value\":\"fixture-only\"}"}
redis-fixture-1  | 2026-09-23T10:13:33.435554299Z {"seq": 1, "time_ns": 3508213220346, "event": "upstream_seen", "id": "hit-r1-000", "headers": {"host": "127.0.0.1:19468", "user-agent": "curl/7.81.0", "accept": "*/*", "x-http-cache-key": "hit-r1-000", "x-verification-id": "hit-r1-000", "x-forwarded-proto": "http", "x-envoy-original-host": "127.0.0.1:19468", "x-request-id": "b4b256f1-fae1-47d7-aaed-6433d8841bc4", "x-envoy-expected-rq-timeout-ms": "15000", "req-start-time": "1790158413434"}}
redis-fixture-1  | 2026-09-23T10:13:33.435834420Z {"seq": 2, "time_ns": 3508213481271, "event": "redis_command", "id": "hit-r1-000", "command": "GET", "args": ["higress-audit:hit-r1-000"]}
redis-fixture-1  | 2026-09-23T10:13:33.435873113Z {"seq": 3, "time_ns": 3508213524471, "event": "redis_get_seen", "id": "hit-r1-000"}
redis-fixture-1  | 2026-09-23T10:13:33.442552859Z {"seq": 4, "time_ns": 3508220203044, "event": "redis_release_requested", "id": "hit-r1-000"}
redis-fixture-1  | 2026-09-23T10:13:33.442667035Z {"seq": 5, "time_ns": 3508220344584, "event": "redis_reply_released", "id": "hit-r1-000", "mode": "hit"}
redis-fixture-1  | 2026-09-23T10:13:33.446072244Z {"seq": 6, "time_ns": 3508223659141, "event": "client_complete", "id": "hit-r1-000", "status": "200", "curl_exit": 0, "body_sha256": "da87d065c0f96d585f02840dc10c88f7e8edac17ae77dbdae4b9e051a619338f"}
redis-fixture-1  | 2026-09-23T10:13:33.447603952Z {"seq": 7, "time_ns": 3508225190999, "event": "upstream_peer_closed", "id": "hit-r1-000"}
redis-fixture-1  | 2026-09-23T10:13:33.552781890Z {"seq": 8, "time_ns": 3508330322705, "event": "redis_release_requested", "id": "hit-r1-000"}
redis-fixture-1  | 2026-09-23T10:13:33.556398105Z {"seq": 9, "time_ns": 3508333964229, "event": "prepared", "id": "hit-r1-001", "mode": "hit", "key": "higress-audit:hit-r1-001", "value": "{\"source\":\"cache\",\"value\":\"fixture-only\"}"}
redis-fixture-1  | 2026-09-23T10:13:33.568553848Z {"seq": 10, "time_ns": 3508346183857, "event": "upstream_seen", "id": "hit-r1-001", "headers": {"host": "127.0.0.1:19468", "user-agent": "curl/7.81.0", "accept": "*/*", "x-http-cache-key": "hit-r1-001", "x-verification-id": "hit-r1-001", "x-forwarded-proto": "http", "x-envoy-original-host": "127.0.0.1:19468", "x-request-id": "05fc979a-6527-4072-9d0e-a388d7d1d7ab", "x-envoy-expected-rq-timeout-ms": "15000", "req-start-time": "1790158413566"}}
redis-fixture-1  | 2026-09-23T10:13:33.571399657Z {"seq": 11, "time_ns": 3508348969358, "event": "redis_command", "id": "hit-r1-001", "command": "GET", "args": ["higress-audit:hit-r1-001"]}
redis-fixture-1  | 2026-09-23T10:13:33.571433085Z {"seq": 12, "time_ns": 3508349013413, "event": "redis_get_seen", "id": "hit-r1-001"}
envoy-1          | 2026-09-23T10:13:13.185753927Z [2026-09-23 10:13:13.185][1][info][main] [external/envoy/source/server/server.cc:471]   envoy.filters.http: envoy.bandwidth_limit, envoy.buffer, envoy.cors, envoy.csrf, envoy.ext_authz, envoy.ext_proc, envoy.fault, envoy.filters.http.adaptive_concurrency, envoy.filters.http.admission_control, envoy.filters.http.alternate_protocols_cache, envoy.filters.http.aws_lambda, envoy.filters.http.aws_request_signing, envoy.filters.http.bandwidth_limit, envoy.filters.http.buffer, envoy.filters.http.cache, envoy.filters.http.cdn_loop, envoy.filters.http.composite, envoy.filters.http.compressor, envoy.filters.http.connect_authority, envoy.filters.http.connect_grpc_bridge, envoy.filters.http.cors, envoy.filters.http.csrf, envoy.filters.http.custom_response, envoy.filters.http.decompressor, envoy.filters.http.dynamic_forward_proxy, envoy.filters.http.ext_authz, envoy.filters.http.ext_proc, envoy.filters.http.fault, envoy.filters.http.gcp_authn, envoy.filters.http.golang, envoy.filters.http.grpc_field_extraction, envoy.filters.http.grpc_http1_bridge, envoy.filters.http.grpc_http1_reverse_bridge, envoy.filters.http.grpc_json_transcoder, envoy.filters.http.grpc_stats, envoy.filters.http.grpc_web, envoy.filters.http.header_mutation, envoy.filters.http.header_to_metadata, envoy.filters.http.health_check, envoy.filters.http.http_dubbo_transcoder, envoy.filters.http.ip_tagging, envoy.filters.http.istio_stats, envoy.filters.http.jwt_authn, envoy.filters.http.local_ratelimit, envoy.filters.http.lua, envoy.filters.http.match_delegate, envoy.filters.http.mcp_sse_stateful_session, envoy.filters.http.oauth2, envoy.filters.http.on_demand, envoy.filters.http.original_src, envoy.filters.http.peer_metadata, envoy.filters.http.ratelimit, envoy.filters.http.rbac, envoy.filters.http.router, envoy.filters.http.set_metadata, envoy.filters.http.stateful_session, envoy.filters.http.sxg, envoy.filters.http.tap, envoy.filters.http.wasm, envoy.grpc_http1_bridge, envoy.grpc_json_transcoder, envoy.grpc_web, envoy.health_check, envoy.ip_tagging, envoy.local_rate_limit, envoy.lua, envoy.rate_limit, envoy.router, istio.alpn, istio_authn
envoy-1          | 2026-09-23T10:13:13.185774447Z [2026-09-23 10:13:13.185][1][info][main] [external/envoy/source/server/server.cc:471]   envoy.retry_host_predicates: envoy.retry_host_predicates.omit_canary_hosts, envoy.retry_host_predicates.omit_host_metadata, envoy.retry_host_predicates.previous_hosts
envoy-1          | 2026-09-23T10:13:13.185809328Z [2026-09-23 10:13:13.185][1][info][main] [external/envoy/source/server/server.cc:471]   envoy.tls.key_providers: cryptomb, qat
envoy-1          | 2026-09-23T10:13:13.185819619Z [2026-09-23 10:13:13.185][1][info][main] [external/envoy/source/server/server.cc:471]   envoy.rbac.matchers: envoy.rbac.matchers.upstream_ip_port
envoy-1          | 2026-09-23T10:13:13.185830115Z [2026-09-23 10:13:13.185][1][info][main] [external/envoy/source/server/server.cc:471]   envoy.grpc_credentials: envoy.grpc_credentials.default, envoy.grpc_credentials.file_based_metadata
envoy-1          | 2026-09-23T10:13:13.185839956Z [2026-09-23 10:13:13.185][1][info][main] [external/envoy/source/server/server.cc:471]   envoy.network.dns_resolver: envoy.network.dns_resolver.cares
envoy-1          | 2026-09-23T10:13:13.185849816Z [2026-09-23 10:13:13.185][1][info][main] [external/envoy/source/server/server.cc:471]   envoy.access_loggers: envoy.access_loggers.file, envoy.access_loggers.http_grpc, envoy.access_loggers.open_telemetry, envoy.access_loggers.stderr, envoy.access_loggers.stdout, envoy.access_loggers.tcp_grpc, envoy.access_loggers.wasm, envoy.file_access_log, envoy.http_grpc_access_log, envoy.open_telemetry_access_log, envoy.stderr_access_log, envoy.stdout_access_log, envoy.tcp_grpc_access_log, envoy.wasm_access_log
envoy-1          | 2026-09-23T10:13:13.185861372Z [2026-09-23 10:13:13.185][1][info][main] [external/envoy/source/server/server.cc:471]   envoy.route.early_data_policy: envoy.route.early_data_policy.default
envoy-1          | 2026-09-23T10:13:13.185871284Z [2026-09-23 10:13:13.185][1][info][main] [external/envoy/source/server/server.cc:471]   envoy.matching.input_matchers: envoy.matching.matchers.consistent_hashing, envoy.matching.matchers.ip
envoy-1          | 2026-09-23T10:13:13.185881224Z [2026-09-23 10:13:13.185][1][info][main] [external/envoy/source/server/server.cc:471]   envoy.config_mux: envoy.config_mux.delta_grpc_mux_factory, envoy.config_mux.grpc_mux_factory, envoy.config_mux.new_grpc_mux_factory, envoy.config_mux.sotw_grpc_mux_factory
envoy-1          | 2026-09-23T10:13:13.185891397Z [2026-09-23 10:13:13.185][1][info][main] [external/envoy/source/server/server.cc:471]   envoy.dubbo_proxy.protocols: dubbo
envoy-1          | 2026-09-23T10:13:13.185901101Z [2026-09-23 10:13:13.185][1][info][main] [external/envoy/source/server/server.cc:471]   envoy.clusters: envoy.cluster.dns, envoy.cluster.eds, envoy.cluster.logical_dns, envoy.cluster.original_dst, envoy.cluster.static, envoy.cluster.strict_dns, envoy.clusters.aggregate, envoy.clusters.dynamic_forward_proxy, envoy.clusters.redis
envoy-1          | 2026-09-23T10:13:13.185911981Z [2026-09-23 10:13:13.185][1][info][main] [external/envoy/source/server/server.cc:471]   envoy.resolvers: envoy.ip
envoy-1          | 2026-09-23T10:13:13.185926488Z [2026-09-23 10:13:13.185][1][info][main] [external/envoy/source/server/server.cc:471]   filter_state.object: envoy.filters.listener.original_dst.local_ip, envoy.filters.listener.original_dst.remote_ip, envoy.network.application_protocols, envoy.network.transport_socket.original_dst_address, envoy.network.upstream_server_name, envoy.network.upstream_subject_alt_names, envoy.ratelimit.hits_addend, envoy.router.debug_config, envoy.tcp_proxy.cluster, envoy.tcp_proxy.disable_tunneling, envoy.tcp_proxy.per_connection_idle_timeout_ms, envoy.upstream.dynamic_host, envoy.upstream.dynamic_port
envoy-1          | 2026-09-23T10:13:13.185938857Z [2026-09-23 10:13:13.185][1][info][main] [external/envoy/source/server/server.cc:471]   envoy.retry_priorities: envoy.retry_priorities.previous_priorities
envoy-1          | 2026-09-23T10:13:13.185948485Z [2026-09-23 10:13:13.185][1][info][main] [external/envoy/source/server/server.cc:471]   envoy.listener_manager_impl: envoy.listener_manager_impl.default, envoy.listener_manager_impl.validation
envoy-1          | 2026-09-23T10:13:13.185966561Z [2026-09-23 10:13:13.185][1][info][main] [external/envoy/source/server/server.cc:471]   envoy.http.custom_response: envoy.extensions.http.custom_response.local_response_policy, envoy.extensions.http.custom_response.redirect_policy
envoy-1          | 2026-09-23T10:13:13.185976804Z [2026-09-23 10:13:13.185][1][info][main] [external/envoy/source/server/server.cc:471]   envoy.rate_limit_descriptors: envoy.rate_limit_descriptors.expr
envoy-1          | 2026-09-23T10:13:13.185986680Z [2026-09-23 10:13:13.185][1][info][main] [external/envoy/source/server/server.cc:471]   envoy.transport_sockets.upstream: envoy.transport_sockets.alts, envoy.transport_sockets.internal_upstream, envoy.transport_sockets.quic, envoy.transport_sockets.raw_buffer, envoy.transport_sockets.starttls, envoy.transport_sockets.tap, envoy.transport_sockets.tls, envoy.transport_sockets.upstream_proxy_protocol, raw_buffer, starttls, tls
envoy-1          | 2026-09-23T10:13:13.185997865Z [2026-09-23 10:13:13.185][1][info][main] [external/envoy/source/server/server.cc:471]   envoy.http.stateful_header_formatters: envoy.http.stateful_header_formatters.preserve_case, preserve_case
envoy-1          | 2026-09-23T10:13:13.186008281Z [2026-09-23 10:13:13.185][1][info][main] [external/envoy/source/server/server.cc:471]   envoy.http.stateful_session: envoy.http.stateful_session.cookie, envoy.http.stateful_session.header
envoy-1          | 2026-09-23T10:13:13.186018165Z [2026-09-23 10:13:13.185][1][info][main] [external/envoy/source/server/server.cc:471]   envoy.thrift_proxy.transports: auto, framed, header, unframed
envoy-1          | 2026-09-23T10:13:13.186027825Z [2026-09-23 10:13:13.185][1][info][main] [external/envoy/source/server/server.cc:471]   envoy.resource_monitors: envoy.resource_monitors.fixed_heap, envoy.resource_monitors.injected_resource
envoy-1          | 2026-09-23T10:13:13.186037722Z [2026-09-23 10:13:13.185][1][info][main] [external/envoy/source/server/server.cc:471]   envoy.upstreams: envoy.filters.connection_pools.http.dubbo_tcp, envoy.filters.connection_pools.http.generic, envoy.filters.connection_pools.http.http, envoy.filters.connection_pools.http.tcp
envoy-1          | 2026-09-23T10:13:13.186048305Z [2026-09-23 10:13:13.185][1][info][main] [external/envoy/source/server/server.cc:471]   envoy.http.cache: envoy.extensions.http.cache.file_system_http_cache, envoy.extensions.http.cache.simple
envoy-1          | 2026-09-23T10:13:13.186058138Z [2026-09-23 10:13:13.185][1][info][main] [external/envoy/source/server/server.cc:471]   envoy.udp_packet_writer: envoy.udp_packet_writer.default, envoy.udp_packet_writer.gso
envoy-1          | 2026-09-23T10:13:13.186067917Z [2026-09-23 10:13:13.185][1][info][main] [external/envoy/source/server/server.cc:471]   envoy.rds_factory: envoy.rds_factory.default
redis-fixture-1  | 2026-09-23T10:13:33.586830317Z {"seq": 13, "time_ns": 3508364463616, "event": "redis_release_requested", "id": "hit-r1-001"}
redis-fixture-1  | 2026-09-23T10:13:33.586956222Z {"seq": 14, "time_ns": 3508364643029, "event": "redis_reply_released", "id": "hit-r1-001", "mode": "hit"}
redis-fixture-1  | 2026-09-23T10:13:33.591002752Z {"seq": 15, "time_ns": 3508368580130, "event": "client_complete", "id": "hit-r1-001", "status": "200", "curl_exit": 0, "body_sha256": "da87d065c0f96d585f02840dc10c88f7e8edac17ae77dbdae4b9e051a619338f"}
redis-fixture-1  | 2026-09-23T10:13:33.593344953Z {"seq": 16, "time_ns": 3508370911484, "event": "upstream_peer_closed", "id": "hit-r1-001"}
redis-fixture-1  | 2026-09-23T10:13:33.698925790Z {"seq": 17, "time_ns": 3508476493899, "event": "redis_release_requested", "id": "hit-r1-001"}
redis-fixture-1  | 2026-09-23T10:13:33.702632329Z {"seq": 18, "time_ns": 3508480282929, "event": "prepared", "id": "hit-r1-002", "mode": "hit", "key": "higress-audit:hit-r1-002", "value": "{\"source\":\"cache\",\"value\":\"fixture-only\"}"}
redis-fixture-1  | 2026-09-23T10:13:33.715421062Z {"seq": 19, "time_ns": 3508493066894, "event": "upstream_seen", "id": "hit-r1-002", "headers": {"host": "127.0.0.1:19468", "user-agent": "curl/7.81.0", "accept": "*/*", "x-http-cache-key": "hit-r1-002", "x-verification-id": "hit-r1-002", "x-forwarded-proto": "http", "x-envoy-original-host": "127.0.0.1:19468", "x-request-id": "76c4d07c-6721-4e55-8d88-39da30b3f1ea", "x-envoy-expected-rq-timeout-ms": "15000", "req-start-time": "1790158413713"}}
redis-fixture-1  | 2026-09-23T10:13:33.715530262Z {"seq": 20, "time_ns": 3508493215414, "event": "redis_command", "id": "hit-r1-002", "command": "GET", "args": ["higress-audit:hit-r1-002"]}
redis-fixture-1  | 2026-09-23T10:13:33.715570010Z {"seq": 21, "time_ns": 3508493331084, "event": "redis_get_seen", "id": "hit-r1-002"}
redis-fixture-1  | 2026-09-23T10:13:33.723018570Z {"seq": 22, "time_ns": 3508500719512, "event": "redis_release_requested", "id": "hit-r1-002"}
redis-fixture-1  | 2026-09-23T10:13:33.723226035Z {"seq": 23, "time_ns": 3508500916231, "event": "redis_reply_released", "id": "hit-r1-002", "mode": "hit"}
redis-fixture-1  | 2026-09-23T10:13:33.727129493Z {"seq": 24, "time_ns": 3508504830796, "event": "client_complete", "id": "hit-r1-002", "status": "200", "curl_exit": 0, "body_sha256": "da87d065c0f96d585f02840dc10c88f7e8edac17ae77dbdae4b9e051a619338f"}
redis-fixture-1  | 2026-09-23T10:13:33.729234409Z {"seq": 25, "time_ns": 3508506931207, "event": "upstream_peer_closed", "id": "hit-r1-002"}
redis-fixture-1  | 2026-09-23T10:13:33.835685195Z {"seq": 26, "time_ns": 3508613272923, "event": "redis_release_requested", "id": "hit-r1-002"}
redis-fixture-1  | 2026-09-23T10:13:33.840076968Z {"seq": 27, "time_ns": 3508617754777, "event": "prepared", "id": "hit-r1-003", "mode": "hit", "key": "higress-audit:hit-r1-003", "value": "{\"source\":\"cache\",\"value\":\"fixture-only\"}"}
redis-fixture-1  | 2026-09-23T10:13:33.854100470Z {"seq": 28, "time_ns": 3508631761728, "event": "upstream_seen", "id": "hit-r1-003", "headers": {"host": "127.0.0.1:19468", "user-agent": "curl/7.81.0", "accept": "*/*", "x-http-cache-key": "hit-r1-003", "x-verification-id": "hit-r1-003", "x-forwarded-proto": "http", "x-envoy-original-host": "127.0.0.1:19468", "x-request-id": "f1657bff-3652-485b-b2a6-ab1e59e4882f", "x-envoy-expected-rq-timeout-ms": "15000", "req-start-time": "1790158413852"}}
envoy-1          | 2026-09-23T10:13:13.186077449Z [2026-09-23 10:13:13.185][1][info][main] [external/envoy/source/server/server.cc:471]   envoy.ssl.server_context_factory: envoy.ssl.server_context_factory.default
envoy-1          | 2026-09-23T10:13:13.186087113Z [2026-09-23 10:13:13.185][1][info][main] [external/envoy/source/server/server.cc:471]   envoy.tracers: envoy.tracers.datadog, envoy.tracers.opentelemetry, envoy.tracers.skywalking, envoy.tracers.xray, envoy.tracers.zipkin, envoy.zipkin
envoy-1          | 2026-09-23T10:13:13.186097202Z [2026-09-23 10:13:13.185][1][info][main] [external/envoy/source/server/server.cc:471]   envoy.quic.connection_id_generator: envoy.quic.deterministic_connection_id_generator
envoy-1          | 2026-09-23T10:13:13.186107065Z [2026-09-23 10:13:13.185][1][info][main] [external/envoy/source/server/server.cc:471]   envoy.srds_factory: envoy.srds_factory.default
envoy-1          | 2026-09-23T10:13:13.186124354Z [2026-09-23 10:13:13.185][1][info][main] [external/envoy/source/server/server.cc:471]   envoy.formatter: envoy.formatter.metadata, envoy.formatter.req_without_query
envoy-1          | 2026-09-23T10:13:13.186134898Z [2026-09-23 10:13:13.185][1][info][main] [external/envoy/source/server/server.cc:471]   envoy.bootstrap: envoy.bootstrap.internal_listener, envoy.bootstrap.wasm, envoy.bootstrap.workload_discovery, envoy.extensions.network.socket_interface.default_socket_interface
envoy-1          | 2026-09-23T10:13:13.186145214Z [2026-09-23 10:13:13.185][1][info][main] [external/envoy/source/server/server.cc:471]   envoy.quic.server.crypto_stream: envoy.quic.crypto_stream.server.quiche
envoy-1          | 2026-09-23T10:13:13.186155186Z [2026-09-23 10:13:13.185][1][info][main] [external/envoy/source/server/server.cc:471]   envoy.filters.network: envoy.echo, envoy.ext_authz, envoy.filters.network.connect_authority, envoy.filters.network.connection_limit, envoy.filters.network.direct_response, envoy.filters.network.dubbo_proxy, envoy.filters.network.echo, envoy.filters.network.ext_authz, envoy.filters.network.golang, envoy.filters.network.http_connection_manager, envoy.filters.network.istio_stats, envoy.filters.network.kafka_broker, envoy.filters.network.kafka_mesh, envoy.filters.network.local_ratelimit, envoy.filters.network.metadata_exchange, envoy.filters.network.mongo_proxy, envoy.filters.network.mysql_proxy, envoy.filters.network.postgres_proxy, envoy.filters.network.ratelimit, envoy.filters.network.rbac, envoy.filters.network.redis_proxy, envoy.filters.network.rocketmq_proxy, envoy.filters.network.sip_proxy, envoy.filters.network.sni_cluster, envoy.filters.network.sni_dynamic_forward_proxy, envoy.filters.network.tcp_cluster_rewrite, envoy.filters.network.tcp_proxy, envoy.filters.network.thrift_proxy, envoy.filters.network.wasm, envoy.filters.network.zookeeper_proxy, envoy.http_connection_manager, envoy.mongo_proxy, envoy.ratelimit, envoy.redis_proxy, envoy.tcp_proxy, forward_downstream_sni, io.istio.network.authn, sni_verifier
envoy-1          | 2026-09-23T10:13:13.186170986Z [2026-09-23 10:13:13.185][1][info][main] [external/envoy/source/server/server.cc:471]   envoy.matching.action: envoy.matching.actions.format_string, filter-chain-name
redis-fixture-1  | 2026-09-23T10:13:33.856774542Z {"seq": 29, "time_ns": 3508634437773, "event": "redis_command", "id": "hit-r1-003", "command": "GET", "args": ["higress-audit:hit-r1-003"]}
redis-fixture-1  | 2026-09-23T10:13:33.856796654Z {"seq": 30, "time_ns": 3508634475028, "event": "redis_get_seen", "id": "hit-r1-003"}
redis-fixture-1  | 2026-09-23T10:13:33.872875546Z {"seq": 31, "time_ns": 3508650501862, "event": "redis_release_requested", "id": "hit-r1-003"}
redis-fixture-1  | 2026-09-23T10:13:33.872934334Z {"seq": 32, "time_ns": 3508650690454, "event": "redis_reply_released", "id": "hit-r1-003", "mode": "hit"}
redis-fixture-1  | 2026-09-23T10:13:33.877192230Z {"seq": 33, "time_ns": 3508654831916, "event": "client_complete", "id": "hit-r1-003", "status": "200", "curl_exit": 0, "body_sha256": "da87d065c0f96d585f02840dc10c88f7e8edac17ae77dbdae4b9e051a619338f"}
redis-fixture-1  | 2026-09-23T10:13:33.879221370Z {"seq": 34, "time_ns": 3508656887883, "event": "upstream_peer_closed", "id": "hit-r1-003"}
envoy-1          | 2026-09-23T10:13:13.186199799Z [2026-09-23 10:13:13.185][1][info][main] [external/envoy/source/server/server.cc:471]   envoy.dubbo_proxy.filters: envoy.filters.dubbo.router
envoy-1          | 2026-09-23T10:13:13.186212614Z [2026-09-23 10:13:13.185][1][info][main] [external/envoy/source/server/server.cc:471]   envoy.filters.udp_listener: envoy.filters.udp.dns_filter, envoy.filters.udp_listener.udp_proxy
envoy-1          | 2026-09-23T10:13:13.186222467Z [2026-09-23 10:13:13.185][1][info][main] [external/envoy/source/server/server.cc:471]   envoy.guarddog_actions: envoy.watchdog.abort_action, envoy.watchdog.profile_action
redis-fixture-1  | 2026-09-23T10:13:33.985181394Z {"seq": 35, "time_ns": 3508762723580, "event": "redis_release_requested", "id": "hit-r1-003"}
redis-fixture-1  | 2026-09-23T10:13:33.988887000Z {"seq": 36, "time_ns": 3508766446456, "event": "prepared", "id": "hit-r1-004", "mode": "hit", "key": "higress-audit:hit-r1-004", "value": "{\"source\":\"cache\",\"value\":\"fixture-only\"}"}
redis-fixture-1  | 2026-09-23T10:13:34.002582808Z {"seq": 37, "time_ns": 3508780222908, "event": "upstream_seen", "id": "hit-r1-004", "headers": {"host": "127.0.0.1:19468", "user-agent": "curl/7.81.0", "accept": "*/*", "x-http-cache-key": "hit-r1-004", "x-verification-id": "hit-r1-004", "x-forwarded-proto": "http", "x-envoy-original-host": "127.0.0.1:19468", "x-request-id": "6e475d8d-eb45-4a98-ab55-369095632e1c", "x-envoy-expected-rq-timeout-ms": "15000", "req-start-time": "1790158414000"}}
redis-fixture-1  | 2026-09-23T10:13:34.005295392Z {"seq": 38, "time_ns": 3508782857839, "event": "redis_command", "id": "hit-r1-004", "command": "GET", "args": ["higress-audit:hit-r1-004"]}
redis-fixture-1  | 2026-09-23T10:13:34.005327155Z {"seq": 39, "time_ns": 3508782933827, "event": "redis_get_seen", "id": "hit-r1-004"}
redis-fixture-1  | 2026-09-23T10:13:34.021622225Z {"seq": 40, "time_ns": 3508799177432, "event": "redis_release_requested", "id": "hit-r1-004"}
redis-fixture-1  | 2026-09-23T10:13:34.021656806Z {"seq": 41, "time_ns": 3508799369748, "event": "redis_reply_released", "id": "hit-r1-004", "mode": "hit"}
redis-fixture-1  | 2026-09-23T10:13:34.025985033Z {"seq": 42, "time_ns": 3508803572637, "event": "client_complete", "id": "hit-r1-004", "status": "200", "curl_exit": 0, "body_sha256": "da87d065c0f96d585f02840dc10c88f7e8edac17ae77dbdae4b9e051a619338f"}
redis-fixture-1  | 2026-09-23T10:13:34.028194619Z {"seq": 43, "time_ns": 3508805783895, "event": "upstream_peer_closed", "id": "hit-r1-004"}
redis-fixture-1  | 2026-09-23T10:13:34.134148015Z {"seq": 44, "time_ns": 3508911679401, "event": "redis_release_requested", "id": "hit-r1-004"}
redis-fixture-1  | 2026-09-23T10:13:34.138313985Z {"seq": 45, "time_ns": 3508915845036, "event": "prepared", "id": "hit-r1-005", "mode": "hit", "key": "higress-audit:hit-r1-005", "value": "{\"source\":\"cache\",\"value\":\"fixture-only\"}"}
redis-fixture-1  | 2026-09-23T10:13:34.153238425Z {"seq": 46, "time_ns": 3508930802876, "event": "upstream_seen", "id": "hit-r1-005", "headers": {"host": "127.0.0.1:19468", "user-agent": "curl/7.81.0", "accept": "*/*", "x-http-cache-key": "hit-r1-005", "x-verification-id": "hit-r1-005", "x-forwarded-proto": "http", "x-envoy-original-host": "127.0.0.1:19468", "x-request-id": "99a4dcbe-e8e5-4f3f-a1ae-95b0cfc16114", "x-envoy-expected-rq-timeout-ms": "15000", "req-start-time": "1790158414150"}}
redis-fixture-1  | 2026-09-23T10:13:34.155647971Z {"seq": 47, "time_ns": 3508933235122, "event": "redis_command", "id": "hit-r1-005", "command": "GET", "args": ["higress-audit:hit-r1-005"]}
redis-fixture-1  | 2026-09-23T10:13:34.155681532Z {"seq": 48, "time_ns": 3508933277657, "event": "redis_get_seen", "id": "hit-r1-005"}
redis-fixture-1  | 2026-09-23T10:13:34.171805592Z {"seq": 49, "time_ns": 3508949480490, "event": "redis_release_requested", "id": "hit-r1-005"}
redis-fixture-1  | 2026-09-23T10:13:34.171978141Z {"seq": 50, "time_ns": 3508949662897, "event": "redis_reply_released", "id": "hit-r1-005", "mode": "hit"}
redis-fixture-1  | 2026-09-23T10:13:34.176619648Z {"seq": 51, "time_ns": 3508954221982, "event": "client_complete", "id": "hit-r1-005", "status": "200", "curl_exit": 0, "body_sha256": "da87d065c0f96d585f02840dc10c88f7e8edac17ae77dbdae4b9e051a619338f"}
redis-fixture-1  | 2026-09-23T10:13:34.178910568Z {"seq": 52, "time_ns": 3508956643031, "event": "upstream_peer_closed", "id": "hit-r1-005"}
redis-fixture-1  | 2026-09-23T10:13:34.285473817Z {"seq": 53, "time_ns": 3509063020560, "event": "redis_release_requested", "id": "hit-r1-005"}
redis-fixture-1  | 2026-09-23T10:13:34.289735121Z {"seq": 54, "time_ns": 3509067353080, "event": "prepared", "id": "hit-r1-006", "mode": "hit", "key": "higress-audit:hit-r1-006", "value": "{\"source\":\"cache\",\"value\":\"fixture-only\"}"}
redis-fixture-1  | 2026-09-23T10:13:34.305253253Z {"seq": 55, "time_ns": 3509082800304, "event": "upstream_seen", "id": "hit-r1-006", "headers": {"host": "127.0.0.1:19468", "user-agent": "curl/7.81.0", "accept": "*/*", "x-http-cache-key": "hit-r1-006", "x-verification-id": "hit-r1-006", "x-forwarded-proto": "http", "x-envoy-original-host": "127.0.0.1:19468", "x-request-id": "ea22e104-12d8-482f-846a-e7973ba215ed", "x-envoy-expected-rq-timeout-ms": "15000", "req-start-time": "1790158414303"}}
redis-fixture-1  | 2026-09-23T10:13:34.307640243Z {"seq": 56, "time_ns": 3509085284586, "event": "redis_command", "id": "hit-r1-006", "command": "GET", "args": ["higress-audit:hit-r1-006"]}
redis-fixture-1  | 2026-09-23T10:13:34.307666174Z {"seq": 57, "time_ns": 3509085329102, "event": "redis_get_seen", "id": "hit-r1-006"}
redis-fixture-1  | 2026-09-23T10:13:34.324700253Z {"seq": 58, "time_ns": 3509102263231, "event": "redis_release_requested", "id": "hit-r1-006"}
redis-fixture-1  | 2026-09-23T10:13:34.324734262Z {"seq": 59, "time_ns": 3509102431115, "event": "redis_reply_released", "id": "hit-r1-006", "mode": "hit"}
redis-fixture-1  | 2026-09-23T10:13:34.328964466Z {"seq": 60, "time_ns": 3509106658588, "event": "client_complete", "id": "hit-r1-006", "status": "200", "curl_exit": 0, "body_sha256": "da87d065c0f96d585f02840dc10c88f7e8edac17ae77dbdae4b9e051a619338f"}
redis-fixture-1  | 2026-09-23T10:13:34.330999973Z {"seq": 61, "time_ns": 3509108712461, "event": "upstream_peer_closed", "id": "hit-r1-006"}
redis-fixture-1  | 2026-09-23T10:13:34.437421140Z {"seq": 62, "time_ns": 3509214960695, "event": "redis_release_requested", "id": "hit-r1-006"}
redis-fixture-1  | 2026-09-23T10:13:34.441248504Z {"seq": 63, "time_ns": 3509218854015, "event": "prepared", "id": "hit-r1-007", "mode": "hit", "key": "higress-audit:hit-r1-007", "value": "{\"source\":\"cache\",\"value\":\"fixture-only\"}"}
redis-fixture-1  | 2026-09-23T10:13:34.454929499Z {"seq": 64, "time_ns": 3509232562586, "event": "redis_command", "id": "hit-r1-007", "command": "GET", "args": ["higress-audit:hit-r1-007"]}
redis-fixture-1  | 2026-09-23T10:13:34.454950012Z {"seq": 65, "time_ns": 3509232709440, "event": "redis_get_seen", "id": "hit-r1-007"}
redis-fixture-1  | 2026-09-23T10:13:34.455320199Z {"seq": 66, "time_ns": 3509233025237, "event": "upstream_seen", "id": "hit-r1-007", "headers": {"host": "127.0.0.1:19468", "user-agent": "curl/7.81.0", "accept": "*/*", "x-http-cache-key": "hit-r1-007", "x-verification-id": "hit-r1-007", "x-forwarded-proto": "http", "x-envoy-original-host": "127.0.0.1:19468", "x-request-id": "bd05bc5c-13f9-4040-811c-bc3690c2aa52", "x-envoy-expected-rq-timeout-ms": "15000", "req-start-time": "1790158414453"}}
redis-fixture-1  | 2026-09-23T10:13:34.462066756Z {"seq": 67, "time_ns": 3509239731842, "event": "redis_release_requested", "id": "hit-r1-007"}
redis-fixture-1  | 2026-09-23T10:13:34.462119893Z {"seq": 68, "time_ns": 3509239866486, "event": "redis_reply_released", "id": "hit-r1-007", "mode": "hit"}
redis-fixture-1  | 2026-09-23T10:13:34.466469713Z {"seq": 69, "time_ns": 3509244108052, "event": "client_complete", "id": "hit-r1-007", "status": "200", "curl_exit": 0, "body_sha256": "da87d065c0f96d585f02840dc10c88f7e8edac17ae77dbdae4b9e051a619338f"}
redis-fixture-1  | 2026-09-23T10:13:34.468626758Z {"seq": 70, "time_ns": 3509246221804, "event": "upstream_peer_closed", "id": "hit-r1-007"}
redis-fixture-1  | 2026-09-23T10:13:34.574950724Z {"seq": 71, "time_ns": 3509352498582, "event": "redis_release_requested", "id": "hit-r1-007"}
redis-fixture-1  | 2026-09-23T10:13:34.578931185Z {"seq": 72, "time_ns": 3509356573744, "event": "prepared", "id": "hit-r1-008", "mode": "hit", "key": "higress-audit:hit-r1-008", "value": "{\"source\":\"cache\",\"value\":\"fixture-only\"}"}
redis-fixture-1  | 2026-09-23T10:13:34.593453735Z {"seq": 73, "time_ns": 3509371068055, "event": "upstream_seen", "id": "hit-r1-008", "headers": {"host": "127.0.0.1:19468", "user-agent": "curl/7.81.0", "accept": "*/*", "x-http-cache-key": "hit-r1-008", "x-verification-id": "hit-r1-008", "x-forwarded-proto": "http", "x-envoy-original-host": "127.0.0.1:19468", "x-request-id": "8f219881-4315-4cf2-a9b0-6cbcf61537d3", "x-envoy-expected-rq-timeout-ms": "15000", "req-start-time": "1790158414591"}}
redis-fixture-1  | 2026-09-23T10:13:34.596355324Z {"seq": 74, "time_ns": 3509373933782, "event": "redis_command", "id": "hit-r1-008", "command": "GET", "args": ["higress-audit:hit-r1-008"]}
redis-fixture-1  | 2026-09-23T10:13:34.596388876Z {"seq": 75, "time_ns": 3509373994962, "event": "redis_get_seen", "id": "hit-r1-008"}
envoy-1          | 2026-09-23T10:13:13.186232239Z [2026-09-23 10:13:13.185][1][info][main] [external/envoy/source/server/server.cc:471]   envoy.connection_handler: envoy.connection_handler.default
envoy-1          | 2026-09-23T10:13:13.186242135Z [2026-09-23 10:13:13.185][1][info][main] [external/envoy/source/server/server.cc:471]   envoy.matching.common_inputs: envoy.matching.common_inputs.environment_variable
envoy-1          | 2026-09-23T10:13:13.186251863Z [2026-09-23 10:13:13.185][1][info][main] [external/envoy/source/server/server.cc:471]   envoy.common.key_value: envoy.key_value.file_based
envoy-1          | 2026-09-23T10:13:13.186261466Z [2026-09-23 10:13:13.185][1][info][main] [external/envoy/source/server/server.cc:471]   envoy.compression.decompressor: envoy.compression.brotli.decompressor, envoy.compression.gzip.decompressor, envoy.compression.zstd.decompressor
envoy-1          | 2026-09-23T10:13:13.186278819Z [2026-09-23 10:13:13.185][1][info][main] [external/envoy/source/server/server.cc:471]   envoy.filters.upstream_network: envoy.filters.network.upstream.metadata_exchange
envoy-1          | 2026-09-23T10:13:13.186288923Z [2026-09-23 10:13:13.185][1][info][main] [external/envoy/source/server/server.cc:471]   envoy.filters.listener: envoy.filters.listener.http_inspector, envoy.filters.listener.original_dst, envoy.filters.listener.original_src, envoy.filters.listener.proxy_protocol, envoy.filters.listener.tls_inspector, envoy.listener.http_inspector, envoy.listener.original_dst, envoy.listener.original_src, envoy.listener.proxy_protocol, envoy.listener.tls_inspector, istio.set_internal_dst_address
envoy-1          | 2026-09-23T10:13:13.186300436Z [2026-09-23 10:13:13.185][1][info][main] [external/envoy/source/server/server.cc:471]   envoy.upstream_options: envoy.extensions.upstreams.http.v3.HttpProtocolOptions, envoy.extensions.upstreams.tcp.v3.TcpProtocolOptions, envoy.upstreams.http.http_protocol_options, envoy.upstreams.tcp.tcp_protocol_options
redis-fixture-1  | 2026-09-23T10:13:34.628161490Z {"seq": 76, "time_ns": 3509405781172, "event": "redis_release_requested", "id": "hit-r1-008"}
redis-fixture-1  | 2026-09-23T10:13:34.628227023Z {"seq": 77, "time_ns": 3509405923038, "event": "redis_reply_released", "id": "hit-r1-008", "mode": "hit"}
redis-fixture-1  | 2026-09-23T10:13:34.632828664Z {"seq": 78, "time_ns": 3509410448790, "event": "client_complete", "id": "hit-r1-008", "status": "200", "curl_exit": 0, "body_sha256": "da87d065c0f96d585f02840dc10c88f7e8edac17ae77dbdae4b9e051a619338f"}
redis-fixture-1  | 2026-09-23T10:13:34.635175190Z {"seq": 79, "time_ns": 3509412748143, "event": "upstream_peer_closed", "id": "hit-r1-008"}
redis-fixture-1  | 2026-09-23T10:13:34.741731928Z {"seq": 80, "time_ns": 3509519314998, "event": "redis_release_requested", "id": "hit-r1-008"}
redis-fixture-1  | 2026-09-23T10:13:34.746328349Z {"seq": 81, "time_ns": 3509523997393, "event": "prepared", "id": "hit-r1-009", "mode": "hit", "key": "higress-audit:hit-r1-009", "value": "{\"source\":\"cache\",\"value\":\"fixture-only\"}"}
redis-fixture-1  | 2026-09-23T10:13:34.759608785Z {"seq": 82, "time_ns": 3509537280062, "event": "redis_command", "id": "hit-r1-009", "command": "GET", "args": ["higress-audit:hit-r1-009"]}
redis-fixture-1  | 2026-09-23T10:13:34.759678807Z {"seq": 83, "time_ns": 3509537418828, "event": "redis_get_seen", "id": "hit-r1-009"}
envoy-1          | 2026-09-23T10:13:13.186312076Z [2026-09-23 10:13:13.185][1][info][main] [external/envoy/source/server/server.cc:471]   envoy.route_config_update_requester: envoy.route_config_update_requester.default
redis-fixture-1  | 2026-09-23T10:13:34.760253091Z {"seq": 84, "time_ns": 3509537974925, "event": "upstream_seen", "id": "hit-r1-009", "headers": {"host": "127.0.0.1:19468", "user-agent": "curl/7.81.0", "accept": "*/*", "x-http-cache-key": "hit-r1-009", "x-verification-id": "hit-r1-009", "x-forwarded-proto": "http", "x-envoy-original-host": "127.0.0.1:19468", "x-request-id": "321a841a-424c-4bc6-8767-96060a14e760", "x-envoy-expected-rq-timeout-ms": "15000", "req-start-time": "1790158414758"}}
envoy-1          | 2026-09-23T10:13:13.186321867Z [2026-09-23 10:13:13.185][1][info][main] [external/envoy/source/server/server.cc:471]   quic.http_server_connection: quic.http_server_connection.default
envoy-1          | 2026-09-23T10:13:13.186331735Z [2026-09-23 10:13:13.185][1][info][main] [external/envoy/source/server/server.cc:471]   envoy.matching.stat_matching_data.input: stat_full_name_match_input
envoy-1          | 2026-09-23T10:13:13.186341380Z [2026-09-23 10:13:13.185][1][info][main] [external/envoy/source/server/server.cc:471]   envoy.request_id: envoy.request_id.uuid
envoy-1          | 2026-09-23T10:13:13.186351392Z [2026-09-23 10:13:13.185][1][info][main] [external/envoy/source/server/server.cc:471]   envoy.http.header_validators: envoy.http.header_validators.envoy_default
envoy-1          | 2026-09-23T10:13:13.186361195Z [2026-09-23 10:13:13.185][1][info][main] [external/envoy/source/server/server.cc:471]   envoy.thrift_proxy.filters: envoy.filters.thrift.header_to_metadata, envoy.filters.thrift.rate_limit, envoy.filters.thrift.router
envoy-1          | 2026-09-23T10:13:13.186371208Z [2026-09-23 10:13:13.185][1][info][main] [external/envoy/source/server/server.cc:471]   envoy.sip_proxy.filters: envoy.filters.sip.router
envoy-1          | 2026-09-23T10:13:13.186380708Z [2026-09-23 10:13:13.185][1][info][main] [external/envoy/source/server/server.cc:471]   envoy.thrift_proxy.protocols: auto, binary, binary/non-strict, compact, twitter
envoy-1          | 2026-09-23T10:13:13.186390503Z [2026-09-23 10:13:13.185][1][info][main] [external/envoy/source/server/server.cc:471]   envoy.upstream.local_address_selector: envoy.upstream.local_address_selector.default_local_address_selector
envoy-1          | 2026-09-23T10:13:13.186400348Z [2026-09-23 10:13:13.185][1][info][main] [external/envoy/source/server/server.cc:471]   envoy.path.match: envoy.path.match.uri_template.uri_template_matcher
envoy-1          | 2026-09-23T10:13:13.186410260Z [2026-09-23 10:13:13.185][1][info][main] [external/envoy/source/server/server.cc:471]   envoy.built_in_formatters: envoy.built_in_formatters.http.default, envoy.built_in_formatters.metadata, envoy.built_in_formatters.stream_info.default
envoy-1          | 2026-09-23T10:13:13.186420544Z [2026-09-23 10:13:13.185][1][info][main] [external/envoy/source/server/server.cc:471]   envoy.dubbo_proxy.serializers: dubbo.hessian2
envoy-1          | 2026-09-23T10:13:13.186438369Z [2026-09-23 10:13:13.185][1][info][main] [external/envoy/source/server/server.cc:471]   envoy.http.mcp_sse_stateful_session: envoy.http.mcp_sse_stateful_session.envelope
envoy-1          | 2026-09-23T10:13:13.186448461Z [2026-09-23 10:13:13.185][1][info][main] [external/envoy/source/server/server.cc:471]   envoy.internal_redirect_predicates: envoy.internal_redirect_predicates.allow_listed_routes, envoy.internal_redirect_predicates.previous_routes, envoy.internal_redirect_predicates.safe_cross_scheme
envoy-1          | 2026-09-23T10:13:13.186458973Z [2026-09-23 10:13:13.185][1][info][main] [external/envoy/source/server/server.cc:471]   envoy.regex_engines: envoy.regex_engines.google_re2
envoy-1          | 2026-09-23T10:13:13.186468576Z [2026-09-23 10:13:13.185][1][info][main] [external/envoy/source/server/server.cc:471]   envoy.network.connection_balance: envoy.network.connection_balance.dlb
envoy-1          | 2026-09-23T10:13:13.186478292Z [2026-09-23 10:13:13.185][1][info][main] [external/envoy/source/server/server.cc:471]   envoy.quic.proof_source: envoy.quic.proof_source.filter_chain
envoy-1          | 2026-09-23T10:13:13.186487909Z [2026-09-23 10:13:13.185][1][info][main] [external/envoy/source/server/server.cc:471]   envoy.access_loggers.extension_filters: envoy.access_loggers.extension_filters.cel
envoy-1          | 2026-09-23T10:13:13.186498021Z [2026-09-23 10:13:13.185][1][info][main] [external/envoy/source/server/server.cc:471]   envoy.health_checkers: envoy.health_checkers.grpc, envoy.health_checkers.http, envoy.health_checkers.redis, envoy.health_checkers.tcp
envoy-1          | 2026-09-23T10:13:13.186508096Z [2026-09-23 10:13:13.185][1][info][main] [external/envoy/source/server/server.cc:471]   envoy.matching.network.input: envoy.matching.inputs.application_protocol, envoy.matching.inputs.destination_ip, envoy.matching.inputs.destination_port, envoy.matching.inputs.direct_source_ip, envoy.matching.inputs.dns_san, envoy.matching.inputs.filter_state, envoy.matching.inputs.network_namespace, envoy.matching.inputs.server_name, envoy.matching.inputs.source_ip, envoy.matching.inputs.source_port, envoy.matching.inputs.source_type, envoy.matching.inputs.subject, envoy.matching.inputs.transport_protocol, envoy.matching.inputs.uri_san
envoy-1          | 2026-09-23T10:13:13.186521033Z [2026-09-23 10:13:13.185][1][info][main] [external/envoy/source/server/server.cc:471]   envoy.stats_sinks: envoy.dog_statsd, envoy.graphite_statsd, envoy.metrics_service, envoy.open_telemetry_stat_sink, envoy.stat_sinks.dog_statsd, envoy.stat_sinks.graphite_statsd, envoy.stat_sinks.hystrix, envoy.stat_sinks.metrics_service, envoy.stat_sinks.open_telemetry, envoy.stat_sinks.statsd, envoy.stat_sinks.wasm, envoy.statsd
envoy-1          | 2026-09-23T10:13:13.186532461Z [2026-09-23 10:13:13.185][1][info][main] [external/envoy/source/server/server.cc:471]   envoy.config_subscription: envoy.config_subscription.ads, envoy.config_subscription.ads_collection, envoy.config_subscription.aggregated_grpc_collection, envoy.config_subscription.delta_grpc, envoy.config_subscription.delta_grpc_collection, envoy.config_subscription.filesystem, envoy.config_subscription.filesystem_collection, envoy.config_subscription.grpc, envoy.config_subscription.rest
envoy-1          | 2026-09-23T10:13:13.186543877Z [2026-09-23 10:13:13.185][1][info][main] [external/envoy/source/server/server.cc:471]   envoy.load_balancing_policies: envoy.load_balancing_policies.least_request, envoy.load_balancing_policies.maglev, envoy.load_balancing_policies.override_host, envoy.load_balancing_policies.random, envoy.load_balancing_policies.ring_hash, envoy.load_balancing_policies.round_robin, envoy.load_balancing_policies.subset
envoy-1          | 2026-09-23T10:13:13.186562206Z [2026-09-23 10:13:13.185][1][info][main] [external/envoy/source/server/server.cc:471]   envoy.http.original_ip_detection: envoy.http.original_ip_detection.custom_header, envoy.http.original_ip_detection.xff
envoy-1          | 2026-09-23T10:13:13.186572410Z [2026-09-23 10:13:13.185][1][info][main] [external/envoy/source/server/server.cc:471]   envoy.path.rewrite: envoy.path.rewrite.uri_template.uri_template_rewriter
envoy-1          | 2026-09-23T10:13:13.186582137Z [2026-09-23 10:13:13.185][1][info][main] [external/envoy/source/server/server.cc:471]   envoy.router.cluster_specifier_plugin: envoy.router.cluster_specifier_plugin.cluster_fallback, envoy.router.cluster_specifier_plugin.golang
envoy-1          | 2026-09-23T10:13:13.186592402Z [2026-09-23 10:13:13.185][1][info][main] [external/envoy/source/server/server.cc:471]   envoy.tls.cert_validator: envoy.tls.cert_validator.default, envoy.tls.cert_validator.spiffe
envoy-1          | 2026-09-23T10:13:13.186603634Z [2026-09-23 10:13:13.185][1][info][main] [external/envoy/source/server/server.cc:471]   envoy.compression.compressor: envoy.compression.brotli.compressor, envoy.compression.gzip.compressor, envoy.compression.zstd.compressor
envoy-1          | 2026-09-23T10:13:13.186613769Z [2026-09-23 10:13:13.185][1][info][main] [external/envoy/source/server/server.cc:471]   network.connection.client: default, envoy_internal
envoy-1          | 2026-09-23T10:13:13.186623474Z [2026-09-23 10:13:13.185][1][info][main] [external/envoy/source/server/server.cc:471]   envoy.filters.http.upstream: envoy.buffer, envoy.ext_proc, envoy.filters.http.admission_control, envoy.filters.http.aws_lambda, envoy.filters.http.aws_request_signing, envoy.filters.http.buffer, envoy.filters.http.composite, envoy.filters.http.ext_proc, envoy.filters.http.header_mutation, envoy.filters.http.lua, envoy.filters.http.match_delegate, envoy.filters.http.upstream_codec, envoy.filters.http.wasm
envoy-1          | 2026-09-23T10:13:13.186634966Z [2026-09-23 10:13:13.185][1][info][main] [external/envoy/source/server/server.cc:471]   envoy.wasm.runtime: envoy.wasm.runtime.null, envoy.wasm.runtime.v8
envoy-1          | 2026-09-23T10:13:13.192072638Z [2026-09-23 10:13:13.191][1][info][main] [external/envoy/source/server/server.cc:531] HTTP header map info:
envoy-1          | 2026-09-23T10:13:13.192137474Z [2026-09-23 10:13:13.192][1][info][main] [external/envoy/source/server/server.cc:534]   request header map: 664 bytes: :authority,:method,:path,:protocol,:scheme,accept,accept-encoding,access-control-request-headers,access-control-request-method,access-control-request-private-network,authentication,authorization,cache-control,cdn-loop,connection,content-encoding,content-length,content-type,expect,grpc-accept-encoding,grpc-timeout,if-match,if-modified-since,if-none-match,if-range,if-unmodified-since,keep-alive,origin,pragma,proxy-connection,proxy-status,referer,te,transfer-encoding,upgrade,user-agent,via,x-client-trace-id,x-envoy-attempt-count,x-envoy-decorator-operation,x-envoy-downstream-service-cluster,x-envoy-downstream-service-node,x-envoy-expected-rq-timeout-ms,x-envoy-external-address,x-envoy-force-trace,x-envoy-hedge-on-per-try-timeout,x-envoy-internal,x-envoy-ip-tags,x-envoy-is-timeout-retry,x-envoy-max-retries,x-envoy-original-host,x-envoy-original-path,x-envoy-original-url,x-envoy-retriable-header-names,x-envoy-retriable-status-codes,x-envoy-retry-grpc-on,x-envoy-retry-on,x-envoy-upstream-alt-stat-name,x-envoy-upstream-rq-per-try-timeout-ms,x-envoy-upstream-rq-timeout-alt-response,x-envoy-upstream-rq-timeout-ms,x-envoy-upstream-stream-duration-ms,x-forwarded-client-cert,x-forwarded-for,x-forwarded-host,x-forwarded-port,x-forwarded-proto,x-request-id
envoy-1          | 2026-09-23T10:13:13.192156674Z [2026-09-23 10:13:13.192][1][info][main] [external/envoy/source/server/server.cc:534]   request trailer map: 120 bytes: 
envoy-1          | 2026-09-23T10:13:13.192186391Z [2026-09-23 10:13:13.192][1][info][main] [external/envoy/source/server/server.cc:534]   response header map: 432 bytes: :status,access-control-allow-credentials,access-control-allow-headers,access-control-allow-methods,access-control-allow-origin,access-control-allow-private-network,access-control-expose-headers,access-control-max-age,age,cache-control,connection,content-encoding,content-length,content-type,date,etag,expires,grpc-message,grpc-status,keep-alive,last-modified,location,proxy-connection,proxy-status,server,transfer-encoding,upgrade,vary,via,x-envoy-attempt-count,x-envoy-decorator-operation,x-envoy-degraded,x-envoy-immediate-health-check-fail,x-envoy-ratelimited,x-envoy-upstream-canary,x-envoy-upstream-healthchecked-cluster,x-envoy-upstream-service-time,x-request-id
envoy-1          | 2026-09-23T10:13:13.192199943Z [2026-09-23 10:13:13.192][1][info][main] [external/envoy/source/server/server.cc:534]   response trailer map: 144 bytes: grpc-message,grpc-status
envoy-1          | 2026-09-23T10:13:13.201867399Z [2026-09-23 10:13:13.201][1][info][main] [external/envoy/source/server/server.cc:942] runtime: {}
envoy-1          | 2026-09-23T10:13:13.201971977Z [2026-09-23 10:13:13.201][1][info][main] [external/envoy/source/server/server.cc:774] Starting admin HTTP server at 0.0.0.0:9901
envoy-1          | 2026-09-23T10:13:13.202105261Z [2026-09-23 10:13:13.202][1][info][admin] [external/envoy/source/server/admin/admin.cc:65] admin address: 0.0.0.0:9901
envoy-1          | 2026-09-23T10:13:13.202331266Z [2026-09-23 10:13:13.202][1][info][config] [external/envoy/source/server/configuration_impl.cc:181] loading tracing configuration
envoy-1          | 2026-09-23T10:13:13.202364199Z [2026-09-23 10:13:13.202][1][info][config] [external/envoy/source/server/configuration_impl.cc:132] loading 0 static secret(s)
envoy-1          | 2026-09-23T10:13:13.202376688Z [2026-09-23 10:13:13.202][1][info][config] [external/envoy/source/server/configuration_impl.cc:138] loading 2 cluster(s)
envoy-1          | 2026-09-23T10:13:13.204658260Z [2026-09-23 10:13:13.204][1][info][config] [external/envoy/source/server/configuration_impl.cc:148] loading 1 listener(s)
envoy-1          | 2026-09-23T10:13:13.266118123Z [2026-09-23 10:13:13.265][1][debug][wasm] [external/envoy/source/extensions/common/wasm/wasm.cc:326] Base Wasm created 1 now active
envoy-1          | 2026-09-23T10:13:33.266511220Z [2026-09-23 10:13:33.266][1][debug][wasm] [external/envoy/source/extensions/common/wasm/wasm.cc:364] Thread-Local Wasm created 2 now active
envoy-1          | 2026-09-23T10:13:33.275800808Z [2026-09-23 10:13:33.275][1][debug][wasm] [external/envoy/source/extensions/common/wasm/context.cc:1538] wasm log response-cache response-cache: [response-cache] [nil] [nil] cache provider is set to redis
redis-fixture-1  | 2026-09-23T10:13:34.768129947Z {"seq": 85, "time_ns": 3509545706585, "event": "redis_release_requested", "id": "hit-r1-009"}
redis-fixture-1  | 2026-09-23T10:13:34.768162548Z {"seq": 86, "time_ns": 3509545820367, "event": "redis_reply_released", "id": "hit-r1-009", "mode": "hit"}
redis-fixture-1  | 2026-09-23T10:13:34.772654129Z {"seq": 87, "time_ns": 3509550325300, "event": "client_complete", "id": "hit-r1-009", "status": "200", "curl_exit": 0, "body_sha256": "da87d065c0f96d585f02840dc10c88f7e8edac17ae77dbdae4b9e051a619338f"}
redis-fixture-1  | 2026-09-23T10:13:34.775114419Z {"seq": 88, "time_ns": 3509552802440, "event": "upstream_peer_closed", "id": "hit-r1-009"}
redis-fixture-1  | 2026-09-23T10:13:34.882072634Z {"seq": 89, "time_ns": 3509659618717, "event": "redis_release_requested", "id": "hit-r1-009"}
envoy-1          | 2026-09-23T10:13:33.275841716Z [2026-09-23 10:13:33.275][1][warning][wasm] [external/envoy/source/extensions/common/wasm/context.cc:1544] wasm log response-cache response-cache: failed to init redis: error status returned by host: bad argument, will retry after
envoy-1          | 2026-09-23T10:13:33.275854685Z [2026-09-23 10:13:33.275][1][error][wasm] [external/envoy/source/extensions/common/wasm/context.cc:1547] wasm log response-cache response-cache: [response-cache] [nil] [nil] redis init failed, will try later
envoy-1          | 2026-09-23T10:13:33.275865773Z [2026-09-23 10:13:33.275][1][info][wasm] [external/envoy/source/extensions/common/wasm/context.cc:1541] wasm log response-cache response-cache: [response-cache] [nil] [nil] plugin start successfully
envoy-1          | 2026-09-23T10:13:33.275876105Z [2026-09-23 10:13:33.275][1][debug][wasm] [external/envoy/source/extensions/common/wasm/wasm.cc:417] ~Wasm 1 remaining active
envoy-1          | 2026-09-23T10:13:33.283400502Z [2026-09-23 10:13:33.283][1][debug][wasm] [external/envoy/source/extensions/common/wasm/wasm.cc:364] Thread-Local Wasm created 2 now active
envoy-1          | 2026-09-23T10:13:33.291794801Z [2026-09-23 10:13:33.291][1][debug][wasm] [external/envoy/source/extensions/common/wasm/context.cc:1538] wasm log response-cache response-cache: [response-cache] [nil] [nil] cache provider is set to redis
envoy-1          | 2026-09-23T10:13:33.291832604Z [2026-09-23 10:13:33.291][1][warning][wasm] [external/envoy/source/extensions/common/wasm/context.cc:1544] wasm log response-cache response-cache: failed to init redis: error status returned by host: bad argument, will retry after
envoy-1          | 2026-09-23T10:13:33.291844561Z [2026-09-23 10:13:33.291][1][error][wasm] [external/envoy/source/extensions/common/wasm/context.cc:1547] wasm log response-cache response-cache: [response-cache] [nil] [nil] redis init failed, will try later
envoy-1          | 2026-09-23T10:13:33.291855668Z [2026-09-23 10:13:33.291][1][info][wasm] [external/envoy/source/extensions/common/wasm/context.cc:1541] wasm log response-cache response-cache: [response-cache] [nil] [nil] plugin start successfully
envoy-1          | 2026-09-23T10:13:33.292410768Z [2026-09-23 10:13:33.292][1][info][config] [external/envoy/source/server/configuration_impl.cc:164] loading stats configuration
envoy-1          | 2026-09-23T10:13:33.292984885Z [2026-09-23 10:13:33.292][1][warning][main] [external/envoy/source/server/server.cc:1012] There is no configured limit to the number of allowed active downstream connections. Configure a limit in `envoy.resource_monitors.global_downstream_max_connections` resource monitor.
envoy-1          | 2026-09-23T10:13:33.292998721Z [2026-09-23 10:13:33.292][1][info][main] [external/envoy/source/server/server.cc:1051] starting main dispatch loop
envoy-1          | 2026-09-23T10:13:33.293261232Z [2026-09-23 10:13:33.293][1][info][runtime] [external/envoy/source/common/runtime/runtime_impl.cc:551] RTDS has finished initialization
envoy-1          | 2026-09-23T10:13:33.293296947Z [2026-09-23 10:13:33.293][1][info][upstream] [external/envoy/source/common/upstream/cluster_manager_impl.cc:252] cm init: all clusters initialized
envoy-1          | 2026-09-23T10:13:33.293308759Z [2026-09-23 10:13:33.293][1][info][main] [external/envoy/source/server/server.cc:1031] all clusters initialized. initializing init manager
envoy-1          | 2026-09-23T10:13:33.293318924Z [2026-09-23 10:13:33.293][1][info][config] [external/envoy/source/common/listener_manager/listener_manager_impl.cc:1012] all dependencies initialized. starting workers
redis-fixture-1  | 2026-09-23T10:13:34.886280271Z {"seq": 90, "time_ns": 3509663844766, "event": "prepared", "id": "hit-r1-010", "mode": "hit", "key": "higress-audit:hit-r1-010", "value": "{\"source\":\"cache\",\"value\":\"fixture-only\"}"}
redis-fixture-1  | 2026-09-23T10:13:34.900821943Z {"seq": 91, "time_ns": 3509678390363, "event": "upstream_seen", "id": "hit-r1-010", "headers": {"host": "127.0.0.1:19468", "user-agent": "curl/7.81.0", "accept": "*/*", "x-http-cache-key": "hit-r1-010", "x-verification-id": "hit-r1-010", "x-forwarded-proto": "http", "x-envoy-original-host": "127.0.0.1:19468", "x-request-id": "e323af3c-c0c9-4212-8679-ab17a5f94bf8", "x-envoy-expected-rq-timeout-ms": "15000", "req-start-time": "1790158414898"}}
redis-fixture-1  | 2026-09-23T10:13:34.903527776Z {"seq": 92, "time_ns": 3509681104369, "event": "redis_command", "id": "hit-r1-010", "command": "GET", "args": ["higress-audit:hit-r1-010"]}
redis-fixture-1  | 2026-09-23T10:13:34.903561055Z {"seq": 93, "time_ns": 3509681141857, "event": "redis_get_seen", "id": "hit-r1-010"}
envoy-1          | 2026-09-23T10:13:33.302251722Z [2026-09-23 10:13:33.301][29][debug][wasm] [external/envoy/source/extensions/common/wasm/wasm.cc:364] Thread-Local Wasm created 3 now active
envoy-1          | 2026-09-23T10:13:33.311295762Z [2026-09-23 10:13:33.311][29][debug][wasm] [external/envoy/source/extensions/common/wasm/context.cc:1538] wasm log response-cache response-cache: [response-cache] [nil] [nil] cache provider is set to redis
envoy-1          | 2026-09-23T10:13:33.311332239Z [2026-09-23 10:13:33.311][29][warning][wasm] [external/envoy/source/extensions/common/wasm/context.cc:1544] wasm log response-cache response-cache: failed to init redis: error status returned by host: bad argument, will retry after
envoy-1          | 2026-09-23T10:13:33.311344723Z [2026-09-23 10:13:33.311][29][error][wasm] [external/envoy/source/extensions/common/wasm/context.cc:1547] wasm log response-cache response-cache: [response-cache] [nil] [nil] redis init failed, will try later
envoy-1          | 2026-09-23T10:13:33.311376414Z [2026-09-23 10:13:33.311][29][info][wasm] [external/envoy/source/extensions/common/wasm/context.cc:1541] wasm log response-cache response-cache: [response-cache] [nil] [nil] plugin start successfully
envoy-1          | 2026-09-23T10:13:33.417804357Z RID=- CODE=200 DETAIL=via_upstream FLAGS=- UPSTREAM=172.28.0.2:8080
envoy-1          | 2026-09-23T10:13:33.434581919Z [2026-09-23 10:13:33.434][29][debug][wasm] [external/envoy/source/extensions/common/wasm/context.cc:1538] wasm log response-cache response-cache response-cache: [response-cache] [nil] [b4b256f1-fae1-47d7-aaed-6433d8841bc4] [onHttpRequestHeaders] cache key from request header: x-http-cache-key, key: hit-r1-000
envoy-1          | 2026-09-23T10:13:33.434614285Z [2026-09-23 10:13:33.434][29][debug][wasm] [external/envoy/source/extensions/common/wasm/context.cc:1538] wasm log response-cache response-cache response-cache: [response-cache] [nil] [b4b256f1-fae1-47d7-aaed-6433d8841bc4] [response-cache] [CheckCacheForKey] querying cache with key: higress-audit:hit-r1-000
envoy-1          | 2026-09-23T10:13:33.435069391Z [2026-09-23 10:13:33.434][29][debug][wasm] [external/envoy/source/extensions/common/wasm/context.cc:1538] wasm log response-cache response-cache response-cache: redis call start, request-id: b1d72b74-30ed-426f-b6f9-9b8e4b0e8e04, respQuery: KjINCiQzDQpnZXQNCiQyNA0KaGlncmVzcy1hdWRpdDpoaXQtcjEtMDAwDQo=
envoy-1          | 2026-09-23T10:13:33.443216012Z [2026-09-23 10:13:33.443][29][debug][wasm] [external/envoy/source/extensions/common/wasm/context.cc:1538] wasm log response-cache response-cache response-cache: redis call end, request-id: b1d72b74-30ed-426f-b6f9-9b8e4b0e8e04, respQuery: KjINCiQzDQpnZXQNCiQyNA0KaGlncmVzcy1hdWRpdDpoaXQtcjEtMDAwDQo=, respValue: JDQxDQp7InNvdXJjZSI6ImNhY2hlIiwidmFsdWUiOiJmaXh0dXJlLW9ubHkifQ0K
envoy-1          | 2026-09-23T10:13:33.443234744Z [2026-09-23 10:13:33.443][29][info][wasm] [external/envoy/source/extensions/common/wasm/context.cc:1541] wasm log response-cache response-cache response-cache: [response-cache] [nil] [b4b256f1-fae1-47d7-aaed-6433d8841bc4] [response-cache] cache hit for key: hit-r1-000
envoy-1          | 2026-09-23T10:13:33.443245659Z [2026-09-23 10:13:33.443][29][debug][wasm] [external/envoy/source/extensions/common/wasm/context.cc:1538] wasm log response-cache response-cache response-cache: [response-cache] [nil] [b4b256f1-fae1-47d7-aaed-6433d8841bc4] [response-cache] [processCacheHit] cached response for key hit-r1-000: {"source":"cache","value":"fixture-only"}
envoy-1          | 2026-09-23T10:13:33.443403661Z [2026-09-23 10:13:33.443][29][debug][wasm] [external/envoy/source/extensions/common/wasm/context.cc:1538] wasm log response-cache response-cache response-cache: [response-cache] [nil] [b4b256f1-fae1-47d7-aaed-6433d8841bc4] SetResponseBodyBufferLimit: 10485760
envoy-1          | 2026-09-23T10:13:33.443462430Z [2026-09-23 10:13:33.443][29][debug][wasm] [external/envoy/source/extensions/common/wasm/context.cc:1538] wasm log response-cache response-cache response-cache: [response-cache] [nil] [b4b256f1-fae1-47d7-aaed-6433d8841bc4] [onHttpResponseBody] key is nil, skip cache
envoy-1          | 2026-09-23T10:13:33.567271675Z [2026-09-23 10:13:33.567][29][debug][wasm] [external/envoy/source/extensions/common/wasm/context.cc:1538] wasm log response-cache response-cache response-cache: [response-cache] [nil] [05fc979a-6527-4072-9d0e-a388d7d1d7ab] [onHttpRequestHeaders] cache key from request header: x-http-cache-key, key: hit-r1-001
envoy-1          | 2026-09-23T10:13:33.567306654Z [2026-09-23 10:13:33.567][29][debug][wasm] [external/envoy/source/extensions/common/wasm/context.cc:1538] wasm log response-cache response-cache response-cache: [response-cache] [nil] [05fc979a-6527-4072-9d0e-a388d7d1d7ab] [response-cache] [CheckCacheForKey] querying cache with key: higress-audit:hit-r1-001
envoy-1          | 2026-09-23T10:13:33.567378107Z [2026-09-23 10:13:33.567][29][debug][wasm] [external/envoy/source/extensions/common/wasm/context.cc:1538] wasm log response-cache response-cache response-cache: redis call start, request-id: c0597974-84b6-43cb-b524-414deba993b2, respQuery: KjINCiQzDQpnZXQNCiQyNA0KaGlncmVzcy1hdWRpdDpoaXQtcjEtMDAxDQo=
envoy-1          | 2026-09-23T10:13:33.587327029Z [2026-09-23 10:13:33.587][29][debug][wasm] [external/envoy/source/extensions/common/wasm/context.cc:1538] wasm log response-cache response-cache response-cache: redis call end, request-id: c0597974-84b6-43cb-b524-414deba993b2, respQuery: KjINCiQzDQpnZXQNCiQyNA0KaGlncmVzcy1hdWRpdDpoaXQtcjEtMDAxDQo=, respValue: JDQxDQp7InNvdXJjZSI6ImNhY2hlIiwidmFsdWUiOiJmaXh0dXJlLW9ubHkifQ0K
envoy-1          | 2026-09-23T10:13:33.587348040Z [2026-09-23 10:13:33.587][29][info][wasm] [external/envoy/source/extensions/common/wasm/context.cc:1541] wasm log response-cache response-cache response-cache: [response-cache] [nil] [05fc979a-6527-4072-9d0e-a388d7d1d7ab] [response-cache] cache hit for key: hit-r1-001
envoy-1          | 2026-09-23T10:13:33.587399577Z [2026-09-23 10:13:33.587][29][debug][wasm] [external/envoy/source/extensions/common/wasm/context.cc:1538] wasm log response-cache response-cache response-cache: [response-cache] [nil] [05fc979a-6527-4072-9d0e-a388d7d1d7ab] [response-cache] [processCacheHit] cached response for key hit-r1-001: {"source":"cache","value":"fixture-only"}
envoy-1          | 2026-09-23T10:13:33.587684331Z [2026-09-23 10:13:33.587][29][debug][wasm] [external/envoy/source/extensions/common/wasm/context.cc:1538] wasm log response-cache response-cache response-cache: [response-cache] [nil] [05fc979a-6527-4072-9d0e-a388d7d1d7ab] SetResponseBodyBufferLimit: 10485760
envoy-1          | 2026-09-23T10:13:33.587790459Z [2026-09-23 10:13:33.587][29][debug][wasm] [external/envoy/source/extensions/common/wasm/context.cc:1538] wasm log response-cache response-cache response-cache: [response-cache] [nil] [05fc979a-6527-4072-9d0e-a388d7d1d7ab] [onHttpResponseBody] key is nil, skip cache
envoy-1          | 2026-09-23T10:13:33.714258809Z [2026-09-23 10:13:33.713][29][debug][wasm] [external/envoy/source/extensions/common/wasm/context.cc:1538] wasm log response-cache response-cache response-cache: [response-cache] [nil] [76c4d07c-6721-4e55-8d88-39da30b3f1ea] [onHttpRequestHeaders] cache key from request header: x-http-cache-key, key: hit-r1-002
redis-fixture-1  | 2026-09-23T10:13:34.920817293Z {"seq": 94, "time_ns": 3509698397677, "event": "redis_release_requested", "id": "hit-r1-010"}
redis-fixture-1  | 2026-09-23T10:13:34.920868277Z {"seq": 95, "time_ns": 3509698520580, "event": "redis_reply_released", "id": "hit-r1-010", "mode": "hit"}
envoy-1          | 2026-09-23T10:13:33.714292858Z [2026-09-23 10:13:33.714][29][debug][wasm] [external/envoy/source/extensions/common/wasm/context.cc:1538] wasm log response-cache response-cache response-cache: [response-cache] [nil] [76c4d07c-6721-4e55-8d88-39da30b3f1ea] [response-cache] [CheckCacheForKey] querying cache with key: higress-audit:hit-r1-002
envoy-1          | 2026-09-23T10:13:33.714316390Z [2026-09-23 10:13:33.714][29][debug][wasm] [external/envoy/source/extensions/common/wasm/context.cc:1538] wasm log response-cache response-cache response-cache: redis call start, request-id: 05306b27-8346-4643-825d-677b2e41063b, respQuery: KjINCiQzDQpnZXQNCiQyNA0KaGlncmVzcy1hdWRpdDpoaXQtcjEtMDAyDQo=
envoy-1          | 2026-09-23T10:13:33.723638227Z [2026-09-23 10:13:33.723][29][debug][wasm] [external/envoy/source/extensions/common/wasm/context.cc:1538] wasm log response-cache response-cache response-cache: redis call end, request-id: 05306b27-8346-4643-825d-677b2e41063b, respQuery: KjINCiQzDQpnZXQNCiQyNA0KaGlncmVzcy1hdWRpdDpoaXQtcjEtMDAyDQo=, respValue: JDQxDQp7InNvdXJjZSI6ImNhY2hlIiwidmFsdWUiOiJmaXh0dXJlLW9ubHkifQ0K
redis-fixture-1  | 2026-09-23T10:13:34.925078685Z {"seq": 96, "time_ns": 3509702707467, "event": "client_complete", "id": "hit-r1-010", "status": "200", "curl_exit": 0, "body_sha256": "da87d065c0f96d585f02840dc10c88f7e8edac17ae77dbdae4b9e051a619338f"}
envoy-1          | 2026-09-23T10:13:33.723664071Z [2026-09-23 10:13:33.723][29][info][wasm] [external/envoy/source/extensions/common/wasm/context.cc:1541] wasm log response-cache response-cache response-cache: [response-cache] [nil] [76c4d07c-6721-4e55-8d88-39da30b3f1ea] [response-cache] cache hit for key: hit-r1-002
envoy-1          | 2026-09-23T10:13:33.723696503Z [2026-09-23 10:13:33.723][29][debug][wasm] [external/envoy/source/extensions/common/wasm/context.cc:1538] wasm log response-cache response-cache response-cache: [response-cache] [nil] [76c4d07c-6721-4e55-8d88-39da30b3f1ea] [response-cache] [processCacheHit] cached response for key hit-r1-002: {"source":"cache","value":"fixture-only"}
envoy-1          | 2026-09-23T10:13:33.723919825Z [2026-09-23 10:13:33.723][29][debug][wasm] [external/envoy/source/extensions/common/wasm/context.cc:1538] wasm log response-cache response-cache response-cache: [response-cache] [nil] [76c4d07c-6721-4e55-8d88-39da30b3f1ea] SetResponseBodyBufferLimit: 10485760
envoy-1          | 2026-09-23T10:13:33.724021557Z [2026-09-23 10:13:33.723][29][debug][wasm] [external/envoy/source/extensions/common/wasm/context.cc:1538] wasm log response-cache response-cache response-cache: [response-cache] [nil] [76c4d07c-6721-4e55-8d88-39da30b3f1ea] [onHttpResponseBody] key is nil, skip cache
envoy-1          | 2026-09-23T10:13:33.852784091Z [2026-09-23 10:13:33.852][29][debug][wasm] [external/envoy/source/extensions/common/wasm/context.cc:1538] wasm log response-cache response-cache response-cache: [response-cache] [nil] [f1657bff-3652-485b-b2a6-ab1e59e4882f] [onHttpRequestHeaders] cache key from request header: x-http-cache-key, key: hit-r1-003
envoy-1          | 2026-09-23T10:13:33.852819760Z [2026-09-23 10:13:33.852][29][debug][wasm] [external/envoy/source/extensions/common/wasm/context.cc:1538] wasm log response-cache response-cache response-cache: [response-cache] [nil] [f1657bff-3652-485b-b2a6-ab1e59e4882f] [response-cache] [CheckCacheForKey] querying cache with key: higress-audit:hit-r1-003
envoy-1          | 2026-09-23T10:13:33.852836732Z [2026-09-23 10:13:33.852][29][debug][wasm] [external/envoy/source/extensions/common/wasm/context.cc:1538] wasm log response-cache response-cache response-cache: redis call start, request-id: 34abfd90-d7f8-4685-ae68-41bb0351ceef, respQuery: KjINCiQzDQpnZXQNCiQyNA0KaGlncmVzcy1hdWRpdDpoaXQtcjEtMDAzDQo=
envoy-1          | 2026-09-23T10:13:33.873417809Z [2026-09-23 10:13:33.873][29][debug][wasm] [external/envoy/source/extensions/common/wasm/context.cc:1538] wasm log response-cache response-cache response-cache: redis call end, request-id: 34abfd90-d7f8-4685-ae68-41bb0351ceef, respQuery: KjINCiQzDQpnZXQNCiQyNA0KaGlncmVzcy1hdWRpdDpoaXQtcjEtMDAzDQo=, respValue: JDQxDQp7InNvdXJjZSI6ImNhY2hlIiwidmFsdWUiOiJmaXh0dXJlLW9ubHkifQ0K
envoy-1          | 2026-09-23T10:13:33.873437682Z [2026-09-23 10:13:33.873][29][info][wasm] [external/envoy/source/extensions/common/wasm/context.cc:1541] wasm log response-cache response-cache response-cache: [response-cache] [nil] [f1657bff-3652-485b-b2a6-ab1e59e4882f] [response-cache] cache hit for key: hit-r1-003
envoy-1          | 2026-09-23T10:13:33.873457718Z [2026-09-23 10:13:33.873][29][debug][wasm] [external/envoy/source/extensions/common/wasm/context.cc:1538] wasm log response-cache response-cache response-cache: [response-cache] [nil] [f1657bff-3652-485b-b2a6-ab1e59e4882f] [response-cache] [processCacheHit] cached response for key hit-r1-003: {"source":"cache","value":"fixture-only"}
envoy-1          | 2026-09-23T10:13:33.873753484Z [2026-09-23 10:13:33.873][29][debug][wasm] [external/envoy/source/extensions/common/wasm/context.cc:1538] wasm log response-cache response-cache response-cache: [response-cache] [nil] [f1657bff-3652-485b-b2a6-ab1e59e4882f] SetResponseBodyBufferLimit: 10485760
redis-fixture-1  | 2026-09-23T10:13:34.927185212Z {"seq": 97, "time_ns": 3509704743839, "event": "upstream_peer_closed", "id": "hit-r1-010"}
redis-fixture-1  | 2026-09-23T10:13:35.033590216Z {"seq": 98, "time_ns": 3509811116270, "event": "redis_release_requested", "id": "hit-r1-010"}
redis-fixture-1  | 2026-09-23T10:13:35.037507189Z {"seq": 99, "time_ns": 3509815066872, "event": "prepared", "id": "hit-r1-011", "mode": "hit", "key": "higress-audit:hit-r1-011", "value": "{\"source\":\"cache\",\"value\":\"fixture-only\"}"}
redis-fixture-1  | 2026-09-23T10:13:35.052727079Z {"seq": 100, "time_ns": 3509830347532, "event": "upstream_seen", "id": "hit-r1-011", "headers": {"host": "127.0.0.1:19468", "user-agent": "curl/7.81.0", "accept": "*/*", "x-http-cache-key": "hit-r1-011", "x-verification-id": "hit-r1-011", "x-forwarded-proto": "http", "x-envoy-original-host": "127.0.0.1:19468", "x-request-id": "ed785503-5118-46b8-8b91-9783599a451b", "x-envoy-expected-rq-timeout-ms": "15000", "req-start-time": "1790158415050"}}
redis-fixture-1  | 2026-09-23T10:13:35.055429492Z {"seq": 101, "time_ns": 3509833076520, "event": "redis_command", "id": "hit-r1-011", "command": "GET", "args": ["higress-audit:hit-r1-011"]}
redis-fixture-1  | 2026-09-23T10:13:35.055443619Z {"seq": 102, "time_ns": 3509833119952, "event": "redis_get_seen", "id": "hit-r1-011"}
redis-fixture-1  | 2026-09-23T10:13:35.073332024Z {"seq": 103, "time_ns": 3509850929266, "event": "redis_release_requested", "id": "hit-r1-011"}
redis-fixture-1  | 2026-09-23T10:13:35.073364565Z {"seq": 104, "time_ns": 3509851070929, "event": "redis_reply_released", "id": "hit-r1-011", "mode": "hit"}
redis-fixture-1  | 2026-09-23T10:13:35.077896727Z {"seq": 105, "time_ns": 3509855481617, "event": "client_complete", "id": "hit-r1-011", "status": "200", "curl_exit": 0, "body_sha256": "da87d065c0f96d585f02840dc10c88f7e8edac17ae77dbdae4b9e051a619338f"}
redis-fixture-1  | 2026-09-23T10:13:35.080099338Z {"seq": 106, "time_ns": 3509857755911, "event": "upstream_peer_closed", "id": "hit-r1-011"}
redis-fixture-1  | 2026-09-23T10:13:35.186775716Z {"seq": 107, "time_ns": 3509964337981, "event": "redis_release_requested", "id": "hit-r1-011"}
redis-fixture-1  | 2026-09-23T10:13:35.190788790Z {"seq": 108, "time_ns": 3509968379200, "event": "prepared", "id": "hit-r1-012", "mode": "hit", "key": "higress-audit:hit-r1-012", "value": "{\"source\":\"cache\",\"value\":\"fixture-only\"}"}
redis-fixture-1  | 2026-09-23T10:13:35.203452958Z {"seq": 109, "time_ns": 3509981123939, "event": "redis_command", "id": "hit-r1-012", "command": "GET", "args": ["higress-audit:hit-r1-012"]}
redis-fixture-1  | 2026-09-23T10:13:35.203462619Z {"seq": 110, "time_ns": 3509981169759, "event": "redis_get_seen", "id": "hit-r1-012"}
redis-fixture-1  | 2026-09-23T10:13:35.204005090Z {"seq": 111, "time_ns": 3509981750543, "event": "upstream_seen", "id": "hit-r1-012", "headers": {"host": "127.0.0.1:19468", "user-agent": "curl/7.81.0", "accept": "*/*", "x-http-cache-key": "hit-r1-012", "x-verification-id": "hit-r1-012", "x-forwarded-proto": "http", "x-envoy-original-host": "127.0.0.1:19468", "x-request-id": "0de5ffe6-a69b-41a7-8da6-6eeee20a603a", "x-envoy-expected-rq-timeout-ms": "15000", "req-start-time": "1790158415201"}}
redis-fixture-1  | 2026-09-23T10:13:35.212922562Z {"seq": 112, "time_ns": 3509990596475, "event": "redis_release_requested", "id": "hit-r1-012"}
redis-fixture-1  | 2026-09-23T10:13:35.212963363Z {"seq": 113, "time_ns": 3509990714702, "event": "redis_reply_released", "id": "hit-r1-012", "mode": "hit"}
redis-fixture-1  | 2026-09-23T10:13:35.217205081Z {"seq": 114, "time_ns": 3509994815930, "event": "client_complete", "id": "hit-r1-012", "status": "200", "curl_exit": 0, "body_sha256": "da87d065c0f96d585f02840dc10c88f7e8edac17ae77dbdae4b9e051a619338f"}
redis-fixture-1  | 2026-09-23T10:13:35.219311007Z {"seq": 115, "time_ns": 3509996955297, "event": "upstream_peer_closed", "id": "hit-r1-012"}
redis-fixture-1  | 2026-09-23T10:13:35.326346015Z {"seq": 116, "time_ns": 3510103929374, "event": "redis_release_requested", "id": "hit-r1-012"}
redis-fixture-1  | 2026-09-23T10:13:35.330452798Z {"seq": 117, "time_ns": 3510108065673, "event": "prepared", "id": "hit-r1-013", "mode": "hit", "key": "higress-audit:hit-r1-013", "value": "{\"source\":\"cache\",\"value\":\"fixture-only\"}"}
redis-fixture-1  | 2026-09-23T10:13:35.345215172Z {"seq": 118, "time_ns": 3510122760860, "event": "upstream_seen", "id": "hit-r1-013", "headers": {"host": "127.0.0.1:19468", "user-agent": "curl/7.81.0", "accept": "*/*", "x-http-cache-key": "hit-r1-013", "x-verification-id": "hit-r1-013", "x-forwarded-proto": "http", "x-envoy-original-host": "127.0.0.1:19468", "x-request-id": "31440f21-4843-4bbc-8332-3dd4d359ff85", "x-envoy-expected-rq-timeout-ms": "15000", "req-start-time": "1790158415343"}}
redis-fixture-1  | 2026-09-23T10:13:35.348504216Z {"seq": 119, "time_ns": 3510126056735, "event": "redis_command", "id": "hit-r1-013", "command": "GET", "args": ["higress-audit:hit-r1-013"]}
redis-fixture-1  | 2026-09-23T10:13:35.348537697Z {"seq": 120, "time_ns": 3510126156980, "event": "redis_get_seen", "id": "hit-r1-013"}
redis-fixture-1  | 2026-09-23T10:13:35.367152932Z {"seq": 121, "time_ns": 3510144717176, "event": "redis_release_requested", "id": "hit-r1-013"}
redis-fixture-1  | 2026-09-23T10:13:35.367188081Z {"seq": 122, "time_ns": 3510144894777, "event": "redis_reply_released", "id": "hit-r1-013", "mode": "hit"}
redis-fixture-1  | 2026-09-23T10:13:35.371261881Z {"seq": 123, "time_ns": 3510148968842, "event": "client_complete", "id": "hit-r1-013", "status": "200", "curl_exit": 0, "body_sha256": "da87d065c0f96d585f02840dc10c88f7e8edac17ae77dbdae4b9e051a619338f"}
redis-fixture-1  | 2026-09-23T10:13:35.373741302Z {"seq": 124, "time_ns": 3510151334474, "event": "upstream_peer_closed", "id": "hit-r1-013"}
redis-fixture-1  | 2026-09-23T10:13:35.480590096Z {"seq": 125, "time_ns": 3510258147909, "event": "redis_release_requested", "id": "hit-r1-013"}
envoy-1          | 2026-09-23T10:13:33.873868937Z [2026-09-23 10:13:33.873][29][debug][wasm] [external/envoy/source/extensions/common/wasm/context.cc:1538] wasm log response-cache response-cache response-cache: [response-cache] [nil] [f1657bff-3652-485b-b2a6-ab1e59e4882f] [onHttpResponseBody] key is nil, skip cache
envoy-1          | 2026-09-23T10:13:34.000991375Z [2026-09-23 10:13:34.000][29][debug][wasm] [external/envoy/source/extensions/common/wasm/context.cc:1538] wasm log response-cache response-cache response-cache: [response-cache] [nil] [6e475d8d-eb45-4a98-ab55-369095632e1c] [onHttpRequestHeaders] cache key from request header: x-http-cache-key, key: hit-r1-004
envoy-1          | 2026-09-23T10:13:34.001026084Z [2026-09-23 10:13:34.000][29][debug][wasm] [external/envoy/source/extensions/common/wasm/context.cc:1538] wasm log response-cache response-cache response-cache: [response-cache] [nil] [6e475d8d-eb45-4a98-ab55-369095632e1c] [response-cache] [CheckCacheForKey] querying cache with key: higress-audit:hit-r1-004
envoy-1          | 2026-09-23T10:13:34.001109560Z [2026-09-23 10:13:34.001][29][debug][wasm] [external/envoy/source/extensions/common/wasm/context.cc:1538] wasm log response-cache response-cache response-cache: redis call start, request-id: 1b95b546-457d-48c4-adee-12c2664d17b6, respQuery: KjINCiQzDQpnZXQNCiQyNA0KaGlncmVzcy1hdWRpdDpoaXQtcjEtMDA0DQo=
envoy-1          | 2026-09-23T10:13:34.022056081Z [2026-09-23 10:13:34.021][29][debug][wasm] [external/envoy/source/extensions/common/wasm/context.cc:1538] wasm log response-cache response-cache response-cache: redis call end, request-id: 1b95b546-457d-48c4-adee-12c2664d17b6, respQuery: KjINCiQzDQpnZXQNCiQyNA0KaGlncmVzcy1hdWRpdDpoaXQtcjEtMDA0DQo=, respValue: JDQxDQp7InNvdXJjZSI6ImNhY2hlIiwidmFsdWUiOiJmaXh0dXJlLW9ubHkifQ0K
envoy-1          | 2026-09-23T10:13:34.022075677Z [2026-09-23 10:13:34.022][29][info][wasm] [external/envoy/source/extensions/common/wasm/context.cc:1541] wasm log response-cache response-cache response-cache: [response-cache] [nil] [6e475d8d-eb45-4a98-ab55-369095632e1c] [response-cache] cache hit for key: hit-r1-004
redis-fixture-1  | 2026-09-23T10:13:35.484462829Z {"seq": 126, "time_ns": 3510262094693, "event": "prepared", "id": "hit-r1-014", "mode": "hit", "key": "higress-audit:hit-r1-014", "value": "{\"source\":\"cache\",\"value\":\"fixture-only\"}"}
redis-fixture-1  | 2026-09-23T10:13:35.498581303Z {"seq": 127, "time_ns": 3510276195716, "event": "upstream_seen", "id": "hit-r1-014", "headers": {"host": "127.0.0.1:19468", "user-agent": "curl/7.81.0", "accept": "*/*", "x-http-cache-key": "hit-r1-014", "x-verification-id": "hit-r1-014", "x-forwarded-proto": "http", "x-envoy-original-host": "127.0.0.1:19468", "x-request-id": "d4d169e3-372b-4e0f-9fa8-8d008c427c37", "x-envoy-expected-rq-timeout-ms": "15000", "req-start-time": "1790158415496"}}
envoy-1          | 2026-09-23T10:13:34.022121065Z [2026-09-23 10:13:34.022][29][debug][wasm] [external/envoy/source/extensions/common/wasm/context.cc:1538] wasm log response-cache response-cache response-cache: [response-cache] [nil] [6e475d8d-eb45-4a98-ab55-369095632e1c] [response-cache] [processCacheHit] cached response for key hit-r1-004: {"source":"cache","value":"fixture-only"}
envoy-1          | 2026-09-23T10:13:34.022449516Z [2026-09-23 10:13:34.022][29][debug][wasm] [external/envoy/source/extensions/common/wasm/context.cc:1538] wasm log response-cache response-cache response-cache: [response-cache] [nil] [6e475d8d-eb45-4a98-ab55-369095632e1c] SetResponseBodyBufferLimit: 10485760
envoy-1          | 2026-09-23T10:13:34.022562956Z [2026-09-23 10:13:34.022][29][debug][wasm] [external/envoy/source/extensions/common/wasm/context.cc:1538] wasm log response-cache response-cache response-cache: [response-cache] [nil] [6e475d8d-eb45-4a98-ab55-369095632e1c] [onHttpResponseBody] key is nil, skip cache
redis-fixture-1  | 2026-09-23T10:13:35.502490847Z {"seq": 128, "time_ns": 3510280091838, "event": "redis_command", "id": "hit-r1-014", "command": "GET", "args": ["higress-audit:hit-r1-014"]}
redis-fixture-1  | 2026-09-23T10:13:35.502524503Z {"seq": 129, "time_ns": 3510280196099, "event": "redis_get_seen", "id": "hit-r1-014"}
redis-fixture-1  | 2026-09-23T10:13:35.521957012Z {"seq": 130, "time_ns": 3510299506997, "event": "redis_release_requested", "id": "hit-r1-014"}
redis-fixture-1  | 2026-09-23T10:13:35.521990073Z {"seq": 131, "time_ns": 3510299672213, "event": "redis_reply_released", "id": "hit-r1-014", "mode": "hit"}
redis-fixture-1  | 2026-09-23T10:13:35.526053987Z {"seq": 132, "time_ns": 3510303636571, "event": "client_complete", "id": "hit-r1-014", "status": "200", "curl_exit": 0, "body_sha256": "da87d065c0f96d585f02840dc10c88f7e8edac17ae77dbdae4b9e051a619338f"}
redis-fixture-1  | 2026-09-23T10:13:35.527807453Z {"seq": 133, "time_ns": 3510305402665, "event": "upstream_peer_closed", "id": "hit-r1-014"}
redis-fixture-1  | 2026-09-23T10:13:35.634404233Z {"seq": 134, "time_ns": 3510411952011, "event": "redis_release_requested", "id": "hit-r1-014"}
redis-fixture-1  | 2026-09-23T10:13:35.638823797Z {"seq": 135, "time_ns": 3510416445286, "event": "prepared", "id": "hit-r1-015", "mode": "hit", "key": "higress-audit:hit-r1-015", "value": "{\"source\":\"cache\",\"value\":\"fixture-only\"}"}
envoy-1          | 2026-09-23T10:13:34.151516412Z [2026-09-23 10:13:34.151][29][debug][wasm] [external/envoy/source/extensions/common/wasm/context.cc:1538] wasm log response-cache response-cache response-cache: [response-cache] [nil] [99a4dcbe-e8e5-4f3f-a1ae-95b0cfc16114] [onHttpRequestHeaders] cache key from request header: x-http-cache-key, key: hit-r1-005
envoy-1          | 2026-09-23T10:13:34.151554204Z [2026-09-23 10:13:34.151][29][debug][wasm] [external/envoy/source/extensions/common/wasm/context.cc:1538] wasm log response-cache response-cache response-cache: [response-cache] [nil] [99a4dcbe-e8e5-4f3f-a1ae-95b0cfc16114] [response-cache] [CheckCacheForKey] querying cache with key: higress-audit:hit-r1-005
envoy-1          | 2026-09-23T10:13:34.151642169Z [2026-09-23 10:13:34.151][29][debug][wasm] [external/envoy/source/extensions/common/wasm/context.cc:1538] wasm log response-cache response-cache response-cache: redis call start, request-id: eb705c74-353d-4b78-8b14-b06990e89484, respQuery: KjINCiQzDQpnZXQNCiQyNA0KaGlncmVzcy1hdWRpdDpoaXQtcjEtMDA1DQo=
envoy-1          | 2026-09-23T10:13:34.172465408Z [2026-09-23 10:13:34.172][29][debug][wasm] [external/envoy/source/extensions/common/wasm/context.cc:1538] wasm log response-cache response-cache response-cache: redis call end, request-id: eb705c74-353d-4b78-8b14-b06990e89484, respQuery: KjINCiQzDQpnZXQNCiQyNA0KaGlncmVzcy1hdWRpdDpoaXQtcjEtMDA1DQo=, respValue: JDQxDQp7InNvdXJjZSI6ImNhY2hlIiwidmFsdWUiOiJmaXh0dXJlLW9ubHkifQ0K
envoy-1          | 2026-09-23T10:13:34.172502169Z [2026-09-23 10:13:34.172][29][info][wasm] [external/envoy/source/extensions/common/wasm/context.cc:1541] wasm log response-cache response-cache response-cache: [response-cache] [nil] [99a4dcbe-e8e5-4f3f-a1ae-95b0cfc16114] [response-cache] cache hit for key: hit-r1-005
envoy-1          | 2026-09-23T10:13:34.172570373Z [2026-09-23 10:13:34.172][29][debug][wasm] [external/envoy/source/extensions/common/wasm/context.cc:1538] wasm log response-cache response-cache response-cache: [response-cache] [nil] [99a4dcbe-e8e5-4f3f-a1ae-95b0cfc16114] [response-cache] [processCacheHit] cached response for key hit-r1-005: {"source":"cache","value":"fixture-only"}
envoy-1          | 2026-09-23T10:13:34.172882520Z [2026-09-23 10:13:34.172][29][debug][wasm] [external/envoy/source/extensions/common/wasm/context.cc:1538] wasm log response-cache response-cache response-cache: [response-cache] [nil] [99a4dcbe-e8e5-4f3f-a1ae-95b0cfc16114] SetResponseBodyBufferLimit: 10485760
envoy-1          | 2026-09-23T10:13:34.172971025Z [2026-09-23 10:13:34.172][29][debug][wasm] [external/envoy/source/extensions/common/wasm/context.cc:1538] wasm log response-cache response-cache response-cache: [response-cache] [nil] [99a4dcbe-e8e5-4f3f-a1ae-95b0cfc16114] [onHttpResponseBody] key is nil, skip cache
envoy-1          | 2026-09-23T10:13:34.303594452Z [2026-09-23 10:13:34.303][29][debug][wasm] [external/envoy/source/extensions/common/wasm/context.cc:1538] wasm log response-cache response-cache response-cache: [response-cache] [nil] [ea22e104-12d8-482f-846a-e7973ba215ed] [onHttpRequestHeaders] cache key from request header: x-http-cache-key, key: hit-r1-006
envoy-1          | 2026-09-23T10:13:34.303629717Z [2026-09-23 10:13:34.303][29][debug][wasm] [external/envoy/source/extensions/common/wasm/context.cc:1538] wasm log response-cache response-cache response-cache: [response-cache] [nil] [ea22e104-12d8-482f-846a-e7973ba215ed] [response-cache] [CheckCacheForKey] querying cache with key: higress-audit:hit-r1-006
envoy-1          | 2026-09-23T10:13:34.303692341Z [2026-09-23 10:13:34.303][29][debug][wasm] [external/envoy/source/extensions/common/wasm/context.cc:1538] wasm log response-cache response-cache response-cache: redis call start, request-id: fa5352fb-ca7e-493d-bd35-6abbc0cab55c, respQuery: KjINCiQzDQpnZXQNCiQyNA0KaGlncmVzcy1hdWRpdDpoaXQtcjEtMDA2DQo=
envoy-1          | 2026-09-23T10:13:34.325168685Z [2026-09-23 10:13:34.325][29][debug][wasm] [external/envoy/source/extensions/common/wasm/context.cc:1538] wasm log response-cache response-cache response-cache: redis call end, request-id: fa5352fb-ca7e-493d-bd35-6abbc0cab55c, respQuery: KjINCiQzDQpnZXQNCiQyNA0KaGlncmVzcy1hdWRpdDpoaXQtcjEtMDA2DQo=, respValue: JDQxDQp7InNvdXJjZSI6ImNhY2hlIiwidmFsdWUiOiJmaXh0dXJlLW9ubHkifQ0K
envoy-1          | 2026-09-23T10:13:34.325187677Z [2026-09-23 10:13:34.325][29][info][wasm] [external/envoy/source/extensions/common/wasm/context.cc:1541] wasm log response-cache response-cache response-cache: [response-cache] [nil] [ea22e104-12d8-482f-846a-e7973ba215ed] [response-cache] cache hit for key: hit-r1-006
redis-fixture-1  | 2026-09-23T10:13:35.653754193Z {"seq": 136, "time_ns": 3510431279610, "event": "upstream_seen", "id": "hit-r1-015", "headers": {"host": "127.0.0.1:19468", "user-agent": "curl/7.81.0", "accept": "*/*", "x-http-cache-key": "hit-r1-015", "x-verification-id": "hit-r1-015", "x-forwarded-proto": "http", "x-envoy-original-host": "127.0.0.1:19468", "x-request-id": "f37c4d1b-a7de-43b4-8064-700a841f1026", "x-envoy-expected-rq-timeout-ms": "15000", "req-start-time": "1790158415651"}}
redis-fixture-1  | 2026-09-23T10:13:35.656989554Z {"seq": 137, "time_ns": 3510434623242, "event": "redis_command", "id": "hit-r1-015", "command": "GET", "args": ["higress-audit:hit-r1-015"]}
redis-fixture-1  | 2026-09-23T10:13:35.657008434Z {"seq": 138, "time_ns": 3510434723027, "event": "redis_get_seen", "id": "hit-r1-015"}
redis-fixture-1  | 2026-09-23T10:13:35.677167788Z {"seq": 139, "time_ns": 3510454744378, "event": "redis_release_requested", "id": "hit-r1-015"}
redis-fixture-1  | 2026-09-23T10:13:35.677259650Z {"seq": 140, "time_ns": 3510454946765, "event": "redis_reply_released", "id": "hit-r1-015", "mode": "hit"}
redis-fixture-1  | 2026-09-23T10:13:35.681527793Z {"seq": 141, "time_ns": 3510459109770, "event": "client_complete", "id": "hit-r1-015", "status": "200", "curl_exit": 0, "body_sha256": "da87d065c0f96d585f02840dc10c88f7e8edac17ae77dbdae4b9e051a619338f"}
redis-fixture-1  | 2026-09-23T10:13:35.683537553Z {"seq": 142, "time_ns": 3510461098523, "event": "upstream_peer_closed", "id": "hit-r1-015"}
redis-fixture-1  | 2026-09-23T10:13:35.791798534Z {"seq": 143, "time_ns": 3510569483425, "event": "redis_release_requested", "id": "hit-r1-015"}
envoy-1          | 2026-09-23T10:13:34.325205594Z [2026-09-23 10:13:34.325][29][debug][wasm] [external/envoy/source/extensions/common/wasm/context.cc:1538] wasm log response-cache response-cache response-cache: [response-cache] [nil] [ea22e104-12d8-482f-846a-e7973ba215ed] [response-cache] [processCacheHit] cached response for key hit-r1-006: {"source":"cache","value":"fixture-only"}
envoy-1          | 2026-09-23T10:13:34.325549116Z [2026-09-23 10:13:34.325][29][debug][wasm] [external/envoy/source/extensions/common/wasm/context.cc:1538] wasm log response-cache response-cache response-cache: [response-cache] [nil] [ea22e104-12d8-482f-846a-e7973ba215ed] SetResponseBodyBufferLimit: 10485760
envoy-1          | 2026-09-23T10:13:34.325655997Z [2026-09-23 10:13:34.325][29][debug][wasm] [external/envoy/source/extensions/common/wasm/context.cc:1538] wasm log response-cache response-cache response-cache: [response-cache] [nil] [ea22e104-12d8-482f-846a-e7973ba215ed] [onHttpResponseBody] key is nil, skip cache
envoy-1          | 2026-09-23T10:13:34.453867016Z [2026-09-23 10:13:34.453][29][debug][wasm] [external/envoy/source/extensions/common/wasm/context.cc:1538] wasm log response-cache response-cache response-cache: [response-cache] [nil] [bd05bc5c-13f9-4040-811c-bc3690c2aa52] [onHttpRequestHeaders] cache key from request header: x-http-cache-key, key: hit-r1-007
envoy-1          | 2026-09-23T10:13:34.453907504Z [2026-09-23 10:13:34.453][29][debug][wasm] [external/envoy/source/extensions/common/wasm/context.cc:1538] wasm log response-cache response-cache response-cache: [response-cache] [nil] [bd05bc5c-13f9-4040-811c-bc3690c2aa52] [response-cache] [CheckCacheForKey] querying cache with key: higress-audit:hit-r1-007
envoy-1          | 2026-09-23T10:13:34.453975305Z [2026-09-23 10:13:34.453][29][debug][wasm] [external/envoy/source/extensions/common/wasm/context.cc:1538] wasm log response-cache response-cache response-cache: redis call start, request-id: 13ea7b62-96a4-446f-9b2c-00d9d31e1400, respQuery: KjINCiQzDQpnZXQNCiQyNA0KaGlncmVzcy1hdWRpdDpoaXQtcjEtMDA3DQo=
envoy-1          | 2026-09-23T10:13:34.462633360Z [2026-09-23 10:13:34.462][29][debug][wasm] [external/envoy/source/extensions/common/wasm/context.cc:1538] wasm log response-cache response-cache response-cache: redis call end, request-id: 13ea7b62-96a4-446f-9b2c-00d9d31e1400, respQuery: KjINCiQzDQpnZXQNCiQyNA0KaGlncmVzcy1hdWRpdDpoaXQtcjEtMDA3DQo=, respValue: JDQxDQp7InNvdXJjZSI6ImNhY2hlIiwidmFsdWUiOiJmaXh0dXJlLW9ubHkifQ0K
envoy-1          | 2026-09-23T10:13:34.462652821Z [2026-09-23 10:13:34.462][29][info][wasm] [external/envoy/source/extensions/common/wasm/context.cc:1541] wasm log response-cache response-cache response-cache: [response-cache] [nil] [bd05bc5c-13f9-4040-811c-bc3690c2aa52] [response-cache] cache hit for key: hit-r1-007
envoy-1          | 2026-09-23T10:13:34.462663421Z [2026-09-23 10:13:34.462][29][debug][wasm] [external/envoy/source/extensions/common/wasm/context.cc:1538] wasm log response-cache response-cache response-cache: [response-cache] [nil] [bd05bc5c-13f9-4040-811c-bc3690c2aa52] [response-cache] [processCacheHit] cached response for key hit-r1-007: {"source":"cache","value":"fixture-only"}
envoy-1          | 2026-09-23T10:13:34.463001451Z [2026-09-23 10:13:34.462][29][debug][wasm] [external/envoy/source/extensions/common/wasm/context.cc:1538] wasm log response-cache response-cache response-cache: [response-cache] [nil] [bd05bc5c-13f9-4040-811c-bc3690c2aa52] SetResponseBodyBufferLimit: 10485760
envoy-1          | 2026-09-23T10:13:34.463096933Z [2026-09-23 10:13:34.463][29][debug][wasm] [external/envoy/source/extensions/common/wasm/context.cc:1538] wasm log response-cache response-cache response-cache: [response-cache] [nil] [bd05bc5c-13f9-4040-811c-bc3690c2aa52] [onHttpResponseBody] key is nil, skip cache
envoy-1          | 2026-09-23T10:13:34.592111188Z [2026-09-23 10:13:34.591][29][debug][wasm] [external/envoy/source/extensions/common/wasm/context.cc:1538] wasm log response-cache response-cache response-cache: [response-cache] [nil] [8f219881-4315-4cf2-a9b0-6cbcf61537d3] [onHttpRequestHeaders] cache key from request header: x-http-cache-key, key: hit-r1-008
redis-fixture-1  | 2026-09-23T10:13:35.795140742Z {"seq": 144, "time_ns": 3510572839563, "event": "prepared", "id": "hit-r1-016", "mode": "hit", "key": "higress-audit:hit-r1-016", "value": "{\"source\":\"cache\",\"value\":\"fixture-only\"}"}
redis-fixture-1  | 2026-09-23T10:13:35.809576963Z {"seq": 145, "time_ns": 3510587240094, "event": "upstream_seen", "id": "hit-r1-016", "headers": {"host": "127.0.0.1:19468", "user-agent": "curl/7.81.0", "accept": "*/*", "x-http-cache-key": "hit-r1-016", "x-verification-id": "hit-r1-016", "x-forwarded-proto": "http", "x-envoy-original-host": "127.0.0.1:19468", "x-request-id": "0f5afaf7-56e6-4418-b4dd-3522f72c1154", "x-envoy-expected-rq-timeout-ms": "15000", "req-start-time": "1790158415807"}}
envoy-1          | 2026-09-23T10:13:34.592170632Z [2026-09-23 10:13:34.591][29][debug][wasm] [external/envoy/source/extensions/common/wasm/context.cc:1538] wasm log response-cache response-cache response-cache: [response-cache] [nil] [8f219881-4315-4cf2-a9b0-6cbcf61537d3] [response-cache] [CheckCacheForKey] querying cache with key: higress-audit:hit-r1-008
envoy-1          | 2026-09-23T10:13:34.592188204Z [2026-09-23 10:13:34.592][29][debug][wasm] [external/envoy/source/extensions/common/wasm/context.cc:1538] wasm log response-cache response-cache response-cache: redis call start, request-id: 189453af-dca5-49d7-a5e2-efa7ff532983, respQuery: KjINCiQzDQpnZXQNCiQyNA0KaGlncmVzcy1hdWRpdDpoaXQtcjEtMDA4DQo=
envoy-1          | 2026-09-23T10:13:34.628621046Z [2026-09-23 10:13:34.628][29][debug][wasm] [external/envoy/source/extensions/common/wasm/context.cc:1538] wasm log response-cache response-cache response-cache: redis call end, request-id: 189453af-dca5-49d7-a5e2-efa7ff532983, respQuery: KjINCiQzDQpnZXQNCiQyNA0KaGlncmVzcy1hdWRpdDpoaXQtcjEtMDA4DQo=, respValue: JDQxDQp7InNvdXJjZSI6ImNhY2hlIiwidmFsdWUiOiJmaXh0dXJlLW9ubHkifQ0K
envoy-1          | 2026-09-23T10:13:34.628644374Z [2026-09-23 10:13:34.628][29][info][wasm] [external/envoy/source/extensions/common/wasm/context.cc:1541] wasm log response-cache response-cache response-cache: [response-cache] [nil] [8f219881-4315-4cf2-a9b0-6cbcf61537d3] [response-cache] cache hit for key: hit-r1-008
envoy-1          | 2026-09-23T10:13:34.628700850Z [2026-09-23 10:13:34.628][29][debug][wasm] [external/envoy/source/extensions/common/wasm/context.cc:1538] wasm log response-cache response-cache response-cache: [response-cache] [nil] [8f219881-4315-4cf2-a9b0-6cbcf61537d3] [response-cache] [processCacheHit] cached response for key hit-r1-008: {"source":"cache","value":"fixture-only"}
redis-fixture-1  | 2026-09-23T10:13:35.812386694Z {"seq": 146, "time_ns": 3510590040454, "event": "redis_command", "id": "hit-r1-016", "command": "GET", "args": ["higress-audit:hit-r1-016"]}
redis-fixture-1  | 2026-09-23T10:13:35.812413840Z {"seq": 147, "time_ns": 3510590120140, "event": "redis_get_seen", "id": "hit-r1-016"}
redis-fixture-1  | 2026-09-23T10:13:35.832308261Z {"seq": 148, "time_ns": 3510609966062, "event": "redis_release_requested", "id": "hit-r1-016"}
redis-fixture-1  | 2026-09-23T10:13:35.832373351Z {"seq": 149, "time_ns": 3510610108669, "event": "redis_reply_released", "id": "hit-r1-016", "mode": "hit"}
redis-fixture-1  | 2026-09-23T10:13:35.836780280Z {"seq": 150, "time_ns": 3510614460792, "event": "client_complete", "id": "hit-r1-016", "status": "200", "curl_exit": 0, "body_sha256": "da87d065c0f96d585f02840dc10c88f7e8edac17ae77dbdae4b9e051a619338f"}
redis-fixture-1  | 2026-09-23T10:13:35.838795018Z {"seq": 151, "time_ns": 3510616520155, "event": "upstream_peer_closed", "id": "hit-r1-016"}
redis-fixture-1  | 2026-09-23T10:13:35.946685926Z {"seq": 152, "time_ns": 3510724311478, "event": "redis_release_requested", "id": "hit-r1-016"}
redis-fixture-1  | 2026-09-23T10:13:35.950412150Z {"seq": 153, "time_ns": 3510728062428, "event": "prepared", "id": "hit-r1-017", "mode": "hit", "key": "higress-audit:hit-r1-017", "value": "{\"source\":\"cache\",\"value\":\"fixture-only\"}"}
redis-fixture-1  | 2026-09-23T10:13:35.963592458Z {"seq": 154, "time_ns": 3510741293457, "event": "redis_command", "id": "hit-r1-017", "command": "GET", "args": ["higress-audit:hit-r1-017"]}
redis-fixture-1  | 2026-09-23T10:13:35.963617150Z {"seq": 155, "time_ns": 3510741342025, "event": "redis_get_seen", "id": "hit-r1-017"}
redis-fixture-1  | 2026-09-23T10:13:35.964148514Z {"seq": 156, "time_ns": 3510741856229, "event": "upstream_seen", "id": "hit-r1-017", "headers": {"host": "127.0.0.1:19468", "user-agent": "curl/7.81.0", "accept": "*/*", "x-http-cache-key": "hit-r1-017", "x-verification-id": "hit-r1-017", "x-forwarded-proto": "http", "x-envoy-original-host": "127.0.0.1:19468", "x-request-id": "4cf1fee6-8b22-43d8-8294-4cf37b75f717", "x-envoy-expected-rq-timeout-ms": "15000", "req-start-time": "1790158415962"}}
redis-fixture-1  | 2026-09-23T10:13:35.974602035Z {"seq": 157, "time_ns": 3510752296687, "event": "redis_release_requested", "id": "hit-r1-017"}
redis-fixture-1  | 2026-09-23T10:13:35.974658368Z {"seq": 158, "time_ns": 3510752414565, "event": "redis_reply_released", "id": "hit-r1-017", "mode": "hit"}
redis-fixture-1  | 2026-09-23T10:13:35.978746630Z {"seq": 159, "time_ns": 3510756465169, "event": "client_complete", "id": "hit-r1-017", "status": "200", "curl_exit": 0, "body_sha256": "da87d065c0f96d585f02840dc10c88f7e8edac17ae77dbdae4b9e051a619338f"}
envoy-1          | 2026-09-23T10:13:34.629005940Z [2026-09-23 10:13:34.628][29][debug][wasm] [external/envoy/source/extensions/common/wasm/context.cc:1538] wasm log response-cache response-cache response-cache: [response-cache] [nil] [8f219881-4315-4cf2-a9b0-6cbcf61537d3] SetResponseBodyBufferLimit: 10485760
envoy-1          | 2026-09-23T10:13:34.629122329Z [2026-09-23 10:13:34.629][29][debug][wasm] [external/envoy/source/extensions/common/wasm/context.cc:1538] wasm log response-cache response-cache response-cache: [response-cache] [nil] [8f219881-4315-4cf2-a9b0-6cbcf61537d3] [onHttpResponseBody] key is nil, skip cache
envoy-1          | 2026-09-23T10:13:34.758629114Z [2026-09-23 10:13:34.758][29][debug][wasm] [external/envoy/source/extensions/common/wasm/context.cc:1538] wasm log response-cache response-cache response-cache: [response-cache] [nil] [321a841a-424c-4bc6-8767-96060a14e760] [onHttpRequestHeaders] cache key from request header: x-http-cache-key, key: hit-r1-009
envoy-1          | 2026-09-23T10:13:34.758647603Z [2026-09-23 10:13:34.758][29][debug][wasm] [external/envoy/source/extensions/common/wasm/context.cc:1538] wasm log response-cache response-cache response-cache: [response-cache] [nil] [321a841a-424c-4bc6-8767-96060a14e760] [response-cache] [CheckCacheForKey] querying cache with key: higress-audit:hit-r1-009
envoy-1          | 2026-09-23T10:13:34.758756080Z [2026-09-23 10:13:34.758][29][debug][wasm] [external/envoy/source/extensions/common/wasm/context.cc:1538] wasm log response-cache response-cache response-cache: redis call start, request-id: a8f4df87-73f0-4e7e-b1c5-ac046ca18d1b, respQuery: KjINCiQzDQpnZXQNCiQyNA0KaGlncmVzcy1hdWRpdDpoaXQtcjEtMDA5DQo=
envoy-1          | 2026-09-23T10:13:34.768544808Z [2026-09-23 10:13:34.768][29][debug][wasm] [external/envoy/source/extensions/common/wasm/context.cc:1538] wasm log response-cache response-cache response-cache: redis call end, request-id: a8f4df87-73f0-4e7e-b1c5-ac046ca18d1b, respQuery: KjINCiQzDQpnZXQNCiQyNA0KaGlncmVzcy1hdWRpdDpoaXQtcjEtMDA5DQo=, respValue: JDQxDQp7InNvdXJjZSI6ImNhY2hlIiwidmFsdWUiOiJmaXh0dXJlLW9ubHkifQ0K
envoy-1          | 2026-09-23T10:13:34.768563079Z [2026-09-23 10:13:34.768][29][info][wasm] [external/envoy/source/extensions/common/wasm/context.cc:1541] wasm log response-cache response-cache response-cache: [response-cache] [nil] [321a841a-424c-4bc6-8767-96060a14e760] [response-cache] cache hit for key: hit-r1-009
envoy-1          | 2026-09-23T10:13:34.768567223Z [2026-09-23 10:13:34.768][29][debug][wasm] [external/envoy/source/extensions/common/wasm/context.cc:1538] wasm log response-cache response-cache response-cache: [response-cache] [nil] [321a841a-424c-4bc6-8767-96060a14e760] [response-cache] [processCacheHit] cached response for key hit-r1-009: {"source":"cache","value":"fixture-only"}
envoy-1          | 2026-09-23T10:13:34.768879526Z [2026-09-23 10:13:34.768][29][debug][wasm] [external/envoy/source/extensions/common/wasm/context.cc:1538] wasm log response-cache response-cache response-cache: [response-cache] [nil] [321a841a-424c-4bc6-8767-96060a14e760] SetResponseBodyBufferLimit: 10485760
envoy-1          | 2026-09-23T10:13:34.768983914Z [2026-09-23 10:13:34.768][29][debug][wasm] [external/envoy/source/extensions/common/wasm/context.cc:1538] wasm log response-cache response-cache response-cache: [response-cache] [nil] [321a841a-424c-4bc6-8767-96060a14e760] [onHttpResponseBody] key is nil, skip cache
envoy-1          | 2026-09-23T10:13:34.899478525Z [2026-09-23 10:13:34.899][29][debug][wasm] [external/envoy/source/extensions/common/wasm/context.cc:1538] wasm log response-cache response-cache response-cache: [response-cache] [nil] [e323af3c-c0c9-4212-8679-ab17a5f94bf8] [onHttpRequestHeaders] cache key from request header: x-http-cache-key, key: hit-r1-010
envoy-1          | 2026-09-23T10:13:34.899513713Z [2026-09-23 10:13:34.899][29][debug][wasm] [external/envoy/source/extensions/common/wasm/context.cc:1538] wasm log response-cache response-cache response-cache: [response-cache] [nil] [e323af3c-c0c9-4212-8679-ab17a5f94bf8] [response-cache] [CheckCacheForKey] querying cache with key: higress-audit:hit-r1-010
envoy-1          | 2026-09-23T10:13:34.899596854Z [2026-09-23 10:13:34.899][29][debug][wasm] [external/envoy/source/extensions/common/wasm/context.cc:1538] wasm log response-cache response-cache response-cache: redis call start, request-id: c8b10da5-6218-4666-865e-5dd3080716ff, respQuery: KjINCiQzDQpnZXQNCiQyNA0KaGlncmVzcy1hdWRpdDpoaXQtcjEtMDEwDQo=
envoy-1          | 2026-09-23T10:13:34.921269812Z [2026-09-23 10:13:34.921][29][debug][wasm] [external/envoy/source/extensions/common/wasm/context.cc:1538] wasm log response-cache response-cache response-cache: redis call end, request-id: c8b10da5-6218-4666-865e-5dd3080716ff, respQuery: KjINCiQzDQpnZXQNCiQyNA0KaGlncmVzcy1hdWRpdDpoaXQtcjEtMDEwDQo=, respValue: JDQxDQp7InNvdXJjZSI6ImNhY2hlIiwidmFsdWUiOiJmaXh0dXJlLW9ubHkifQ0K
envoy-1          | 2026-09-23T10:13:34.921289125Z [2026-09-23 10:13:34.921][29][info][wasm] [external/envoy/source/extensions/common/wasm/context.cc:1541] wasm log response-cache response-cache response-cache: [response-cache] [nil] [e323af3c-c0c9-4212-8679-ab17a5f94bf8] [response-cache] cache hit for key: hit-r1-010
envoy-1          | 2026-09-23T10:13:34.921300317Z [2026-09-23 10:13:34.921][29][debug][wasm] [external/envoy/source/extensions/common/wasm/context.cc:1538] wasm log response-cache response-cache response-cache: [response-cache] [nil] [e323af3c-c0c9-4212-8679-ab17a5f94bf8] [response-cache] [processCacheHit] cached response for key hit-r1-010: {"source":"cache","value":"fixture-only"}
envoy-1          | 2026-09-23T10:13:34.921597923Z [2026-09-23 10:13:34.921][29][debug][wasm] [external/envoy/source/extensions/common/wasm/context.cc:1538] wasm log response-cache response-cache response-cache: [response-cache] [nil] [e323af3c-c0c9-4212-8679-ab17a5f94bf8] SetResponseBodyBufferLimit: 10485760
envoy-1          | 2026-09-23T10:13:34.921681251Z [2026-09-23 10:13:34.921][29][debug][wasm] [external/envoy/source/extensions/common/wasm/context.cc:1538] wasm log response-cache response-cache response-cache: [response-cache] [nil] [e323af3c-c0c9-4212-8679-ab17a5f94bf8] [onHttpResponseBody] key is nil, skip cache
envoy-1          | 2026-09-23T10:13:35.051321323Z [2026-09-23 10:13:35.051][29][debug][wasm] [external/envoy/source/extensions/common/wasm/context.cc:1538] wasm log response-cache response-cache response-cache: [response-cache] [nil] [ed785503-5118-46b8-8b91-9783599a451b] [onHttpRequestHeaders] cache key from request header: x-http-cache-key, key: hit-r1-011
envoy-1          | 2026-09-23T10:13:35.051365988Z [2026-09-23 10:13:35.051][29][debug][wasm] [external/envoy/source/extensions/common/wasm/context.cc:1538] wasm log response-cache response-cache response-cache: [response-cache] [nil] [ed785503-5118-46b8-8b91-9783599a451b] [response-cache] [CheckCacheForKey] querying cache with key: higress-audit:hit-r1-011
envoy-1          | 2026-09-23T10:13:35.051515677Z [2026-09-23 10:13:35.051][29][debug][wasm] [external/envoy/source/extensions/common/wasm/context.cc:1538] wasm log response-cache response-cache response-cache: redis call start, request-id: d31a2f18-16fc-4036-b1c5-2ec52cfc9e1d, respQuery: KjINCiQzDQpnZXQNCiQyNA0KaGlncmVzcy1hdWRpdDpoaXQtcjEtMDExDQo=
redis-fixture-1  | 2026-09-23T10:13:35.980892046Z {"seq": 160, "time_ns": 3510758536662, "event": "upstream_peer_closed", "id": "hit-r1-017"}
redis-fixture-1  | 2026-09-23T10:13:36.088996854Z {"seq": 161, "time_ns": 3510866581682, "event": "redis_release_requested", "id": "hit-r1-017"}
redis-fixture-1  | 2026-09-23T10:13:36.093248462Z {"seq": 162, "time_ns": 3510870870045, "event": "prepared", "id": "hit-r1-018", "mode": "hit", "key": "higress-audit:hit-r1-018", "value": "{\"source\":\"cache\",\"value\":\"fixture-only\"}"}
envoy-1          | 2026-09-23T10:13:35.073797908Z [2026-09-23 10:13:35.073][29][debug][wasm] [external/envoy/source/extensions/common/wasm/context.cc:1538] wasm log response-cache response-cache response-cache: redis call end, request-id: d31a2f18-16fc-4036-b1c5-2ec52cfc9e1d, respQuery: KjINCiQzDQpnZXQNCiQyNA0KaGlncmVzcy1hdWRpdDpoaXQtcjEtMDExDQo=, respValue: JDQxDQp7InNvdXJjZSI6ImNhY2hlIiwidmFsdWUiOiJmaXh0dXJlLW9ubHkifQ0K
envoy-1          | 2026-09-23T10:13:35.073811289Z [2026-09-23 10:13:35.073][29][info][wasm] [external/envoy/source/extensions/common/wasm/context.cc:1541] wasm log response-cache response-cache response-cache: [response-cache] [nil] [ed785503-5118-46b8-8b91-9783599a451b] [response-cache] cache hit for key: hit-r1-011
envoy-1          | 2026-09-23T10:13:35.073877800Z [2026-09-23 10:13:35.073][29][debug][wasm] [external/envoy/source/extensions/common/wasm/context.cc:1538] wasm log response-cache response-cache response-cache: [response-cache] [nil] [ed785503-5118-46b8-8b91-9783599a451b] [response-cache] [processCacheHit] cached response for key hit-r1-011: {"source":"cache","value":"fixture-only"}
envoy-1          | 2026-09-23T10:13:35.074135942Z [2026-09-23 10:13:35.074][29][debug][wasm] [external/envoy/source/extensions/common/wasm/context.cc:1538] wasm log response-cache response-cache response-cache: [response-cache] [nil] [ed785503-5118-46b8-8b91-9783599a451b] SetResponseBodyBufferLimit: 10485760
redis-fixture-1  | 2026-09-23T10:13:36.108680233Z {"seq": 163, "time_ns": 3510886320018, "event": "upstream_seen", "id": "hit-r1-018", "headers": {"host": "127.0.0.1:19468", "user-agent": "curl/7.81.0", "accept": "*/*", "x-http-cache-key": "hit-r1-018", "x-verification-id": "hit-r1-018", "x-forwarded-proto": "http", "x-envoy-original-host": "127.0.0.1:19468", "x-request-id": "e098b682-9965-4d69-a581-eccfa7955939", "x-envoy-expected-rq-timeout-ms": "15000", "req-start-time": "1790158416106"}}
redis-fixture-1  | 2026-09-23T10:13:36.122643245Z {"seq": 164, "time_ns": 3510900274584, "event": "redis_command", "id": "hit-r1-018", "command": "GET", "args": ["higress-audit:hit-r1-018"]}
redis-fixture-1  | 2026-09-23T10:13:36.122677802Z {"seq": 165, "time_ns": 3510900337485, "event": "redis_get_seen", "id": "hit-r1-018"}
redis-fixture-1  | 2026-09-23T10:13:36.142400210Z {"seq": 166, "time_ns": 3510920091526, "event": "redis_release_requested", "id": "hit-r1-018"}
redis-fixture-1  | 2026-09-23T10:13:36.142677599Z {"seq": 167, "time_ns": 3510920317691, "event": "redis_reply_released", "id": "hit-r1-018", "mode": "hit"}
envoy-1          | 2026-09-23T10:13:35.074272679Z [2026-09-23 10:13:35.074][29][debug][wasm] [external/envoy/source/extensions/common/wasm/context.cc:1538] wasm log response-cache response-cache response-cache: [response-cache] [nil] [ed785503-5118-46b8-8b91-9783599a451b] [onHttpResponseBody] key is nil, skip cache
envoy-1          | 2026-09-23T10:13:35.202387887Z [2026-09-23 10:13:35.202][29][debug][wasm] [external/envoy/source/extensions/common/wasm/context.cc:1538] wasm log response-cache response-cache response-cache: [response-cache] [nil] [0de5ffe6-a69b-41a7-8da6-6eeee20a603a] [onHttpRequestHeaders] cache key from request header: x-http-cache-key, key: hit-r1-012
envoy-1          | 2026-09-23T10:13:35.202406390Z [2026-09-23 10:13:35.202][29][debug][wasm] [external/envoy/source/extensions/common/wasm/context.cc:1538] wasm log response-cache response-cache response-cache: [response-cache] [nil] [0de5ffe6-a69b-41a7-8da6-6eeee20a603a] [response-cache] [CheckCacheForKey] querying cache with key: higress-audit:hit-r1-012
envoy-1          | 2026-09-23T10:13:35.202553665Z [2026-09-23 10:13:35.202][29][debug][wasm] [external/envoy/source/extensions/common/wasm/context.cc:1538] wasm log response-cache response-cache response-cache: redis call start, request-id: 9d2208ff-3a0a-4fb4-abee-56400e8fd5d1, respQuery: KjINCiQzDQpnZXQNCiQyNA0KaGlncmVzcy1hdWRpdDpoaXQtcjEtMDEyDQo=
envoy-1          | 2026-09-23T10:13:35.213375793Z [2026-09-23 10:13:35.213][29][debug][wasm] [external/envoy/source/extensions/common/wasm/context.cc:1538] wasm log response-cache response-cache response-cache: redis call end, request-id: 9d2208ff-3a0a-4fb4-abee-56400e8fd5d1, respQuery: KjINCiQzDQpnZXQNCiQyNA0KaGlncmVzcy1hdWRpdDpoaXQtcjEtMDEyDQo=, respValue: JDQxDQp7InNvdXJjZSI6ImNhY2hlIiwidmFsdWUiOiJmaXh0dXJlLW9ubHkifQ0K
envoy-1          | 2026-09-23T10:13:35.213384479Z [2026-09-23 10:13:35.213][29][info][wasm] [external/envoy/source/extensions/common/wasm/context.cc:1541] wasm log response-cache response-cache response-cache: [response-cache] [nil] [0de5ffe6-a69b-41a7-8da6-6eeee20a603a] [response-cache] cache hit for key: hit-r1-012
envoy-1          | 2026-09-23T10:13:35.213412444Z [2026-09-23 10:13:35.213][29][debug][wasm] [external/envoy/source/extensions/common/wasm/context.cc:1538] wasm log response-cache response-cache response-cache: [response-cache] [nil] [0de5ffe6-a69b-41a7-8da6-6eeee20a603a] [response-cache] [processCacheHit] cached response for key hit-r1-012: {"source":"cache","value":"fixture-only"}
redis-fixture-1  | 2026-09-23T10:13:36.147236894Z {"seq": 168, "time_ns": 3510924861500, "event": "client_complete", "id": "hit-r1-018", "status": "200", "curl_exit": 0, "body_sha256": "da87d065c0f96d585f02840dc10c88f7e8edac17ae77dbdae4b9e051a619338f"}
redis-fixture-1  | 2026-09-23T10:13:36.149719060Z {"seq": 169, "time_ns": 3510927283120, "event": "upstream_peer_closed", "id": "hit-r1-018"}
redis-fixture-1  | 2026-09-23T10:13:36.257218373Z {"seq": 170, "time_ns": 3511034840511, "event": "redis_release_requested", "id": "hit-r1-018"}
redis-fixture-1  | 2026-09-23T10:13:36.261838857Z {"seq": 171, "time_ns": 3511039401561, "event": "prepared", "id": "hit-r1-019", "mode": "hit", "key": "higress-audit:hit-r1-019", "value": "{\"source\":\"cache\",\"value\":\"fixture-only\"}"}
redis-fixture-1  | 2026-09-23T10:13:36.275275002Z {"seq": 172, "time_ns": 3511052889665, "event": "redis_command", "id": "hit-r1-019", "command": "GET", "args": ["higress-audit:hit-r1-019"]}
redis-fixture-1  | 2026-09-23T10:13:36.275401323Z {"seq": 173, "time_ns": 3511053129855, "event": "redis_get_seen", "id": "hit-r1-019"}
redis-fixture-1  | 2026-09-23T10:13:36.275954011Z {"seq": 174, "time_ns": 3511053615340, "event": "upstream_seen", "id": "hit-r1-019", "headers": {"host": "127.0.0.1:19468", "user-agent": "curl/7.81.0", "accept": "*/*", "x-http-cache-key": "hit-r1-019", "x-verification-id": "hit-r1-019", "x-forwarded-proto": "http", "x-envoy-original-host": "127.0.0.1:19468", "x-request-id": "4c14f814-e317-464b-b196-58b9ec0105cd", "x-envoy-expected-rq-timeout-ms": "15000", "req-start-time": "1790158416273"}}
redis-fixture-1  | 2026-09-23T10:13:36.287097159Z {"seq": 175, "time_ns": 3511064731643, "event": "redis_release_requested", "id": "hit-r1-019"}
redis-fixture-1  | 2026-09-23T10:13:36.287204055Z {"seq": 176, "time_ns": 3511064906003, "event": "redis_reply_released", "id": "hit-r1-019", "mode": "hit"}
redis-fixture-1  | 2026-09-23T10:13:36.291429303Z {"seq": 177, "time_ns": 3511069054994, "event": "client_complete", "id": "hit-r1-019", "status": "200", "curl_exit": 0, "body_sha256": "da87d065c0f96d585f02840dc10c88f7e8edac17ae77dbdae4b9e051a619338f"}
redis-fixture-1  | 2026-09-23T10:13:36.293732320Z {"seq": 178, "time_ns": 3511071330537, "event": "upstream_peer_closed", "id": "hit-r1-019"}
redis-fixture-1  | 2026-09-23T10:13:36.401244940Z {"seq": 179, "time_ns": 3511178845957, "event": "redis_release_requested", "id": "hit-r1-019"}
envoy-1          | 2026-09-23T10:13:35.213699682Z [2026-09-23 10:13:35.213][29][debug][wasm] [external/envoy/source/extensions/common/wasm/context.cc:1538] wasm log response-cache response-cache response-cache: [response-cache] [nil] [0de5ffe6-a69b-41a7-8da6-6eeee20a603a] SetResponseBodyBufferLimit: 10485760
envoy-1          | 2026-09-23T10:13:35.213806737Z [2026-09-23 10:13:35.213][29][debug][wasm] [external/envoy/source/extensions/common/wasm/context.cc:1538] wasm log response-cache response-cache response-cache: [response-cache] [nil] [0de5ffe6-a69b-41a7-8da6-6eeee20a603a] [onHttpResponseBody] key is nil, skip cache
envoy-1          | 2026-09-23T10:13:35.343784849Z [2026-09-23 10:13:35.343][29][debug][wasm] [external/envoy/source/extensions/common/wasm/context.cc:1538] wasm log response-cache response-cache response-cache: [response-cache] [nil] [31440f21-4843-4bbc-8332-3dd4d359ff85] [onHttpRequestHeaders] cache key from request header: x-http-cache-key, key: hit-r1-013
envoy-1          | 2026-09-23T10:13:35.343821350Z [2026-09-23 10:13:35.343][29][debug][wasm] [external/envoy/source/extensions/common/wasm/context.cc:1538] wasm log response-cache response-cache response-cache: [response-cache] [nil] [31440f21-4843-4bbc-8332-3dd4d359ff85] [response-cache] [CheckCacheForKey] querying cache with key: higress-audit:hit-r1-013
envoy-1          | 2026-09-23T10:13:35.343879750Z [2026-09-23 10:13:35.343][29][debug][wasm] [external/envoy/source/extensions/common/wasm/context.cc:1538] wasm log response-cache response-cache response-cache: redis call start, request-id: fb85f1ed-3ffe-4093-8e5b-eb466624a88a, respQuery: KjINCiQzDQpnZXQNCiQyNA0KaGlncmVzcy1hdWRpdDpoaXQtcjEtMDEzDQo=
envoy-1          | 2026-09-23T10:13:35.367633538Z [2026-09-23 10:13:35.367][29][debug][wasm] [external/envoy/source/extensions/common/wasm/context.cc:1538] wasm log response-cache response-cache response-cache: redis call end, request-id: fb85f1ed-3ffe-4093-8e5b-eb466624a88a, respQuery: KjINCiQzDQpnZXQNCiQyNA0KaGlncmVzcy1hdWRpdDpoaXQtcjEtMDEzDQo=, respValue: JDQxDQp7InNvdXJjZSI6ImNhY2hlIiwidmFsdWUiOiJmaXh0dXJlLW9ubHkifQ0K
envoy-1          | 2026-09-23T10:13:35.367665125Z [2026-09-23 10:13:35.367][29][info][wasm] [external/envoy/source/extensions/common/wasm/context.cc:1541] wasm log response-cache response-cache response-cache: [response-cache] [nil] [31440f21-4843-4bbc-8332-3dd4d359ff85] [response-cache] cache hit for key: hit-r1-013
envoy-1          | 2026-09-23T10:13:35.367670835Z [2026-09-23 10:13:35.367][29][debug][wasm] [external/envoy/source/extensions/common/wasm/context.cc:1538] wasm log response-cache response-cache response-cache: [response-cache] [nil] [31440f21-4843-4bbc-8332-3dd4d359ff85] [response-cache] [processCacheHit] cached response for key hit-r1-013: {"source":"cache","value":"fixture-only"}
envoy-1          | 2026-09-23T10:13:35.367973490Z [2026-09-23 10:13:35.367][29][debug][wasm] [external/envoy/source/extensions/common/wasm/context.cc:1538] wasm log response-cache response-cache response-cache: [response-cache] [nil] [31440f21-4843-4bbc-8332-3dd4d359ff85] SetResponseBodyBufferLimit: 10485760
envoy-1          | 2026-09-23T10:13:35.368044280Z [2026-09-23 10:13:35.367][29][debug][wasm] [external/envoy/source/extensions/common/wasm/context.cc:1538] wasm log response-cache response-cache response-cache: [response-cache] [nil] [31440f21-4843-4bbc-8332-3dd4d359ff85] [onHttpResponseBody] key is nil, skip cache
envoy-1          | 2026-09-23T10:13:35.497062470Z [2026-09-23 10:13:35.496][29][debug][wasm] [external/envoy/source/extensions/common/wasm/context.cc:1538] wasm log response-cache response-cache response-cache: [response-cache] [nil] [d4d169e3-372b-4e0f-9fa8-8d008c427c37] [onHttpRequestHeaders] cache key from request header: x-http-cache-key, key: hit-r1-014
envoy-1          | 2026-09-23T10:13:35.497099231Z [2026-09-23 10:13:35.496][29][debug][wasm] [external/envoy/source/extensions/common/wasm/context.cc:1538] wasm log response-cache response-cache response-cache: [response-cache] [nil] [d4d169e3-372b-4e0f-9fa8-8d008c427c37] [response-cache] [CheckCacheForKey] querying cache with key: higress-audit:hit-r1-014
redis-fixture-1  | 2026-09-23T10:13:36.405286398Z {"seq": 180, "time_ns": 3511182841417, "event": "prepared", "id": "hit-r1-020", "mode": "hit", "key": "higress-audit:hit-r1-020", "value": "{\"source\":\"cache\",\"value\":\"fixture-only\"}"}
redis-fixture-1  | 2026-09-23T10:13:36.419068329Z {"seq": 181, "time_ns": 3511196637080, "event": "upstream_seen", "id": "hit-r1-020", "headers": {"host": "127.0.0.1:19468", "user-agent": "curl/7.81.0", "accept": "*/*", "x-http-cache-key": "hit-r1-020", "x-verification-id": "hit-r1-020", "x-forwarded-proto": "http", "x-envoy-original-host": "127.0.0.1:19468", "x-request-id": "2180693d-0143-4a3a-981e-c83b6f486303", "x-envoy-expected-rq-timeout-ms": "15000", "req-start-time": "1790158416416"}}
redis-fixture-1  | 2026-09-23T10:13:36.421607811Z {"seq": 182, "time_ns": 3511199218032, "event": "redis_command", "id": "hit-r1-020", "command": "GET", "args": ["higress-audit:hit-r1-020"]}
redis-fixture-1  | 2026-09-23T10:13:36.421638924Z {"seq": 183, "time_ns": 3511199292347, "event": "redis_get_seen", "id": "hit-r1-020"}
redis-fixture-1  | 2026-09-23T10:13:36.429754505Z {"seq": 184, "time_ns": 3511207337639, "event": "redis_release_requested", "id": "hit-r1-020"}
redis-fixture-1  | 2026-09-23T10:13:36.429805545Z {"seq": 185, "time_ns": 3511207508878, "event": "redis_reply_released", "id": "hit-r1-020", "mode": "hit"}
redis-fixture-1  | 2026-09-23T10:13:36.434085346Z {"seq": 186, "time_ns": 3511211741607, "event": "client_complete", "id": "hit-r1-020", "status": "200", "curl_exit": 0, "body_sha256": "da87d065c0f96d585f02840dc10c88f7e8edac17ae77dbdae4b9e051a619338f"}
redis-fixture-1  | 2026-09-23T10:13:36.436099192Z {"seq": 187, "time_ns": 3511213804771, "event": "upstream_peer_closed", "id": "hit-r1-020"}
redis-fixture-1  | 2026-09-23T10:13:36.543392862Z {"seq": 188, "time_ns": 3511321043714, "event": "redis_release_requested", "id": "hit-r1-020"}
redis-fixture-1  | 2026-09-23T10:13:36.547850316Z {"seq": 189, "time_ns": 3511325461214, "event": "prepared", "id": "hit-r1-021", "mode": "hit", "key": "higress-audit:hit-r1-021", "value": "{\"source\":\"cache\",\"value\":\"fixture-only\"}"}
redis-fixture-1  | 2026-09-23T10:13:36.561176259Z {"seq": 190, "time_ns": 3511338862426, "event": "upstream_seen", "id": "hit-r1-021", "headers": {"host": "127.0.0.1:19468", "user-agent": "curl/7.81.0", "accept": "*/*", "x-http-cache-key": "hit-r1-021", "x-verification-id": "hit-r1-021", "x-forwarded-proto": "http", "x-envoy-original-host": "127.0.0.1:19468", "x-request-id": "64b4d0f7-2896-4e5d-86c8-5a9afd64c4fc", "x-envoy-expected-rq-timeout-ms": "15000", "req-start-time": "1790158416559"}}
envoy-1          | 2026-09-23T10:13:35.497237708Z [2026-09-23 10:13:35.497][29][debug][wasm] [external/envoy/source/extensions/common/wasm/context.cc:1538] wasm log response-cache response-cache response-cache: redis call start, request-id: a8643512-b90b-4071-9fa0-9c02f97b245d, respQuery: KjINCiQzDQpnZXQNCiQyNA0KaGlncmVzcy1hdWRpdDpoaXQtcjEtMDE0DQo=
envoy-1          | 2026-09-23T10:13:35.522416201Z [2026-09-23 10:13:35.522][29][debug][wasm] [external/envoy/source/extensions/common/wasm/context.cc:1538] wasm log response-cache response-cache response-cache: redis call end, request-id: a8643512-b90b-4071-9fa0-9c02f97b245d, respQuery: KjINCiQzDQpnZXQNCiQyNA0KaGlncmVzcy1hdWRpdDpoaXQtcjEtMDE0DQo=, respValue: JDQxDQp7InNvdXJjZSI6ImNhY2hlIiwidmFsdWUiOiJmaXh0dXJlLW9ubHkifQ0K
envoy-1          | 2026-09-23T10:13:35.522435693Z [2026-09-23 10:13:35.522][29][info][wasm] [external/envoy/source/extensions/common/wasm/context.cc:1541] wasm log response-cache response-cache response-cache: [response-cache] [nil] [d4d169e3-372b-4e0f-9fa8-8d008c427c37] [response-cache] cache hit for key: hit-r1-014
envoy-1          | 2026-09-23T10:13:35.522510552Z [2026-09-23 10:13:35.522][29][debug][wasm] [external/envoy/source/extensions/common/wasm/context.cc:1538] wasm log response-cache response-cache response-cache: [response-cache] [nil] [d4d169e3-372b-4e0f-9fa8-8d008c427c37] [response-cache] [processCacheHit] cached response for key hit-r1-014: {"source":"cache","value":"fixture-only"}
envoy-1          | 2026-09-23T10:13:35.522780943Z [2026-09-23 10:13:35.522][29][debug][wasm] [external/envoy/source/extensions/common/wasm/context.cc:1538] wasm log response-cache response-cache response-cache: [response-cache] [nil] [d4d169e3-372b-4e0f-9fa8-8d008c427c37] SetResponseBodyBufferLimit: 10485760
envoy-1          | 2026-09-23T10:13:35.522894983Z [2026-09-23 10:13:35.522][29][debug][wasm] [external/envoy/source/extensions/common/wasm/context.cc:1538] wasm log response-cache response-cache response-cache: [response-cache] [nil] [d4d169e3-372b-4e0f-9fa8-8d008c427c37] [onHttpResponseBody] key is nil, skip cache
envoy-1          | 2026-09-23T10:13:35.652284521Z [2026-09-23 10:13:35.652][29][debug][wasm] [external/envoy/source/extensions/common/wasm/context.cc:1538] wasm log response-cache response-cache response-cache: [response-cache] [nil] [f37c4d1b-a7de-43b4-8064-700a841f1026] [onHttpRequestHeaders] cache key from request header: x-http-cache-key, key: hit-r1-015
envoy-1          | 2026-09-23T10:13:35.652306479Z [2026-09-23 10:13:35.652][29][debug][wasm] [external/envoy/source/extensions/common/wasm/context.cc:1538] wasm log response-cache response-cache response-cache: [response-cache] [nil] [f37c4d1b-a7de-43b4-8064-700a841f1026] [response-cache] [CheckCacheForKey] querying cache with key: higress-audit:hit-r1-015
envoy-1          | 2026-09-23T10:13:35.652415005Z [2026-09-23 10:13:35.652][29][debug][wasm] [external/envoy/source/extensions/common/wasm/context.cc:1538] wasm log response-cache response-cache response-cache: redis call start, request-id: 8dfcfbc6-f1e6-4e40-be31-f1225a994acd, respQuery: KjINCiQzDQpnZXQNCiQyNA0KaGlncmVzcy1hdWRpdDpoaXQtcjEtMDE1DQo=
envoy-1          | 2026-09-23T10:13:35.677670572Z [2026-09-23 10:13:35.677][29][debug][wasm] [external/envoy/source/extensions/common/wasm/context.cc:1538] wasm log response-cache response-cache response-cache: redis call end, request-id: 8dfcfbc6-f1e6-4e40-be31-f1225a994acd, respQuery: KjINCiQzDQpnZXQNCiQyNA0KaGlncmVzcy1hdWRpdDpoaXQtcjEtMDE1DQo=, respValue: JDQxDQp7InNvdXJjZSI6ImNhY2hlIiwidmFsdWUiOiJmaXh0dXJlLW9ubHkifQ0K
envoy-1          | 2026-09-23T10:13:35.677708064Z [2026-09-23 10:13:35.677][29][info][wasm] [external/envoy/source/extensions/common/wasm/context.cc:1541] wasm log response-cache response-cache response-cache: [response-cache] [nil] [f37c4d1b-a7de-43b4-8064-700a841f1026] [response-cache] cache hit for key: hit-r1-015
redis-fixture-1  | 2026-09-23T10:13:36.564029112Z {"seq": 191, "time_ns": 3511341653160, "event": "redis_command", "id": "hit-r1-021", "command": "GET", "args": ["higress-audit:hit-r1-021"]}
redis-fixture-1  | 2026-09-23T10:13:36.564048407Z {"seq": 192, "time_ns": 3511341728693, "event": "redis_get_seen", "id": "hit-r1-021"}
redis-fixture-1  | 2026-09-23T10:13:36.573759333Z {"seq": 193, "time_ns": 3511351318090, "event": "redis_release_requested", "id": "hit-r1-021"}
redis-fixture-1  | 2026-09-23T10:13:36.573809226Z {"seq": 194, "time_ns": 3511351492938, "event": "redis_reply_released", "id": "hit-r1-021", "mode": "hit"}
redis-fixture-1  | 2026-09-23T10:13:36.577811230Z {"seq": 195, "time_ns": 3511355519356, "event": "client_complete", "id": "hit-r1-021", "status": "200", "curl_exit": 0, "body_sha256": "da87d065c0f96d585f02840dc10c88f7e8edac17ae77dbdae4b9e051a619338f"}
redis-fixture-1  | 2026-09-23T10:13:36.579585100Z {"seq": 196, "time_ns": 3511357284210, "event": "upstream_peer_closed", "id": "hit-r1-021"}
redis-fixture-1  | 2026-09-23T10:13:36.687284198Z {"seq": 197, "time_ns": 3511464828893, "event": "redis_release_requested", "id": "hit-r1-021"}
envoy-1          | 2026-09-23T10:13:35.677769202Z [2026-09-23 10:13:35.677][29][debug][wasm] [external/envoy/source/extensions/common/wasm/context.cc:1538] wasm log response-cache response-cache response-cache: [response-cache] [nil] [f37c4d1b-a7de-43b4-8064-700a841f1026] [response-cache] [processCacheHit] cached response for key hit-r1-015: {"source":"cache","value":"fixture-only"}
envoy-1          | 2026-09-23T10:13:35.678077444Z [2026-09-23 10:13:35.677][29][debug][wasm] [external/envoy/source/extensions/common/wasm/context.cc:1538] wasm log response-cache response-cache response-cache: [response-cache] [nil] [f37c4d1b-a7de-43b4-8064-700a841f1026] SetResponseBodyBufferLimit: 10485760
envoy-1          | 2026-09-23T10:13:35.678166480Z [2026-09-23 10:13:35.678][29][debug][wasm] [external/envoy/source/extensions/common/wasm/context.cc:1538] wasm log response-cache response-cache response-cache: [response-cache] [nil] [f37c4d1b-a7de-43b4-8064-700a841f1026] [onHttpResponseBody] key is nil, skip cache
redis-fixture-1  | 2026-09-23T10:13:36.692080682Z {"seq": 198, "time_ns": 3511469732309, "event": "prepared", "id": "hit-r1-022", "mode": "hit", "key": "higress-audit:hit-r1-022", "value": "{\"source\":\"cache\",\"value\":\"fixture-only\"}"}
redis-fixture-1  | 2026-09-23T10:13:36.706551261Z {"seq": 199, "time_ns": 3511484199322, "event": "upstream_seen", "id": "hit-r1-022", "headers": {"host": "127.0.0.1:19468", "user-agent": "curl/7.81.0", "accept": "*/*", "x-http-cache-key": "hit-r1-022", "x-verification-id": "hit-r1-022", "x-forwarded-proto": "http", "x-envoy-original-host": "127.0.0.1:19468", "x-request-id": "cada5365-7bbe-4429-affb-0eadf56e6b58", "x-envoy-expected-rq-timeout-ms": "15000", "req-start-time": "1790158416704"}}
redis-fixture-1  | 2026-09-23T10:13:36.710342210Z {"seq": 200, "time_ns": 3511487946117, "event": "redis_command", "id": "hit-r1-022", "command": "GET", "args": ["higress-audit:hit-r1-022"]}
redis-fixture-1  | 2026-09-23T10:13:36.710358333Z {"seq": 201, "time_ns": 3511488094738, "event": "redis_get_seen", "id": "hit-r1-022"}
redis-fixture-1  | 2026-09-23T10:13:36.730586002Z {"seq": 202, "time_ns": 3511508249294, "event": "redis_release_requested", "id": "hit-r1-022"}
redis-fixture-1  | 2026-09-23T10:13:36.730715986Z {"seq": 203, "time_ns": 3511508429983, "event": "redis_reply_released", "id": "hit-r1-022", "mode": "hit"}
envoy-1          | 2026-09-23T10:13:35.808310720Z [2026-09-23 10:13:35.808][29][debug][wasm] [external/envoy/source/extensions/common/wasm/context.cc:1538] wasm log response-cache response-cache response-cache: [response-cache] [nil] [0f5afaf7-56e6-4418-b4dd-3522f72c1154] [onHttpRequestHeaders] cache key from request header: x-http-cache-key, key: hit-r1-016
envoy-1          | 2026-09-23T10:13:35.808332940Z [2026-09-23 10:13:35.808][29][debug][wasm] [external/envoy/source/extensions/common/wasm/context.cc:1538] wasm log response-cache response-cache response-cache: [response-cache] [nil] [0f5afaf7-56e6-4418-b4dd-3522f72c1154] [response-cache] [CheckCacheForKey] querying cache with key: higress-audit:hit-r1-016
envoy-1          | 2026-09-23T10:13:35.808457330Z [2026-09-23 10:13:35.808][29][debug][wasm] [external/envoy/source/extensions/common/wasm/context.cc:1538] wasm log response-cache response-cache response-cache: redis call start, request-id: 806ed7dc-483a-472c-8629-80c845bf6e89, respQuery: KjINCiQzDQpnZXQNCiQyNA0KaGlncmVzcy1hdWRpdDpoaXQtcjEtMDE2DQo=
envoy-1          | 2026-09-23T10:13:35.832978229Z [2026-09-23 10:13:35.832][29][debug][wasm] [external/envoy/source/extensions/common/wasm/context.cc:1538] wasm log response-cache response-cache response-cache: redis call end, request-id: 806ed7dc-483a-472c-8629-80c845bf6e89, respQuery: KjINCiQzDQpnZXQNCiQyNA0KaGlncmVzcy1hdWRpdDpoaXQtcjEtMDE2DQo=, respValue: JDQxDQp7InNvdXJjZSI6ImNhY2hlIiwidmFsdWUiOiJmaXh0dXJlLW9ubHkifQ0K
envoy-1          | 2026-09-23T10:13:35.832990816Z [2026-09-23 10:13:35.832][29][info][wasm] [external/envoy/source/extensions/common/wasm/context.cc:1541] wasm log response-cache response-cache response-cache: [response-cache] [nil] [0f5afaf7-56e6-4418-b4dd-3522f72c1154] [response-cache] cache hit for key: hit-r1-016
envoy-1          | 2026-09-23T10:13:35.832996386Z [2026-09-23 10:13:35.832][29][debug][wasm] [external/envoy/source/extensions/common/wasm/context.cc:1538] wasm log response-cache response-cache response-cache: [response-cache] [nil] [0f5afaf7-56e6-4418-b4dd-3522f72c1154] [response-cache] [processCacheHit] cached response for key hit-r1-016: {"source":"cache","value":"fixture-only"}
envoy-1          | 2026-09-23T10:13:35.833341195Z [2026-09-23 10:13:35.833][29][debug][wasm] [external/envoy/source/extensions/common/wasm/context.cc:1538] wasm log response-cache response-cache response-cache: [response-cache] [nil] [0f5afaf7-56e6-4418-b4dd-3522f72c1154] SetResponseBodyBufferLimit: 10485760
envoy-1          | 2026-09-23T10:13:35.833422691Z [2026-09-23 10:13:35.833][29][debug][wasm] [external/envoy/source/extensions/common/wasm/context.cc:1538] wasm log response-cache response-cache response-cache: [response-cache] [nil] [0f5afaf7-56e6-4418-b4dd-3522f72c1154] [onHttpResponseBody] key is nil, skip cache
envoy-1          | 2026-09-23T10:13:35.962644999Z [2026-09-23 10:13:35.962][29][debug][wasm] [external/envoy/source/extensions/common/wasm/context.cc:1538] wasm log response-cache response-cache response-cache: [response-cache] [nil] [4cf1fee6-8b22-43d8-8294-4cf37b75f717] [onHttpRequestHeaders] cache key from request header: x-http-cache-key, key: hit-r1-017
envoy-1          | 2026-09-23T10:13:35.962684271Z [2026-09-23 10:13:35.962][29][debug][wasm] [external/envoy/source/extensions/common/wasm/context.cc:1538] wasm log response-cache response-cache response-cache: [response-cache] [nil] [4cf1fee6-8b22-43d8-8294-4cf37b75f717] [response-cache] [CheckCacheForKey] querying cache with key: higress-audit:hit-r1-017
envoy-1          | 2026-09-23T10:13:35.962747679Z [2026-09-23 10:13:35.962][29][debug][wasm] [external/envoy/source/extensions/common/wasm/context.cc:1538] wasm log response-cache response-cache response-cache: redis call start, request-id: ecf8f7e8-de01-432b-970e-3a6275e100a4, respQuery: KjINCiQzDQpnZXQNCiQyNA0KaGlncmVzcy1hdWRpdDpoaXQtcjEtMDE3DQo=
envoy-1          | 2026-09-23T10:13:35.975160168Z [2026-09-23 10:13:35.974][29][debug][wasm] [external/envoy/source/extensions/common/wasm/context.cc:1538] wasm log response-cache response-cache response-cache: redis call end, request-id: ecf8f7e8-de01-432b-970e-3a6275e100a4, respQuery: KjINCiQzDQpnZXQNCiQyNA0KaGlncmVzcy1hdWRpdDpoaXQtcjEtMDE3DQo=, respValue: JDQxDQp7InNvdXJjZSI6ImNhY2hlIiwidmFsdWUiOiJmaXh0dXJlLW9ubHkifQ0K
envoy-1          | 2026-09-23T10:13:35.975178660Z [2026-09-23 10:13:35.975][29][info][wasm] [external/envoy/source/extensions/common/wasm/context.cc:1541] wasm log response-cache response-cache response-cache: [response-cache] [nil] [4cf1fee6-8b22-43d8-8294-4cf37b75f717] [response-cache] cache hit for key: hit-r1-017
envoy-1          | 2026-09-23T10:13:35.975209427Z [2026-09-23 10:13:35.975][29][debug][wasm] [external/envoy/source/extensions/common/wasm/context.cc:1538] wasm log response-cache response-cache response-cache: [response-cache] [nil] [4cf1fee6-8b22-43d8-8294-4cf37b75f717] [response-cache] [processCacheHit] cached response for key hit-r1-017: {"source":"cache","value":"fixture-only"}
envoy-1          | 2026-09-23T10:13:35.975488094Z [2026-09-23 10:13:35.975][29][debug][wasm] [external/envoy/source/extensions/common/wasm/context.cc:1538] wasm log response-cache response-cache response-cache: [response-cache] [nil] [4cf1fee6-8b22-43d8-8294-4cf37b75f717] SetResponseBodyBufferLimit: 10485760
envoy-1          | 2026-09-23T10:13:35.975578282Z [2026-09-23 10:13:35.975][29][debug][wasm] [external/envoy/source/extensions/common/wasm/context.cc:1538] wasm log response-cache response-cache response-cache: [response-cache] [nil] [4cf1fee6-8b22-43d8-8294-4cf37b75f717] [onHttpResponseBody] key is nil, skip cache
envoy-1          | 2026-09-23T10:13:36.107362343Z [2026-09-23 10:13:36.107][29][debug][wasm] [external/envoy/source/extensions/common/wasm/context.cc:1538] wasm log response-cache response-cache response-cache: [response-cache] [nil] [e098b682-9965-4d69-a581-eccfa7955939] [onHttpRequestHeaders] cache key from request header: x-http-cache-key, key: hit-r1-018
envoy-1          | 2026-09-23T10:13:36.107402668Z [2026-09-23 10:13:36.107][29][debug][wasm] [external/envoy/source/extensions/common/wasm/context.cc:1538] wasm log response-cache response-cache response-cache: [response-cache] [nil] [e098b682-9965-4d69-a581-eccfa7955939] [response-cache] [CheckCacheForKey] querying cache with key: higress-audit:hit-r1-018
redis-fixture-1  | 2026-09-23T10:13:36.735806487Z {"seq": 204, "time_ns": 3511513468004, "event": "client_complete", "id": "hit-r1-022", "status": "200", "curl_exit": 0, "body_sha256": "da87d065c0f96d585f02840dc10c88f7e8edac17ae77dbdae4b9e051a619338f"}
redis-fixture-1  | 2026-09-23T10:13:36.737917934Z {"seq": 205, "time_ns": 3511515596556, "event": "upstream_peer_closed", "id": "hit-r1-022"}
redis-fixture-1  | 2026-09-23T10:13:36.845811281Z {"seq": 206, "time_ns": 3511623464535, "event": "redis_release_requested", "id": "hit-r1-022"}
redis-fixture-1  | 2026-09-23T10:13:36.850541325Z {"seq": 207, "time_ns": 3511628240013, "event": "prepared", "id": "hit-r1-023", "mode": "hit", "key": "higress-audit:hit-r1-023", "value": "{\"source\":\"cache\",\"value\":\"fixture-only\"}"}
redis-fixture-1  | 2026-09-23T10:13:36.865323359Z {"seq": 208, "time_ns": 3511642973956, "event": "upstream_seen", "id": "hit-r1-023", "headers": {"host": "127.0.0.1:19468", "user-agent": "curl/7.81.0", "accept": "*/*", "x-http-cache-key": "hit-r1-023", "x-verification-id": "hit-r1-023", "x-forwarded-proto": "http", "x-envoy-original-host": "127.0.0.1:19468", "x-request-id": "cd38ce7f-58b8-4e3a-88e5-3165a75f215a", "x-envoy-expected-rq-timeout-ms": "15000", "req-start-time": "1790158416863"}}
redis-fixture-1  | 2026-09-23T10:13:36.867616248Z {"seq": 209, "time_ns": 3511645320989, "event": "redis_command", "id": "hit-r1-023", "command": "GET", "args": ["higress-audit:hit-r1-023"]}
redis-fixture-1  | 2026-09-23T10:13:36.867628255Z {"seq": 210, "time_ns": 3511645396582, "event": "redis_get_seen", "id": "hit-r1-023"}
redis-fixture-1  | 2026-09-23T10:13:36.877755382Z {"seq": 211, "time_ns": 3511655491232, "event": "redis_release_requested", "id": "hit-r1-023"}
redis-fixture-1  | 2026-09-23T10:13:36.877962628Z {"seq": 212, "time_ns": 3511655689459, "event": "redis_reply_released", "id": "hit-r1-023", "mode": "hit"}
envoy-1          | 2026-09-23T10:13:36.107456881Z [2026-09-23 10:13:36.107][29][debug][wasm] [external/envoy/source/extensions/common/wasm/context.cc:1538] wasm log response-cache response-cache response-cache: redis call start, request-id: 432643b9-e3a7-4d50-b1e0-c1b8158e3952, respQuery: KjINCiQzDQpnZXQNCiQyNA0KaGlncmVzcy1hdWRpdDpoaXQtcjEtMDE4DQo=
envoy-1          | 2026-09-23T10:13:36.143226671Z [2026-09-23 10:13:36.143][29][debug][wasm] [external/envoy/source/extensions/common/wasm/context.cc:1538] wasm log response-cache response-cache response-cache: redis call end, request-id: 432643b9-e3a7-4d50-b1e0-c1b8158e3952, respQuery: KjINCiQzDQpnZXQNCiQyNA0KaGlncmVzcy1hdWRpdDpoaXQtcjEtMDE4DQo=, respValue: JDQxDQp7InNvdXJjZSI6ImNhY2hlIiwidmFsdWUiOiJmaXh0dXJlLW9ubHkifQ0K
envoy-1          | 2026-09-23T10:13:36.143250224Z [2026-09-23 10:13:36.143][29][info][wasm] [external/envoy/source/extensions/common/wasm/context.cc:1541] wasm log response-cache response-cache response-cache: [response-cache] [nil] [e098b682-9965-4d69-a581-eccfa7955939] [response-cache] cache hit for key: hit-r1-018
envoy-1          | 2026-09-23T10:13:36.143268616Z [2026-09-23 10:13:36.143][29][debug][wasm] [external/envoy/source/extensions/common/wasm/context.cc:1538] wasm log response-cache response-cache response-cache: [response-cache] [nil] [e098b682-9965-4d69-a581-eccfa7955939] [response-cache] [processCacheHit] cached response for key hit-r1-018: {"source":"cache","value":"fixture-only"}
envoy-1          | 2026-09-23T10:13:36.143579274Z [2026-09-23 10:13:36.143][29][debug][wasm] [external/envoy/source/extensions/common/wasm/context.cc:1538] wasm log response-cache response-cache response-cache: [response-cache] [nil] [e098b682-9965-4d69-a581-eccfa7955939] SetResponseBodyBufferLimit: 10485760
envoy-1          | 2026-09-23T10:13:36.143718392Z [2026-09-23 10:13:36.143][29][debug][wasm] [external/envoy/source/extensions/common/wasm/context.cc:1538] wasm log response-cache response-cache response-cache: [response-cache] [nil] [e098b682-9965-4d69-a581-eccfa7955939] [onHttpResponseBody] key is nil, skip cache
envoy-1          | 2026-09-23T10:13:36.274233358Z [2026-09-23 10:13:36.273][29][debug][wasm] [external/envoy/source/extensions/common/wasm/context.cc:1538] wasm log response-cache response-cache response-cache: [response-cache] [nil] [4c14f814-e317-464b-b196-58b9ec0105cd] [onHttpRequestHeaders] cache key from request header: x-http-cache-key, key: hit-r1-019
envoy-1          | 2026-09-23T10:13:36.274270383Z [2026-09-23 10:13:36.274][29][debug][wasm] [external/envoy/source/extensions/common/wasm/context.cc:1538] wasm log response-cache response-cache response-cache: [response-cache] [nil] [4c14f814-e317-464b-b196-58b9ec0105cd] [response-cache] [CheckCacheForKey] querying cache with key: higress-audit:hit-r1-019
envoy-1          | 2026-09-23T10:13:36.274357899Z [2026-09-23 10:13:36.274][29][debug][wasm] [external/envoy/source/extensions/common/wasm/context.cc:1538] wasm log response-cache response-cache response-cache: redis call start, request-id: feb66145-ae01-4104-8ea8-2107ac8345ed, respQuery: KjINCiQzDQpnZXQNCiQyNA0KaGlncmVzcy1hdWRpdDpoaXQtcjEtMDE5DQo=
envoy-1          | 2026-09-23T10:13:36.287676216Z [2026-09-23 10:13:36.287][29][debug][wasm] [external/envoy/source/extensions/common/wasm/context.cc:1538] wasm log response-cache response-cache response-cache: redis call end, request-id: feb66145-ae01-4104-8ea8-2107ac8345ed, respQuery: KjINCiQzDQpnZXQNCiQyNA0KaGlncmVzcy1hdWRpdDpoaXQtcjEtMDE5DQo=, respValue: JDQxDQp7InNvdXJjZSI6ImNhY2hlIiwidmFsdWUiOiJmaXh0dXJlLW9ubHkifQ0K
redis-fixture-1  | 2026-09-23T10:13:36.882117675Z {"seq": 213, "time_ns": 3511659847857, "event": "client_complete", "id": "hit-r1-023", "status": "200", "curl_exit": 0, "body_sha256": "da87d065c0f96d585f02840dc10c88f7e8edac17ae77dbdae4b9e051a619338f"}
redis-fixture-1  | 2026-09-23T10:13:36.884250150Z {"seq": 214, "time_ns": 3511662008896, "event": "upstream_peer_closed", "id": "hit-r1-023"}
redis-fixture-1  | 2026-09-23T10:13:36.992448321Z {"seq": 215, "time_ns": 3511770103102, "event": "redis_release_requested", "id": "hit-r1-023"}
redis-fixture-1  | 2026-09-23T10:13:36.996814507Z {"seq": 216, "time_ns": 3511774481846, "event": "prepared", "id": "hit-r1-024", "mode": "hit", "key": "higress-audit:hit-r1-024", "value": "{\"source\":\"cache\",\"value\":\"fixture-only\"}"}
redis-fixture-1  | 2026-09-23T10:13:37.010660019Z {"seq": 217, "time_ns": 3511788308898, "event": "upstream_seen", "id": "hit-r1-024", "headers": {"host": "127.0.0.1:19468", "user-agent": "curl/7.81.0", "accept": "*/*", "x-http-cache-key": "hit-r1-024", "x-verification-id": "hit-r1-024", "x-forwarded-proto": "http", "x-envoy-original-host": "127.0.0.1:19468", "x-request-id": "f0f750fe-c359-4649-b457-a6db16c2e383", "x-envoy-expected-rq-timeout-ms": "15000", "req-start-time": "1790158417008"}}
redis-fixture-1  | 2026-09-23T10:13:37.013755965Z {"seq": 218, "time_ns": 3511791139583, "event": "redis_command", "id": "hit-r1-024", "command": "GET", "args": ["higress-audit:hit-r1-024"]}
redis-fixture-1  | 2026-09-23T10:13:37.013794927Z {"seq": 219, "time_ns": 3511791553534, "event": "redis_get_seen", "id": "hit-r1-024"}
redis-fixture-1  | 2026-09-23T10:13:37.022342360Z {"seq": 220, "time_ns": 3511800057030, "event": "redis_release_requested", "id": "hit-r1-024"}
redis-fixture-1  | 2026-09-23T10:13:37.022507277Z {"seq": 221, "time_ns": 3511800228560, "event": "redis_reply_released", "id": "hit-r1-024", "mode": "hit"}
envoy-1          | 2026-09-23T10:13:36.287694196Z [2026-09-23 10:13:36.287][29][info][wasm] [external/envoy/source/extensions/common/wasm/context.cc:1541] wasm log response-cache response-cache response-cache: [response-cache] [nil] [4c14f814-e317-464b-b196-58b9ec0105cd] [response-cache] cache hit for key: hit-r1-019
envoy-1          | 2026-09-23T10:13:36.287749247Z [2026-09-23 10:13:36.287][29][debug][wasm] [external/envoy/source/extensions/common/wasm/context.cc:1538] wasm log response-cache response-cache response-cache: [response-cache] [nil] [4c14f814-e317-464b-b196-58b9ec0105cd] [response-cache] [processCacheHit] cached response for key hit-r1-019: {"source":"cache","value":"fixture-only"}
envoy-1          | 2026-09-23T10:13:36.288024698Z [2026-09-23 10:13:36.287][29][debug][wasm] [external/envoy/source/extensions/common/wasm/context.cc:1538] wasm log response-cache response-cache response-cache: [response-cache] [nil] [4c14f814-e317-464b-b196-58b9ec0105cd] SetResponseBodyBufferLimit: 10485760
envoy-1          | 2026-09-23T10:13:36.288152482Z [2026-09-23 10:13:36.288][29][debug][wasm] [external/envoy/source/extensions/common/wasm/context.cc:1538] wasm log response-cache response-cache response-cache: [response-cache] [nil] [4c14f814-e317-464b-b196-58b9ec0105cd] [onHttpResponseBody] key is nil, skip cache
envoy-1          | 2026-09-23T10:13:36.417388772Z [2026-09-23 10:13:36.417][29][debug][wasm] [external/envoy/source/extensions/common/wasm/context.cc:1538] wasm log response-cache response-cache response-cache: [response-cache] [nil] [2180693d-0143-4a3a-981e-c83b6f486303] [onHttpRequestHeaders] cache key from request header: x-http-cache-key, key: hit-r1-020
envoy-1          | 2026-09-23T10:13:36.417425037Z [2026-09-23 10:13:36.417][29][debug][wasm] [external/envoy/source/extensions/common/wasm/context.cc:1538] wasm log response-cache response-cache response-cache: [response-cache] [nil] [2180693d-0143-4a3a-981e-c83b6f486303] [response-cache] [CheckCacheForKey] querying cache with key: higress-audit:hit-r1-020
redis-fixture-1  | 2026-09-23T10:13:37.026755006Z {"seq": 222, "time_ns": 3511804462782, "event": "client_complete", "id": "hit-r1-024", "status": "200", "curl_exit": 0, "body_sha256": "da87d065c0f96d585f02840dc10c88f7e8edac17ae77dbdae4b9e051a619338f"}
redis-fixture-1  | 2026-09-23T10:13:37.028905651Z {"seq": 223, "time_ns": 3511806588520, "event": "upstream_peer_closed", "id": "hit-r1-024"}
redis-fixture-1  | 2026-09-23T10:13:37.135909362Z {"seq": 224, "time_ns": 3511913576273, "event": "redis_release_requested", "id": "hit-r1-024"}
redis-fixture-1  | 2026-09-23T10:13:37.139194495Z {"seq": 225, "time_ns": 3511916914573, "event": "prepared", "id": "hit-r1-025", "mode": "hit", "key": "higress-audit:hit-r1-025", "value": "{\"source\":\"cache\",\"value\":\"fixture-only\"}"}
redis-fixture-1  | 2026-09-23T10:13:37.152895080Z {"seq": 226, "time_ns": 3511930544873, "event": "upstream_seen", "id": "hit-r1-025", "headers": {"host": "127.0.0.1:19468", "user-agent": "curl/7.81.0", "accept": "*/*", "x-http-cache-key": "hit-r1-025", "x-verification-id": "hit-r1-025", "x-forwarded-proto": "http", "x-envoy-original-host": "127.0.0.1:19468", "x-request-id": "b1494615-c5e2-4583-a34d-8381ef89a93e", "x-envoy-expected-rq-timeout-ms": "15000", "req-start-time": "1790158417150"}}
redis-fixture-1  | 2026-09-23T10:13:37.155763020Z {"seq": 227, "time_ns": 3511932915123, "event": "redis_command", "id": "hit-r1-025", "command": "GET", "args": ["higress-audit:hit-r1-025"]}
redis-fixture-1  | 2026-09-23T10:13:37.157156622Z {"seq": 228, "time_ns": 3511934763757, "event": "redis_get_seen", "id": "hit-r1-025"}
envoy-1          | 2026-09-23T10:13:36.417568733Z [2026-09-23 10:13:36.417][29][debug][wasm] [external/envoy/source/extensions/common/wasm/context.cc:1538] wasm log response-cache response-cache response-cache: redis call start, request-id: 369b5266-557e-4723-800c-854fc851f197, respQuery: KjINCiQzDQpnZXQNCiQyNA0KaGlncmVzcy1hdWRpdDpoaXQtcjEtMDIwDQo=
envoy-1          | 2026-09-23T10:13:36.430236817Z [2026-09-23 10:13:36.430][29][debug][wasm] [external/envoy/source/extensions/common/wasm/context.cc:1538] wasm log response-cache response-cache response-cache: redis call end, request-id: 369b5266-557e-4723-800c-854fc851f197, respQuery: KjINCiQzDQpnZXQNCiQyNA0KaGlncmVzcy1hdWRpdDpoaXQtcjEtMDIwDQo=, respValue: JDQxDQp7InNvdXJjZSI6ImNhY2hlIiwidmFsdWUiOiJmaXh0dXJlLW9ubHkifQ0K
redis-fixture-1  | 2026-09-23T10:13:37.181340026Z {"seq": 229, "time_ns": 3511958901400, "event": "redis_release_requested", "id": "hit-r1-025"}
redis-fixture-1  | 2026-09-23T10:13:37.181376812Z {"seq": 230, "time_ns": 3511959033830, "event": "redis_reply_released", "id": "hit-r1-025", "mode": "hit"}
redis-fixture-1  | 2026-09-23T10:13:37.185961326Z {"seq": 231, "time_ns": 3511963611148, "event": "client_complete", "id": "hit-r1-025", "status": "200", "curl_exit": 0, "body_sha256": "da87d065c0f96d585f02840dc10c88f7e8edac17ae77dbdae4b9e051a619338f"}
redis-fixture-1  | 2026-09-23T10:13:37.187955784Z {"seq": 232, "time_ns": 3511965644535, "event": "upstream_peer_closed", "id": "hit-r1-025"}
redis-fixture-1  | 2026-09-23T10:13:37.293227870Z {"seq": 233, "time_ns": 3512070835096, "event": "redis_release_requested", "id": "hit-r1-025"}
redis-fixture-1  | 2026-09-23T10:13:37.295971371Z {"seq": 234, "time_ns": 3512073620784, "event": "prepared", "id": "hit-r1-026", "mode": "hit", "key": "higress-audit:hit-r1-026", "value": "{\"source\":\"cache\",\"value\":\"fixture-only\"}"}
redis-fixture-1  | 2026-09-23T10:13:37.310029000Z {"seq": 235, "time_ns": 3512087594819, "event": "upstream_seen", "id": "hit-r1-026", "headers": {"host": "127.0.0.1:19468", "user-agent": "curl/7.81.0", "accept": "*/*", "x-http-cache-key": "hit-r1-026", "x-verification-id": "hit-r1-026", "x-forwarded-proto": "http", "x-envoy-original-host": "127.0.0.1:19468", "x-request-id": "84333e7d-5c9f-47f9-b189-f21bc7d46f1e", "x-envoy-expected-rq-timeout-ms": "15000", "req-start-time": "1790158417308"}}
redis-fixture-1  | 2026-09-23T10:13:37.314630470Z {"seq": 236, "time_ns": 3512092235162, "event": "redis_command", "id": "hit-r1-026", "command": "GET", "args": ["higress-audit:hit-r1-026"]}
redis-fixture-1  | 2026-09-23T10:13:37.314673291Z {"seq": 237, "time_ns": 3512092316290, "event": "redis_get_seen", "id": "hit-r1-026"}
redis-fixture-1  | 2026-09-23T10:13:37.335035743Z {"seq": 238, "time_ns": 3512112621035, "event": "redis_release_requested", "id": "hit-r1-026"}
redis-fixture-1  | 2026-09-23T10:13:37.335101328Z {"seq": 239, "time_ns": 3512112794567, "event": "redis_reply_released", "id": "hit-r1-026", "mode": "hit"}
envoy-1          | 2026-09-23T10:13:36.430254168Z [2026-09-23 10:13:36.430][29][info][wasm] [external/envoy/source/extensions/common/wasm/context.cc:1541] wasm log response-cache response-cache response-cache: [response-cache] [nil] [2180693d-0143-4a3a-981e-c83b6f486303] [response-cache] cache hit for key: hit-r1-020
envoy-1          | 2026-09-23T10:13:36.430346433Z [2026-09-23 10:13:36.430][29][debug][wasm] [external/envoy/source/extensions/common/wasm/context.cc:1538] wasm log response-cache response-cache response-cache: [response-cache] [nil] [2180693d-0143-4a3a-981e-c83b6f486303] [response-cache] [processCacheHit] cached response for key hit-r1-020: {"source":"cache","value":"fixture-only"}
envoy-1          | 2026-09-23T10:13:36.430620071Z [2026-09-23 10:13:36.430][29][debug][wasm] [external/envoy/source/extensions/common/wasm/context.cc:1538] wasm log response-cache response-cache response-cache: [response-cache] [nil] [2180693d-0143-4a3a-981e-c83b6f486303] SetResponseBodyBufferLimit: 10485760
envoy-1          | 2026-09-23T10:13:36.430740476Z [2026-09-23 10:13:36.430][29][debug][wasm] [external/envoy/source/extensions/common/wasm/context.cc:1538] wasm log response-cache response-cache response-cache: [response-cache] [nil] [2180693d-0143-4a3a-981e-c83b6f486303] [onHttpResponseBody] key is nil, skip cache
envoy-1          | 2026-09-23T10:13:36.559854609Z [2026-09-23 10:13:36.559][29][debug][wasm] [external/envoy/source/extensions/common/wasm/context.cc:1538] wasm log response-cache response-cache response-cache: [response-cache] [nil] [64b4d0f7-2896-4e5d-86c8-5a9afd64c4fc] [onHttpRequestHeaders] cache key from request header: x-http-cache-key, key: hit-r1-021
envoy-1          | 2026-09-23T10:13:36.559889530Z [2026-09-23 10:13:36.559][29][debug][wasm] [external/envoy/source/extensions/common/wasm/context.cc:1538] wasm log response-cache response-cache response-cache: [response-cache] [nil] [64b4d0f7-2896-4e5d-86c8-5a9afd64c4fc] [response-cache] [CheckCacheForKey] querying cache with key: higress-audit:hit-r1-021
redis-fixture-1  | 2026-09-23T10:13:37.339246519Z {"seq": 240, "time_ns": 3512116926318, "event": "client_complete", "id": "hit-r1-026", "status": "200", "curl_exit": 0, "body_sha256": "da87d065c0f96d585f02840dc10c88f7e8edac17ae77dbdae4b9e051a619338f"}
redis-fixture-1  | 2026-09-23T10:13:37.341317249Z {"seq": 241, "time_ns": 3512118894960, "event": "upstream_peer_closed", "id": "hit-r1-026"}
redis-fixture-1  | 2026-09-23T10:13:37.449436325Z {"seq": 242, "time_ns": 3512227057724, "event": "redis_release_requested", "id": "hit-r1-026"}
redis-fixture-1  | 2026-09-23T10:13:37.453423036Z {"seq": 243, "time_ns": 3512230968410, "event": "prepared", "id": "hit-r1-027", "mode": "hit", "key": "higress-audit:hit-r1-027", "value": "{\"source\":\"cache\",\"value\":\"fixture-only\"}"}
redis-fixture-1  | 2026-09-23T10:13:37.468561629Z {"seq": 244, "time_ns": 3512246113548, "event": "upstream_seen", "id": "hit-r1-027", "headers": {"host": "127.0.0.1:19468", "user-agent": "curl/7.81.0", "accept": "*/*", "x-http-cache-key": "hit-r1-027", "x-verification-id": "hit-r1-027", "x-forwarded-proto": "http", "x-envoy-original-host": "127.0.0.1:19468", "x-request-id": "4ea2c310-d6a8-45a4-9edf-649fc1fb8aa8", "x-envoy-expected-rq-timeout-ms": "15000", "req-start-time": "1790158417466"}}
redis-fixture-1  | 2026-09-23T10:13:37.470944767Z {"seq": 245, "time_ns": 3512248594938, "event": "redis_command", "id": "hit-r1-027", "command": "GET", "args": ["higress-audit:hit-r1-027"]}
redis-fixture-1  | 2026-09-23T10:13:37.470985451Z {"seq": 246, "time_ns": 3512248669867, "event": "redis_get_seen", "id": "hit-r1-027"}
redis-fixture-1  | 2026-09-23T10:13:37.480983653Z {"seq": 247, "time_ns": 3512258525318, "event": "redis_release_requested", "id": "hit-r1-027"}
redis-fixture-1  | 2026-09-23T10:13:37.481016482Z {"seq": 248, "time_ns": 3512258698037, "event": "redis_reply_released", "id": "hit-r1-027", "mode": "hit"}
redis-fixture-1  | 2026-09-23T10:13:37.485543963Z {"seq": 249, "time_ns": 3512263106410, "event": "client_complete", "id": "hit-r1-027", "status": "200", "curl_exit": 0, "body_sha256": "da87d065c0f96d585f02840dc10c88f7e8edac17ae77dbdae4b9e051a619338f"}
redis-fixture-1  | 2026-09-23T10:13:37.487552018Z {"seq": 250, "time_ns": 3512265134368, "event": "upstream_peer_closed", "id": "hit-r1-027"}
redis-fixture-1  | 2026-09-23T10:13:37.595610991Z {"seq": 251, "time_ns": 3512373177778, "event": "redis_release_requested", "id": "hit-r1-027"}
envoy-1          | 2026-09-23T10:13:36.560042562Z [2026-09-23 10:13:36.559][29][debug][wasm] [external/envoy/source/extensions/common/wasm/context.cc:1538] wasm log response-cache response-cache response-cache: redis call start, request-id: 6fe9d646-cdd1-48b2-8368-83343d764611, respQuery: KjINCiQzDQpnZXQNCiQyNA0KaGlncmVzcy1hdWRpdDpoaXQtcjEtMDIxDQo=
envoy-1          | 2026-09-23T10:13:36.574261955Z [2026-09-23 10:13:36.574][29][debug][wasm] [external/envoy/source/extensions/common/wasm/context.cc:1538] wasm log response-cache response-cache response-cache: redis call end, request-id: 6fe9d646-cdd1-48b2-8368-83343d764611, respQuery: KjINCiQzDQpnZXQNCiQyNA0KaGlncmVzcy1hdWRpdDpoaXQtcjEtMDIxDQo=, respValue: JDQxDQp7InNvdXJjZSI6ImNhY2hlIiwidmFsdWUiOiJmaXh0dXJlLW9ubHkifQ0K
envoy-1          | 2026-09-23T10:13:36.574286916Z [2026-09-23 10:13:36.574][29][info][wasm] [external/envoy/source/extensions/common/wasm/context.cc:1541] wasm log response-cache response-cache response-cache: [response-cache] [nil] [64b4d0f7-2896-4e5d-86c8-5a9afd64c4fc] [response-cache] cache hit for key: hit-r1-021
envoy-1          | 2026-09-23T10:13:36.574374423Z [2026-09-23 10:13:36.574][29][debug][wasm] [external/envoy/source/extensions/common/wasm/context.cc:1538] wasm log response-cache response-cache response-cache: [response-cache] [nil] [64b4d0f7-2896-4e5d-86c8-5a9afd64c4fc] [response-cache] [processCacheHit] cached response for key hit-r1-021: {"source":"cache","value":"fixture-only"}
redis-fixture-1  | 2026-09-23T10:13:37.600052519Z {"seq": 252, "time_ns": 3512377600447, "event": "prepared", "id": "hit-r1-028", "mode": "hit", "key": "higress-audit:hit-r1-028", "value": "{\"source\":\"cache\",\"value\":\"fixture-only\"}"}
redis-fixture-1  | 2026-09-23T10:13:37.614610220Z {"seq": 253, "time_ns": 3512392247234, "event": "upstream_seen", "id": "hit-r1-028", "headers": {"host": "127.0.0.1:19468", "user-agent": "curl/7.81.0", "accept": "*/*", "x-http-cache-key": "hit-r1-028", "x-verification-id": "hit-r1-028", "x-forwarded-proto": "http", "x-envoy-original-host": "127.0.0.1:19468", "x-request-id": "be34f19e-8848-4357-920c-a82c6f199726", "x-envoy-expected-rq-timeout-ms": "15000", "req-start-time": "1790158417612"}}
redis-fixture-1  | 2026-09-23T10:13:37.617420766Z {"seq": 254, "time_ns": 3512394987317, "event": "redis_command", "id": "hit-r1-028", "command": "GET", "args": ["higress-audit:hit-r1-028"]}
redis-fixture-1  | 2026-09-23T10:13:37.617517082Z {"seq": 255, "time_ns": 3512395204466, "event": "redis_get_seen", "id": "hit-r1-028"}
redis-fixture-1  | 2026-09-23T10:13:37.627252015Z {"seq": 256, "time_ns": 3512404839854, "event": "redis_release_requested", "id": "hit-r1-028"}
envoy-1          | 2026-09-23T10:13:36.574661223Z [2026-09-23 10:13:36.574][29][debug][wasm] [external/envoy/source/extensions/common/wasm/context.cc:1538] wasm log response-cache response-cache response-cache: [response-cache] [nil] [64b4d0f7-2896-4e5d-86c8-5a9afd64c4fc] SetResponseBodyBufferLimit: 10485760
envoy-1          | 2026-09-23T10:13:36.574789651Z [2026-09-23 10:13:36.574][29][debug][wasm] [external/envoy/source/extensions/common/wasm/context.cc:1538] wasm log response-cache response-cache response-cache: [response-cache] [nil] [64b4d0f7-2896-4e5d-86c8-5a9afd64c4fc] [onHttpResponseBody] key is nil, skip cache
envoy-1          | 2026-09-23T10:13:36.705116468Z [2026-09-23 10:13:36.704][29][debug][wasm] [external/envoy/source/extensions/common/wasm/context.cc:1538] wasm log response-cache response-cache response-cache: [response-cache] [nil] [cada5365-7bbe-4429-affb-0eadf56e6b58] [onHttpRequestHeaders] cache key from request header: x-http-cache-key, key: hit-r1-022
envoy-1          | 2026-09-23T10:13:36.705139716Z [2026-09-23 10:13:36.705][29][debug][wasm] [external/envoy/source/extensions/common/wasm/context.cc:1538] wasm log response-cache response-cache response-cache: [response-cache] [nil] [cada5365-7bbe-4429-affb-0eadf56e6b58] [response-cache] [CheckCacheForKey] querying cache with key: higress-audit:hit-r1-022
envoy-1          | 2026-09-23T10:13:36.705279541Z [2026-09-23 10:13:36.705][29][debug][wasm] [external/envoy/source/extensions/common/wasm/context.cc:1538] wasm log response-cache response-cache response-cache: redis call start, request-id: 42e8a1f8-44f3-4741-aa56-a63083b469bc, respQuery: KjINCiQzDQpnZXQNCiQyNA0KaGlncmVzcy1hdWRpdDpoaXQtcjEtMDIyDQo=
envoy-1          | 2026-09-23T10:13:36.731229906Z [2026-09-23 10:13:36.731][29][debug][wasm] [external/envoy/source/extensions/common/wasm/context.cc:1538] wasm log response-cache response-cache response-cache: redis call end, request-id: 42e8a1f8-44f3-4741-aa56-a63083b469bc, respQuery: KjINCiQzDQpnZXQNCiQyNA0KaGlncmVzcy1hdWRpdDpoaXQtcjEtMDIyDQo=, respValue: JDQxDQp7InNvdXJjZSI6ImNhY2hlIiwidmFsdWUiOiJmaXh0dXJlLW9ubHkifQ0K
envoy-1          | 2026-09-23T10:13:36.731266595Z [2026-09-23 10:13:36.731][29][info][wasm] [external/envoy/source/extensions/common/wasm/context.cc:1541] wasm log response-cache response-cache response-cache: [response-cache] [nil] [cada5365-7bbe-4429-affb-0eadf56e6b58] [response-cache] cache hit for key: hit-r1-022
envoy-1          | 2026-09-23T10:13:36.731282275Z [2026-09-23 10:13:36.731][29][debug][wasm] [external/envoy/source/extensions/common/wasm/context.cc:1538] wasm log response-cache response-cache response-cache: [response-cache] [nil] [cada5365-7bbe-4429-affb-0eadf56e6b58] [response-cache] [processCacheHit] cached response for key hit-r1-022: {"source":"cache","value":"fixture-only"}
envoy-1          | 2026-09-23T10:13:36.731565707Z [2026-09-23 10:13:36.731][29][debug][wasm] [external/envoy/source/extensions/common/wasm/context.cc:1538] wasm log response-cache response-cache response-cache: [response-cache] [nil] [cada5365-7bbe-4429-affb-0eadf56e6b58] SetResponseBodyBufferLimit: 10485760
envoy-1          | 2026-09-23T10:13:36.731727337Z [2026-09-23 10:13:36.731][29][debug][wasm] [external/envoy/source/extensions/common/wasm/context.cc:1538] wasm log response-cache response-cache response-cache: [response-cache] [nil] [cada5365-7bbe-4429-affb-0eadf56e6b58] [onHttpResponseBody] key is nil, skip cache
envoy-1          | 2026-09-23T10:13:36.863811992Z [2026-09-23 10:13:36.863][29][debug][wasm] [external/envoy/source/extensions/common/wasm/context.cc:1538] wasm log response-cache response-cache response-cache: [response-cache] [nil] [cd38ce7f-58b8-4e3a-88e5-3165a75f215a] [onHttpRequestHeaders] cache key from request header: x-http-cache-key, key: hit-r1-023
envoy-1          | 2026-09-23T10:13:36.863845644Z [2026-09-23 10:13:36.863][29][debug][wasm] [external/envoy/source/extensions/common/wasm/context.cc:1538] wasm log response-cache response-cache response-cache: [response-cache] [nil] [cd38ce7f-58b8-4e3a-88e5-3165a75f215a] [response-cache] [CheckCacheForKey] querying cache with key: higress-audit:hit-r1-023
envoy-1          | 2026-09-23T10:13:36.863910997Z [2026-09-23 10:13:36.863][29][debug][wasm] [external/envoy/source/extensions/common/wasm/context.cc:1538] wasm log response-cache response-cache response-cache: redis call start, request-id: 0c137b50-4202-437e-bb02-cd43e5b6b427, respQuery: KjINCiQzDQpnZXQNCiQyNA0KaGlncmVzcy1hdWRpdDpoaXQtcjEtMDIzDQo=
envoy-1          | 2026-09-23T10:13:36.878303657Z [2026-09-23 10:13:36.878][29][debug][wasm] [external/envoy/source/extensions/common/wasm/context.cc:1538] wasm log response-cache response-cache response-cache: redis call end, request-id: 0c137b50-4202-437e-bb02-cd43e5b6b427, respQuery: KjINCiQzDQpnZXQNCiQyNA0KaGlncmVzcy1hdWRpdDpoaXQtcjEtMDIzDQo=, respValue: JDQxDQp7InNvdXJjZSI6ImNhY2hlIiwidmFsdWUiOiJmaXh0dXJlLW9ubHkifQ0K
envoy-1          | 2026-09-23T10:13:36.878316759Z [2026-09-23 10:13:36.878][29][info][wasm] [external/envoy/source/extensions/common/wasm/context.cc:1541] wasm log response-cache response-cache response-cache: [response-cache] [nil] [cd38ce7f-58b8-4e3a-88e5-3165a75f215a] [response-cache] cache hit for key: hit-r1-023
envoy-1          | 2026-09-23T10:13:36.878402763Z [2026-09-23 10:13:36.878][29][debug][wasm] [external/envoy/source/extensions/common/wasm/context.cc:1538] wasm log response-cache response-cache response-cache: [response-cache] [nil] [cd38ce7f-58b8-4e3a-88e5-3165a75f215a] [response-cache] [processCacheHit] cached response for key hit-r1-023: {"source":"cache","value":"fixture-only"}
envoy-1          | 2026-09-23T10:13:36.878584314Z [2026-09-23 10:13:36.878][29][debug][wasm] [external/envoy/source/extensions/common/wasm/context.cc:1538] wasm log response-cache response-cache response-cache: [response-cache] [nil] [cd38ce7f-58b8-4e3a-88e5-3165a75f215a] SetResponseBodyBufferLimit: 10485760
envoy-1          | 2026-09-23T10:13:36.878650732Z [2026-09-23 10:13:36.878][29][debug][wasm] [external/envoy/source/extensions/common/wasm/context.cc:1538] wasm log response-cache response-cache response-cache: [response-cache] [nil] [cd38ce7f-58b8-4e3a-88e5-3165a75f215a] [onHttpResponseBody] key is nil, skip cache
envoy-1          | 2026-09-23T10:13:37.009124941Z [2026-09-23 10:13:37.008][29][debug][wasm] [external/envoy/source/extensions/common/wasm/context.cc:1538] wasm log response-cache response-cache response-cache: [response-cache] [nil] [f0f750fe-c359-4649-b457-a6db16c2e383] [onHttpRequestHeaders] cache key from request header: x-http-cache-key, key: hit-r1-024
envoy-1          | 2026-09-23T10:13:37.009170989Z [2026-09-23 10:13:37.009][29][debug][wasm] [external/envoy/source/extensions/common/wasm/context.cc:1538] wasm log response-cache response-cache response-cache: [response-cache] [nil] [f0f750fe-c359-4649-b457-a6db16c2e383] [response-cache] [CheckCacheForKey] querying cache with key: higress-audit:hit-r1-024
envoy-1          | 2026-09-23T10:13:37.009362241Z [2026-09-23 10:13:37.009][29][debug][wasm] [external/envoy/source/extensions/common/wasm/context.cc:1538] wasm log response-cache response-cache response-cache: redis call start, request-id: 2fccc98f-76e6-4634-ba1a-4844f5f33600, respQuery: KjINCiQzDQpnZXQNCiQyNA0KaGlncmVzcy1hdWRpdDpoaXQtcjEtMDI0DQo=
envoy-1          | 2026-09-23T10:13:37.022968086Z [2026-09-23 10:13:37.022][29][debug][wasm] [external/envoy/source/extensions/common/wasm/context.cc:1538] wasm log response-cache response-cache response-cache: redis call end, request-id: 2fccc98f-76e6-4634-ba1a-4844f5f33600, respQuery: KjINCiQzDQpnZXQNCiQyNA0KaGlncmVzcy1hdWRpdDpoaXQtcjEtMDI0DQo=, respValue: JDQxDQp7InNvdXJjZSI6ImNhY2hlIiwidmFsdWUiOiJmaXh0dXJlLW9ubHkifQ0K
envoy-1          | 2026-09-23T10:13:37.022995150Z [2026-09-23 10:13:37.022][29][info][wasm] [external/envoy/source/extensions/common/wasm/context.cc:1541] wasm log response-cache response-cache response-cache: [response-cache] [nil] [f0f750fe-c359-4649-b457-a6db16c2e383] [response-cache] cache hit for key: hit-r1-024
envoy-1          | 2026-09-23T10:13:37.023065096Z [2026-09-23 10:13:37.023][29][debug][wasm] [external/envoy/source/extensions/common/wasm/context.cc:1538] wasm log response-cache response-cache response-cache: [response-cache] [nil] [f0f750fe-c359-4649-b457-a6db16c2e383] [response-cache] [processCacheHit] cached response for key hit-r1-024: {"source":"cache","value":"fixture-only"}
envoy-1          | 2026-09-23T10:13:37.023407649Z [2026-09-23 10:13:37.023][29][debug][wasm] [external/envoy/source/extensions/common/wasm/context.cc:1538] wasm log response-cache response-cache response-cache: [response-cache] [nil] [f0f750fe-c359-4649-b457-a6db16c2e383] SetResponseBodyBufferLimit: 10485760
envoy-1          | 2026-09-23T10:13:37.023543213Z [2026-09-23 10:13:37.023][29][debug][wasm] [external/envoy/source/extensions/common/wasm/context.cc:1538] wasm log response-cache response-cache response-cache: [response-cache] [nil] [f0f750fe-c359-4649-b457-a6db16c2e383] [onHttpResponseBody] key is nil, skip cache
redis-fixture-1  | 2026-09-23T10:13:37.627292416Z {"seq": 257, "time_ns": 3512404979984, "event": "redis_reply_released", "id": "hit-r1-028", "mode": "hit"}
redis-fixture-1  | 2026-09-23T10:13:37.631574175Z {"seq": 258, "time_ns": 3512409159696, "event": "client_complete", "id": "hit-r1-028", "status": "200", "curl_exit": 0, "body_sha256": "da87d065c0f96d585f02840dc10c88f7e8edac17ae77dbdae4b9e051a619338f"}
redis-fixture-1  | 2026-09-23T10:13:37.633903172Z {"seq": 259, "time_ns": 3512411455913, "event": "upstream_peer_closed", "id": "hit-r1-028"}
redis-fixture-1  | 2026-09-23T10:13:37.742700721Z {"seq": 260, "time_ns": 3512520303645, "event": "redis_release_requested", "id": "hit-r1-028"}
redis-fixture-1  | 2026-09-23T10:13:37.746923714Z {"seq": 261, "time_ns": 3512524600481, "event": "prepared", "id": "hit-r1-029", "mode": "hit", "key": "higress-audit:hit-r1-029", "value": "{\"source\":\"cache\",\"value\":\"fixture-only\"}"}
redis-fixture-1  | 2026-09-23T10:13:37.761545598Z {"seq": 262, "time_ns": 3512539116008, "event": "upstream_seen", "id": "hit-r1-029", "headers": {"host": "127.0.0.1:19468", "user-agent": "curl/7.81.0", "accept": "*/*", "x-http-cache-key": "hit-r1-029", "x-verification-id": "hit-r1-029", "x-forwarded-proto": "http", "x-envoy-original-host": "127.0.0.1:19468", "x-request-id": "d4797b58-950b-4391-912d-681fe11b7d3e", "x-envoy-expected-rq-timeout-ms": "15000", "req-start-time": "1790158417759"}}
redis-fixture-1  | 2026-09-23T10:13:37.764549321Z {"seq": 263, "time_ns": 3512542148808, "event": "redis_command", "id": "hit-r1-029", "command": "GET", "args": ["higress-audit:hit-r1-029"]}
envoy-1          | 2026-09-23T10:13:37.151231916Z [2026-09-23 10:13:37.151][29][debug][wasm] [external/envoy/source/extensions/common/wasm/context.cc:1538] wasm log response-cache response-cache response-cache: [response-cache] [nil] [b1494615-c5e2-4583-a34d-8381ef89a93e] [onHttpRequestHeaders] cache key from request header: x-http-cache-key, key: hit-r1-025
envoy-1          | 2026-09-23T10:13:37.151257355Z [2026-09-23 10:13:37.151][29][debug][wasm] [external/envoy/source/extensions/common/wasm/context.cc:1538] wasm log response-cache response-cache response-cache: [response-cache] [nil] [b1494615-c5e2-4583-a34d-8381ef89a93e] [response-cache] [CheckCacheForKey] querying cache with key: higress-audit:hit-r1-025
envoy-1          | 2026-09-23T10:13:37.151366562Z [2026-09-23 10:13:37.151][29][debug][wasm] [external/envoy/source/extensions/common/wasm/context.cc:1538] wasm log response-cache response-cache response-cache: redis call start, request-id: 17a51194-7748-44cf-a55b-896c0835b9cc, respQuery: KjINCiQzDQpnZXQNCiQyNA0KaGlncmVzcy1hdWRpdDpoaXQtcjEtMDI1DQo=
envoy-1          | 2026-09-23T10:13:37.181790363Z [2026-09-23 10:13:37.181][29][debug][wasm] [external/envoy/source/extensions/common/wasm/context.cc:1538] wasm log response-cache response-cache response-cache: redis call end, request-id: 17a51194-7748-44cf-a55b-896c0835b9cc, respQuery: KjINCiQzDQpnZXQNCiQyNA0KaGlncmVzcy1hdWRpdDpoaXQtcjEtMDI1DQo=, respValue: JDQxDQp7InNvdXJjZSI6ImNhY2hlIiwidmFsdWUiOiJmaXh0dXJlLW9ubHkifQ0K
envoy-1          | 2026-09-23T10:13:37.181813827Z [2026-09-23 10:13:37.181][29][info][wasm] [external/envoy/source/extensions/common/wasm/context.cc:1541] wasm log response-cache response-cache response-cache: [response-cache] [nil] [b1494615-c5e2-4583-a34d-8381ef89a93e] [response-cache] cache hit for key: hit-r1-025
envoy-1          | 2026-09-23T10:13:37.181859238Z [2026-09-23 10:13:37.181][29][debug][wasm] [external/envoy/source/extensions/common/wasm/context.cc:1538] wasm log response-cache response-cache response-cache: [response-cache] [nil] [b1494615-c5e2-4583-a34d-8381ef89a93e] [response-cache] [processCacheHit] cached response for key hit-r1-025: {"source":"cache","value":"fixture-only"}
envoy-1          | 2026-09-23T10:13:37.182143773Z [2026-09-23 10:13:37.182][29][debug][wasm] [external/envoy/source/extensions/common/wasm/context.cc:1538] wasm log response-cache response-cache response-cache: [response-cache] [nil] [b1494615-c5e2-4583-a34d-8381ef89a93e] SetResponseBodyBufferLimit: 10485760
envoy-1          | 2026-09-23T10:13:37.182305097Z [2026-09-23 10:13:37.182][29][debug][wasm] [external/envoy/source/extensions/common/wasm/context.cc:1538] wasm log response-cache response-cache response-cache: [response-cache] [nil] [b1494615-c5e2-4583-a34d-8381ef89a93e] [onHttpResponseBody] key is nil, skip cache
envoy-1          | 2026-09-23T10:13:37.308618185Z [2026-09-23 10:13:37.308][29][debug][wasm] [external/envoy/source/extensions/common/wasm/context.cc:1538] wasm log response-cache response-cache response-cache: [response-cache] [nil] [84333e7d-5c9f-47f9-b189-f21bc7d46f1e] [onHttpRequestHeaders] cache key from request header: x-http-cache-key, key: hit-r1-026
envoy-1          | 2026-09-23T10:13:37.308652905Z [2026-09-23 10:13:37.308][29][debug][wasm] [external/envoy/source/extensions/common/wasm/context.cc:1538] wasm log response-cache response-cache response-cache: [response-cache] [nil] [84333e7d-5c9f-47f9-b189-f21bc7d46f1e] [response-cache] [CheckCacheForKey] querying cache with key: higress-audit:hit-r1-026
envoy-1          | 2026-09-23T10:13:37.308771890Z [2026-09-23 10:13:37.308][29][debug][wasm] [external/envoy/source/extensions/common/wasm/context.cc:1538] wasm log response-cache response-cache response-cache: redis call start, request-id: 53b4a8e4-1aee-4f91-9865-969915a003b5, respQuery: KjINCiQzDQpnZXQNCiQyNA0KaGlncmVzcy1hdWRpdDpoaXQtcjEtMDI2DQo=
envoy-1          | 2026-09-23T10:13:37.335591491Z [2026-09-23 10:13:37.335][29][debug][wasm] [external/envoy/source/extensions/common/wasm/context.cc:1538] wasm log response-cache response-cache response-cache: redis call end, request-id: 53b4a8e4-1aee-4f91-9865-969915a003b5, respQuery: KjINCiQzDQpnZXQNCiQyNA0KaGlncmVzcy1hdWRpdDpoaXQtcjEtMDI2DQo=, respValue: JDQxDQp7InNvdXJjZSI6ImNhY2hlIiwidmFsdWUiOiJmaXh0dXJlLW9ubHkifQ0K
envoy-1          | 2026-09-23T10:13:37.335611803Z [2026-09-23 10:13:37.335][29][info][wasm] [external/envoy/source/extensions/common/wasm/context.cc:1541] wasm log response-cache response-cache response-cache: [response-cache] [nil] [84333e7d-5c9f-47f9-b189-f21bc7d46f1e] [response-cache] cache hit for key: hit-r1-026
envoy-1          | 2026-09-23T10:13:37.335622508Z [2026-09-23 10:13:37.335][29][debug][wasm] [external/envoy/source/extensions/common/wasm/context.cc:1538] wasm log response-cache response-cache response-cache: [response-cache] [nil] [84333e7d-5c9f-47f9-b189-f21bc7d46f1e] [response-cache] [processCacheHit] cached response for key hit-r1-026: {"source":"cache","value":"fixture-only"}
envoy-1          | 2026-09-23T10:13:37.335942242Z [2026-09-23 10:13:37.335][29][debug][wasm] [external/envoy/source/extensions/common/wasm/context.cc:1538] wasm log response-cache response-cache response-cache: [response-cache] [nil] [84333e7d-5c9f-47f9-b189-f21bc7d46f1e] SetResponseBodyBufferLimit: 10485760
envoy-1          | 2026-09-23T10:13:37.336049155Z [2026-09-23 10:13:37.335][29][debug][wasm] [external/envoy/source/extensions/common/wasm/context.cc:1538] wasm log response-cache response-cache response-cache: [response-cache] [nil] [84333e7d-5c9f-47f9-b189-f21bc7d46f1e] [onHttpResponseBody] key is nil, skip cache
envoy-1          | 2026-09-23T10:13:37.466796667Z [2026-09-23 10:13:37.466][29][debug][wasm] [external/envoy/source/extensions/common/wasm/context.cc:1538] wasm log response-cache response-cache response-cache: [response-cache] [nil] [4ea2c310-d6a8-45a4-9edf-649fc1fb8aa8] [onHttpRequestHeaders] cache key from request header: x-http-cache-key, key: hit-r1-027
envoy-1          | 2026-09-23T10:13:37.466830584Z [2026-09-23 10:13:37.466][29][debug][wasm] [external/envoy/source/extensions/common/wasm/context.cc:1538] wasm log response-cache response-cache response-cache: [response-cache] [nil] [4ea2c310-d6a8-45a4-9edf-649fc1fb8aa8] [response-cache] [CheckCacheForKey] querying cache with key: higress-audit:hit-r1-027
envoy-1          | 2026-09-23T10:13:37.466999482Z [2026-09-23 10:13:37.466][29][debug][wasm] [external/envoy/source/extensions/common/wasm/context.cc:1538] wasm log response-cache response-cache response-cache: redis call start, request-id: 9057999d-52e0-49ab-9d1e-27d6aef4ec6d, respQuery: KjINCiQzDQpnZXQNCiQyNA0KaGlncmVzcy1hdWRpdDpoaXQtcjEtMDI3DQo=
envoy-1          | 2026-09-23T10:13:37.481484502Z [2026-09-23 10:13:37.481][29][debug][wasm] [external/envoy/source/extensions/common/wasm/context.cc:1538] wasm log response-cache response-cache response-cache: redis call end, request-id: 9057999d-52e0-49ab-9d1e-27d6aef4ec6d, respQuery: KjINCiQzDQpnZXQNCiQyNA0KaGlncmVzcy1hdWRpdDpoaXQtcjEtMDI3DQo=, respValue: JDQxDQp7InNvdXJjZSI6ImNhY2hlIiwidmFsdWUiOiJmaXh0dXJlLW9ubHkifQ0K
envoy-1          | 2026-09-23T10:13:37.481516962Z [2026-09-23 10:13:37.481][29][info][wasm] [external/envoy/source/extensions/common/wasm/context.cc:1541] wasm log response-cache response-cache response-cache: [response-cache] [nil] [4ea2c310-d6a8-45a4-9edf-649fc1fb8aa8] [response-cache] cache hit for key: hit-r1-027
envoy-1          | 2026-09-23T10:13:37.481532126Z [2026-09-23 10:13:37.481][29][debug][wasm] [external/envoy/source/extensions/common/wasm/context.cc:1538] wasm log response-cache response-cache response-cache: [response-cache] [nil] [4ea2c310-d6a8-45a4-9edf-649fc1fb8aa8] [response-cache] [processCacheHit] cached response for key hit-r1-027: {"source":"cache","value":"fixture-only"}
envoy-1          | 2026-09-23T10:13:37.481811931Z [2026-09-23 10:13:37.481][29][debug][wasm] [external/envoy/source/extensions/common/wasm/context.cc:1538] wasm log response-cache response-cache response-cache: [response-cache] [nil] [4ea2c310-d6a8-45a4-9edf-649fc1fb8aa8] SetResponseBodyBufferLimit: 10485760
envoy-1          | 2026-09-23T10:13:37.481932585Z [2026-09-23 10:13:37.481][29][debug][wasm] [external/envoy/source/extensions/common/wasm/context.cc:1538] wasm log response-cache response-cache response-cache: [response-cache] [nil] [4ea2c310-d6a8-45a4-9edf-649fc1fb8aa8] [onHttpResponseBody] key is nil, skip cache
envoy-1          | 2026-09-23T10:13:37.613037173Z [2026-09-23 10:13:37.612][29][debug][wasm] [external/envoy/source/extensions/common/wasm/context.cc:1538] wasm log response-cache response-cache response-cache: [response-cache] [nil] [be34f19e-8848-4357-920c-a82c6f199726] [onHttpRequestHeaders] cache key from request header: x-http-cache-key, key: hit-r1-028
envoy-1          | 2026-09-23T10:13:37.613072156Z [2026-09-23 10:13:37.612][29][debug][wasm] [external/envoy/source/extensions/common/wasm/context.cc:1538] wasm log response-cache response-cache response-cache: [response-cache] [nil] [be34f19e-8848-4357-920c-a82c6f199726] [response-cache] [CheckCacheForKey] querying cache with key: higress-audit:hit-r1-028
envoy-1          | 2026-09-23T10:13:37.613182698Z [2026-09-23 10:13:37.613][29][debug][wasm] [external/envoy/source/extensions/common/wasm/context.cc:1538] wasm log response-cache response-cache response-cache: redis call start, request-id: 76960b13-8787-4c44-8daa-ac9719395980, respQuery: KjINCiQzDQpnZXQNCiQyNA0KaGlncmVzcy1hdWRpdDpoaXQtcjEtMDI4DQo=
envoy-1          | 2026-09-23T10:13:37.627726758Z [2026-09-23 10:13:37.627][29][debug][wasm] [external/envoy/source/extensions/common/wasm/context.cc:1538] wasm log response-cache response-cache response-cache: redis call end, request-id: 76960b13-8787-4c44-8daa-ac9719395980, respQuery: KjINCiQzDQpnZXQNCiQyNA0KaGlncmVzcy1hdWRpdDpoaXQtcjEtMDI4DQo=, respValue: JDQxDQp7InNvdXJjZSI6ImNhY2hlIiwidmFsdWUiOiJmaXh0dXJlLW9ubHkifQ0K
envoy-1          | 2026-09-23T10:13:37.627745918Z [2026-09-23 10:13:37.627][29][info][wasm] [external/envoy/source/extensions/common/wasm/context.cc:1541] wasm log response-cache response-cache response-cache: [response-cache] [nil] [be34f19e-8848-4357-920c-a82c6f199726] [response-cache] cache hit for key: hit-r1-028
envoy-1          | 2026-09-23T10:13:37.627772475Z [2026-09-23 10:13:37.627][29][debug][wasm] [external/envoy/source/extensions/common/wasm/context.cc:1538] wasm log response-cache response-cache response-cache: [response-cache] [nil] [be34f19e-8848-4357-920c-a82c6f199726] [response-cache] [processCacheHit] cached response for key hit-r1-028: {"source":"cache","value":"fixture-only"}
envoy-1          | 2026-09-23T10:13:37.628049881Z [2026-09-23 10:13:37.627][29][debug][wasm] [external/envoy/source/extensions/common/wasm/context.cc:1538] wasm log response-cache response-cache response-cache: [response-cache] [nil] [be34f19e-8848-4357-920c-a82c6f199726] SetResponseBodyBufferLimit: 10485760
redis-fixture-1  | 2026-09-23T10:13:37.764582581Z {"seq": 264, "time_ns": 3512542276664, "event": "redis_get_seen", "id": "hit-r1-029"}
redis-fixture-1  | 2026-09-23T10:13:37.774630645Z {"seq": 265, "time_ns": 3512552196171, "event": "redis_release_requested", "id": "hit-r1-029"}
redis-fixture-1  | 2026-09-23T10:13:37.774682449Z {"seq": 266, "time_ns": 3512552402074, "event": "redis_reply_released", "id": "hit-r1-029", "mode": "hit"}
redis-fixture-1  | 2026-09-23T10:13:37.778974888Z {"seq": 267, "time_ns": 3512556661722, "event": "client_complete", "id": "hit-r1-029", "status": "200", "curl_exit": 0, "body_sha256": "da87d065c0f96d585f02840dc10c88f7e8edac17ae77dbdae4b9e051a619338f"}
redis-fixture-1  | 2026-09-23T10:13:37.781495657Z {"seq": 268, "time_ns": 3512559115929, "event": "upstream_peer_closed", "id": "hit-r1-029"}
redis-fixture-1  | 2026-09-23T10:13:37.890362646Z {"seq": 269, "time_ns": 3512667915562, "event": "redis_release_requested", "id": "hit-r1-029"}
redis-fixture-1  | 2026-09-23T10:13:37.894846034Z {"seq": 270, "time_ns": 3512672449282, "event": "prepared", "id": "hit-r1-030", "mode": "hit", "key": "higress-audit:hit-r1-030", "value": "{\"source\":\"cache\",\"value\":\"fixture-only\"}"}
redis-fixture-1  | 2026-09-23T10:13:37.907982690Z {"seq": 271, "time_ns": 3512685371619, "event": "redis_command", "id": "hit-r1-030", "command": "GET", "args": ["higress-audit:hit-r1-030"]}
redis-fixture-1  | 2026-09-23T10:13:37.908118710Z {"seq": 272, "time_ns": 3512685820540, "event": "upstream_seen", "id": "hit-r1-030", "headers": {"host": "127.0.0.1:19468", "user-agent": "curl/7.81.0", "accept": "*/*", "x-http-cache-key": "hit-r1-030", "x-verification-id": "hit-r1-030", "x-forwarded-proto": "http", "x-envoy-original-host": "127.0.0.1:19468", "x-request-id": "aac7fdee-1f56-4e52-b420-864445b4cb4d", "x-envoy-expected-rq-timeout-ms": "15000", "req-start-time": "1790158417906"}}
redis-fixture-1  | 2026-09-23T10:13:37.908174166Z {"seq": 273, "time_ns": 3512685879346, "event": "redis_get_seen", "id": "hit-r1-030"}
redis-fixture-1  | 2026-09-23T10:13:37.921112803Z {"seq": 274, "time_ns": 3512698661342, "event": "redis_release_requested", "id": "hit-r1-030"}
envoy-1          | 2026-09-23T10:13:37.628155213Z [2026-09-23 10:13:37.628][29][debug][wasm] [external/envoy/source/extensions/common/wasm/context.cc:1538] wasm log response-cache response-cache response-cache: [response-cache] [nil] [be34f19e-8848-4357-920c-a82c6f199726] [onHttpResponseBody] key is nil, skip cache
envoy-1          | 2026-09-23T10:13:37.760204728Z [2026-09-23 10:13:37.759][29][debug][wasm] [external/envoy/source/extensions/common/wasm/context.cc:1538] wasm log response-cache response-cache response-cache: [response-cache] [nil] [d4797b58-950b-4391-912d-681fe11b7d3e] [onHttpRequestHeaders] cache key from request header: x-http-cache-key, key: hit-r1-029
envoy-1          | 2026-09-23T10:13:37.760238509Z [2026-09-23 10:13:37.760][29][debug][wasm] [external/envoy/source/extensions/common/wasm/context.cc:1538] wasm log response-cache response-cache response-cache: [response-cache] [nil] [d4797b58-950b-4391-912d-681fe11b7d3e] [response-cache] [CheckCacheForKey] querying cache with key: higress-audit:hit-r1-029
envoy-1          | 2026-09-23T10:13:37.760305654Z [2026-09-23 10:13:37.760][29][debug][wasm] [external/envoy/source/extensions/common/wasm/context.cc:1538] wasm log response-cache response-cache response-cache: redis call start, request-id: e3cf70c9-8b56-4b35-b34a-6b96b15aa65e, respQuery: KjINCiQzDQpnZXQNCiQyNA0KaGlncmVzcy1hdWRpdDpoaXQtcjEtMDI5DQo=
redis-fixture-1  | 2026-09-23T10:13:37.921188627Z {"seq": 275, "time_ns": 3512698825980, "event": "redis_reply_released", "id": "hit-r1-030", "mode": "hit"}
envoy-1          | 2026-09-23T10:13:37.775157180Z [2026-09-23 10:13:37.775][29][debug][wasm] [external/envoy/source/extensions/common/wasm/context.cc:1538] wasm log response-cache response-cache response-cache: redis call end, request-id: e3cf70c9-8b56-4b35-b34a-6b96b15aa65e, respQuery: KjINCiQzDQpnZXQNCiQyNA0KaGlncmVzcy1hdWRpdDpoaXQtcjEtMDI5DQo=, respValue: JDQxDQp7InNvdXJjZSI6ImNhY2hlIiwidmFsdWUiOiJmaXh0dXJlLW9ubHkifQ0K
envoy-1          | 2026-09-23T10:13:37.775176368Z [2026-09-23 10:13:37.775][29][info][wasm] [external/envoy/source/extensions/common/wasm/context.cc:1541] wasm log response-cache response-cache response-cache: [response-cache] [nil] [d4797b58-950b-4391-912d-681fe11b7d3e] [response-cache] cache hit for key: hit-r1-029
envoy-1          | 2026-09-23T10:13:37.775254358Z [2026-09-23 10:13:37.775][29][debug][wasm] [external/envoy/source/extensions/common/wasm/context.cc:1538] wasm log response-cache response-cache response-cache: [response-cache] [nil] [d4797b58-950b-4391-912d-681fe11b7d3e] [response-cache] [processCacheHit] cached response for key hit-r1-029: {"source":"cache","value":"fixture-only"}
redis-fixture-1  | 2026-09-23T10:13:37.925429664Z {"seq": 276, "time_ns": 3512702999791, "event": "client_complete", "id": "hit-r1-030", "status": "200", "curl_exit": 0, "body_sha256": "da87d065c0f96d585f02840dc10c88f7e8edac17ae77dbdae4b9e051a619338f"}
redis-fixture-1  | 2026-09-23T10:13:37.927437535Z {"seq": 277, "time_ns": 3512704998644, "event": "upstream_peer_closed", "id": "hit-r1-030"}
redis-fixture-1  | 2026-09-23T10:13:38.035582435Z {"seq": 278, "time_ns": 3512813134581, "event": "redis_release_requested", "id": "hit-r1-030"}
redis-fixture-1  | 2026-09-23T10:13:38.039659542Z {"seq": 279, "time_ns": 3512817235352, "event": "prepared", "id": "hit-r1-031", "mode": "hit", "key": "higress-audit:hit-r1-031", "value": "{\"source\":\"cache\",\"value\":\"fixture-only\"}"}
redis-fixture-1  | 2026-09-23T10:13:38.053563498Z {"seq": 280, "time_ns": 3512831085804, "event": "upstream_seen", "id": "hit-r1-031", "headers": {"host": "127.0.0.1:19468", "user-agent": "curl/7.81.0", "accept": "*/*", "x-http-cache-key": "hit-r1-031", "x-verification-id": "hit-r1-031", "x-forwarded-proto": "http", "x-envoy-original-host": "127.0.0.1:19468", "x-request-id": "2c89dec0-949a-426c-894d-c957500d5d49", "x-envoy-expected-rq-timeout-ms": "15000", "req-start-time": "1790158418051"}}
envoy-1          | 2026-09-23T10:13:37.775543571Z [2026-09-23 10:13:37.775][29][debug][wasm] [external/envoy/source/extensions/common/wasm/context.cc:1538] wasm log response-cache response-cache response-cache: [response-cache] [nil] [d4797b58-950b-4391-912d-681fe11b7d3e] SetResponseBodyBufferLimit: 10485760
envoy-1          | 2026-09-23T10:13:37.775655876Z [2026-09-23 10:13:37.775][29][debug][wasm] [external/envoy/source/extensions/common/wasm/context.cc:1538] wasm log response-cache response-cache response-cache: [response-cache] [nil] [d4797b58-950b-4391-912d-681fe11b7d3e] [onHttpResponseBody] key is nil, skip cache
envoy-1          | 2026-09-23T10:13:37.906671604Z [2026-09-23 10:13:37.906][29][debug][wasm] [external/envoy/source/extensions/common/wasm/context.cc:1538] wasm log response-cache response-cache response-cache: [response-cache] [nil] [aac7fdee-1f56-4e52-b420-864445b4cb4d] [onHttpRequestHeaders] cache key from request header: x-http-cache-key, key: hit-r1-030
envoy-1          | 2026-09-23T10:13:37.906706831Z [2026-09-23 10:13:37.906][29][debug][wasm] [external/envoy/source/extensions/common/wasm/context.cc:1538] wasm log response-cache response-cache response-cache: [response-cache] [nil] [aac7fdee-1f56-4e52-b420-864445b4cb4d] [response-cache] [CheckCacheForKey] querying cache with key: higress-audit:hit-r1-030
envoy-1          | 2026-09-23T10:13:37.906784529Z [2026-09-23 10:13:37.906][29][debug][wasm] [external/envoy/source/extensions/common/wasm/context.cc:1538] wasm log response-cache response-cache response-cache: redis call start, request-id: 5b3fc675-fb7a-4c6c-a676-55e62718cb9f, respQuery: KjINCiQzDQpnZXQNCiQyNA0KaGlncmVzcy1hdWRpdDpoaXQtcjEtMDMwDQo=
envoy-1          | 2026-09-23T10:13:37.921650291Z [2026-09-23 10:13:37.921][29][debug][wasm] [external/envoy/source/extensions/common/wasm/context.cc:1538] wasm log response-cache response-cache response-cache: redis call end, request-id: 5b3fc675-fb7a-4c6c-a676-55e62718cb9f, respQuery: KjINCiQzDQpnZXQNCiQyNA0KaGlncmVzcy1hdWRpdDpoaXQtcjEtMDMwDQo=, respValue: JDQxDQp7InNvdXJjZSI6ImNhY2hlIiwidmFsdWUiOiJmaXh0dXJlLW9ubHkifQ0K
envoy-1          | 2026-09-23T10:13:37.921668247Z [2026-09-23 10:13:37.921][29][info][wasm] [external/envoy/source/extensions/common/wasm/context.cc:1541] wasm log response-cache response-cache response-cache: [response-cache] [nil] [aac7fdee-1f56-4e52-b420-864445b4cb4d] [response-cache] cache hit for key: hit-r1-030
envoy-1          | 2026-09-23T10:13:37.921679088Z [2026-09-23 10:13:37.921][29][debug][wasm] [external/envoy/source/extensions/common/wasm/context.cc:1538] wasm log response-cache response-cache response-cache: [response-cache] [nil] [aac7fdee-1f56-4e52-b420-864445b4cb4d] [response-cache] [processCacheHit] cached response for key hit-r1-030: {"source":"cache","value":"fixture-only"}
redis-fixture-1  | 2026-09-23T10:13:38.056233238Z {"seq": 281, "time_ns": 3512833864858, "event": "redis_command", "id": "hit-r1-031", "command": "GET", "args": ["higress-audit:hit-r1-031"]}
redis-fixture-1  | 2026-09-23T10:13:38.056266874Z {"seq": 282, "time_ns": 3512833906627, "event": "redis_get_seen", "id": "hit-r1-031"}
redis-fixture-1  | 2026-09-23T10:13:38.067558130Z {"seq": 283, "time_ns": 3512845124397, "event": "redis_release_requested", "id": "hit-r1-031"}
redis-fixture-1  | 2026-09-23T10:13:38.067591217Z {"seq": 284, "time_ns": 3512845314353, "event": "redis_reply_released", "id": "hit-r1-031", "mode": "hit"}
redis-fixture-1  | 2026-09-23T10:13:38.071676961Z {"seq": 285, "time_ns": 3512849306486, "event": "client_complete", "id": "hit-r1-031", "status": "200", "curl_exit": 0, "body_sha256": "da87d065c0f96d585f02840dc10c88f7e8edac17ae77dbdae4b9e051a619338f"}
redis-fixture-1  | 2026-09-23T10:13:38.073882434Z {"seq": 286, "time_ns": 3512851475799, "event": "upstream_peer_closed", "id": "hit-r1-031"}
redis-fixture-1  | 2026-09-23T10:13:38.181525898Z {"seq": 287, "time_ns": 3512959085946, "event": "redis_release_requested", "id": "hit-r1-031"}
redis-fixture-1  | 2026-09-23T10:13:38.185460151Z {"seq": 288, "time_ns": 3512963042579, "event": "prepared", "id": "hit-r1-032", "mode": "hit", "key": "higress-audit:hit-r1-032", "value": "{\"source\":\"cache\",\"value\":\"fixture-only\"}"}
redis-fixture-1  | 2026-09-23T10:13:38.197948889Z {"seq": 289, "time_ns": 3512975660322, "event": "upstream_seen", "id": "hit-r1-032", "headers": {"host": "127.0.0.1:19468", "user-agent": "curl/7.81.0", "accept": "*/*", "x-http-cache-key": "hit-r1-032", "x-verification-id": "hit-r1-032", "x-forwarded-proto": "http", "x-envoy-original-host": "127.0.0.1:19468", "x-request-id": "f0aabb2c-b913-4fba-b9a4-00bd037f5fe7", "x-envoy-expected-rq-timeout-ms": "15000", "req-start-time": "1790158418196"}}
redis-fixture-1  | 2026-09-23T10:13:38.200890443Z {"seq": 290, "time_ns": 3512978474019, "event": "redis_command", "id": "hit-r1-032", "command": "GET", "args": ["higress-audit:hit-r1-032"]}
redis-fixture-1  | 2026-09-23T10:13:38.200923630Z {"seq": 291, "time_ns": 3512978515791, "event": "redis_get_seen", "id": "hit-r1-032"}
redis-fixture-1  | 2026-09-23T10:13:38.214443396Z {"seq": 292, "time_ns": 3512992041714, "event": "redis_release_requested", "id": "hit-r1-032"}
redis-fixture-1  | 2026-09-23T10:13:38.214573149Z {"seq": 293, "time_ns": 3512992258772, "event": "redis_reply_released", "id": "hit-r1-032", "mode": "hit"}
redis-fixture-1  | 2026-09-23T10:13:38.218866185Z {"seq": 294, "time_ns": 3512996453400, "event": "client_complete", "id": "hit-r1-032", "status": "200", "curl_exit": 0, "body_sha256": "da87d065c0f96d585f02840dc10c88f7e8edac17ae77dbdae4b9e051a619338f"}
redis-fixture-1  | 2026-09-23T10:13:38.220897923Z {"seq": 295, "time_ns": 3512998483539, "event": "upstream_peer_closed", "id": "hit-r1-032"}
redis-fixture-1  | 2026-09-23T10:13:38.329930252Z {"seq": 296, "time_ns": 3513107490155, "event": "redis_release_requested", "id": "hit-r1-032"}
redis-fixture-1  | 2026-09-23T10:13:38.334035953Z {"seq": 297, "time_ns": 3513111598932, "event": "prepared", "id": "hit-r1-033", "mode": "hit", "key": "higress-audit:hit-r1-033", "value": "{\"source\":\"cache\",\"value\":\"fixture-only\"}"}
redis-fixture-1  | 2026-09-23T10:13:38.349031030Z {"seq": 298, "time_ns": 3513126582926, "event": "upstream_seen", "id": "hit-r1-033", "headers": {"host": "127.0.0.1:19468", "user-agent": "curl/7.81.0", "accept": "*/*", "x-http-cache-key": "hit-r1-033", "x-verification-id": "hit-r1-033", "x-forwarded-proto": "http", "x-envoy-original-host": "127.0.0.1:19468", "x-request-id": "1b8f1548-e115-4111-95f6-9e37b6de7b09", "x-envoy-expected-rq-timeout-ms": "15000", "req-start-time": "1790158418347"}}
redis-fixture-1  | 2026-09-23T10:13:38.351704774Z {"seq": 299, "time_ns": 3513129288541, "event": "redis_command", "id": "hit-r1-033", "command": "GET", "args": ["higress-audit:hit-r1-033"]}
redis-fixture-1  | 2026-09-23T10:13:38.351994235Z {"seq": 300, "time_ns": 3513129719644, "event": "redis_get_seen", "id": "hit-r1-033"}
redis-fixture-1  | 2026-09-23T10:13:38.362231184Z {"seq": 301, "time_ns": 3513139862204, "event": "redis_release_requested", "id": "hit-r1-033"}
envoy-1          | 2026-09-23T10:13:37.921999990Z [2026-09-23 10:13:37.921][29][debug][wasm] [external/envoy/source/extensions/common/wasm/context.cc:1538] wasm log response-cache response-cache response-cache: [response-cache] [nil] [aac7fdee-1f56-4e52-b420-864445b4cb4d] SetResponseBodyBufferLimit: 10485760
envoy-1          | 2026-09-23T10:13:37.922098338Z [2026-09-23 10:13:37.922][29][debug][wasm] [external/envoy/source/extensions/common/wasm/context.cc:1538] wasm log response-cache response-cache response-cache: [response-cache] [nil] [aac7fdee-1f56-4e52-b420-864445b4cb4d] [onHttpResponseBody] key is nil, skip cache
envoy-1          | 2026-09-23T10:13:38.052070406Z [2026-09-23 10:13:38.051][29][debug][wasm] [external/envoy/source/extensions/common/wasm/context.cc:1538] wasm log response-cache response-cache response-cache: [response-cache] [nil] [2c89dec0-949a-426c-894d-c957500d5d49] [onHttpRequestHeaders] cache key from request header: x-http-cache-key, key: hit-r1-031
envoy-1          | 2026-09-23T10:13:38.052106271Z [2026-09-23 10:13:38.051][29][debug][wasm] [external/envoy/source/extensions/common/wasm/context.cc:1538] wasm log response-cache response-cache response-cache: [response-cache] [nil] [2c89dec0-949a-426c-894d-c957500d5d49] [response-cache] [CheckCacheForKey] querying cache with key: higress-audit:hit-r1-031
envoy-1          | 2026-09-23T10:13:38.052205787Z [2026-09-23 10:13:38.052][29][debug][wasm] [external/envoy/source/extensions/common/wasm/context.cc:1538] wasm log response-cache response-cache response-cache: redis call start, request-id: 3259172b-aa0b-485d-a6cc-01a7fce1e8bf, respQuery: KjINCiQzDQpnZXQNCiQyNA0KaGlncmVzcy1hdWRpdDpoaXQtcjEtMDMxDQo=
envoy-1          | 2026-09-23T10:13:38.068037257Z [2026-09-23 10:13:38.067][29][debug][wasm] [external/envoy/source/extensions/common/wasm/context.cc:1538] wasm log response-cache response-cache response-cache: redis call end, request-id: 3259172b-aa0b-485d-a6cc-01a7fce1e8bf, respQuery: KjINCiQzDQpnZXQNCiQyNA0KaGlncmVzcy1hdWRpdDpoaXQtcjEtMDMxDQo=, respValue: JDQxDQp7InNvdXJjZSI6ImNhY2hlIiwidmFsdWUiOiJmaXh0dXJlLW9ubHkifQ0K
envoy-1          | 2026-09-23T10:13:38.068055434Z [2026-09-23 10:13:38.067][29][info][wasm] [external/envoy/source/extensions/common/wasm/context.cc:1541] wasm log response-cache response-cache response-cache: [response-cache] [nil] [2c89dec0-949a-426c-894d-c957500d5d49] [response-cache] cache hit for key: hit-r1-031
redis-fixture-1  | 2026-09-23T10:13:38.362418786Z {"seq": 302, "time_ns": 3513140099477, "event": "redis_reply_released", "id": "hit-r1-033", "mode": "hit"}
redis-fixture-1  | 2026-09-23T10:13:38.367141973Z {"seq": 303, "time_ns": 3513144824241, "event": "client_complete", "id": "hit-r1-033", "status": "200", "curl_exit": 0, "body_sha256": "da87d065c0f96d585f02840dc10c88f7e8edac17ae77dbdae4b9e051a619338f"}
redis-fixture-1  | 2026-09-23T10:13:38.369694469Z {"seq": 304, "time_ns": 3513147295263, "event": "upstream_peer_closed", "id": "hit-r1-033"}
redis-fixture-1  | 2026-09-23T10:13:38.478754964Z {"seq": 305, "time_ns": 3513256326627, "event": "redis_release_requested", "id": "hit-r1-033"}
redis-fixture-1  | 2026-09-23T10:13:38.482883355Z {"seq": 306, "time_ns": 3513260464187, "event": "prepared", "id": "hit-r1-034", "mode": "hit", "key": "higress-audit:hit-r1-034", "value": "{\"source\":\"cache\",\"value\":\"fixture-only\"}"}
redis-fixture-1  | 2026-09-23T10:13:38.497047381Z {"seq": 307, "time_ns": 3513274599654, "event": "upstream_seen", "id": "hit-r1-034", "headers": {"host": "127.0.0.1:19468", "user-agent": "curl/7.81.0", "accept": "*/*", "x-http-cache-key": "hit-r1-034", "x-verification-id": "hit-r1-034", "x-forwarded-proto": "http", "x-envoy-original-host": "127.0.0.1:19468", "x-request-id": "df1cb934-71a6-47ed-bb90-4185679fe64e", "x-envoy-expected-rq-timeout-ms": "15000", "req-start-time": "1790158418495"}}
redis-fixture-1  | 2026-09-23T10:13:38.499844285Z {"seq": 308, "time_ns": 3513277409788, "event": "redis_command", "id": "hit-r1-034", "command": "GET", "args": ["higress-audit:hit-r1-034"]}
redis-fixture-1  | 2026-09-23T10:13:38.499882882Z {"seq": 309, "time_ns": 3513277485689, "event": "redis_get_seen", "id": "hit-r1-034"}
redis-fixture-1  | 2026-09-23T10:13:38.511112481Z {"seq": 310, "time_ns": 3513288725809, "event": "redis_release_requested", "id": "hit-r1-034"}
envoy-1          | 2026-09-23T10:13:38.068066085Z [2026-09-23 10:13:38.067][29][debug][wasm] [external/envoy/source/extensions/common/wasm/context.cc:1538] wasm log response-cache response-cache response-cache: [response-cache] [nil] [2c89dec0-949a-426c-894d-c957500d5d49] [response-cache] [processCacheHit] cached response for key hit-r1-031: {"source":"cache","value":"fixture-only"}
envoy-1          | 2026-09-23T10:13:38.068369863Z [2026-09-23 10:13:38.068][29][debug][wasm] [external/envoy/source/extensions/common/wasm/context.cc:1538] wasm log response-cache response-cache response-cache: [response-cache] [nil] [2c89dec0-949a-426c-894d-c957500d5d49] SetResponseBodyBufferLimit: 10485760
redis-fixture-1  | 2026-09-23T10:13:38.511237011Z {"seq": 311, "time_ns": 3513288934211, "event": "redis_reply_released", "id": "hit-r1-034", "mode": "hit"}
redis-fixture-1  | 2026-09-23T10:13:38.515446694Z {"seq": 312, "time_ns": 3513293078434, "event": "client_complete", "id": "hit-r1-034", "status": "200", "curl_exit": 0, "body_sha256": "da87d065c0f96d585f02840dc10c88f7e8edac17ae77dbdae4b9e051a619338f"}
redis-fixture-1  | 2026-09-23T10:13:38.517565290Z {"seq": 313, "time_ns": 3513295164817, "event": "upstream_peer_closed", "id": "hit-r1-034"}
redis-fixture-1  | 2026-09-23T10:13:38.626824424Z {"seq": 314, "time_ns": 3513404500698, "event": "redis_release_requested", "id": "hit-r1-034"}
redis-fixture-1  | 2026-09-23T10:13:38.630355749Z {"seq": 315, "time_ns": 3513408038946, "event": "prepared", "id": "hit-r1-035", "mode": "hit", "key": "higress-audit:hit-r1-035", "value": "{\"source\":\"cache\",\"value\":\"fixture-only\"}"}
redis-fixture-1  | 2026-09-23T10:13:38.643476153Z {"seq": 316, "time_ns": 3513421106350, "event": "redis_command", "id": "hit-r1-035", "command": "GET", "args": ["higress-audit:hit-r1-035"]}
redis-fixture-1  | 2026-09-23T10:13:38.643497864Z {"seq": 317, "time_ns": 3513421261096, "event": "redis_get_seen", "id": "hit-r1-035"}
redis-fixture-1  | 2026-09-23T10:13:38.643866648Z {"seq": 318, "time_ns": 3513421598166, "event": "upstream_seen", "id": "hit-r1-035", "headers": {"host": "127.0.0.1:19468", "user-agent": "curl/7.81.0", "accept": "*/*", "x-http-cache-key": "hit-r1-035", "x-verification-id": "hit-r1-035", "x-forwarded-proto": "http", "x-envoy-original-host": "127.0.0.1:19468", "x-request-id": "1b95bcd5-cb9b-4bed-88a6-dccb030599c3", "x-envoy-expected-rq-timeout-ms": "15000", "req-start-time": "1790158418641"}}
redis-fixture-1  | 2026-09-23T10:13:38.657525755Z {"seq": 319, "time_ns": 3513435138719, "event": "redis_release_requested", "id": "hit-r1-035"}
redis-fixture-1  | 2026-09-23T10:13:38.657564524Z {"seq": 320, "time_ns": 3513435275419, "event": "redis_reply_released", "id": "hit-r1-035", "mode": "hit"}
redis-fixture-1  | 2026-09-23T10:13:38.661979964Z {"seq": 321, "time_ns": 3513439598265, "event": "client_complete", "id": "hit-r1-035", "status": "200", "curl_exit": 0, "body_sha256": "da87d065c0f96d585f02840dc10c88f7e8edac17ae77dbdae4b9e051a619338f"}
redis-fixture-1  | 2026-09-23T10:13:38.664299647Z {"seq": 322, "time_ns": 3513441916937, "event": "upstream_peer_closed", "id": "hit-r1-035"}
redis-fixture-1  | 2026-09-23T10:13:38.772997118Z {"seq": 323, "time_ns": 3513550495313, "event": "redis_release_requested", "id": "hit-r1-035"}
redis-fixture-1  | 2026-09-23T10:13:38.777074217Z {"seq": 324, "time_ns": 3513554660110, "event": "prepared", "id": "hit-r1-036", "mode": "hit", "key": "higress-audit:hit-r1-036", "value": "{\"source\":\"cache\",\"value\":\"fixture-only\"}"}
redis-fixture-1  | 2026-09-23T10:13:38.790747783Z {"seq": 325, "time_ns": 3513568422005, "event": "upstream_seen", "id": "hit-r1-036", "headers": {"host": "127.0.0.1:19468", "user-agent": "curl/7.81.0", "accept": "*/*", "x-http-cache-key": "hit-r1-036", "x-verification-id": "hit-r1-036", "x-forwarded-proto": "http", "x-envoy-original-host": "127.0.0.1:19468", "x-request-id": "053943bf-241a-4e9a-8146-76c060eda346", "x-envoy-expected-rq-timeout-ms": "15000", "req-start-time": "1790158418788"}}
redis-fixture-1  | 2026-09-23T10:13:38.793639105Z {"seq": 326, "time_ns": 3513571220004, "event": "redis_command", "id": "hit-r1-036", "command": "GET", "args": ["higress-audit:hit-r1-036"]}
redis-fixture-1  | 2026-09-23T10:13:38.793670054Z {"seq": 327, "time_ns": 3513571265043, "event": "redis_get_seen", "id": "hit-r1-036"}
redis-fixture-1  | 2026-09-23T10:13:38.806330344Z {"seq": 328, "time_ns": 3513583937981, "event": "redis_release_requested", "id": "hit-r1-036"}
redis-fixture-1  | 2026-09-23T10:13:38.806365924Z {"seq": 329, "time_ns": 3513584090490, "event": "redis_reply_released", "id": "hit-r1-036", "mode": "hit"}
redis-fixture-1  | 2026-09-23T10:13:38.810864550Z {"seq": 330, "time_ns": 3513588486848, "event": "client_complete", "id": "hit-r1-036", "status": "200", "curl_exit": 0, "body_sha256": "da87d065c0f96d585f02840dc10c88f7e8edac17ae77dbdae4b9e051a619338f"}
redis-fixture-1  | 2026-09-23T10:13:38.812933582Z {"seq": 331, "time_ns": 3513590575290, "event": "upstream_peer_closed", "id": "hit-r1-036"}
redis-fixture-1  | 2026-09-23T10:13:38.932181169Z {"seq": 332, "time_ns": 3513709764412, "event": "redis_release_requested", "id": "hit-r1-036"}
redis-fixture-1  | 2026-09-23T10:13:38.936976220Z {"seq": 333, "time_ns": 3513714539667, "event": "prepared", "id": "hit-r1-037", "mode": "hit", "key": "higress-audit:hit-r1-037", "value": "{\"source\":\"cache\",\"value\":\"fixture-only\"}"}
redis-fixture-1  | 2026-09-23T10:13:38.950742792Z {"seq": 334, "time_ns": 3513728445529, "event": "upstream_seen", "id": "hit-r1-037", "headers": {"host": "127.0.0.1:19468", "user-agent": "curl/7.81.0", "accept": "*/*", "x-http-cache-key": "hit-r1-037", "x-verification-id": "hit-r1-037", "x-forwarded-proto": "http", "x-envoy-original-host": "127.0.0.1:19468", "x-request-id": "b0f3cd81-2e52-4fcb-9a27-f2833c871ef6", "x-envoy-expected-rq-timeout-ms": "15000", "req-start-time": "1790158418948"}}
redis-fixture-1  | 2026-09-23T10:13:38.953426832Z {"seq": 335, "time_ns": 3513731077421, "event": "redis_command", "id": "hit-r1-037", "command": "GET", "args": ["higress-audit:hit-r1-037"]}
envoy-1          | 2026-09-23T10:13:38.068474140Z [2026-09-23 10:13:38.068][29][debug][wasm] [external/envoy/source/extensions/common/wasm/context.cc:1538] wasm log response-cache response-cache response-cache: [response-cache] [nil] [2c89dec0-949a-426c-894d-c957500d5d49] [onHttpResponseBody] key is nil, skip cache
envoy-1          | 2026-09-23T10:13:38.196803312Z [2026-09-23 10:13:38.196][29][debug][wasm] [external/envoy/source/extensions/common/wasm/context.cc:1538] wasm log response-cache response-cache response-cache: [response-cache] [nil] [f0aabb2c-b913-4fba-b9a4-00bd037f5fe7] [onHttpRequestHeaders] cache key from request header: x-http-cache-key, key: hit-r1-032
envoy-1          | 2026-09-23T10:13:38.196837600Z [2026-09-23 10:13:38.196][29][debug][wasm] [external/envoy/source/extensions/common/wasm/context.cc:1538] wasm log response-cache response-cache response-cache: [response-cache] [nil] [f0aabb2c-b913-4fba-b9a4-00bd037f5fe7] [response-cache] [CheckCacheForKey] querying cache with key: higress-audit:hit-r1-032
envoy-1          | 2026-09-23T10:13:38.196849953Z [2026-09-23 10:13:38.196][29][debug][wasm] [external/envoy/source/extensions/common/wasm/context.cc:1538] wasm log response-cache response-cache response-cache: redis call start, request-id: fec7a304-0d6a-43ab-9f21-0ae3d14c6fe5, respQuery: KjINCiQzDQpnZXQNCiQyNA0KaGlncmVzcy1hdWRpdDpoaXQtcjEtMDMyDQo=
redis-fixture-1  | 2026-09-23T10:13:38.953467507Z {"seq": 336, "time_ns": 3513731109476, "event": "redis_get_seen", "id": "hit-r1-037"}
redis-fixture-1  | 2026-09-23T10:13:38.964803644Z {"seq": 337, "time_ns": 3513742440969, "event": "redis_release_requested", "id": "hit-r1-037"}
redis-fixture-1  | 2026-09-23T10:13:38.964857361Z {"seq": 338, "time_ns": 3513742584749, "event": "redis_reply_released", "id": "hit-r1-037", "mode": "hit"}
redis-fixture-1  | 2026-09-23T10:13:38.969043605Z {"seq": 339, "time_ns": 3513746689999, "event": "client_complete", "id": "hit-r1-037", "status": "200", "curl_exit": 0, "body_sha256": "da87d065c0f96d585f02840dc10c88f7e8edac17ae77dbdae4b9e051a619338f"}
redis-fixture-1  | 2026-09-23T10:13:38.970898643Z {"seq": 340, "time_ns": 3513748619924, "event": "upstream_peer_closed", "id": "hit-r1-037"}
redis-fixture-1  | 2026-09-23T10:13:39.079697576Z {"seq": 341, "time_ns": 3513857253510, "event": "redis_release_requested", "id": "hit-r1-037"}
redis-fixture-1  | 2026-09-23T10:13:39.083439796Z {"seq": 342, "time_ns": 3513861039444, "event": "prepared", "id": "hit-r1-038", "mode": "hit", "key": "higress-audit:hit-r1-038", "value": "{\"source\":\"cache\",\"value\":\"fixture-only\"}"}
redis-fixture-1  | 2026-09-23T10:13:39.097864052Z {"seq": 343, "time_ns": 3513875550399, "event": "upstream_seen", "id": "hit-r1-038", "headers": {"host": "127.0.0.1:19468", "user-agent": "curl/7.81.0", "accept": "*/*", "x-http-cache-key": "hit-r1-038", "x-verification-id": "hit-r1-038", "x-forwarded-proto": "http", "x-envoy-original-host": "127.0.0.1:19468", "x-request-id": "a60b55fe-7765-4549-824d-0430762239b3", "x-envoy-expected-rq-timeout-ms": "15000", "req-start-time": "1790158419096"}}
redis-fixture-1  | 2026-09-23T10:13:39.100776029Z {"seq": 344, "time_ns": 3513878409102, "event": "redis_command", "id": "hit-r1-038", "command": "GET", "args": ["higress-audit:hit-r1-038"]}
redis-fixture-1  | 2026-09-23T10:13:39.100809169Z {"seq": 345, "time_ns": 3513878440115, "event": "redis_get_seen", "id": "hit-r1-038"}
redis-fixture-1  | 2026-09-23T10:13:39.112285326Z {"seq": 346, "time_ns": 3513889843001, "event": "redis_release_requested", "id": "hit-r1-038"}
redis-fixture-1  | 2026-09-23T10:13:39.112319840Z {"seq": 347, "time_ns": 3513889989364, "event": "redis_reply_released", "id": "hit-r1-038", "mode": "hit"}
redis-fixture-1  | 2026-09-23T10:13:39.116588732Z {"seq": 348, "time_ns": 3513894144867, "event": "client_complete", "id": "hit-r1-038", "status": "200", "curl_exit": 0, "body_sha256": "da87d065c0f96d585f02840dc10c88f7e8edac17ae77dbdae4b9e051a619338f"}
redis-fixture-1  | 2026-09-23T10:13:39.118821408Z {"seq": 349, "time_ns": 3513896489795, "event": "upstream_peer_closed", "id": "hit-r1-038"}
redis-fixture-1  | 2026-09-23T10:13:39.227537224Z {"seq": 350, "time_ns": 3514005082851, "event": "redis_release_requested", "id": "hit-r1-038"}
redis-fixture-1  | 2026-09-23T10:13:39.231977549Z {"seq": 351, "time_ns": 3514009536517, "event": "prepared", "id": "hit-r1-039", "mode": "hit", "key": "higress-audit:hit-r1-039", "value": "{\"source\":\"cache\",\"value\":\"fixture-only\"}"}
redis-fixture-1  | 2026-09-23T10:13:39.245544795Z {"seq": 352, "time_ns": 3514023133048, "event": "upstream_seen", "id": "hit-r1-039", "headers": {"host": "127.0.0.1:19468", "user-agent": "curl/7.81.0", "accept": "*/*", "x-http-cache-key": "hit-r1-039", "x-verification-id": "hit-r1-039", "x-forwarded-proto": "http", "x-envoy-original-host": "127.0.0.1:19468", "x-request-id": "d319fd4e-cd49-4bdf-8e29-ce28d85243e8", "x-envoy-expected-rq-timeout-ms": "15000", "req-start-time": "1790158419243"}}
redis-fixture-1  | 2026-09-23T10:13:39.248326384Z {"seq": 353, "time_ns": 3514025910818, "event": "redis_command", "id": "hit-r1-039", "command": "GET", "args": ["higress-audit:hit-r1-039"]}
redis-fixture-1  | 2026-09-23T10:13:39.248359877Z {"seq": 354, "time_ns": 3514025950758, "event": "redis_get_seen", "id": "hit-r1-039"}
redis-fixture-1  | 2026-09-23T10:13:39.261420297Z {"seq": 355, "time_ns": 3514038978600, "event": "redis_release_requested", "id": "hit-r1-039"}
redis-fixture-1  | 2026-09-23T10:13:39.261453538Z {"seq": 356, "time_ns": 3514039164131, "event": "redis_reply_released", "id": "hit-r1-039", "mode": "hit"}
redis-fixture-1  | 2026-09-23T10:13:39.265578096Z {"seq": 357, "time_ns": 3514043206583, "event": "client_complete", "id": "hit-r1-039", "status": "200", "curl_exit": 0, "body_sha256": "da87d065c0f96d585f02840dc10c88f7e8edac17ae77dbdae4b9e051a619338f"}
redis-fixture-1  | 2026-09-23T10:13:39.267828649Z {"seq": 358, "time_ns": 3514045417945, "event": "upstream_peer_closed", "id": "hit-r1-039"}
redis-fixture-1  | 2026-09-23T10:13:39.376763564Z {"seq": 359, "time_ns": 3514154335583, "event": "redis_release_requested", "id": "hit-r1-039"}
redis-fixture-1  | 2026-09-23T10:13:39.380863338Z {"seq": 360, "time_ns": 3514158406537, "event": "prepared", "id": "hit-r1-040", "mode": "hit", "key": "higress-audit:hit-r1-040", "value": "{\"source\":\"cache\",\"value\":\"fixture-only\"}"}
redis-fixture-1  | 2026-09-23T10:13:39.394467997Z {"seq": 361, "time_ns": 3514172066840, "event": "upstream_seen", "id": "hit-r1-040", "headers": {"host": "127.0.0.1:19468", "user-agent": "curl/7.81.0", "accept": "*/*", "x-http-cache-key": "hit-r1-040", "x-verification-id": "hit-r1-040", "x-forwarded-proto": "http", "x-envoy-original-host": "127.0.0.1:19468", "x-request-id": "b8faeee0-5a69-4beb-bde6-c33369f129cc", "x-envoy-expected-rq-timeout-ms": "15000", "req-start-time": "1790158419392"}}
redis-fixture-1  | 2026-09-23T10:13:39.397185005Z {"seq": 362, "time_ns": 3514174811889, "event": "redis_command", "id": "hit-r1-040", "command": "GET", "args": ["higress-audit:hit-r1-040"]}
redis-fixture-1  | 2026-09-23T10:13:39.397215993Z {"seq": 363, "time_ns": 3514174853890, "event": "redis_get_seen", "id": "hit-r1-040"}
redis-fixture-1  | 2026-09-23T10:13:39.409785551Z {"seq": 364, "time_ns": 3514187363639, "event": "redis_release_requested", "id": "hit-r1-040"}
redis-fixture-1  | 2026-09-23T10:13:39.409819140Z {"seq": 365, "time_ns": 3514187519540, "event": "redis_reply_released", "id": "hit-r1-040", "mode": "hit"}
redis-fixture-1  | 2026-09-23T10:13:39.413986118Z {"seq": 366, "time_ns": 3514191569162, "event": "client_complete", "id": "hit-r1-040", "status": "200", "curl_exit": 0, "body_sha256": "da87d065c0f96d585f02840dc10c88f7e8edac17ae77dbdae4b9e051a619338f"}
redis-fixture-1  | 2026-09-23T10:13:39.416060285Z {"seq": 367, "time_ns": 3514193616441, "event": "upstream_peer_closed", "id": "hit-r1-040"}
redis-fixture-1  | 2026-09-23T10:13:39.525034336Z {"seq": 368, "time_ns": 3514302585600, "event": "redis_release_requested", "id": "hit-r1-040"}
redis-fixture-1  | 2026-09-23T10:13:39.528824784Z {"seq": 369, "time_ns": 3514306434504, "event": "prepared", "id": "hit-r1-041", "mode": "hit", "key": "higress-audit:hit-r1-041", "value": "{\"source\":\"cache\",\"value\":\"fixture-only\"}"}
redis-fixture-1  | 2026-09-23T10:13:39.542566643Z {"seq": 370, "time_ns": 3514320172830, "event": "upstream_seen", "id": "hit-r1-041", "headers": {"host": "127.0.0.1:19468", "user-agent": "curl/7.81.0", "accept": "*/*", "x-http-cache-key": "hit-r1-041", "x-verification-id": "hit-r1-041", "x-forwarded-proto": "http", "x-envoy-original-host": "127.0.0.1:19468", "x-request-id": "fe200eef-4fc2-420e-8ed0-b30646ef010d", "x-envoy-expected-rq-timeout-ms": "15000", "req-start-time": "1790158419540"}}
redis-fixture-1  | 2026-09-23T10:13:39.545369364Z {"seq": 371, "time_ns": 3514322954342, "event": "redis_command", "id": "hit-r1-041", "command": "GET", "args": ["higress-audit:hit-r1-041"]}
redis-fixture-1  | 2026-09-23T10:13:39.545399977Z {"seq": 372, "time_ns": 3514322994017, "event": "redis_get_seen", "id": "hit-r1-041"}
redis-fixture-1  | 2026-09-23T10:13:39.559579623Z {"seq": 373, "time_ns": 3514337267956, "event": "redis_release_requested", "id": "hit-r1-041"}
redis-fixture-1  | 2026-09-23T10:13:39.559681671Z {"seq": 374, "time_ns": 3514337416475, "event": "redis_reply_released", "id": "hit-r1-041", "mode": "hit"}
redis-fixture-1  | 2026-09-23T10:13:39.563909019Z {"seq": 375, "time_ns": 3514341567077, "event": "client_complete", "id": "hit-r1-041", "status": "200", "curl_exit": 0, "body_sha256": "da87d065c0f96d585f02840dc10c88f7e8edac17ae77dbdae4b9e051a619338f"}
redis-fixture-1  | 2026-09-23T10:13:39.566047139Z {"seq": 376, "time_ns": 3514343718548, "event": "upstream_peer_closed", "id": "hit-r1-041"}
redis-fixture-1  | 2026-09-23T10:13:39.675121102Z {"seq": 377, "time_ns": 3514452691863, "event": "redis_release_requested", "id": "hit-r1-041"}
redis-fixture-1  | 2026-09-23T10:13:39.678993668Z {"seq": 378, "time_ns": 3514456576522, "event": "prepared", "id": "hit-r1-042", "mode": "hit", "key": "higress-audit:hit-r1-042", "value": "{\"source\":\"cache\",\"value\":\"fixture-only\"}"}
redis-fixture-1  | 2026-09-23T10:13:39.693079133Z {"seq": 379, "time_ns": 3514470682169, "event": "upstream_seen", "id": "hit-r1-042", "headers": {"host": "127.0.0.1:19468", "user-agent": "curl/7.81.0", "accept": "*/*", "x-http-cache-key": "hit-r1-042", "x-verification-id": "hit-r1-042", "x-forwarded-proto": "http", "x-envoy-original-host": "127.0.0.1:19468", "x-request-id": "cd201418-af1f-451a-8d9f-b0204a219fe0", "x-envoy-expected-rq-timeout-ms": "15000", "req-start-time": "1790158419691"}}
redis-fixture-1  | 2026-09-23T10:13:39.695833613Z {"seq": 380, "time_ns": 3514473417564, "event": "redis_command", "id": "hit-r1-042", "command": "GET", "args": ["higress-audit:hit-r1-042"]}
envoy-1          | 2026-09-23T10:13:38.214944839Z [2026-09-23 10:13:38.214][29][debug][wasm] [external/envoy/source/extensions/common/wasm/context.cc:1538] wasm log response-cache response-cache response-cache: redis call end, request-id: fec7a304-0d6a-43ab-9f21-0ae3d14c6fe5, respQuery: KjINCiQzDQpnZXQNCiQyNA0KaGlncmVzcy1hdWRpdDpoaXQtcjEtMDMyDQo=, respValue: JDQxDQp7InNvdXJjZSI6ImNhY2hlIiwidmFsdWUiOiJmaXh0dXJlLW9ubHkifQ0K
envoy-1          | 2026-09-23T10:13:38.214976992Z [2026-09-23 10:13:38.214][29][info][wasm] [external/envoy/source/extensions/common/wasm/context.cc:1541] wasm log response-cache response-cache response-cache: [response-cache] [nil] [f0aabb2c-b913-4fba-b9a4-00bd037f5fe7] [response-cache] cache hit for key: hit-r1-032
envoy-1          | 2026-09-23T10:13:38.215048665Z [2026-09-23 10:13:38.214][29][debug][wasm] [external/envoy/source/extensions/common/wasm/context.cc:1538] wasm log response-cache response-cache response-cache: [response-cache] [nil] [f0aabb2c-b913-4fba-b9a4-00bd037f5fe7] [response-cache] [processCacheHit] cached response for key hit-r1-032: {"source":"cache","value":"fixture-only"}
redis-fixture-1  | 2026-09-23T10:13:39.695866994Z {"seq": 381, "time_ns": 3514473457336, "event": "redis_get_seen", "id": "hit-r1-042"}
envoy-1          | 2026-09-23T10:13:38.215356447Z [2026-09-23 10:13:38.215][29][debug][wasm] [external/envoy/source/extensions/common/wasm/context.cc:1538] wasm log response-cache response-cache response-cache: [response-cache] [nil] [f0aabb2c-b913-4fba-b9a4-00bd037f5fe7] SetResponseBodyBufferLimit: 10485760
envoy-1          | 2026-09-23T10:13:38.215456459Z [2026-09-23 10:13:38.215][29][debug][wasm] [external/envoy/source/extensions/common/wasm/context.cc:1538] wasm log response-cache response-cache response-cache: [response-cache] [nil] [f0aabb2c-b913-4fba-b9a4-00bd037f5fe7] [onHttpResponseBody] key is nil, skip cache
envoy-1          | 2026-09-23T10:13:38.347566046Z [2026-09-23 10:13:38.347][29][debug][wasm] [external/envoy/source/extensions/common/wasm/context.cc:1538] wasm log response-cache response-cache response-cache: [response-cache] [nil] [1b8f1548-e115-4111-95f6-9e37b6de7b09] [onHttpRequestHeaders] cache key from request header: x-http-cache-key, key: hit-r1-033
envoy-1          | 2026-09-23T10:13:38.347602959Z [2026-09-23 10:13:38.347][29][debug][wasm] [external/envoy/source/extensions/common/wasm/context.cc:1538] wasm log response-cache response-cache response-cache: [response-cache] [nil] [1b8f1548-e115-4111-95f6-9e37b6de7b09] [response-cache] [CheckCacheForKey] querying cache with key: higress-audit:hit-r1-033
envoy-1          | 2026-09-23T10:13:38.347724068Z [2026-09-23 10:13:38.347][29][debug][wasm] [external/envoy/source/extensions/common/wasm/context.cc:1538] wasm log response-cache response-cache response-cache: redis call start, request-id: e95a477c-9578-45d7-91d1-05cbd7a869d5, respQuery: KjINCiQzDQpnZXQNCiQyNA0KaGlncmVzcy1hdWRpdDpoaXQtcjEtMDMzDQo=
envoy-1          | 2026-09-23T10:13:38.362926098Z [2026-09-23 10:13:38.362][29][debug][wasm] [external/envoy/source/extensions/common/wasm/context.cc:1538] wasm log response-cache response-cache response-cache: redis call end, request-id: e95a477c-9578-45d7-91d1-05cbd7a869d5, respQuery: KjINCiQzDQpnZXQNCiQyNA0KaGlncmVzcy1hdWRpdDpoaXQtcjEtMDMzDQo=, respValue: JDQxDQp7InNvdXJjZSI6ImNhY2hlIiwidmFsdWUiOiJmaXh0dXJlLW9ubHkifQ0K
envoy-1          | 2026-09-23T10:13:38.362946646Z [2026-09-23 10:13:38.362][29][info][wasm] [external/envoy/source/extensions/common/wasm/context.cc:1541] wasm log response-cache response-cache response-cache: [response-cache] [nil] [1b8f1548-e115-4111-95f6-9e37b6de7b09] [response-cache] cache hit for key: hit-r1-033
envoy-1          | 2026-09-23T10:13:38.362969398Z [2026-09-23 10:13:38.362][29][debug][wasm] [external/envoy/source/extensions/common/wasm/context.cc:1538] wasm log response-cache response-cache response-cache: [response-cache] [nil] [1b8f1548-e115-4111-95f6-9e37b6de7b09] [response-cache] [processCacheHit] cached response for key hit-r1-033: {"source":"cache","value":"fixture-only"}
envoy-1          | 2026-09-23T10:13:38.363272333Z [2026-09-23 10:13:38.363][29][debug][wasm] [external/envoy/source/extensions/common/wasm/context.cc:1538] wasm log response-cache response-cache response-cache: [response-cache] [nil] [1b8f1548-e115-4111-95f6-9e37b6de7b09] SetResponseBodyBufferLimit: 10485760
envoy-1          | 2026-09-23T10:13:38.363392485Z [2026-09-23 10:13:38.363][29][debug][wasm] [external/envoy/source/extensions/common/wasm/context.cc:1538] wasm log response-cache response-cache response-cache: [response-cache] [nil] [1b8f1548-e115-4111-95f6-9e37b6de7b09] [onHttpResponseBody] key is nil, skip cache
envoy-1          | 2026-09-23T10:13:38.495694399Z [2026-09-23 10:13:38.495][29][debug][wasm] [external/envoy/source/extensions/common/wasm/context.cc:1538] wasm log response-cache response-cache response-cache: [response-cache] [nil] [df1cb934-71a6-47ed-bb90-4185679fe64e] [onHttpRequestHeaders] cache key from request header: x-http-cache-key, key: hit-r1-034
envoy-1          | 2026-09-23T10:13:38.495746978Z [2026-09-23 10:13:38.495][29][debug][wasm] [external/envoy/source/extensions/common/wasm/context.cc:1538] wasm log response-cache response-cache response-cache: [response-cache] [nil] [df1cb934-71a6-47ed-bb90-4185679fe64e] [response-cache] [CheckCacheForKey] querying cache with key: higress-audit:hit-r1-034
envoy-1          | 2026-09-23T10:13:38.495801443Z [2026-09-23 10:13:38.495][29][debug][wasm] [external/envoy/source/extensions/common/wasm/context.cc:1538] wasm log response-cache response-cache response-cache: redis call start, request-id: d66f6cd5-7088-44c4-902f-afdfa1492d07, respQuery: KjINCiQzDQpnZXQNCiQyNA0KaGlncmVzcy1hdWRpdDpoaXQtcjEtMDM0DQo=
redis-fixture-1  | 2026-09-23T10:13:39.709097161Z {"seq": 382, "time_ns": 3514486647599, "event": "redis_release_requested", "id": "hit-r1-042"}
redis-fixture-1  | 2026-09-23T10:13:39.709131708Z {"seq": 383, "time_ns": 3514486790024, "event": "redis_reply_released", "id": "hit-r1-042", "mode": "hit"}
redis-fixture-1  | 2026-09-23T10:13:39.713651475Z {"seq": 384, "time_ns": 3514491236543, "event": "client_complete", "id": "hit-r1-042", "status": "200", "curl_exit": 0, "body_sha256": "da87d065c0f96d585f02840dc10c88f7e8edac17ae77dbdae4b9e051a619338f"}
redis-fixture-1  | 2026-09-23T10:13:39.715810459Z {"seq": 385, "time_ns": 3514493398991, "event": "upstream_peer_closed", "id": "hit-r1-042"}
redis-fixture-1  | 2026-09-23T10:13:39.824553491Z {"seq": 386, "time_ns": 3514602096869, "event": "redis_release_requested", "id": "hit-r1-042"}
redis-fixture-1  | 2026-09-23T10:13:39.828774498Z {"seq": 387, "time_ns": 3514606334013, "event": "prepared", "id": "hit-r1-043", "mode": "hit", "key": "higress-audit:hit-r1-043", "value": "{\"source\":\"cache\",\"value\":\"fixture-only\"}"}
redis-fixture-1  | 2026-09-23T10:13:39.842510493Z {"seq": 388, "time_ns": 3514620104154, "event": "upstream_seen", "id": "hit-r1-043", "headers": {"host": "127.0.0.1:19468", "user-agent": "curl/7.81.0", "accept": "*/*", "x-http-cache-key": "hit-r1-043", "x-verification-id": "hit-r1-043", "x-forwarded-proto": "http", "x-envoy-original-host": "127.0.0.1:19468", "x-request-id": "920011f4-9ac6-4f0d-9c7c-2541586afa4e", "x-envoy-expected-rq-timeout-ms": "15000", "req-start-time": "1790158419840"}}
redis-fixture-1  | 2026-09-23T10:13:39.845389327Z {"seq": 389, "time_ns": 3514622930006, "event": "redis_command", "id": "hit-r1-043", "command": "GET", "args": ["higress-audit:hit-r1-043"]}
redis-fixture-1  | 2026-09-23T10:13:39.845420336Z {"seq": 390, "time_ns": 3514623003586, "event": "redis_get_seen", "id": "hit-r1-043"}
redis-fixture-1  | 2026-09-23T10:13:39.859586981Z {"seq": 391, "time_ns": 3514637087819, "event": "redis_release_requested", "id": "hit-r1-043"}
redis-fixture-1  | 2026-09-23T10:13:39.859620114Z {"seq": 392, "time_ns": 3514637261457, "event": "redis_reply_released", "id": "hit-r1-043", "mode": "hit"}
redis-fixture-1  | 2026-09-23T10:13:39.863872970Z {"seq": 393, "time_ns": 3514641471517, "event": "client_complete", "id": "hit-r1-043", "status": "200", "curl_exit": 0, "body_sha256": "da87d065c0f96d585f02840dc10c88f7e8edac17ae77dbdae4b9e051a619338f"}
redis-fixture-1  | 2026-09-23T10:13:39.865857220Z {"seq": 394, "time_ns": 3514643451176, "event": "upstream_peer_closed", "id": "hit-r1-043"}
redis-fixture-1  | 2026-09-23T10:13:39.974500729Z {"seq": 395, "time_ns": 3514752118536, "event": "redis_release_requested", "id": "hit-r1-043"}
redis-fixture-1  | 2026-09-23T10:13:39.978167990Z {"seq": 396, "time_ns": 3514755783379, "event": "prepared", "id": "hit-r1-044", "mode": "hit", "key": "higress-audit:hit-r1-044", "value": "{\"source\":\"cache\",\"value\":\"fixture-only\"}"}
redis-fixture-1  | 2026-09-23T10:13:39.992453951Z {"seq": 397, "time_ns": 3514770133627, "event": "upstream_seen", "id": "hit-r1-044", "headers": {"host": "127.0.0.1:19468", "user-agent": "curl/7.81.0", "accept": "*/*", "x-http-cache-key": "hit-r1-044", "x-verification-id": "hit-r1-044", "x-forwarded-proto": "http", "x-envoy-original-host": "127.0.0.1:19468", "x-request-id": "623de40c-da52-498d-ab93-b8cf77f6ccb0", "x-envoy-expected-rq-timeout-ms": "15000", "req-start-time": "1790158419991"}}
redis-fixture-1  | 2026-09-23T10:13:39.995233493Z {"seq": 398, "time_ns": 3514772930591, "event": "redis_command", "id": "hit-r1-044", "command": "GET", "args": ["higress-audit:hit-r1-044"]}
redis-fixture-1  | 2026-09-23T10:13:39.995251927Z {"seq": 399, "time_ns": 3514773005188, "event": "redis_get_seen", "id": "hit-r1-044"}
redis-fixture-1  | 2026-09-23T10:13:40.007474497Z {"seq": 400, "time_ns": 3514785236956, "event": "redis_release_requested", "id": "hit-r1-044"}
redis-fixture-1  | 2026-09-23T10:13:40.007607725Z {"seq": 401, "time_ns": 3514785364870, "event": "redis_reply_released", "id": "hit-r1-044", "mode": "hit"}
redis-fixture-1  | 2026-09-23T10:13:40.010762985Z {"seq": 402, "time_ns": 3514788528268, "event": "client_complete", "id": "hit-r1-044", "status": "200", "curl_exit": 0, "body_sha256": "da87d065c0f96d585f02840dc10c88f7e8edac17ae77dbdae4b9e051a619338f"}
redis-fixture-1  | 2026-09-23T10:13:40.012214791Z {"seq": 403, "time_ns": 3514789915327, "event": "upstream_peer_closed", "id": "hit-r1-044"}
redis-fixture-1  | 2026-09-23T10:13:40.121196589Z {"seq": 404, "time_ns": 3514898747404, "event": "redis_release_requested", "id": "hit-r1-044"}
redis-fixture-1  | 2026-09-23T10:13:40.124583499Z {"seq": 405, "time_ns": 3514902251587, "event": "prepared", "id": "hit-r1-045", "mode": "hit", "key": "higress-audit:hit-r1-045", "value": "{\"source\":\"cache\",\"value\":\"fixture-only\"}"}
redis-fixture-1  | 2026-09-23T10:13:40.137993622Z {"seq": 406, "time_ns": 3514915640731, "event": "upstream_seen", "id": "hit-r1-045", "headers": {"host": "127.0.0.1:19468", "user-agent": "curl/7.81.0", "accept": "*/*", "x-http-cache-key": "hit-r1-045", "x-verification-id": "hit-r1-045", "x-forwarded-proto": "http", "x-envoy-original-host": "127.0.0.1:19468", "x-request-id": "1ec7b426-ec6e-4f90-815a-7d92cfc4854e", "x-envoy-expected-rq-timeout-ms": "15000", "req-start-time": "1790158420136"}}
redis-fixture-1  | 2026-09-23T10:13:40.140931882Z {"seq": 407, "time_ns": 3514918551961, "event": "redis_command", "id": "hit-r1-045", "command": "GET", "args": ["higress-audit:hit-r1-045"]}
redis-fixture-1  | 2026-09-23T10:13:40.140950776Z {"seq": 408, "time_ns": 3514918592320, "event": "redis_get_seen", "id": "hit-r1-045"}
redis-fixture-1  | 2026-09-23T10:13:40.154409382Z {"seq": 409, "time_ns": 3514932124188, "event": "redis_release_requested", "id": "hit-r1-045"}
redis-fixture-1  | 2026-09-23T10:13:40.154481448Z {"seq": 410, "time_ns": 3514932239482, "event": "redis_reply_released", "id": "hit-r1-045", "mode": "hit"}
redis-fixture-1  | 2026-09-23T10:13:40.158884618Z {"seq": 411, "time_ns": 3514936516001, "event": "client_complete", "id": "hit-r1-045", "status": "200", "curl_exit": 0, "body_sha256": "da87d065c0f96d585f02840dc10c88f7e8edac17ae77dbdae4b9e051a619338f"}
redis-fixture-1  | 2026-09-23T10:13:40.160928791Z {"seq": 412, "time_ns": 3514938606846, "event": "upstream_peer_closed", "id": "hit-r1-045"}
redis-fixture-1  | 2026-09-23T10:13:40.270704135Z {"seq": 413, "time_ns": 3515048356432, "event": "redis_release_requested", "id": "hit-r1-045"}
redis-fixture-1  | 2026-09-23T10:13:40.275251364Z {"seq": 414, "time_ns": 3515052879685, "event": "prepared", "id": "hit-r1-046", "mode": "hit", "key": "higress-audit:hit-r1-046", "value": "{\"source\":\"cache\",\"value\":\"fixture-only\"}"}
redis-fixture-1  | 2026-09-23T10:13:40.290093975Z {"seq": 415, "time_ns": 3515067637482, "event": "upstream_seen", "id": "hit-r1-046", "headers": {"host": "127.0.0.1:19468", "user-agent": "curl/7.81.0", "accept": "*/*", "x-http-cache-key": "hit-r1-046", "x-verification-id": "hit-r1-046", "x-forwarded-proto": "http", "x-envoy-original-host": "127.0.0.1:19468", "x-request-id": "732b04ff-8237-48dc-9539-c653ea7e1785", "x-envoy-expected-rq-timeout-ms": "15000", "req-start-time": "1790158420288"}}
redis-fixture-1  | 2026-09-23T10:13:40.292998326Z {"seq": 416, "time_ns": 3515070582145, "event": "redis_command", "id": "hit-r1-046", "command": "GET", "args": ["higress-audit:hit-r1-046"]}
redis-fixture-1  | 2026-09-23T10:13:40.293048122Z {"seq": 417, "time_ns": 3515070656913, "event": "redis_get_seen", "id": "hit-r1-046"}
redis-fixture-1  | 2026-09-23T10:13:40.306262092Z {"seq": 418, "time_ns": 3515083866367, "event": "redis_release_requested", "id": "hit-r1-046"}
redis-fixture-1  | 2026-09-23T10:13:40.306422845Z {"seq": 419, "time_ns": 3515084109406, "event": "redis_reply_released", "id": "hit-r1-046", "mode": "hit"}
redis-fixture-1  | 2026-09-23T10:13:40.311170226Z {"seq": 420, "time_ns": 3515088852733, "event": "client_complete", "id": "hit-r1-046", "status": "200", "curl_exit": 0, "body_sha256": "da87d065c0f96d585f02840dc10c88f7e8edac17ae77dbdae4b9e051a619338f"}
redis-fixture-1  | 2026-09-23T10:13:40.313836705Z {"seq": 421, "time_ns": 3515091463410, "event": "upstream_peer_closed", "id": "hit-r1-046"}
redis-fixture-1  | 2026-09-23T10:13:40.424630550Z {"seq": 422, "time_ns": 3515202219780, "event": "redis_release_requested", "id": "hit-r1-046"}
redis-fixture-1  | 2026-09-23T10:13:40.429317257Z {"seq": 423, "time_ns": 3515206914711, "event": "prepared", "id": "hit-r1-047", "mode": "hit", "key": "higress-audit:hit-r1-047", "value": "{\"source\":\"cache\",\"value\":\"fixture-only\"}"}
redis-fixture-1  | 2026-09-23T10:13:40.444840952Z {"seq": 424, "time_ns": 3515222461531, "event": "upstream_seen", "id": "hit-r1-047", "headers": {"host": "127.0.0.1:19468", "user-agent": "curl/7.81.0", "accept": "*/*", "x-http-cache-key": "hit-r1-047", "x-verification-id": "hit-r1-047", "x-forwarded-proto": "http", "x-envoy-original-host": "127.0.0.1:19468", "x-request-id": "c02f40ec-8d8f-48e2-b0a8-32adede01f9a", "x-envoy-expected-rq-timeout-ms": "15000", "req-start-time": "1790158420442"}}
redis-fixture-1  | 2026-09-23T10:13:40.447665013Z {"seq": 425, "time_ns": 3515225265993, "event": "redis_command", "id": "hit-r1-047", "command": "GET", "args": ["higress-audit:hit-r1-047"]}
redis-fixture-1  | 2026-09-23T10:13:40.447698706Z {"seq": 426, "time_ns": 3515225341806, "event": "redis_get_seen", "id": "hit-r1-047"}
redis-fixture-1  | 2026-09-23T10:13:40.459978049Z {"seq": 427, "time_ns": 3515237616618, "event": "redis_release_requested", "id": "hit-r1-047"}
redis-fixture-1  | 2026-09-23T10:13:40.460075839Z {"seq": 428, "time_ns": 3515237789866, "event": "redis_reply_released", "id": "hit-r1-047", "mode": "hit"}
redis-fixture-1  | 2026-09-23T10:13:40.464935626Z {"seq": 429, "time_ns": 3515242560599, "event": "client_complete", "id": "hit-r1-047", "status": "200", "curl_exit": 0, "body_sha256": "da87d065c0f96d585f02840dc10c88f7e8edac17ae77dbdae4b9e051a619338f"}
redis-fixture-1  | 2026-09-23T10:13:40.467284413Z {"seq": 430, "time_ns": 3515244927959, "event": "upstream_peer_closed", "id": "hit-r1-047"}
redis-fixture-1  | 2026-09-23T10:13:40.577409033Z {"seq": 431, "time_ns": 3515355055955, "event": "redis_release_requested", "id": "hit-r1-047"}
redis-fixture-1  | 2026-09-23T10:13:40.581841872Z {"seq": 432, "time_ns": 3515359481636, "event": "prepared", "id": "hit-r1-048", "mode": "hit", "key": "higress-audit:hit-r1-048", "value": "{\"source\":\"cache\",\"value\":\"fixture-only\"}"}
redis-fixture-1  | 2026-09-23T10:13:40.595447308Z {"seq": 433, "time_ns": 3515372945129, "event": "redis_command", "id": "hit-r1-048", "command": "GET", "args": ["higress-audit:hit-r1-048"]}
redis-fixture-1  | 2026-09-23T10:13:40.595483966Z {"seq": 434, "time_ns": 3515373229667, "event": "redis_get_seen", "id": "hit-r1-048"}
redis-fixture-1  | 2026-09-23T10:13:40.595589479Z {"seq": 435, "time_ns": 3515373309325, "event": "upstream_seen", "id": "hit-r1-048", "headers": {"host": "127.0.0.1:19468", "user-agent": "curl/7.81.0", "accept": "*/*", "x-http-cache-key": "hit-r1-048", "x-verification-id": "hit-r1-048", "x-forwarded-proto": "http", "x-envoy-original-host": "127.0.0.1:19468", "x-request-id": "5f1a4798-36fd-4888-9381-b9105dafb700", "x-envoy-expected-rq-timeout-ms": "15000", "req-start-time": "1790158420593"}}
redis-fixture-1  | 2026-09-23T10:13:40.616217542Z {"seq": 436, "time_ns": 3515393810486, "event": "redis_release_requested", "id": "hit-r1-048"}
redis-fixture-1  | 2026-09-23T10:13:40.616281776Z {"seq": 437, "time_ns": 3515393992732, "event": "redis_reply_released", "id": "hit-r1-048", "mode": "hit"}
redis-fixture-1  | 2026-09-23T10:13:40.620946768Z {"seq": 438, "time_ns": 3515398530762, "event": "client_complete", "id": "hit-r1-048", "status": "200", "curl_exit": 0, "body_sha256": "da87d065c0f96d585f02840dc10c88f7e8edac17ae77dbdae4b9e051a619338f"}
redis-fixture-1  | 2026-09-23T10:13:40.622856396Z {"seq": 439, "time_ns": 3515400565217, "event": "upstream_peer_closed", "id": "hit-r1-048"}
redis-fixture-1  | 2026-09-23T10:13:40.732489119Z {"seq": 440, "time_ns": 3515510083170, "event": "redis_release_requested", "id": "hit-r1-048"}
redis-fixture-1  | 2026-09-23T10:13:40.737538725Z {"seq": 441, "time_ns": 3515515076180, "event": "prepared", "id": "hit-r1-049", "mode": "hit", "key": "higress-audit:hit-r1-049", "value": "{\"source\":\"cache\",\"value\":\"fixture-only\"}"}
redis-fixture-1  | 2026-09-23T10:13:40.751499565Z {"seq": 442, "time_ns": 3515529160970, "event": "upstream_seen", "id": "hit-r1-049", "headers": {"host": "127.0.0.1:19468", "user-agent": "curl/7.81.0", "accept": "*/*", "x-http-cache-key": "hit-r1-049", "x-verification-id": "hit-r1-049", "x-forwarded-proto": "http", "x-envoy-original-host": "127.0.0.1:19468", "x-request-id": "eaa75c79-fde6-4132-999b-7293b8ffd68c", "x-envoy-expected-rq-timeout-ms": "15000", "req-start-time": "1790158420749"}}
redis-fixture-1  | 2026-09-23T10:13:40.751611685Z {"seq": 443, "time_ns": 3515529325538, "event": "redis_command", "id": "hit-r1-049", "command": "GET", "args": ["higress-audit:hit-r1-049"]}
redis-fixture-1  | 2026-09-23T10:13:40.751668071Z {"seq": 444, "time_ns": 3515529399314, "event": "redis_get_seen", "id": "hit-r1-049"}
redis-fixture-1  | 2026-09-23T10:13:40.769762138Z {"seq": 445, "time_ns": 3515547367441, "event": "redis_release_requested", "id": "hit-r1-049"}
redis-fixture-1  | 2026-09-23T10:13:40.769819025Z {"seq": 446, "time_ns": 3515547538619, "event": "redis_reply_released", "id": "hit-r1-049", "mode": "hit"}
redis-fixture-1  | 2026-09-23T10:13:40.774355308Z {"seq": 447, "time_ns": 3515552030096, "event": "client_complete", "id": "hit-r1-049", "status": "200", "curl_exit": 0, "body_sha256": "da87d065c0f96d585f02840dc10c88f7e8edac17ae77dbdae4b9e051a619338f"}
redis-fixture-1  | 2026-09-23T10:13:40.776961051Z {"seq": 448, "time_ns": 3515554516891, "event": "upstream_peer_closed", "id": "hit-r1-049"}
redis-fixture-1  | 2026-09-23T10:13:40.886720728Z {"seq": 449, "time_ns": 3515664338938, "event": "redis_release_requested", "id": "hit-r1-049"}
redis-fixture-1  | 2026-09-23T10:13:40.921352895Z {"seq": 0, "time_ns": 3515698968395, "event": "prepared", "id": "hit-r2-000", "mode": "hit", "key": "higress-audit:hit-r2-000", "value": "{\"source\":\"cache\",\"value\":\"fixture-only\"}"}
redis-fixture-1  | 2026-09-23T10:13:40.936995743Z {"seq": 1, "time_ns": 3515714535762, "event": "upstream_seen", "id": "hit-r2-000", "headers": {"host": "127.0.0.1:19468", "user-agent": "curl/7.81.0", "accept": "*/*", "x-http-cache-key": "hit-r2-000", "x-verification-id": "hit-r2-000", "x-forwarded-proto": "http", "x-envoy-original-host": "127.0.0.1:19468", "x-request-id": "98d46aa2-f614-43d8-ad28-7f3b0b5ea8b4", "x-envoy-expected-rq-timeout-ms": "15000", "req-start-time": "1790158420934"}}
redis-fixture-1  | 2026-09-23T10:13:40.939468134Z {"seq": 2, "time_ns": 3515717008194, "event": "redis_command", "id": "hit-r2-000", "command": "GET", "args": ["higress-audit:hit-r2-000"]}
redis-fixture-1  | 2026-09-23T10:13:40.939506895Z {"seq": 3, "time_ns": 3515717088290, "event": "redis_get_seen", "id": "hit-r2-000"}
redis-fixture-1  | 2026-09-23T10:13:40.954388285Z {"seq": 4, "time_ns": 3515731947901, "event": "redis_release_requested", "id": "hit-r2-000"}
redis-fixture-1  | 2026-09-23T10:13:40.954500478Z {"seq": 5, "time_ns": 3515732199031, "event": "redis_reply_released", "id": "hit-r2-000", "mode": "hit"}
redis-fixture-1  | 2026-09-23T10:13:40.958919780Z {"seq": 6, "time_ns": 3515736484326, "event": "client_complete", "id": "hit-r2-000", "status": "200", "curl_exit": 0, "body_sha256": "da87d065c0f96d585f02840dc10c88f7e8edac17ae77dbdae4b9e051a619338f"}
redis-fixture-1  | 2026-09-23T10:13:40.961574298Z {"seq": 7, "time_ns": 3515739192696, "event": "upstream_peer_closed", "id": "hit-r2-000"}
redis-fixture-1  | 2026-09-23T10:13:41.068684760Z {"seq": 8, "time_ns": 3515846245004, "event": "redis_release_requested", "id": "hit-r2-000"}
redis-fixture-1  | 2026-09-23T10:13:41.072916828Z {"seq": 9, "time_ns": 3515850554950, "event": "prepared", "id": "hit-r2-001", "mode": "hit", "key": "higress-audit:hit-r2-001", "value": "{\"source\":\"cache\",\"value\":\"fixture-only\"}"}
redis-fixture-1  | 2026-09-23T10:13:41.086918072Z {"seq": 10, "time_ns": 3515864575027, "event": "upstream_seen", "id": "hit-r2-001", "headers": {"host": "127.0.0.1:19468", "user-agent": "curl/7.81.0", "accept": "*/*", "x-http-cache-key": "hit-r2-001", "x-verification-id": "hit-r2-001", "x-forwarded-proto": "http", "x-envoy-original-host": "127.0.0.1:19468", "x-request-id": "20703e95-a4bf-4019-9989-9d80696ff3ec", "x-envoy-expected-rq-timeout-ms": "15000", "req-start-time": "1790158421084"}}
redis-fixture-1  | 2026-09-23T10:13:41.089674989Z {"seq": 11, "time_ns": 3515867287840, "event": "redis_command", "id": "hit-r2-001", "command": "GET", "args": ["higress-audit:hit-r2-001"]}
redis-fixture-1  | 2026-09-23T10:13:41.089707826Z {"seq": 12, "time_ns": 3515867364310, "event": "redis_get_seen", "id": "hit-r2-001"}
redis-fixture-1  | 2026-09-23T10:13:41.105618577Z {"seq": 13, "time_ns": 3515883258775, "event": "redis_release_requested", "id": "hit-r2-001"}
redis-fixture-1  | 2026-09-23T10:13:41.105671996Z {"seq": 14, "time_ns": 3515883392654, "event": "redis_reply_released", "id": "hit-r2-001", "mode": "hit"}
redis-fixture-1  | 2026-09-23T10:13:41.110524234Z {"seq": 15, "time_ns": 3515888122104, "event": "client_complete", "id": "hit-r2-001", "status": "200", "curl_exit": 0, "body_sha256": "da87d065c0f96d585f02840dc10c88f7e8edac17ae77dbdae4b9e051a619338f"}
redis-fixture-1  | 2026-09-23T10:13:41.112748821Z {"seq": 16, "time_ns": 3515890343551, "event": "upstream_peer_closed", "id": "hit-r2-001"}
redis-fixture-1  | 2026-09-23T10:13:41.217864251Z {"seq": 17, "time_ns": 3515995487311, "event": "redis_release_requested", "id": "hit-r2-001"}
redis-fixture-1  | 2026-09-23T10:13:41.221656196Z {"seq": 18, "time_ns": 3515999226888, "event": "prepared", "id": "hit-r2-002", "mode": "hit", "key": "higress-audit:hit-r2-002", "value": "{\"source\":\"cache\",\"value\":\"fixture-only\"}"}
redis-fixture-1  | 2026-09-23T10:13:41.234640852Z {"seq": 19, "time_ns": 3516012281774, "event": "upstream_seen", "id": "hit-r2-002", "headers": {"host": "127.0.0.1:19468", "user-agent": "curl/7.81.0", "accept": "*/*", "x-http-cache-key": "hit-r2-002", "x-verification-id": "hit-r2-002", "x-forwarded-proto": "http", "x-envoy-original-host": "127.0.0.1:19468", "x-request-id": "9fa89378-35c8-4353-b67f-044544280e44", "x-envoy-expected-rq-timeout-ms": "15000", "req-start-time": "1790158421232"}}
redis-fixture-1  | 2026-09-23T10:13:41.237797304Z {"seq": 20, "time_ns": 3516015353058, "event": "redis_command", "id": "hit-r2-002", "command": "GET", "args": ["higress-audit:hit-r2-002"]}
redis-fixture-1  | 2026-09-23T10:13:41.237828380Z {"seq": 21, "time_ns": 3516015399663, "event": "redis_get_seen", "id": "hit-r2-002"}
redis-fixture-1  | 2026-09-23T10:13:41.254706533Z {"seq": 22, "time_ns": 3516032370119, "event": "redis_release_requested", "id": "hit-r2-002"}
redis-fixture-1  | 2026-09-23T10:13:41.254814353Z {"seq": 23, "time_ns": 3516032541480, "event": "redis_reply_released", "id": "hit-r2-002", "mode": "hit"}
redis-fixture-1  | 2026-09-23T10:13:41.258930672Z {"seq": 24, "time_ns": 3516036595233, "event": "client_complete", "id": "hit-r2-002", "status": "200", "curl_exit": 0, "body_sha256": "da87d065c0f96d585f02840dc10c88f7e8edac17ae77dbdae4b9e051a619338f"}
redis-fixture-1  | 2026-09-23T10:13:41.261517890Z {"seq": 25, "time_ns": 3516039117773, "event": "upstream_peer_closed", "id": "hit-r2-002"}
redis-fixture-1  | 2026-09-23T10:13:41.367384049Z {"seq": 26, "time_ns": 3516144942734, "event": "redis_release_requested", "id": "hit-r2-002"}
redis-fixture-1  | 2026-09-23T10:13:41.370893791Z {"seq": 27, "time_ns": 3516148517349, "event": "prepared", "id": "hit-r2-003", "mode": "hit", "key": "higress-audit:hit-r2-003", "value": "{\"source\":\"cache\",\"value\":\"fixture-only\"}"}
redis-fixture-1  | 2026-09-23T10:13:41.385085381Z {"seq": 28, "time_ns": 3516162703906, "event": "upstream_seen", "id": "hit-r2-003", "headers": {"host": "127.0.0.1:19468", "user-agent": "curl/7.81.0", "accept": "*/*", "x-http-cache-key": "hit-r2-003", "x-verification-id": "hit-r2-003", "x-forwarded-proto": "http", "x-envoy-original-host": "127.0.0.1:19468", "x-request-id": "58268e25-854f-48d3-957c-aba7d538a8a7", "x-envoy-expected-rq-timeout-ms": "15000", "req-start-time": "1790158421383"}}
redis-fixture-1  | 2026-09-23T10:13:41.387969703Z {"seq": 29, "time_ns": 3516165527542, "event": "redis_command", "id": "hit-r2-003", "command": "GET", "args": ["higress-audit:hit-r2-003"]}
redis-fixture-1  | 2026-09-23T10:13:41.388007992Z {"seq": 30, "time_ns": 3516165605395, "event": "redis_get_seen", "id": "hit-r2-003"}
redis-fixture-1  | 2026-09-23T10:13:41.403691233Z {"seq": 31, "time_ns": 3516181269812, "event": "redis_release_requested", "id": "hit-r2-003"}
redis-fixture-1  | 2026-09-23T10:13:41.403773670Z {"seq": 32, "time_ns": 3516181438274, "event": "redis_reply_released", "id": "hit-r2-003", "mode": "hit"}
redis-fixture-1  | 2026-09-23T10:13:41.408159631Z {"seq": 33, "time_ns": 3516185784505, "event": "client_complete", "id": "hit-r2-003", "status": "200", "curl_exit": 0, "body_sha256": "da87d065c0f96d585f02840dc10c88f7e8edac17ae77dbdae4b9e051a619338f"}
redis-fixture-1  | 2026-09-23T10:13:41.410330154Z {"seq": 34, "time_ns": 3516188020346, "event": "upstream_peer_closed", "id": "hit-r2-003"}
redis-fixture-1  | 2026-09-23T10:13:41.516066234Z {"seq": 35, "time_ns": 3516293736633, "event": "redis_release_requested", "id": "hit-r2-003"}
redis-fixture-1  | 2026-09-23T10:13:41.520069299Z {"seq": 36, "time_ns": 3516297710983, "event": "prepared", "id": "hit-r2-004", "mode": "hit", "key": "higress-audit:hit-r2-004", "value": "{\"source\":\"cache\",\"value\":\"fixture-only\"}"}
redis-fixture-1  | 2026-09-23T10:13:41.534114572Z {"seq": 37, "time_ns": 3516311625239, "event": "upstream_seen", "id": "hit-r2-004", "headers": {"host": "127.0.0.1:19468", "user-agent": "curl/7.81.0", "accept": "*/*", "x-http-cache-key": "hit-r2-004", "x-verification-id": "hit-r2-004", "x-forwarded-proto": "http", "x-envoy-original-host": "127.0.0.1:19468", "x-request-id": "4085d62a-2809-4369-bfce-168e3201fe49", "x-envoy-expected-rq-timeout-ms": "15000", "req-start-time": "1790158421532"}}
redis-fixture-1  | 2026-09-23T10:13:41.536787400Z {"seq": 38, "time_ns": 3516314378012, "event": "redis_command", "id": "hit-r2-004", "command": "GET", "args": ["higress-audit:hit-r2-004"]}
redis-fixture-1  | 2026-09-23T10:13:41.536820848Z {"seq": 39, "time_ns": 3516314437150, "event": "redis_get_seen", "id": "hit-r2-004"}
redis-fixture-1  | 2026-09-23T10:13:41.554660734Z {"seq": 40, "time_ns": 3516332330386, "event": "redis_release_requested", "id": "hit-r2-004"}
redis-fixture-1  | 2026-09-23T10:13:41.554901008Z {"seq": 41, "time_ns": 3516332532788, "event": "redis_reply_released", "id": "hit-r2-004", "mode": "hit"}
redis-fixture-1  | 2026-09-23T10:13:41.559223927Z {"seq": 42, "time_ns": 3516336897511, "event": "client_complete", "id": "hit-r2-004", "status": "200", "curl_exit": 0, "body_sha256": "da87d065c0f96d585f02840dc10c88f7e8edac17ae77dbdae4b9e051a619338f"}
redis-fixture-1  | 2026-09-23T10:13:41.561362004Z {"seq": 43, "time_ns": 3516338937387, "event": "upstream_peer_closed", "id": "hit-r2-004"}
redis-fixture-1  | 2026-09-23T10:13:41.667386209Z {"seq": 44, "time_ns": 3516445007172, "event": "redis_release_requested", "id": "hit-r2-004"}
redis-fixture-1  | 2026-09-23T10:13:41.671980858Z {"seq": 45, "time_ns": 3516449545254, "event": "prepared", "id": "hit-r2-005", "mode": "hit", "key": "higress-audit:hit-r2-005", "value": "{\"source\":\"cache\",\"value\":\"fixture-only\"}"}
redis-fixture-1  | 2026-09-23T10:13:41.685775611Z {"seq": 46, "time_ns": 3516463446327, "event": "upstream_seen", "id": "hit-r2-005", "headers": {"host": "127.0.0.1:19468", "user-agent": "curl/7.81.0", "accept": "*/*", "x-http-cache-key": "hit-r2-005", "x-verification-id": "hit-r2-005", "x-forwarded-proto": "http", "x-envoy-original-host": "127.0.0.1:19468", "x-request-id": "8f8c1f5a-2270-4986-9b74-a38c28c5f29c", "x-envoy-expected-rq-timeout-ms": "15000", "req-start-time": "1790158421684"}}
redis-fixture-1  | 2026-09-23T10:13:41.688960621Z {"seq": 47, "time_ns": 3516466504504, "event": "redis_command", "id": "hit-r2-005", "command": "GET", "args": ["higress-audit:hit-r2-005"]}
redis-fixture-1  | 2026-09-23T10:13:41.688994467Z {"seq": 48, "time_ns": 3516466620757, "event": "redis_get_seen", "id": "hit-r2-005"}
redis-fixture-1  | 2026-09-23T10:13:41.707607122Z {"seq": 49, "time_ns": 3516485243834, "event": "redis_release_requested", "id": "hit-r2-005"}
redis-fixture-1  | 2026-09-23T10:13:41.707707589Z {"seq": 50, "time_ns": 3516485384693, "event": "redis_reply_released", "id": "hit-r2-005", "mode": "hit"}
redis-fixture-1  | 2026-09-23T10:13:41.722628426Z {"seq": 51, "time_ns": 3516500299635, "event": "client_complete", "id": "hit-r2-005", "status": "200", "curl_exit": 0, "body_sha256": "da87d065c0f96d585f02840dc10c88f7e8edac17ae77dbdae4b9e051a619338f"}
redis-fixture-1  | 2026-09-23T10:13:41.725116188Z {"seq": 52, "time_ns": 3516502684383, "event": "upstream_peer_closed", "id": "hit-r2-005"}
redis-fixture-1  | 2026-09-23T10:13:41.831636237Z {"seq": 53, "time_ns": 3516609222338, "event": "redis_release_requested", "id": "hit-r2-005"}
redis-fixture-1  | 2026-09-23T10:13:41.835984369Z {"seq": 54, "time_ns": 3516613559341, "event": "prepared", "id": "hit-r2-006", "mode": "hit", "key": "higress-audit:hit-r2-006", "value": "{\"source\":\"cache\",\"value\":\"fixture-only\"}"}
redis-fixture-1  | 2026-09-23T10:13:41.849937710Z {"seq": 55, "time_ns": 3516627556391, "event": "upstream_seen", "id": "hit-r2-006", "headers": {"host": "127.0.0.1:19468", "user-agent": "curl/7.81.0", "accept": "*/*", "x-http-cache-key": "hit-r2-006", "x-verification-id": "hit-r2-006", "x-forwarded-proto": "http", "x-envoy-original-host": "127.0.0.1:19468", "x-request-id": "ccf573b3-9708-45f9-a966-83a7a68711e1", "x-envoy-expected-rq-timeout-ms": "15000", "req-start-time": "1790158421848"}}
redis-fixture-1  | 2026-09-23T10:13:41.853486212Z {"seq": 56, "time_ns": 3516631038375, "event": "redis_command", "id": "hit-r2-006", "command": "GET", "args": ["higress-audit:hit-r2-006"]}
redis-fixture-1  | 2026-09-23T10:13:41.853520381Z {"seq": 57, "time_ns": 3516631140807, "event": "redis_get_seen", "id": "hit-r2-006"}
redis-fixture-1  | 2026-09-23T10:13:41.871935318Z {"seq": 58, "time_ns": 3516649521918, "event": "redis_release_requested", "id": "hit-r2-006"}
redis-fixture-1  | 2026-09-23T10:13:41.871969038Z {"seq": 59, "time_ns": 3516649635968, "event": "redis_reply_released", "id": "hit-r2-006", "mode": "hit"}
redis-fixture-1  | 2026-09-23T10:13:41.876244807Z {"seq": 60, "time_ns": 3516653797813, "event": "client_complete", "id": "hit-r2-006", "status": "200", "curl_exit": 0, "body_sha256": "da87d065c0f96d585f02840dc10c88f7e8edac17ae77dbdae4b9e051a619338f"}
redis-fixture-1  | 2026-09-23T10:13:41.878470079Z {"seq": 61, "time_ns": 3516656103090, "event": "upstream_peer_closed", "id": "hit-r2-006"}
redis-fixture-1  | 2026-09-23T10:13:41.984420627Z {"seq": 62, "time_ns": 3516762017242, "event": "redis_release_requested", "id": "hit-r2-006"}
redis-fixture-1  | 2026-09-23T10:13:41.989082853Z {"seq": 63, "time_ns": 3516766639304, "event": "prepared", "id": "hit-r2-007", "mode": "hit", "key": "higress-audit:hit-r2-007", "value": "{\"source\":\"cache\",\"value\":\"fixture-only\"}"}
redis-fixture-1  | 2026-09-23T10:13:42.002033303Z {"seq": 64, "time_ns": 3516779602613, "event": "upstream_seen", "id": "hit-r2-007", "headers": {"host": "127.0.0.1:19468", "user-agent": "curl/7.81.0", "accept": "*/*", "x-http-cache-key": "hit-r2-007", "x-verification-id": "hit-r2-007", "x-forwarded-proto": "http", "x-envoy-original-host": "127.0.0.1:19468", "x-request-id": "0a462920-7876-4292-afa0-1384519f3ee2", "x-envoy-expected-rq-timeout-ms": "15000", "req-start-time": "1790158421999"}}
redis-fixture-1  | 2026-09-23T10:13:42.005258674Z {"seq": 65, "time_ns": 3516782812330, "event": "redis_command", "id": "hit-r2-007", "command": "GET", "args": ["higress-audit:hit-r2-007"]}
redis-fixture-1  | 2026-09-23T10:13:42.005292267Z {"seq": 66, "time_ns": 3516782874650, "event": "redis_get_seen", "id": "hit-r2-007"}
redis-fixture-1  | 2026-09-23T10:13:42.022571769Z {"seq": 67, "time_ns": 3516800203980, "event": "redis_release_requested", "id": "hit-r2-007"}
redis-fixture-1  | 2026-09-23T10:13:42.022610669Z {"seq": 68, "time_ns": 3516800323922, "event": "redis_reply_released", "id": "hit-r2-007", "mode": "hit"}
redis-fixture-1  | 2026-09-23T10:13:42.026971864Z {"seq": 69, "time_ns": 3516804553943, "event": "client_complete", "id": "hit-r2-007", "status": "200", "curl_exit": 0, "body_sha256": "da87d065c0f96d585f02840dc10c88f7e8edac17ae77dbdae4b9e051a619338f"}
redis-fixture-1  | 2026-09-23T10:13:42.029023764Z {"seq": 70, "time_ns": 3516806611915, "event": "upstream_peer_closed", "id": "hit-r2-007"}
redis-fixture-1  | 2026-09-23T10:13:42.135411036Z {"seq": 71, "time_ns": 3516912998848, "event": "redis_release_requested", "id": "hit-r2-007"}
redis-fixture-1  | 2026-09-23T10:13:42.139381765Z {"seq": 72, "time_ns": 3516916925175, "event": "prepared", "id": "hit-r2-008", "mode": "hit", "key": "higress-audit:hit-r2-008", "value": "{\"source\":\"cache\",\"value\":\"fixture-only\"}"}
redis-fixture-1  | 2026-09-23T10:13:42.153759501Z {"seq": 73, "time_ns": 3516931327876, "event": "upstream_seen", "id": "hit-r2-008", "headers": {"host": "127.0.0.1:19468", "user-agent": "curl/7.81.0", "accept": "*/*", "x-http-cache-key": "hit-r2-008", "x-verification-id": "hit-r2-008", "x-forwarded-proto": "http", "x-envoy-original-host": "127.0.0.1:19468", "x-request-id": "8dd11e8c-bd93-4af3-8e14-44a0d472fc9a", "x-envoy-expected-rq-timeout-ms": "15000", "req-start-time": "1790158422151"}}
redis-fixture-1  | 2026-09-23T10:13:42.156485133Z {"seq": 74, "time_ns": 3516934049326, "event": "redis_command", "id": "hit-r2-008", "command": "GET", "args": ["higress-audit:hit-r2-008"]}
redis-fixture-1  | 2026-09-23T10:13:42.156518945Z {"seq": 75, "time_ns": 3516934091831, "event": "redis_get_seen", "id": "hit-r2-008"}
redis-fixture-1  | 2026-09-23T10:13:42.173507501Z {"seq": 76, "time_ns": 3516951059588, "event": "redis_release_requested", "id": "hit-r2-008"}
redis-fixture-1  | 2026-09-23T10:13:42.173542149Z {"seq": 77, "time_ns": 3516951249438, "event": "redis_reply_released", "id": "hit-r2-008", "mode": "hit"}
redis-fixture-1  | 2026-09-23T10:13:42.177863745Z {"seq": 78, "time_ns": 3516955528739, "event": "client_complete", "id": "hit-r2-008", "status": "200", "curl_exit": 0, "body_sha256": "da87d065c0f96d585f02840dc10c88f7e8edac17ae77dbdae4b9e051a619338f"}
redis-fixture-1  | 2026-09-23T10:13:42.179934117Z {"seq": 79, "time_ns": 3516957521535, "event": "upstream_peer_closed", "id": "hit-r2-008"}
redis-fixture-1  | 2026-09-23T10:13:42.286549842Z {"seq": 80, "time_ns": 3517064149927, "event": "redis_release_requested", "id": "hit-r2-008"}
redis-fixture-1  | 2026-09-23T10:13:42.290719022Z {"seq": 81, "time_ns": 3517068319536, "event": "prepared", "id": "hit-r2-009", "mode": "hit", "key": "higress-audit:hit-r2-009", "value": "{\"source\":\"cache\",\"value\":\"fixture-only\"}"}
redis-fixture-1  | 2026-09-23T10:13:42.304706930Z {"seq": 82, "time_ns": 3517082385280, "event": "upstream_seen", "id": "hit-r2-009", "headers": {"host": "127.0.0.1:19468", "user-agent": "curl/7.81.0", "accept": "*/*", "x-http-cache-key": "hit-r2-009", "x-verification-id": "hit-r2-009", "x-forwarded-proto": "http", "x-envoy-original-host": "127.0.0.1:19468", "x-request-id": "68bace23-d964-46c6-8706-4c4ff20e59d6", "x-envoy-expected-rq-timeout-ms": "15000", "req-start-time": "1790158422302"}}
redis-fixture-1  | 2026-09-23T10:13:42.307641859Z {"seq": 83, "time_ns": 3517085298616, "event": "redis_command", "id": "hit-r2-009", "command": "GET", "args": ["higress-audit:hit-r2-009"]}
redis-fixture-1  | 2026-09-23T10:13:42.307675315Z {"seq": 84, "time_ns": 3517085391815, "event": "redis_get_seen", "id": "hit-r2-009"}
redis-fixture-1  | 2026-09-23T10:13:42.325131654Z {"seq": 85, "time_ns": 3517102710406, "event": "redis_release_requested", "id": "hit-r2-009"}
redis-fixture-1  | 2026-09-23T10:13:42.325165406Z {"seq": 86, "time_ns": 3517102853130, "event": "redis_reply_released", "id": "hit-r2-009", "mode": "hit"}
redis-fixture-1  | 2026-09-23T10:13:42.329454947Z {"seq": 87, "time_ns": 3517107076123, "event": "client_complete", "id": "hit-r2-009", "status": "200", "curl_exit": 0, "body_sha256": "da87d065c0f96d585f02840dc10c88f7e8edac17ae77dbdae4b9e051a619338f"}
redis-fixture-1  | 2026-09-23T10:13:42.331435606Z {"seq": 88, "time_ns": 3517109036099, "event": "upstream_peer_closed", "id": "hit-r2-009"}
redis-fixture-1  | 2026-09-23T10:13:42.437838573Z {"seq": 89, "time_ns": 3517215380653, "event": "redis_release_requested", "id": "hit-r2-009"}
redis-fixture-1  | 2026-09-23T10:13:42.441681970Z {"seq": 90, "time_ns": 3517219231460, "event": "prepared", "id": "hit-r2-010", "mode": "hit", "key": "higress-audit:hit-r2-010", "value": "{\"source\":\"cache\",\"value\":\"fixture-only\"}"}
redis-fixture-1  | 2026-09-23T10:13:42.455137454Z {"seq": 91, "time_ns": 3517232670442, "event": "upstream_seen", "id": "hit-r2-010", "headers": {"host": "127.0.0.1:19468", "user-agent": "curl/7.81.0", "accept": "*/*", "x-http-cache-key": "hit-r2-010", "x-verification-id": "hit-r2-010", "x-forwarded-proto": "http", "x-envoy-original-host": "127.0.0.1:19468", "x-request-id": "6c601790-1502-4ee1-abc3-38da1f066740", "x-envoy-expected-rq-timeout-ms": "15000", "req-start-time": "1790158422452"}}
redis-fixture-1  | 2026-09-23T10:13:42.457659326Z {"seq": 92, "time_ns": 3517235191789, "event": "redis_command", "id": "hit-r2-010", "command": "GET", "args": ["higress-audit:hit-r2-010"]}
redis-fixture-1  | 2026-09-23T10:13:42.457825362Z {"seq": 93, "time_ns": 3517235575711, "event": "redis_get_seen", "id": "hit-r2-010"}
redis-fixture-1  | 2026-09-23T10:13:42.464471544Z {"seq": 94, "time_ns": 3517242055591, "event": "redis_release_requested", "id": "hit-r2-010"}
redis-fixture-1  | 2026-09-23T10:13:42.464522241Z {"seq": 95, "time_ns": 3517242244649, "event": "redis_reply_released", "id": "hit-r2-010", "mode": "hit"}
redis-fixture-1  | 2026-09-23T10:13:42.468996382Z {"seq": 96, "time_ns": 3517246626253, "event": "client_complete", "id": "hit-r2-010", "status": "200", "curl_exit": 0, "body_sha256": "da87d065c0f96d585f02840dc10c88f7e8edac17ae77dbdae4b9e051a619338f"}
redis-fixture-1  | 2026-09-23T10:13:42.471254643Z {"seq": 97, "time_ns": 3517248805058, "event": "upstream_peer_closed", "id": "hit-r2-010"}
redis-fixture-1  | 2026-09-23T10:13:42.577884917Z {"seq": 98, "time_ns": 3517355489336, "event": "redis_release_requested", "id": "hit-r2-010"}
redis-fixture-1  | 2026-09-23T10:13:42.582554780Z {"seq": 99, "time_ns": 3517360136142, "event": "prepared", "id": "hit-r2-011", "mode": "hit", "key": "higress-audit:hit-r2-011", "value": "{\"source\":\"cache\",\"value\":\"fixture-only\"}"}
redis-fixture-1  | 2026-09-23T10:13:42.596375362Z {"seq": 100, "time_ns": 3517373934412, "event": "upstream_seen", "id": "hit-r2-011", "headers": {"host": "127.0.0.1:19468", "user-agent": "curl/7.81.0", "accept": "*/*", "x-http-cache-key": "hit-r2-011", "x-verification-id": "hit-r2-011", "x-forwarded-proto": "http", "x-envoy-original-host": "127.0.0.1:19468", "x-request-id": "4747a13f-7998-4cdc-be09-a91146726396", "x-envoy-expected-rq-timeout-ms": "15000", "req-start-time": "1790158422594"}}
redis-fixture-1  | 2026-09-23T10:13:42.599529439Z {"seq": 101, "time_ns": 3517377109351, "event": "redis_command", "id": "hit-r2-011", "command": "GET", "args": ["higress-audit:hit-r2-011"]}
redis-fixture-1  | 2026-09-23T10:13:42.599563075Z {"seq": 102, "time_ns": 3517377201496, "event": "redis_get_seen", "id": "hit-r2-011"}
redis-fixture-1  | 2026-09-23T10:13:42.617513925Z {"seq": 103, "time_ns": 3517395095020, "event": "redis_release_requested", "id": "hit-r2-011"}
redis-fixture-1  | 2026-09-23T10:13:42.617547536Z {"seq": 104, "time_ns": 3517395239436, "event": "redis_reply_released", "id": "hit-r2-011", "mode": "hit"}
redis-fixture-1  | 2026-09-23T10:13:42.622007241Z {"seq": 105, "time_ns": 3517399574213, "event": "client_complete", "id": "hit-r2-011", "status": "200", "curl_exit": 0, "body_sha256": "da87d065c0f96d585f02840dc10c88f7e8edac17ae77dbdae4b9e051a619338f"}
redis-fixture-1  | 2026-09-23T10:13:42.624495213Z {"seq": 106, "time_ns": 3517402044440, "event": "upstream_peer_closed", "id": "hit-r2-011"}
redis-fixture-1  | 2026-09-23T10:13:42.731039461Z {"seq": 107, "time_ns": 3517508704927, "event": "redis_release_requested", "id": "hit-r2-011"}
redis-fixture-1  | 2026-09-23T10:13:42.734962558Z {"seq": 108, "time_ns": 3517512635421, "event": "prepared", "id": "hit-r2-012", "mode": "hit", "key": "higress-audit:hit-r2-012", "value": "{\"source\":\"cache\",\"value\":\"fixture-only\"}"}
redis-fixture-1  | 2026-09-23T10:13:42.748948175Z {"seq": 109, "time_ns": 3517526506683, "event": "upstream_seen", "id": "hit-r2-012", "headers": {"host": "127.0.0.1:19468", "user-agent": "curl/7.81.0", "accept": "*/*", "x-http-cache-key": "hit-r2-012", "x-verification-id": "hit-r2-012", "x-forwarded-proto": "http", "x-envoy-original-host": "127.0.0.1:19468", "x-request-id": "caeb9460-b0c1-4c56-b601-8dfbf9085c9f", "x-envoy-expected-rq-timeout-ms": "15000", "req-start-time": "1790158422746"}}
redis-fixture-1  | 2026-09-23T10:13:42.752155416Z {"seq": 110, "time_ns": 3517529759468, "event": "redis_command", "id": "hit-r2-012", "command": "GET", "args": ["higress-audit:hit-r2-012"]}
redis-fixture-1  | 2026-09-23T10:13:42.752174281Z {"seq": 111, "time_ns": 3517529818284, "event": "redis_get_seen", "id": "hit-r2-012"}
redis-fixture-1  | 2026-09-23T10:13:42.770869720Z {"seq": 112, "time_ns": 3517548469167, "event": "redis_release_requested", "id": "hit-r2-012"}
redis-fixture-1  | 2026-09-23T10:13:42.770904351Z {"seq": 113, "time_ns": 3517548590104, "event": "redis_reply_released", "id": "hit-r2-012", "mode": "hit"}
redis-fixture-1  | 2026-09-23T10:13:42.775054883Z {"seq": 114, "time_ns": 3517552785376, "event": "client_complete", "id": "hit-r2-012", "status": "200", "curl_exit": 0, "body_sha256": "da87d065c0f96d585f02840dc10c88f7e8edac17ae77dbdae4b9e051a619338f"}
redis-fixture-1  | 2026-09-23T10:13:42.777236202Z {"seq": 115, "time_ns": 3517554855251, "event": "upstream_peer_closed", "id": "hit-r2-012"}
redis-fixture-1  | 2026-09-23T10:13:42.884586430Z {"seq": 116, "time_ns": 3517662103922, "event": "redis_release_requested", "id": "hit-r2-012"}
redis-fixture-1  | 2026-09-23T10:13:42.888834854Z {"seq": 117, "time_ns": 3517666395821, "event": "prepared", "id": "hit-r2-013", "mode": "hit", "key": "higress-audit:hit-r2-013", "value": "{\"source\":\"cache\",\"value\":\"fixture-only\"}"}
redis-fixture-1  | 2026-09-23T10:13:42.903058327Z {"seq": 118, "time_ns": 3517680678667, "event": "upstream_seen", "id": "hit-r2-013", "headers": {"host": "127.0.0.1:19468", "user-agent": "curl/7.81.0", "accept": "*/*", "x-http-cache-key": "hit-r2-013", "x-verification-id": "hit-r2-013", "x-forwarded-proto": "http", "x-envoy-original-host": "127.0.0.1:19468", "x-request-id": "5c99c442-c6be-44bb-892b-2cb92b3b4c38", "x-envoy-expected-rq-timeout-ms": "15000", "req-start-time": "1790158422900"}}
redis-fixture-1  | 2026-09-23T10:13:42.906275643Z {"seq": 119, "time_ns": 3517683787895, "event": "redis_command", "id": "hit-r2-013", "command": "GET", "args": ["higress-audit:hit-r2-013"]}
redis-fixture-1  | 2026-09-23T10:13:42.906309681Z {"seq": 120, "time_ns": 3517683911876, "event": "redis_get_seen", "id": "hit-r2-013"}
redis-fixture-1  | 2026-09-23T10:13:42.924882690Z {"seq": 121, "time_ns": 3517702438879, "event": "redis_release_requested", "id": "hit-r2-013"}
redis-fixture-1  | 2026-09-23T10:13:42.924934795Z {"seq": 122, "time_ns": 3517702612970, "event": "redis_reply_released", "id": "hit-r2-013", "mode": "hit"}
redis-fixture-1  | 2026-09-23T10:13:42.929353252Z {"seq": 123, "time_ns": 3517706917683, "event": "client_complete", "id": "hit-r2-013", "status": "200", "curl_exit": 0, "body_sha256": "da87d065c0f96d585f02840dc10c88f7e8edac17ae77dbdae4b9e051a619338f"}
redis-fixture-1  | 2026-09-23T10:13:42.931537088Z {"seq": 124, "time_ns": 3517709071757, "event": "upstream_peer_closed", "id": "hit-r2-013"}
redis-fixture-1  | 2026-09-23T10:13:43.038937931Z {"seq": 125, "time_ns": 3517816459951, "event": "redis_release_requested", "id": "hit-r2-013"}
redis-fixture-1  | 2026-09-23T10:13:43.042832492Z {"seq": 126, "time_ns": 3517820414371, "event": "prepared", "id": "hit-r2-014", "mode": "hit", "key": "higress-audit:hit-r2-014", "value": "{\"source\":\"cache\",\"value\":\"fixture-only\"}"}
redis-fixture-1  | 2026-09-23T10:13:43.056469214Z {"seq": 127, "time_ns": 3517834021783, "event": "upstream_seen", "id": "hit-r2-014", "headers": {"host": "127.0.0.1:19468", "user-agent": "curl/7.81.0", "accept": "*/*", "x-http-cache-key": "hit-r2-014", "x-verification-id": "hit-r2-014", "x-forwarded-proto": "http", "x-envoy-original-host": "127.0.0.1:19468", "x-request-id": "480b0ece-3705-4d63-a852-764f5645365a", "x-envoy-expected-rq-timeout-ms": "15000", "req-start-time": "1790158423054"}}
redis-fixture-1  | 2026-09-23T10:13:43.060112598Z {"seq": 128, "time_ns": 3517837640197, "event": "redis_command", "id": "hit-r2-014", "command": "GET", "args": ["higress-audit:hit-r2-014"]}
redis-fixture-1  | 2026-09-23T10:13:43.060145914Z {"seq": 129, "time_ns": 3517837738474, "event": "redis_get_seen", "id": "hit-r2-014"}
redis-fixture-1  | 2026-09-23T10:13:43.079329542Z {"seq": 130, "time_ns": 3517856948036, "event": "redis_release_requested", "id": "hit-r2-014"}
redis-fixture-1  | 2026-09-23T10:13:43.079382125Z {"seq": 131, "time_ns": 3517857091354, "event": "redis_reply_released", "id": "hit-r2-014", "mode": "hit"}
redis-fixture-1  | 2026-09-23T10:13:43.085133678Z {"seq": 132, "time_ns": 3517862690057, "event": "client_complete", "id": "hit-r2-014", "status": "200", "curl_exit": 0, "body_sha256": "da87d065c0f96d585f02840dc10c88f7e8edac17ae77dbdae4b9e051a619338f"}
redis-fixture-1  | 2026-09-23T10:13:43.087465728Z {"seq": 133, "time_ns": 3517865090660, "event": "upstream_peer_closed", "id": "hit-r2-014"}
redis-fixture-1  | 2026-09-23T10:13:43.194873429Z {"seq": 134, "time_ns": 3517972479778, "event": "redis_release_requested", "id": "hit-r2-014"}
redis-fixture-1  | 2026-09-23T10:13:43.199181621Z {"seq": 135, "time_ns": 3517976876127, "event": "prepared", "id": "hit-r2-015", "mode": "hit", "key": "higress-audit:hit-r2-015", "value": "{\"source\":\"cache\",\"value\":\"fixture-only\"}"}
redis-fixture-1  | 2026-09-23T10:13:43.212583034Z {"seq": 136, "time_ns": 3517990232527, "event": "upstream_seen", "id": "hit-r2-015", "headers": {"host": "127.0.0.1:19468", "user-agent": "curl/7.81.0", "accept": "*/*", "x-http-cache-key": "hit-r2-015", "x-verification-id": "hit-r2-015", "x-forwarded-proto": "http", "x-envoy-original-host": "127.0.0.1:19468", "x-request-id": "66fe4378-42bc-4f00-a19e-982f5ccde243", "x-envoy-expected-rq-timeout-ms": "15000", "req-start-time": "1790158423210"}}
redis-fixture-1  | 2026-09-23T10:13:43.215674949Z {"seq": 137, "time_ns": 3517993254885, "event": "redis_command", "id": "hit-r2-015", "command": "GET", "args": ["higress-audit:hit-r2-015"]}
redis-fixture-1  | 2026-09-23T10:13:43.215727193Z {"seq": 138, "time_ns": 3517993477278, "event": "redis_get_seen", "id": "hit-r2-015"}
redis-fixture-1  | 2026-09-23T10:13:43.223417327Z {"seq": 139, "time_ns": 3518001054189, "event": "redis_release_requested", "id": "hit-r2-015"}
redis-fixture-1  | 2026-09-23T10:13:43.223588420Z {"seq": 140, "time_ns": 3518001247148, "event": "redis_reply_released", "id": "hit-r2-015", "mode": "hit"}
redis-fixture-1  | 2026-09-23T10:13:43.227872800Z {"seq": 141, "time_ns": 3518005457214, "event": "client_complete", "id": "hit-r2-015", "status": "200", "curl_exit": 0, "body_sha256": "da87d065c0f96d585f02840dc10c88f7e8edac17ae77dbdae4b9e051a619338f"}
redis-fixture-1  | 2026-09-23T10:13:43.229979405Z {"seq": 142, "time_ns": 3518007616223, "event": "upstream_peer_closed", "id": "hit-r2-015"}
redis-fixture-1  | 2026-09-23T10:13:43.337293031Z {"seq": 143, "time_ns": 3518114923846, "event": "redis_release_requested", "id": "hit-r2-015"}
redis-fixture-1  | 2026-09-23T10:13:43.345147893Z {"seq": 144, "time_ns": 3518118962380, "event": "prepared", "id": "hit-r2-016", "mode": "hit", "key": "higress-audit:hit-r2-016", "value": "{\"source\":\"cache\",\"value\":\"fixture-only\"}"}
redis-fixture-1  | 2026-09-23T10:13:43.354640792Z {"seq": 145, "time_ns": 3518132335397, "event": "upstream_seen", "id": "hit-r2-016", "headers": {"host": "127.0.0.1:19468", "user-agent": "curl/7.81.0", "accept": "*/*", "x-http-cache-key": "hit-r2-016", "x-verification-id": "hit-r2-016", "x-forwarded-proto": "http", "x-envoy-original-host": "127.0.0.1:19468", "x-request-id": "1839058d-6e31-4c0e-868e-6cf8e716d009", "x-envoy-expected-rq-timeout-ms": "15000", "req-start-time": "1790158423352"}}
redis-fixture-1  | 2026-09-23T10:13:43.357572050Z {"seq": 146, "time_ns": 3518135178785, "event": "redis_command", "id": "hit-r2-016", "command": "GET", "args": ["higress-audit:hit-r2-016"]}
redis-fixture-1  | 2026-09-23T10:13:43.357603887Z {"seq": 147, "time_ns": 3518135254942, "event": "redis_get_seen", "id": "hit-r2-016"}
redis-fixture-1  | 2026-09-23T10:13:43.365613902Z {"seq": 148, "time_ns": 3518143173894, "event": "redis_release_requested", "id": "hit-r2-016"}
redis-fixture-1  | 2026-09-23T10:13:43.365647270Z {"seq": 149, "time_ns": 3518143317743, "event": "redis_reply_released", "id": "hit-r2-016", "mode": "hit"}
redis-fixture-1  | 2026-09-23T10:13:43.369681169Z {"seq": 150, "time_ns": 3518147312290, "event": "client_complete", "id": "hit-r2-016", "status": "200", "curl_exit": 0, "body_sha256": "da87d065c0f96d585f02840dc10c88f7e8edac17ae77dbdae4b9e051a619338f"}
redis-fixture-1  | 2026-09-23T10:13:43.371722533Z {"seq": 151, "time_ns": 3518149360988, "event": "upstream_peer_closed", "id": "hit-r2-016"}
redis-fixture-1  | 2026-09-23T10:13:43.479439013Z {"seq": 152, "time_ns": 3518256994197, "event": "redis_release_requested", "id": "hit-r2-016"}
redis-fixture-1  | 2026-09-23T10:13:43.484379363Z {"seq": 153, "time_ns": 3518261939303, "event": "prepared", "id": "hit-r2-017", "mode": "hit", "key": "higress-audit:hit-r2-017", "value": "{\"source\":\"cache\",\"value\":\"fixture-only\"}"}
redis-fixture-1  | 2026-09-23T10:13:43.498113983Z {"seq": 154, "time_ns": 3518275832679, "event": "upstream_seen", "id": "hit-r2-017", "headers": {"host": "127.0.0.1:19468", "user-agent": "curl/7.81.0", "accept": "*/*", "x-http-cache-key": "hit-r2-017", "x-verification-id": "hit-r2-017", "x-forwarded-proto": "http", "x-envoy-original-host": "127.0.0.1:19468", "x-request-id": "28451422-9a8c-455c-bc4d-0dd3ab92e5d0", "x-envoy-expected-rq-timeout-ms": "15000", "req-start-time": "1790158423496"}}
redis-fixture-1  | 2026-09-23T10:13:43.501103192Z {"seq": 155, "time_ns": 3518278674463, "event": "redis_command", "id": "hit-r2-017", "command": "GET", "args": ["higress-audit:hit-r2-017"]}
redis-fixture-1  | 2026-09-23T10:13:43.501122076Z {"seq": 156, "time_ns": 3518278748376, "event": "redis_get_seen", "id": "hit-r2-017"}
redis-fixture-1  | 2026-09-23T10:13:43.509706169Z {"seq": 157, "time_ns": 3518287296662, "event": "redis_release_requested", "id": "hit-r2-017"}
redis-fixture-1  | 2026-09-23T10:13:43.509737675Z {"seq": 158, "time_ns": 3518287464096, "event": "redis_reply_released", "id": "hit-r2-017", "mode": "hit"}
redis-fixture-1  | 2026-09-23T10:13:43.513985724Z {"seq": 159, "time_ns": 3518291569082, "event": "client_complete", "id": "hit-r2-017", "status": "200", "curl_exit": 0, "body_sha256": "da87d065c0f96d585f02840dc10c88f7e8edac17ae77dbdae4b9e051a619338f"}
redis-fixture-1  | 2026-09-23T10:13:43.516055848Z {"seq": 160, "time_ns": 3518293636793, "event": "upstream_peer_closed", "id": "hit-r2-017"}
redis-fixture-1  | 2026-09-23T10:13:43.623616751Z {"seq": 161, "time_ns": 3518401169063, "event": "redis_release_requested", "id": "hit-r2-017"}
redis-fixture-1  | 2026-09-23T10:13:43.628018181Z {"seq": 162, "time_ns": 3518405585382, "event": "prepared", "id": "hit-r2-018", "mode": "hit", "key": "higress-audit:hit-r2-018", "value": "{\"source\":\"cache\",\"value\":\"fixture-only\"}"}
redis-fixture-1  | 2026-09-23T10:13:43.640629123Z {"seq": 163, "time_ns": 3518418253298, "event": "upstream_seen", "id": "hit-r2-018", "headers": {"host": "127.0.0.1:19468", "user-agent": "curl/7.81.0", "accept": "*/*", "x-http-cache-key": "hit-r2-018", "x-verification-id": "hit-r2-018", "x-forwarded-proto": "http", "x-envoy-original-host": "127.0.0.1:19468", "x-request-id": "32f4a587-a8f9-4b4b-b321-536b510fca00", "x-envoy-expected-rq-timeout-ms": "15000", "req-start-time": "1790158423638"}}
redis-fixture-1  | 2026-09-23T10:13:43.643308755Z {"seq": 164, "time_ns": 3518420996947, "event": "redis_command", "id": "hit-r2-018", "command": "GET", "args": ["higress-audit:hit-r2-018"]}
redis-fixture-1  | 2026-09-23T10:13:43.643342399Z {"seq": 165, "time_ns": 3518421070844, "event": "redis_get_seen", "id": "hit-r2-018"}
redis-fixture-1  | 2026-09-23T10:13:43.653117592Z {"seq": 166, "time_ns": 3518430678520, "event": "redis_release_requested", "id": "hit-r2-018"}
redis-fixture-1  | 2026-09-23T10:13:43.653169361Z {"seq": 167, "time_ns": 3518430883129, "event": "redis_reply_released", "id": "hit-r2-018", "mode": "hit"}
redis-fixture-1  | 2026-09-23T10:13:43.657318280Z {"seq": 168, "time_ns": 3518434867603, "event": "client_complete", "id": "hit-r2-018", "status": "200", "curl_exit": 0, "body_sha256": "da87d065c0f96d585f02840dc10c88f7e8edac17ae77dbdae4b9e051a619338f"}
redis-fixture-1  | 2026-09-23T10:13:43.659875507Z {"seq": 169, "time_ns": 3518437427724, "event": "upstream_peer_closed", "id": "hit-r2-018"}
redis-fixture-1  | 2026-09-23T10:13:43.767603877Z {"seq": 170, "time_ns": 3518545216383, "event": "redis_release_requested", "id": "hit-r2-018"}
redis-fixture-1  | 2026-09-23T10:13:43.771822708Z {"seq": 171, "time_ns": 3518549522454, "event": "prepared", "id": "hit-r2-019", "mode": "hit", "key": "higress-audit:hit-r2-019", "value": "{\"source\":\"cache\",\"value\":\"fixture-only\"}"}
redis-fixture-1  | 2026-09-23T10:13:43.786368053Z {"seq": 172, "time_ns": 3518563890528, "event": "upstream_seen", "id": "hit-r2-019", "headers": {"host": "127.0.0.1:19468", "user-agent": "curl/7.81.0", "accept": "*/*", "x-http-cache-key": "hit-r2-019", "x-verification-id": "hit-r2-019", "x-forwarded-proto": "http", "x-envoy-original-host": "127.0.0.1:19468", "x-request-id": "4766a304-3edb-4fd9-aae2-e0a5b67f933d", "x-envoy-expected-rq-timeout-ms": "15000", "req-start-time": "1790158423784"}}
redis-fixture-1  | 2026-09-23T10:13:43.788934367Z {"seq": 173, "time_ns": 3518566515319, "event": "redis_command", "id": "hit-r2-019", "command": "GET", "args": ["higress-audit:hit-r2-019"]}
redis-fixture-1  | 2026-09-23T10:13:43.788951004Z {"seq": 174, "time_ns": 3518566589923, "event": "redis_get_seen", "id": "hit-r2-019"}
redis-fixture-1  | 2026-09-23T10:13:43.797934067Z {"seq": 175, "time_ns": 3518575557039, "event": "redis_release_requested", "id": "hit-r2-019"}
redis-fixture-1  | 2026-09-23T10:13:43.798014827Z {"seq": 176, "time_ns": 3518575742948, "event": "redis_reply_released", "id": "hit-r2-019", "mode": "hit"}
redis-fixture-1  | 2026-09-23T10:13:43.802366920Z {"seq": 177, "time_ns": 3518580049196, "event": "client_complete", "id": "hit-r2-019", "status": "200", "curl_exit": 0, "body_sha256": "da87d065c0f96d585f02840dc10c88f7e8edac17ae77dbdae4b9e051a619338f"}
redis-fixture-1  | 2026-09-23T10:13:43.804978944Z {"seq": 178, "time_ns": 3518582544328, "event": "upstream_peer_closed", "id": "hit-r2-019"}
redis-fixture-1  | 2026-09-23T10:13:43.912928743Z {"seq": 179, "time_ns": 3518690603641, "event": "redis_release_requested", "id": "hit-r2-019"}
redis-fixture-1  | 2026-09-23T10:13:43.917225631Z {"seq": 180, "time_ns": 3518694838738, "event": "prepared", "id": "hit-r2-020", "mode": "hit", "key": "higress-audit:hit-r2-020", "value": "{\"source\":\"cache\",\"value\":\"fixture-only\"}"}
redis-fixture-1  | 2026-09-23T10:13:43.932784887Z {"seq": 181, "time_ns": 3518710343685, "event": "upstream_seen", "id": "hit-r2-020", "headers": {"host": "127.0.0.1:19468", "user-agent": "curl/7.81.0", "accept": "*/*", "x-http-cache-key": "hit-r2-020", "x-verification-id": "hit-r2-020", "x-forwarded-proto": "http", "x-envoy-original-host": "127.0.0.1:19468", "x-request-id": "110bcd18-963b-4b26-9eb8-ed8d5dcb2f50", "x-envoy-expected-rq-timeout-ms": "15000", "req-start-time": "1790158423930"}}
redis-fixture-1  | 2026-09-23T10:13:43.936836113Z {"seq": 182, "time_ns": 3518714431910, "event": "redis_command", "id": "hit-r2-020", "command": "GET", "args": ["higress-audit:hit-r2-020"]}
redis-fixture-1  | 2026-09-23T10:13:43.936871051Z {"seq": 183, "time_ns": 3518714532614, "event": "redis_get_seen", "id": "hit-r2-020"}
redis-fixture-1  | 2026-09-23T10:13:43.958323674Z {"seq": 184, "time_ns": 3518735939163, "event": "redis_release_requested", "id": "hit-r2-020"}
redis-fixture-1  | 2026-09-23T10:13:43.958379911Z {"seq": 185, "time_ns": 3518736101948, "event": "redis_reply_released", "id": "hit-r2-020", "mode": "hit"}
redis-fixture-1  | 2026-09-23T10:13:43.962825179Z {"seq": 186, "time_ns": 3518740547285, "event": "client_complete", "id": "hit-r2-020", "status": "200", "curl_exit": 0, "body_sha256": "da87d065c0f96d585f02840dc10c88f7e8edac17ae77dbdae4b9e051a619338f"}
redis-fixture-1  | 2026-09-23T10:13:43.965432109Z {"seq": 187, "time_ns": 3518743040882, "event": "upstream_peer_closed", "id": "hit-r2-020"}
redis-fixture-1  | 2026-09-23T10:13:44.073970529Z {"seq": 188, "time_ns": 3518851546294, "event": "redis_release_requested", "id": "hit-r2-020"}
redis-fixture-1  | 2026-09-23T10:13:44.078399401Z {"seq": 189, "time_ns": 3518855998613, "event": "prepared", "id": "hit-r2-021", "mode": "hit", "key": "higress-audit:hit-r2-021", "value": "{\"source\":\"cache\",\"value\":\"fixture-only\"}"}
redis-fixture-1  | 2026-09-23T10:13:44.092730491Z {"seq": 190, "time_ns": 3518870346904, "event": "upstream_seen", "id": "hit-r2-021", "headers": {"host": "127.0.0.1:19468", "user-agent": "curl/7.81.0", "accept": "*/*", "x-http-cache-key": "hit-r2-021", "x-verification-id": "hit-r2-021", "x-forwarded-proto": "http", "x-envoy-original-host": "127.0.0.1:19468", "x-request-id": "303ed47d-6c8d-4f95-82cc-163a951d840a", "x-envoy-expected-rq-timeout-ms": "15000", "req-start-time": "1790158424090"}}
redis-fixture-1  | 2026-09-23T10:13:44.096193087Z {"seq": 191, "time_ns": 3518873832688, "event": "redis_command", "id": "hit-r2-021", "command": "GET", "args": ["higress-audit:hit-r2-021"]}
redis-fixture-1  | 2026-09-23T10:13:44.096210537Z {"seq": 192, "time_ns": 3518873958221, "event": "redis_get_seen", "id": "hit-r2-021"}
redis-fixture-1  | 2026-09-23T10:13:44.117279395Z {"seq": 193, "time_ns": 3518894876739, "event": "redis_release_requested", "id": "hit-r2-021"}
redis-fixture-1  | 2026-09-23T10:13:44.117360208Z {"seq": 194, "time_ns": 3518895082708, "event": "redis_reply_released", "id": "hit-r2-021", "mode": "hit"}
redis-fixture-1  | 2026-09-23T10:13:44.121697443Z {"seq": 195, "time_ns": 3518899356766, "event": "client_complete", "id": "hit-r2-021", "status": "200", "curl_exit": 0, "body_sha256": "da87d065c0f96d585f02840dc10c88f7e8edac17ae77dbdae4b9e051a619338f"}
redis-fixture-1  | 2026-09-23T10:13:44.124391433Z {"seq": 196, "time_ns": 3518901999920, "event": "upstream_peer_closed", "id": "hit-r2-021"}
redis-fixture-1  | 2026-09-23T10:13:44.232272927Z {"seq": 197, "time_ns": 3519009922588, "event": "redis_release_requested", "id": "hit-r2-021"}
redis-fixture-1  | 2026-09-23T10:13:44.236134828Z {"seq": 198, "time_ns": 3519013751030, "event": "prepared", "id": "hit-r2-022", "mode": "hit", "key": "higress-audit:hit-r2-022", "value": "{\"source\":\"cache\",\"value\":\"fixture-only\"}"}
redis-fixture-1  | 2026-09-23T10:13:44.249569164Z {"seq": 199, "time_ns": 3519027221243, "event": "upstream_seen", "id": "hit-r2-022", "headers": {"host": "127.0.0.1:19468", "user-agent": "curl/7.81.0", "accept": "*/*", "x-http-cache-key": "hit-r2-022", "x-verification-id": "hit-r2-022", "x-forwarded-proto": "http", "x-envoy-original-host": "127.0.0.1:19468", "x-request-id": "0350bc1f-9d3a-4aac-a3c2-a4c7509f41fb", "x-envoy-expected-rq-timeout-ms": "15000", "req-start-time": "1790158424248"}}
redis-fixture-1  | 2026-09-23T10:13:44.252870713Z {"seq": 200, "time_ns": 3519030242618, "event": "redis_command", "id": "hit-r2-022", "command": "GET", "args": ["higress-audit:hit-r2-022"]}
redis-fixture-1  | 2026-09-23T10:13:44.254663393Z {"seq": 201, "time_ns": 3519032351684, "event": "redis_get_seen", "id": "hit-r2-022"}
redis-fixture-1  | 2026-09-23T10:13:44.276664965Z {"seq": 202, "time_ns": 3519054251637, "event": "redis_release_requested", "id": "hit-r2-022"}
redis-fixture-1  | 2026-09-23T10:13:44.276688381Z {"seq": 203, "time_ns": 3519054399568, "event": "redis_reply_released", "id": "hit-r2-022", "mode": "hit"}
redis-fixture-1  | 2026-09-23T10:13:44.280732467Z {"seq": 204, "time_ns": 3519058331334, "event": "client_complete", "id": "hit-r2-022", "status": "200", "curl_exit": 0, "body_sha256": "da87d065c0f96d585f02840dc10c88f7e8edac17ae77dbdae4b9e051a619338f"}
redis-fixture-1  | 2026-09-23T10:13:44.282959103Z {"seq": 205, "time_ns": 3519060628228, "event": "upstream_peer_closed", "id": "hit-r2-022"}
redis-fixture-1  | 2026-09-23T10:13:44.391022539Z {"seq": 206, "time_ns": 3519168588741, "event": "redis_release_requested", "id": "hit-r2-022"}
redis-fixture-1  | 2026-09-23T10:13:44.395337550Z {"seq": 207, "time_ns": 3519172913421, "event": "prepared", "id": "hit-r2-023", "mode": "hit", "key": "higress-audit:hit-r2-023", "value": "{\"source\":\"cache\",\"value\":\"fixture-only\"}"}
redis-fixture-1  | 2026-09-23T10:13:44.409777847Z {"seq": 208, "time_ns": 3519187448960, "event": "upstream_seen", "id": "hit-r2-023", "headers": {"host": "127.0.0.1:19468", "user-agent": "curl/7.81.0", "accept": "*/*", "x-http-cache-key": "hit-r2-023", "x-verification-id": "hit-r2-023", "x-forwarded-proto": "http", "x-envoy-original-host": "127.0.0.1:19468", "x-request-id": "f30f2614-9ef0-491a-b5e6-12592a3e74cc", "x-envoy-expected-rq-timeout-ms": "15000", "req-start-time": "1790158424408"}}
redis-fixture-1  | 2026-09-23T10:13:44.412874582Z {"seq": 209, "time_ns": 3519190420613, "event": "redis_command", "id": "hit-r2-023", "command": "GET", "args": ["higress-audit:hit-r2-023"]}
redis-fixture-1  | 2026-09-23T10:13:44.412923310Z {"seq": 210, "time_ns": 3519190495865, "event": "redis_get_seen", "id": "hit-r2-023"}
redis-fixture-1  | 2026-09-23T10:13:44.430492962Z {"seq": 211, "time_ns": 3519208046554, "event": "redis_release_requested", "id": "hit-r2-023"}
redis-fixture-1  | 2026-09-23T10:13:44.430526877Z {"seq": 212, "time_ns": 3519208191782, "event": "redis_reply_released", "id": "hit-r2-023", "mode": "hit"}
redis-fixture-1  | 2026-09-23T10:13:44.434766669Z {"seq": 213, "time_ns": 3519212471898, "event": "client_complete", "id": "hit-r2-023", "status": "200", "curl_exit": 0, "body_sha256": "da87d065c0f96d585f02840dc10c88f7e8edac17ae77dbdae4b9e051a619338f"}
redis-fixture-1  | 2026-09-23T10:13:44.436837744Z {"seq": 214, "time_ns": 3519214476026, "event": "upstream_peer_closed", "id": "hit-r2-023"}
redis-fixture-1  | 2026-09-23T10:13:44.545575806Z {"seq": 215, "time_ns": 3519323166028, "event": "redis_release_requested", "id": "hit-r2-023"}
redis-fixture-1  | 2026-09-23T10:13:44.549843538Z {"seq": 216, "time_ns": 3519327481034, "event": "prepared", "id": "hit-r2-024", "mode": "hit", "key": "higress-audit:hit-r2-024", "value": "{\"source\":\"cache\",\"value\":\"fixture-only\"}"}
redis-fixture-1  | 2026-09-23T10:13:44.565222877Z {"seq": 217, "time_ns": 3519342821738, "event": "upstream_seen", "id": "hit-r2-024", "headers": {"host": "127.0.0.1:19468", "user-agent": "curl/7.81.0", "accept": "*/*", "x-http-cache-key": "hit-r2-024", "x-verification-id": "hit-r2-024", "x-forwarded-proto": "http", "x-envoy-original-host": "127.0.0.1:19468", "x-request-id": "d6e2e966-3452-4bad-90ac-a30b3883d2c1", "x-envoy-expected-rq-timeout-ms": "15000", "req-start-time": "1790158424563"}}
redis-fixture-1  | 2026-09-23T10:13:44.568391129Z {"seq": 218, "time_ns": 3519345957548, "event": "redis_command", "id": "hit-r2-024", "command": "GET", "args": ["higress-audit:hit-r2-024"]}
redis-fixture-1  | 2026-09-23T10:13:44.568424589Z {"seq": 219, "time_ns": 3519346094025, "event": "redis_get_seen", "id": "hit-r2-024"}
redis-fixture-1  | 2026-09-23T10:13:44.577410284Z {"seq": 220, "time_ns": 3519355050284, "event": "redis_release_requested", "id": "hit-r2-024"}
redis-fixture-1  | 2026-09-23T10:13:44.577541532Z {"seq": 221, "time_ns": 3519355251609, "event": "redis_reply_released", "id": "hit-r2-024", "mode": "hit"}
redis-fixture-1  | 2026-09-23T10:13:44.582461601Z {"seq": 222, "time_ns": 3519360138569, "event": "client_complete", "id": "hit-r2-024", "status": "200", "curl_exit": 0, "body_sha256": "da87d065c0f96d585f02840dc10c88f7e8edac17ae77dbdae4b9e051a619338f"}
redis-fixture-1  | 2026-09-23T10:13:44.585120610Z {"seq": 223, "time_ns": 3519362801969, "event": "upstream_peer_closed", "id": "hit-r2-024"}
redis-fixture-1  | 2026-09-23T10:13:44.692846160Z {"seq": 224, "time_ns": 3519470457029, "event": "redis_release_requested", "id": "hit-r2-024"}
redis-fixture-1  | 2026-09-23T10:13:44.697192508Z {"seq": 225, "time_ns": 3519474753878, "event": "prepared", "id": "hit-r2-025", "mode": "hit", "key": "higress-audit:hit-r2-025", "value": "{\"source\":\"cache\",\"value\":\"fixture-only\"}"}
redis-fixture-1  | 2026-09-23T10:13:44.713023003Z {"seq": 226, "time_ns": 3519490568893, "event": "upstream_seen", "id": "hit-r2-025", "headers": {"host": "127.0.0.1:19468", "user-agent": "curl/7.81.0", "accept": "*/*", "x-http-cache-key": "hit-r2-025", "x-verification-id": "hit-r2-025", "x-forwarded-proto": "http", "x-envoy-original-host": "127.0.0.1:19468", "x-request-id": "03ac6116-f298-4572-89ee-5c40fd98204f", "x-envoy-expected-rq-timeout-ms": "15000", "req-start-time": "1790158424710"}}
redis-fixture-1  | 2026-09-23T10:13:44.716556697Z {"seq": 227, "time_ns": 3519494107604, "event": "redis_command", "id": "hit-r2-025", "command": "GET", "args": ["higress-audit:hit-r2-025"]}
redis-fixture-1  | 2026-09-23T10:13:44.716590208Z {"seq": 228, "time_ns": 3519494230996, "event": "redis_get_seen", "id": "hit-r2-025"}
redis-fixture-1  | 2026-09-23T10:13:44.738134331Z {"seq": 229, "time_ns": 3519515682832, "event": "redis_release_requested", "id": "hit-r2-025"}
redis-fixture-1  | 2026-09-23T10:13:44.738168366Z {"seq": 230, "time_ns": 3519515857875, "event": "redis_reply_released", "id": "hit-r2-025", "mode": "hit"}
redis-fixture-1  | 2026-09-23T10:13:44.742948166Z {"seq": 231, "time_ns": 3519520523979, "event": "client_complete", "id": "hit-r2-025", "status": "200", "curl_exit": 0, "body_sha256": "da87d065c0f96d585f02840dc10c88f7e8edac17ae77dbdae4b9e051a619338f"}
redis-fixture-1  | 2026-09-23T10:13:44.744848360Z {"seq": 232, "time_ns": 3519522486350, "event": "upstream_peer_closed", "id": "hit-r2-025"}
redis-fixture-1  | 2026-09-23T10:13:44.853318930Z {"seq": 233, "time_ns": 3519630941863, "event": "redis_release_requested", "id": "hit-r2-025"}
redis-fixture-1  | 2026-09-23T10:13:44.857796465Z {"seq": 234, "time_ns": 3519635372327, "event": "prepared", "id": "hit-r2-026", "mode": "hit", "key": "higress-audit:hit-r2-026", "value": "{\"source\":\"cache\",\"value\":\"fixture-only\"}"}
redis-fixture-1  | 2026-09-23T10:13:44.871006896Z {"seq": 235, "time_ns": 3519648723939, "event": "upstream_seen", "id": "hit-r2-026", "headers": {"host": "127.0.0.1:19468", "user-agent": "curl/7.81.0", "accept": "*/*", "x-http-cache-key": "hit-r2-026", "x-verification-id": "hit-r2-026", "x-forwarded-proto": "http", "x-envoy-original-host": "127.0.0.1:19468", "x-request-id": "775db844-f963-42d1-9252-793a0aa42f72", "x-envoy-expected-rq-timeout-ms": "15000", "req-start-time": "1790158424869"}}
redis-fixture-1  | 2026-09-23T10:13:44.871150529Z {"seq": 236, "time_ns": 3519648877253, "event": "redis_command", "id": "hit-r2-026", "command": "GET", "args": ["higress-audit:hit-r2-026"]}
redis-fixture-1  | 2026-09-23T10:13:44.871183581Z {"seq": 237, "time_ns": 3519648952382, "event": "redis_get_seen", "id": "hit-r2-026"}
redis-fixture-1  | 2026-09-23T10:13:44.883643746Z {"seq": 238, "time_ns": 3519661229857, "event": "redis_release_requested", "id": "hit-r2-026"}
redis-fixture-1  | 2026-09-23T10:13:44.883698138Z {"seq": 239, "time_ns": 3519661421514, "event": "redis_reply_released", "id": "hit-r2-026", "mode": "hit"}
redis-fixture-1  | 2026-09-23T10:13:44.887878930Z {"seq": 240, "time_ns": 3519665464984, "event": "client_complete", "id": "hit-r2-026", "status": "200", "curl_exit": 0, "body_sha256": "da87d065c0f96d585f02840dc10c88f7e8edac17ae77dbdae4b9e051a619338f"}
redis-fixture-1  | 2026-09-23T10:13:44.889857832Z {"seq": 241, "time_ns": 3519667464179, "event": "upstream_peer_closed", "id": "hit-r2-026"}
redis-fixture-1  | 2026-09-23T10:13:44.998524854Z {"seq": 242, "time_ns": 3519776128741, "event": "redis_release_requested", "id": "hit-r2-026"}
redis-fixture-1  | 2026-09-23T10:13:45.002956534Z {"seq": 243, "time_ns": 3519780584224, "event": "prepared", "id": "hit-r2-027", "mode": "hit", "key": "higress-audit:hit-r2-027", "value": "{\"source\":\"cache\",\"value\":\"fixture-only\"}"}
redis-fixture-1  | 2026-09-23T10:13:45.015431588Z {"seq": 244, "time_ns": 3519793017759, "event": "redis_command", "id": "hit-r2-027", "command": "GET", "args": ["higress-audit:hit-r2-027"]}
redis-fixture-1  | 2026-09-23T10:13:45.015523025Z {"seq": 245, "time_ns": 3519793250633, "event": "redis_get_seen", "id": "hit-r2-027"}
redis-fixture-1  | 2026-09-23T10:13:45.016071389Z {"seq": 246, "time_ns": 3519793742761, "event": "upstream_seen", "id": "hit-r2-027", "headers": {"host": "127.0.0.1:19468", "user-agent": "curl/7.81.0", "accept": "*/*", "x-http-cache-key": "hit-r2-027", "x-verification-id": "hit-r2-027", "x-forwarded-proto": "http", "x-envoy-original-host": "127.0.0.1:19468", "x-request-id": "cb960c8c-8da4-4c67-861c-a2bb2ca0eb65", "x-envoy-expected-rq-timeout-ms": "15000", "req-start-time": "1790158425013"}}
redis-fixture-1  | 2026-09-23T10:13:45.029289995Z {"seq": 247, "time_ns": 3519806871910, "event": "redis_release_requested", "id": "hit-r2-027"}
redis-fixture-1  | 2026-09-23T10:13:45.029345016Z {"seq": 248, "time_ns": 3519807062305, "event": "redis_reply_released", "id": "hit-r2-027", "mode": "hit"}
redis-fixture-1  | 2026-09-23T10:13:45.033624254Z {"seq": 249, "time_ns": 3519811353012, "event": "client_complete", "id": "hit-r2-027", "status": "200", "curl_exit": 0, "body_sha256": "da87d065c0f96d585f02840dc10c88f7e8edac17ae77dbdae4b9e051a619338f"}
redis-fixture-1  | 2026-09-23T10:13:45.035643274Z {"seq": 250, "time_ns": 3519813259973, "event": "upstream_peer_closed", "id": "hit-r2-027"}
redis-fixture-1  | 2026-09-23T10:13:45.143829312Z {"seq": 251, "time_ns": 3519921444413, "event": "redis_release_requested", "id": "hit-r2-027"}
redis-fixture-1  | 2026-09-23T10:13:45.148119524Z {"seq": 252, "time_ns": 3519925701198, "event": "prepared", "id": "hit-r2-028", "mode": "hit", "key": "higress-audit:hit-r2-028", "value": "{\"source\":\"cache\",\"value\":\"fixture-only\"}"}
redis-fixture-1  | 2026-09-23T10:13:45.161095761Z {"seq": 253, "time_ns": 3519938747398, "event": "upstream_seen", "id": "hit-r2-028", "headers": {"host": "127.0.0.1:19468", "user-agent": "curl/7.81.0", "accept": "*/*", "x-http-cache-key": "hit-r2-028", "x-verification-id": "hit-r2-028", "x-forwarded-proto": "http", "x-envoy-original-host": "127.0.0.1:19468", "x-request-id": "4c179d56-8114-46ad-b01b-029a4e42fb44", "x-envoy-expected-rq-timeout-ms": "15000", "req-start-time": "1790158425159"}}
redis-fixture-1  | 2026-09-23T10:13:45.164099439Z {"seq": 254, "time_ns": 3519941655895, "event": "redis_command", "id": "hit-r2-028", "command": "GET", "args": ["higress-audit:hit-r2-028"]}
redis-fixture-1  | 2026-09-23T10:13:45.164132887Z {"seq": 255, "time_ns": 3519941731328, "event": "redis_get_seen", "id": "hit-r2-028"}
redis-fixture-1  | 2026-09-23T10:13:45.174930897Z {"seq": 256, "time_ns": 3519952517312, "event": "redis_release_requested", "id": "hit-r2-028"}
redis-fixture-1  | 2026-09-23T10:13:45.174981465Z {"seq": 257, "time_ns": 3519952693582, "event": "redis_reply_released", "id": "hit-r2-028", "mode": "hit"}
redis-fixture-1  | 2026-09-23T10:13:45.179183492Z {"seq": 258, "time_ns": 3519956763347, "event": "client_complete", "id": "hit-r2-028", "status": "200", "curl_exit": 0, "body_sha256": "da87d065c0f96d585f02840dc10c88f7e8edac17ae77dbdae4b9e051a619338f"}
redis-fixture-1  | 2026-09-23T10:13:45.181139971Z {"seq": 259, "time_ns": 3519958726130, "event": "upstream_peer_closed", "id": "hit-r2-028"}
redis-fixture-1  | 2026-09-23T10:13:45.289564566Z {"seq": 260, "time_ns": 3520067121906, "event": "redis_release_requested", "id": "hit-r2-028"}
redis-fixture-1  | 2026-09-23T10:13:45.293616676Z {"seq": 261, "time_ns": 3520071218612, "event": "prepared", "id": "hit-r2-029", "mode": "hit", "key": "higress-audit:hit-r2-029", "value": "{\"source\":\"cache\",\"value\":\"fixture-only\"}"}
redis-fixture-1  | 2026-09-23T10:13:45.308874979Z {"seq": 262, "time_ns": 3520086502089, "event": "upstream_seen", "id": "hit-r2-029", "headers": {"host": "127.0.0.1:19468", "user-agent": "curl/7.81.0", "accept": "*/*", "x-http-cache-key": "hit-r2-029", "x-verification-id": "hit-r2-029", "x-forwarded-proto": "http", "x-envoy-original-host": "127.0.0.1:19468", "x-request-id": "8f29ba91-09c9-4ed3-8bba-b3a83c5c8eb1", "x-envoy-expected-rq-timeout-ms": "15000", "req-start-time": "1790158425306"}}
redis-fixture-1  | 2026-09-23T10:13:45.313609982Z {"seq": 263, "time_ns": 3520091160009, "event": "redis_command", "id": "hit-r2-029", "command": "GET", "args": ["higress-audit:hit-r2-029"]}
redis-fixture-1  | 2026-09-23T10:13:45.313643130Z {"seq": 264, "time_ns": 3520091239813, "event": "redis_get_seen", "id": "hit-r2-029"}
redis-fixture-1  | 2026-09-23T10:13:45.336405796Z {"seq": 265, "time_ns": 3520114036800, "event": "redis_release_requested", "id": "hit-r2-029"}
redis-fixture-1  | 2026-09-23T10:13:45.336529693Z {"seq": 266, "time_ns": 3520114216769, "event": "redis_reply_released", "id": "hit-r2-029", "mode": "hit"}
redis-fixture-1  | 2026-09-23T10:13:45.340761389Z {"seq": 267, "time_ns": 3520118425104, "event": "client_complete", "id": "hit-r2-029", "status": "200", "curl_exit": 0, "body_sha256": "da87d065c0f96d585f02840dc10c88f7e8edac17ae77dbdae4b9e051a619338f"}
redis-fixture-1  | 2026-09-23T10:13:45.343128547Z {"seq": 268, "time_ns": 3520120775767, "event": "upstream_peer_closed", "id": "hit-r2-029"}
redis-fixture-1  | 2026-09-23T10:13:45.451235927Z {"seq": 269, "time_ns": 3520228856399, "event": "redis_release_requested", "id": "hit-r2-029"}
redis-fixture-1  | 2026-09-23T10:13:45.455539616Z {"seq": 270, "time_ns": 3520233236558, "event": "prepared", "id": "hit-r2-030", "mode": "hit", "key": "higress-audit:hit-r2-030", "value": "{\"source\":\"cache\",\"value\":\"fixture-only\"}"}
redis-fixture-1  | 2026-09-23T10:13:45.468975372Z {"seq": 271, "time_ns": 3520246659183, "event": "upstream_seen", "id": "hit-r2-030", "headers": {"host": "127.0.0.1:19468", "user-agent": "curl/7.81.0", "accept": "*/*", "x-http-cache-key": "hit-r2-030", "x-verification-id": "hit-r2-030", "x-forwarded-proto": "http", "x-envoy-original-host": "127.0.0.1:19468", "x-request-id": "78588342-1e16-4a9c-8da8-812f4f132d91", "x-envoy-expected-rq-timeout-ms": "15000", "req-start-time": "1790158425467"}}
redis-fixture-1  | 2026-09-23T10:13:45.471867553Z {"seq": 272, "time_ns": 3520249453388, "event": "redis_command", "id": "hit-r2-030", "command": "GET", "args": ["higress-audit:hit-r2-030"]}
redis-fixture-1  | 2026-09-23T10:13:45.471917737Z {"seq": 273, "time_ns": 3520249537081, "event": "redis_get_seen", "id": "hit-r2-030"}
redis-fixture-1  | 2026-09-23T10:13:45.482711590Z {"seq": 274, "time_ns": 3520260398555, "event": "redis_release_requested", "id": "hit-r2-030"}
redis-fixture-1  | 2026-09-23T10:13:45.482897504Z {"seq": 275, "time_ns": 3520260578032, "event": "redis_reply_released", "id": "hit-r2-030", "mode": "hit"}
redis-fixture-1  | 2026-09-23T10:13:45.487086727Z {"seq": 276, "time_ns": 3520264745671, "event": "client_complete", "id": "hit-r2-030", "status": "200", "curl_exit": 0, "body_sha256": "da87d065c0f96d585f02840dc10c88f7e8edac17ae77dbdae4b9e051a619338f"}
redis-fixture-1  | 2026-09-23T10:13:45.489282439Z {"seq": 277, "time_ns": 3520266871309, "event": "upstream_peer_closed", "id": "hit-r2-030"}
redis-fixture-1  | 2026-09-23T10:13:45.598495773Z {"seq": 278, "time_ns": 3520376133144, "event": "redis_release_requested", "id": "hit-r2-030"}
redis-fixture-1  | 2026-09-23T10:13:45.602325761Z {"seq": 279, "time_ns": 3520380029445, "event": "prepared", "id": "hit-r2-031", "mode": "hit", "key": "higress-audit:hit-r2-031", "value": "{\"source\":\"cache\",\"value\":\"fixture-only\"}"}
redis-fixture-1  | 2026-09-23T10:13:45.614936230Z {"seq": 280, "time_ns": 3520392650915, "event": "redis_command", "id": "hit-r2-031", "command": "GET", "args": ["higress-audit:hit-r2-031"]}
redis-fixture-1  | 2026-09-23T10:13:45.614958509Z {"seq": 281, "time_ns": 3520392709295, "event": "redis_get_seen", "id": "hit-r2-031"}
redis-fixture-1  | 2026-09-23T10:13:45.615363388Z {"seq": 282, "time_ns": 3520393103063, "event": "upstream_seen", "id": "hit-r2-031", "headers": {"host": "127.0.0.1:19468", "user-agent": "curl/7.81.0", "accept": "*/*", "x-http-cache-key": "hit-r2-031", "x-verification-id": "hit-r2-031", "x-forwarded-proto": "http", "x-envoy-original-host": "127.0.0.1:19468", "x-request-id": "b6641181-49ae-4b1d-b09e-67e708bd1d3d", "x-envoy-expected-rq-timeout-ms": "15000", "req-start-time": "1790158425613"}}
redis-fixture-1  | 2026-09-23T10:13:45.629805900Z {"seq": 283, "time_ns": 3520407448030, "event": "redis_release_requested", "id": "hit-r2-031"}
redis-fixture-1  | 2026-09-23T10:13:45.629955690Z {"seq": 284, "time_ns": 3520407710793, "event": "redis_reply_released", "id": "hit-r2-031", "mode": "hit"}
redis-fixture-1  | 2026-09-23T10:13:45.633400311Z {"seq": 285, "time_ns": 3520411133525, "event": "client_complete", "id": "hit-r2-031", "status": "200", "curl_exit": 0, "body_sha256": "da87d065c0f96d585f02840dc10c88f7e8edac17ae77dbdae4b9e051a619338f"}
redis-fixture-1  | 2026-09-23T10:13:45.635131511Z {"seq": 286, "time_ns": 3520412885428, "event": "upstream_peer_closed", "id": "hit-r2-031"}
redis-fixture-1  | 2026-09-23T10:13:45.742995541Z {"seq": 287, "time_ns": 3520520679418, "event": "redis_release_requested", "id": "hit-r2-031"}
redis-fixture-1  | 2026-09-23T10:13:45.746995854Z {"seq": 288, "time_ns": 3520524703012, "event": "prepared", "id": "hit-r2-032", "mode": "hit", "key": "higress-audit:hit-r2-032", "value": "{\"source\":\"cache\",\"value\":\"fixture-only\"}"}
redis-fixture-1  | 2026-09-23T10:13:45.759657398Z {"seq": 289, "time_ns": 3520537049516, "event": "redis_command", "id": "hit-r2-032", "command": "GET", "args": ["higress-audit:hit-r2-032"]}
redis-fixture-1  | 2026-09-23T10:13:45.759787667Z {"seq": 290, "time_ns": 3520537505156, "event": "upstream_seen", "id": "hit-r2-032", "headers": {"host": "127.0.0.1:19468", "user-agent": "curl/7.81.0", "accept": "*/*", "x-http-cache-key": "hit-r2-032", "x-verification-id": "hit-r2-032", "x-forwarded-proto": "http", "x-envoy-original-host": "127.0.0.1:19468", "x-request-id": "dde0a001-d840-4b81-a60b-ac6428554564", "x-envoy-expected-rq-timeout-ms": "15000", "req-start-time": "1790158425758"}}
redis-fixture-1  | 2026-09-23T10:13:45.759851315Z {"seq": 291, "time_ns": 3520537564651, "event": "redis_get_seen", "id": "hit-r2-032"}
redis-fixture-1  | 2026-09-23T10:13:45.774627865Z {"seq": 292, "time_ns": 3520552321318, "event": "redis_release_requested", "id": "hit-r2-032"}
redis-fixture-1  | 2026-09-23T10:13:45.774818478Z {"seq": 293, "time_ns": 3520552499583, "event": "redis_reply_released", "id": "hit-r2-032", "mode": "hit"}
redis-fixture-1  | 2026-09-23T10:13:45.778743397Z {"seq": 294, "time_ns": 3520556446438, "event": "client_complete", "id": "hit-r2-032", "status": "200", "curl_exit": 0, "body_sha256": "da87d065c0f96d585f02840dc10c88f7e8edac17ae77dbdae4b9e051a619338f"}
redis-fixture-1  | 2026-09-23T10:13:45.780805235Z {"seq": 295, "time_ns": 3520558514313, "event": "upstream_peer_closed", "id": "hit-r2-032"}
redis-fixture-1  | 2026-09-23T10:13:45.889285543Z {"seq": 296, "time_ns": 3520666939810, "event": "redis_release_requested", "id": "hit-r2-032"}
redis-fixture-1  | 2026-09-23T10:13:45.893859429Z {"seq": 297, "time_ns": 3520671495112, "event": "prepared", "id": "hit-r2-033", "mode": "hit", "key": "higress-audit:hit-r2-033", "value": "{\"source\":\"cache\",\"value\":\"fixture-only\"}"}
redis-fixture-1  | 2026-09-23T10:13:45.908807461Z {"seq": 298, "time_ns": 3520686392961, "event": "upstream_seen", "id": "hit-r2-033", "headers": {"host": "127.0.0.1:19468", "user-agent": "curl/7.81.0", "accept": "*/*", "x-http-cache-key": "hit-r2-033", "x-verification-id": "hit-r2-033", "x-forwarded-proto": "http", "x-envoy-original-host": "127.0.0.1:19468", "x-request-id": "4cd4e9a9-8ab6-4cec-ab1c-90e8522376e2", "x-envoy-expected-rq-timeout-ms": "15000", "req-start-time": "1790158425906"}}
redis-fixture-1  | 2026-09-23T10:13:45.911128943Z {"seq": 299, "time_ns": 3520688832091, "event": "redis_command", "id": "hit-r2-033", "command": "GET", "args": ["higress-audit:hit-r2-033"]}
redis-fixture-1  | 2026-09-23T10:13:45.911147158Z {"seq": 300, "time_ns": 3520688906935, "event": "redis_get_seen", "id": "hit-r2-033"}
redis-fixture-1  | 2026-09-23T10:13:45.927383144Z {"seq": 301, "time_ns": 3520705067003, "event": "redis_release_requested", "id": "hit-r2-033"}
redis-fixture-1  | 2026-09-23T10:13:45.927521201Z {"seq": 302, "time_ns": 3520705226262, "event": "redis_reply_released", "id": "hit-r2-033", "mode": "hit"}
redis-fixture-1  | 2026-09-23T10:13:45.931364627Z {"seq": 303, "time_ns": 3520709118435, "event": "client_complete", "id": "hit-r2-033", "status": "200", "curl_exit": 0, "body_sha256": "da87d065c0f96d585f02840dc10c88f7e8edac17ae77dbdae4b9e051a619338f"}
redis-fixture-1  | 2026-09-23T10:13:45.934065970Z {"seq": 304, "time_ns": 3520711779755, "event": "upstream_peer_closed", "id": "hit-r2-033"}
redis-fixture-1  | 2026-09-23T10:13:46.042937716Z {"seq": 305, "time_ns": 3520820613120, "event": "redis_release_requested", "id": "hit-r2-033"}
redis-fixture-1  | 2026-09-23T10:13:46.047333021Z {"seq": 306, "time_ns": 3520825038013, "event": "prepared", "id": "hit-r2-034", "mode": "hit", "key": "higress-audit:hit-r2-034", "value": "{\"source\":\"cache\",\"value\":\"fixture-only\"}"}
redis-fixture-1  | 2026-09-23T10:13:46.060535467Z {"seq": 307, "time_ns": 3520838166078, "event": "upstream_seen", "id": "hit-r2-034", "headers": {"host": "127.0.0.1:19468", "user-agent": "curl/7.81.0", "accept": "*/*", "x-http-cache-key": "hit-r2-034", "x-verification-id": "hit-r2-034", "x-forwarded-proto": "http", "x-envoy-original-host": "127.0.0.1:19468", "x-request-id": "b4d7fae4-1e97-40de-9b62-4b32b1f470d2", "x-envoy-expected-rq-timeout-ms": "15000", "req-start-time": "1790158426058"}}
redis-fixture-1  | 2026-09-23T10:13:46.062842893Z {"seq": 308, "time_ns": 3520840509441, "event": "redis_command", "id": "hit-r2-034", "command": "GET", "args": ["higress-audit:hit-r2-034"]}
redis-fixture-1  | 2026-09-23T10:13:46.062882482Z {"seq": 309, "time_ns": 3520840585969, "event": "redis_get_seen", "id": "hit-r2-034"}
redis-fixture-1  | 2026-09-23T10:13:46.075971863Z {"seq": 310, "time_ns": 3520853632720, "event": "redis_release_requested", "id": "hit-r2-034"}
redis-fixture-1  | 2026-09-23T10:13:46.076085309Z {"seq": 311, "time_ns": 3520853765445, "event": "redis_reply_released", "id": "hit-r2-034", "mode": "hit"}
redis-fixture-1  | 2026-09-23T10:13:46.080495410Z {"seq": 312, "time_ns": 3520858139496, "event": "client_complete", "id": "hit-r2-034", "status": "200", "curl_exit": 0, "body_sha256": "da87d065c0f96d585f02840dc10c88f7e8edac17ae77dbdae4b9e051a619338f"}
redis-fixture-1  | 2026-09-23T10:13:46.082720470Z {"seq": 313, "time_ns": 3520860434525, "event": "upstream_peer_closed", "id": "hit-r2-034"}
redis-fixture-1  | 2026-09-23T10:13:46.191795813Z {"seq": 314, "time_ns": 3520969420668, "event": "redis_release_requested", "id": "hit-r2-034"}
redis-fixture-1  | 2026-09-23T10:13:46.196052963Z {"seq": 315, "time_ns": 3520973707477, "event": "prepared", "id": "hit-r2-035", "mode": "hit", "key": "higress-audit:hit-r2-035", "value": "{\"source\":\"cache\",\"value\":\"fixture-only\"}"}
redis-fixture-1  | 2026-09-23T10:13:46.208843973Z {"seq": 316, "time_ns": 3520986530553, "event": "upstream_seen", "id": "hit-r2-035", "headers": {"host": "127.0.0.1:19468", "user-agent": "curl/7.81.0", "accept": "*/*", "x-http-cache-key": "hit-r2-035", "x-verification-id": "hit-r2-035", "x-forwarded-proto": "http", "x-envoy-original-host": "127.0.0.1:19468", "x-request-id": "71d40025-2d29-4f52-b2ea-f6c89168c52d", "x-envoy-expected-rq-timeout-ms": "15000", "req-start-time": "1790158426207"}}
redis-fixture-1  | 2026-09-23T10:13:46.211703099Z {"seq": 317, "time_ns": 3520989361015, "event": "redis_command", "id": "hit-r2-035", "command": "GET", "args": ["higress-audit:hit-r2-035"]}
redis-fixture-1  | 2026-09-23T10:13:46.211722096Z {"seq": 318, "time_ns": 3520989434790, "event": "redis_get_seen", "id": "hit-r2-035"}
redis-fixture-1  | 2026-09-23T10:13:46.226305932Z {"seq": 319, "time_ns": 3521003848810, "event": "redis_release_requested", "id": "hit-r2-035"}
redis-fixture-1  | 2026-09-23T10:13:46.226380584Z {"seq": 320, "time_ns": 3521004068024, "event": "redis_reply_released", "id": "hit-r2-035", "mode": "hit"}
redis-fixture-1  | 2026-09-23T10:13:46.230859073Z {"seq": 321, "time_ns": 3521008566570, "event": "client_complete", "id": "hit-r2-035", "status": "200", "curl_exit": 0, "body_sha256": "da87d065c0f96d585f02840dc10c88f7e8edac17ae77dbdae4b9e051a619338f"}
redis-fixture-1  | 2026-09-23T10:13:46.232812381Z {"seq": 322, "time_ns": 3521010480851, "event": "upstream_peer_closed", "id": "hit-r2-035"}
redis-fixture-1  | 2026-09-23T10:13:46.342663178Z {"seq": 323, "time_ns": 3521120196768, "event": "redis_release_requested", "id": "hit-r2-035"}
redis-fixture-1  | 2026-09-23T10:13:46.346618888Z {"seq": 324, "time_ns": 3521124254212, "event": "prepared", "id": "hit-r2-036", "mode": "hit", "key": "higress-audit:hit-r2-036", "value": "{\"source\":\"cache\",\"value\":\"fixture-only\"}"}
redis-fixture-1  | 2026-09-23T10:13:46.360858474Z {"seq": 325, "time_ns": 3521138537020, "event": "upstream_seen", "id": "hit-r2-036", "headers": {"host": "127.0.0.1:19468", "user-agent": "curl/7.81.0", "accept": "*/*", "x-http-cache-key": "hit-r2-036", "x-verification-id": "hit-r2-036", "x-forwarded-proto": "http", "x-envoy-original-host": "127.0.0.1:19468", "x-request-id": "342201ef-dc6b-480e-8981-a24d0d1870ed", "x-envoy-expected-rq-timeout-ms": "15000", "req-start-time": "1790158426358"}}
redis-fixture-1  | 2026-09-23T10:13:46.363704636Z {"seq": 326, "time_ns": 3521141349951, "event": "redis_command", "id": "hit-r2-036", "command": "GET", "args": ["higress-audit:hit-r2-036"]}
redis-fixture-1  | 2026-09-23T10:13:46.363779000Z {"seq": 327, "time_ns": 3521141489780, "event": "redis_get_seen", "id": "hit-r2-036"}
redis-fixture-1  | 2026-09-23T10:13:46.375552552Z {"seq": 328, "time_ns": 3521153071152, "event": "redis_release_requested", "id": "hit-r2-036"}
redis-fixture-1  | 2026-09-23T10:13:46.375585308Z {"seq": 329, "time_ns": 3521153230436, "event": "redis_reply_released", "id": "hit-r2-036", "mode": "hit"}
redis-fixture-1  | 2026-09-23T10:13:46.379870472Z {"seq": 330, "time_ns": 3521157457797, "event": "client_complete", "id": "hit-r2-036", "status": "200", "curl_exit": 0, "body_sha256": "da87d065c0f96d585f02840dc10c88f7e8edac17ae77dbdae4b9e051a619338f"}
redis-fixture-1  | 2026-09-23T10:13:46.381963383Z {"seq": 331, "time_ns": 3521159554833, "event": "upstream_peer_closed", "id": "hit-r2-036"}
redis-fixture-1  | 2026-09-23T10:13:46.491613552Z {"seq": 332, "time_ns": 3521269143247, "event": "redis_release_requested", "id": "hit-r2-036"}
redis-fixture-1  | 2026-09-23T10:13:46.495628537Z {"seq": 333, "time_ns": 3521273298299, "event": "prepared", "id": "hit-r2-037", "mode": "hit", "key": "higress-audit:hit-r2-037", "value": "{\"source\":\"cache\",\"value\":\"fixture-only\"}"}
redis-fixture-1  | 2026-09-23T10:13:46.509884021Z {"seq": 334, "time_ns": 3521287552714, "event": "upstream_seen", "id": "hit-r2-037", "headers": {"host": "127.0.0.1:19468", "user-agent": "curl/7.81.0", "accept": "*/*", "x-http-cache-key": "hit-r2-037", "x-verification-id": "hit-r2-037", "x-forwarded-proto": "http", "x-envoy-original-host": "127.0.0.1:19468", "x-request-id": "c445f9bb-f4b9-40bc-b57e-d9aa90439e97", "x-envoy-expected-rq-timeout-ms": "15000", "req-start-time": "1790158426508"}}
redis-fixture-1  | 2026-09-23T10:13:46.512796633Z {"seq": 335, "time_ns": 3521290438054, "event": "redis_command", "id": "hit-r2-037", "command": "GET", "args": ["higress-audit:hit-r2-037"]}
redis-fixture-1  | 2026-09-23T10:13:46.512815725Z {"seq": 336, "time_ns": 3521290512155, "event": "redis_get_seen", "id": "hit-r2-037"}
redis-fixture-1  | 2026-09-23T10:13:46.527055758Z {"seq": 337, "time_ns": 3521304681410, "event": "redis_release_requested", "id": "hit-r2-037"}
redis-fixture-1  | 2026-09-23T10:13:46.527200863Z {"seq": 338, "time_ns": 3521304864411, "event": "redis_reply_released", "id": "hit-r2-037", "mode": "hit"}
redis-fixture-1  | 2026-09-23T10:13:46.531353650Z {"seq": 339, "time_ns": 3521309033872, "event": "client_complete", "id": "hit-r2-037", "status": "200", "curl_exit": 0, "body_sha256": "da87d065c0f96d585f02840dc10c88f7e8edac17ae77dbdae4b9e051a619338f"}
redis-fixture-1  | 2026-09-23T10:13:46.533891221Z {"seq": 340, "time_ns": 3521311455214, "event": "upstream_peer_closed", "id": "hit-r2-037"}
redis-fixture-1  | 2026-09-23T10:13:46.643373887Z {"seq": 341, "time_ns": 3521420941038, "event": "redis_release_requested", "id": "hit-r2-037"}
redis-fixture-1  | 2026-09-23T10:13:46.647847805Z {"seq": 342, "time_ns": 3521425431557, "event": "prepared", "id": "hit-r2-038", "mode": "hit", "key": "higress-audit:hit-r2-038", "value": "{\"source\":\"cache\",\"value\":\"fixture-only\"}"}
redis-fixture-1  | 2026-09-23T10:13:46.661818754Z {"seq": 343, "time_ns": 3521439419412, "event": "upstream_seen", "id": "hit-r2-038", "headers": {"host": "127.0.0.1:19468", "user-agent": "curl/7.81.0", "accept": "*/*", "x-http-cache-key": "hit-r2-038", "x-verification-id": "hit-r2-038", "x-forwarded-proto": "http", "x-envoy-original-host": "127.0.0.1:19468", "x-request-id": "9d1ab7ea-5ee4-4baf-be18-eb62a2eb37e1", "x-envoy-expected-rq-timeout-ms": "15000", "req-start-time": "1790158426659"}}
redis-fixture-1  | 2026-09-23T10:13:46.664711811Z {"seq": 344, "time_ns": 3521442317278, "event": "redis_command", "id": "hit-r2-038", "command": "GET", "args": ["higress-audit:hit-r2-038"]}
redis-fixture-1  | 2026-09-23T10:13:46.664745394Z {"seq": 345, "time_ns": 3521442392135, "event": "redis_get_seen", "id": "hit-r2-038"}
redis-fixture-1  | 2026-09-23T10:13:46.677244416Z {"seq": 346, "time_ns": 3521454787904, "event": "redis_release_requested", "id": "hit-r2-038"}
redis-fixture-1  | 2026-09-23T10:13:46.677284717Z {"seq": 347, "time_ns": 3521454923232, "event": "redis_reply_released", "id": "hit-r2-038", "mode": "hit"}
redis-fixture-1  | 2026-09-23T10:13:46.681708790Z {"seq": 348, "time_ns": 3521459269473, "event": "client_complete", "id": "hit-r2-038", "status": "200", "curl_exit": 0, "body_sha256": "da87d065c0f96d585f02840dc10c88f7e8edac17ae77dbdae4b9e051a619338f"}
redis-fixture-1  | 2026-09-23T10:13:46.684178257Z {"seq": 349, "time_ns": 3521461765745, "event": "upstream_peer_closed", "id": "hit-r2-038"}
redis-fixture-1  | 2026-09-23T10:13:46.792902418Z {"seq": 350, "time_ns": 3521570465138, "event": "redis_release_requested", "id": "hit-r2-038"}
redis-fixture-1  | 2026-09-23T10:13:46.796770866Z {"seq": 351, "time_ns": 3521574351304, "event": "prepared", "id": "hit-r2-039", "mode": "hit", "key": "higress-audit:hit-r2-039", "value": "{\"source\":\"cache\",\"value\":\"fixture-only\"}"}
redis-fixture-1  | 2026-09-23T10:13:46.812053597Z {"seq": 352, "time_ns": 3521589740540, "event": "upstream_seen", "id": "hit-r2-039", "headers": {"host": "127.0.0.1:19468", "user-agent": "curl/7.81.0", "accept": "*/*", "x-http-cache-key": "hit-r2-039", "x-verification-id": "hit-r2-039", "x-forwarded-proto": "http", "x-envoy-original-host": "127.0.0.1:19468", "x-request-id": "bfe14413-b0d0-4793-910a-ead007a730d4", "x-envoy-expected-rq-timeout-ms": "15000", "req-start-time": "1790158426810"}}
redis-fixture-1  | 2026-09-23T10:13:46.815085327Z {"seq": 353, "time_ns": 3521592683847, "event": "redis_command", "id": "hit-r2-039", "command": "GET", "args": ["higress-audit:hit-r2-039"]}
redis-fixture-1  | 2026-09-23T10:13:46.815353418Z {"seq": 354, "time_ns": 3521593057662, "event": "redis_get_seen", "id": "hit-r2-039"}
redis-fixture-1  | 2026-09-23T10:13:46.826629346Z {"seq": 355, "time_ns": 3521604267365, "event": "redis_release_requested", "id": "hit-r2-039"}
redis-fixture-1  | 2026-09-23T10:13:46.826685855Z {"seq": 356, "time_ns": 3521604403670, "event": "redis_reply_released", "id": "hit-r2-039", "mode": "hit"}
redis-fixture-1  | 2026-09-23T10:13:46.830897566Z {"seq": 357, "time_ns": 3521608579814, "event": "client_complete", "id": "hit-r2-039", "status": "200", "curl_exit": 0, "body_sha256": "da87d065c0f96d585f02840dc10c88f7e8edac17ae77dbdae4b9e051a619338f"}
redis-fixture-1  | 2026-09-23T10:13:46.833315023Z {"seq": 358, "time_ns": 3521610945990, "event": "upstream_peer_closed", "id": "hit-r2-039"}
redis-fixture-1  | 2026-09-23T10:13:46.942073569Z {"seq": 359, "time_ns": 3521719678020, "event": "redis_release_requested", "id": "hit-r2-039"}
redis-fixture-1  | 2026-09-23T10:13:46.946602072Z {"seq": 360, "time_ns": 3521724201898, "event": "prepared", "id": "hit-r2-040", "mode": "hit", "key": "higress-audit:hit-r2-040", "value": "{\"source\":\"cache\",\"value\":\"fixture-only\"}"}
redis-fixture-1  | 2026-09-23T10:13:46.961594471Z {"seq": 361, "time_ns": 3521739166315, "event": "upstream_seen", "id": "hit-r2-040", "headers": {"host": "127.0.0.1:19468", "user-agent": "curl/7.81.0", "accept": "*/*", "x-http-cache-key": "hit-r2-040", "x-verification-id": "hit-r2-040", "x-forwarded-proto": "http", "x-envoy-original-host": "127.0.0.1:19468", "x-request-id": "83d36720-4f69-4733-942a-cf2d65d8b781", "x-envoy-expected-rq-timeout-ms": "15000", "req-start-time": "1790158426959"}}
redis-fixture-1  | 2026-09-23T10:13:46.964157043Z {"seq": 362, "time_ns": 3521741818690, "event": "redis_command", "id": "hit-r2-040", "command": "GET", "args": ["higress-audit:hit-r2-040"]}
redis-fixture-1  | 2026-09-23T10:13:46.964187342Z {"seq": 363, "time_ns": 3521741893098, "event": "redis_get_seen", "id": "hit-r2-040"}
redis-fixture-1  | 2026-09-23T10:13:46.976056560Z {"seq": 364, "time_ns": 3521753703518, "event": "redis_release_requested", "id": "hit-r2-040"}
redis-fixture-1  | 2026-09-23T10:13:46.976115243Z {"seq": 365, "time_ns": 3521753845357, "event": "redis_reply_released", "id": "hit-r2-040", "mode": "hit"}
redis-fixture-1  | 2026-09-23T10:13:46.980334024Z {"seq": 366, "time_ns": 3521757899801, "event": "client_complete", "id": "hit-r2-040", "status": "200", "curl_exit": 0, "body_sha256": "da87d065c0f96d585f02840dc10c88f7e8edac17ae77dbdae4b9e051a619338f"}
redis-fixture-1  | 2026-09-23T10:13:46.982424079Z {"seq": 367, "time_ns": 3521760107653, "event": "upstream_peer_closed", "id": "hit-r2-040"}
redis-fixture-1  | 2026-09-23T10:13:47.091480843Z {"seq": 368, "time_ns": 3521869140523, "event": "redis_release_requested", "id": "hit-r2-040"}
redis-fixture-1  | 2026-09-23T10:13:47.095860360Z {"seq": 369, "time_ns": 3521873459879, "event": "prepared", "id": "hit-r2-041", "mode": "hit", "key": "higress-audit:hit-r2-041", "value": "{\"source\":\"cache\",\"value\":\"fixture-only\"}"}
redis-fixture-1  | 2026-09-23T10:13:47.109446909Z {"seq": 370, "time_ns": 3521887017887, "event": "upstream_seen", "id": "hit-r2-041", "headers": {"host": "127.0.0.1:19468", "user-agent": "curl/7.81.0", "accept": "*/*", "x-http-cache-key": "hit-r2-041", "x-verification-id": "hit-r2-041", "x-forwarded-proto": "http", "x-envoy-original-host": "127.0.0.1:19468", "x-request-id": "9f8f1960-8261-4cb7-8a29-87c0b12f7a50", "x-envoy-expected-rq-timeout-ms": "15000", "req-start-time": "1790158427107"}}
redis-fixture-1  | 2026-09-23T10:13:47.112184026Z {"seq": 371, "time_ns": 3521889724513, "event": "redis_command", "id": "hit-r2-041", "command": "GET", "args": ["higress-audit:hit-r2-041"]}
redis-fixture-1  | 2026-09-23T10:13:47.112217266Z {"seq": 372, "time_ns": 3521889802032, "event": "redis_get_seen", "id": "hit-r2-041"}
redis-fixture-1  | 2026-09-23T10:13:47.132860852Z {"seq": 373, "time_ns": 3521910550451, "event": "redis_release_requested", "id": "hit-r2-041"}
redis-fixture-1  | 2026-09-23T10:13:47.133022721Z {"seq": 374, "time_ns": 3521910687013, "event": "redis_reply_released", "id": "hit-r2-041", "mode": "hit"}
redis-fixture-1  | 2026-09-23T10:13:47.137535243Z {"seq": 375, "time_ns": 3521915151942, "event": "client_complete", "id": "hit-r2-041", "status": "200", "curl_exit": 0, "body_sha256": "da87d065c0f96d585f02840dc10c88f7e8edac17ae77dbdae4b9e051a619338f"}
redis-fixture-1  | 2026-09-23T10:13:47.139791152Z {"seq": 376, "time_ns": 3521917407770, "event": "upstream_peer_closed", "id": "hit-r2-041"}
redis-fixture-1  | 2026-09-23T10:13:47.249237398Z {"seq": 377, "time_ns": 3522026934876, "event": "redis_release_requested", "id": "hit-r2-041"}
redis-fixture-1  | 2026-09-23T10:13:47.253244233Z {"seq": 378, "time_ns": 3522030873669, "event": "prepared", "id": "hit-r2-042", "mode": "hit", "key": "higress-audit:hit-r2-042", "value": "{\"source\":\"cache\",\"value\":\"fixture-only\"}"}
redis-fixture-1  | 2026-09-23T10:13:47.266550578Z {"seq": 379, "time_ns": 3522044254246, "event": "upstream_seen", "id": "hit-r2-042", "headers": {"host": "127.0.0.1:19468", "user-agent": "curl/7.81.0", "accept": "*/*", "x-http-cache-key": "hit-r2-042", "x-verification-id": "hit-r2-042", "x-forwarded-proto": "http", "x-envoy-original-host": "127.0.0.1:19468", "x-request-id": "c539148d-24b9-4634-93fc-10bdae586025", "x-envoy-expected-rq-timeout-ms": "15000", "req-start-time": "1790158427264"}}
redis-fixture-1  | 2026-09-23T10:13:47.269494531Z {"seq": 380, "time_ns": 3522047061114, "event": "redis_command", "id": "hit-r2-042", "command": "GET", "args": ["higress-audit:hit-r2-042"]}
redis-fixture-1  | 2026-09-23T10:13:47.269529263Z {"seq": 381, "time_ns": 3522047104745, "event": "redis_get_seen", "id": "hit-r2-042"}
redis-fixture-1  | 2026-09-23T10:13:47.282337289Z {"seq": 382, "time_ns": 3522060048516, "event": "redis_release_requested", "id": "hit-r2-042"}
redis-fixture-1  | 2026-09-23T10:13:47.282480217Z {"seq": 383, "time_ns": 3522060191855, "event": "redis_reply_released", "id": "hit-r2-042", "mode": "hit"}
redis-fixture-1  | 2026-09-23T10:13:47.286268035Z {"seq": 384, "time_ns": 3522063919683, "event": "client_complete", "id": "hit-r2-042", "status": "200", "curl_exit": 0, "body_sha256": "da87d065c0f96d585f02840dc10c88f7e8edac17ae77dbdae4b9e051a619338f"}
redis-fixture-1  | 2026-09-23T10:13:47.288381870Z {"seq": 385, "time_ns": 3522066009463, "event": "upstream_peer_closed", "id": "hit-r2-042"}
redis-fixture-1  | 2026-09-23T10:13:47.397687565Z {"seq": 386, "time_ns": 3522175262152, "event": "redis_release_requested", "id": "hit-r2-042"}
redis-fixture-1  | 2026-09-23T10:13:47.401796959Z {"seq": 387, "time_ns": 3522179474681, "event": "prepared", "id": "hit-r2-043", "mode": "hit", "key": "higress-audit:hit-r2-043", "value": "{\"source\":\"cache\",\"value\":\"fixture-only\"}"}
redis-fixture-1  | 2026-09-23T10:13:47.415279116Z {"seq": 388, "time_ns": 3522193000254, "event": "redis_command", "id": "hit-r2-043", "command": "GET", "args": ["higress-audit:hit-r2-043"]}
redis-fixture-1  | 2026-09-23T10:13:47.415292206Z {"seq": 389, "time_ns": 3522193050597, "event": "redis_get_seen", "id": "hit-r2-043"}
redis-fixture-1  | 2026-09-23T10:13:47.415999998Z {"seq": 390, "time_ns": 3522193703198, "event": "upstream_seen", "id": "hit-r2-043", "headers": {"host": "127.0.0.1:19468", "user-agent": "curl/7.81.0", "accept": "*/*", "x-http-cache-key": "hit-r2-043", "x-verification-id": "hit-r2-043", "x-forwarded-proto": "http", "x-envoy-original-host": "127.0.0.1:19468", "x-request-id": "8039f133-e3b2-4a6c-b5cb-fa05873c8a41", "x-envoy-expected-rq-timeout-ms": "15000", "req-start-time": "1790158427413"}}
redis-fixture-1  | 2026-09-23T10:13:47.432437510Z {"seq": 391, "time_ns": 3522210083646, "event": "redis_release_requested", "id": "hit-r2-043"}
redis-fixture-1  | 2026-09-23T10:13:47.432519877Z {"seq": 392, "time_ns": 3522210231703, "event": "redis_reply_released", "id": "hit-r2-043", "mode": "hit"}
redis-fixture-1  | 2026-09-23T10:13:47.437505179Z {"seq": 393, "time_ns": 3522215061294, "event": "client_complete", "id": "hit-r2-043", "status": "200", "curl_exit": 0, "body_sha256": "da87d065c0f96d585f02840dc10c88f7e8edac17ae77dbdae4b9e051a619338f"}
redis-fixture-1  | 2026-09-23T10:13:47.439753563Z {"seq": 394, "time_ns": 3522217379437, "event": "upstream_peer_closed", "id": "hit-r2-043"}
redis-fixture-1  | 2026-09-23T10:13:47.549155927Z {"seq": 395, "time_ns": 3522326710174, "event": "redis_release_requested", "id": "hit-r2-043"}
redis-fixture-1  | 2026-09-23T10:13:47.553117483Z {"seq": 396, "time_ns": 3522330717507, "event": "prepared", "id": "hit-r2-044", "mode": "hit", "key": "higress-audit:hit-r2-044", "value": "{\"source\":\"cache\",\"value\":\"fixture-only\"}"}
redis-fixture-1  | 2026-09-23T10:13:47.566811472Z {"seq": 397, "time_ns": 3522344482951, "event": "upstream_seen", "id": "hit-r2-044", "headers": {"host": "127.0.0.1:19468", "user-agent": "curl/7.81.0", "accept": "*/*", "x-http-cache-key": "hit-r2-044", "x-verification-id": "hit-r2-044", "x-forwarded-proto": "http", "x-envoy-original-host": "127.0.0.1:19468", "x-request-id": "978c33e6-1abe-4e57-984e-8981c0977004", "x-envoy-expected-rq-timeout-ms": "15000", "req-start-time": "1790158427565"}}
redis-fixture-1  | 2026-09-23T10:13:47.569551550Z {"seq": 398, "time_ns": 3522347179459, "event": "redis_command", "id": "hit-r2-044", "command": "GET", "args": ["higress-audit:hit-r2-044"]}
redis-fixture-1  | 2026-09-23T10:13:47.569581859Z {"seq": 399, "time_ns": 3522347220056, "event": "redis_get_seen", "id": "hit-r2-044"}
redis-fixture-1  | 2026-09-23T10:13:47.582985339Z {"seq": 400, "time_ns": 3522360630160, "event": "redis_release_requested", "id": "hit-r2-044"}
redis-fixture-1  | 2026-09-23T10:13:47.583070710Z {"seq": 401, "time_ns": 3522360784968, "event": "redis_reply_released", "id": "hit-r2-044", "mode": "hit"}
redis-fixture-1  | 2026-09-23T10:13:47.587219531Z {"seq": 402, "time_ns": 3522364889150, "event": "client_complete", "id": "hit-r2-044", "status": "200", "curl_exit": 0, "body_sha256": "da87d065c0f96d585f02840dc10c88f7e8edac17ae77dbdae4b9e051a619338f"}
redis-fixture-1  | 2026-09-23T10:13:47.589240624Z {"seq": 403, "time_ns": 3522366905461, "event": "upstream_peer_closed", "id": "hit-r2-044"}
redis-fixture-1  | 2026-09-23T10:13:47.700512834Z {"seq": 404, "time_ns": 3522478071554, "event": "redis_release_requested", "id": "hit-r2-044"}
redis-fixture-1  | 2026-09-23T10:13:47.704950624Z {"seq": 405, "time_ns": 3522482587887, "event": "prepared", "id": "hit-r2-045", "mode": "hit", "key": "higress-audit:hit-r2-045", "value": "{\"source\":\"cache\",\"value\":\"fixture-only\"}"}
redis-fixture-1  | 2026-09-23T10:13:47.718978724Z {"seq": 406, "time_ns": 3522496639629, "event": "upstream_seen", "id": "hit-r2-045", "headers": {"host": "127.0.0.1:19468", "user-agent": "curl/7.81.0", "accept": "*/*", "x-http-cache-key": "hit-r2-045", "x-verification-id": "hit-r2-045", "x-forwarded-proto": "http", "x-envoy-original-host": "127.0.0.1:19468", "x-request-id": "cd2ff378-9729-4be3-b3ac-43b47821a883", "x-envoy-expected-rq-timeout-ms": "15000", "req-start-time": "1790158427717"}}
redis-fixture-1  | 2026-09-23T10:13:47.719031213Z {"seq": 407, "time_ns": 3522496758999, "event": "redis_command", "id": "hit-r2-045", "command": "GET", "args": ["higress-audit:hit-r2-045"]}
redis-fixture-1  | 2026-09-23T10:13:47.719061517Z {"seq": 408, "time_ns": 3522496802334, "event": "redis_get_seen", "id": "hit-r2-045"}
redis-fixture-1  | 2026-09-23T10:13:47.736307482Z {"seq": 409, "time_ns": 3522513922619, "event": "redis_release_requested", "id": "hit-r2-045"}
redis-fixture-1  | 2026-09-23T10:13:47.736360798Z {"seq": 410, "time_ns": 3522514093683, "event": "redis_reply_released", "id": "hit-r2-045", "mode": "hit"}
redis-fixture-1  | 2026-09-23T10:13:47.741236795Z {"seq": 411, "time_ns": 3522518897476, "event": "client_complete", "id": "hit-r2-045", "status": "200", "curl_exit": 0, "body_sha256": "da87d065c0f96d585f02840dc10c88f7e8edac17ae77dbdae4b9e051a619338f"}
redis-fixture-1  | 2026-09-23T10:13:47.743422744Z {"seq": 412, "time_ns": 3522521021817, "event": "upstream_peer_closed", "id": "hit-r2-045"}
redis-fixture-1  | 2026-09-23T10:13:47.852994259Z {"seq": 413, "time_ns": 3522630669984, "event": "redis_release_requested", "id": "hit-r2-045"}
redis-fixture-1  | 2026-09-23T10:13:47.857260934Z {"seq": 414, "time_ns": 3522634894910, "event": "prepared", "id": "hit-r2-046", "mode": "hit", "key": "higress-audit:hit-r2-046", "value": "{\"source\":\"cache\",\"value\":\"fixture-only\"}"}
redis-fixture-1  | 2026-09-23T10:13:47.872407585Z {"seq": 415, "time_ns": 3522650043342, "event": "upstream_seen", "id": "hit-r2-046", "headers": {"host": "127.0.0.1:19468", "user-agent": "curl/7.81.0", "accept": "*/*", "x-http-cache-key": "hit-r2-046", "x-verification-id": "hit-r2-046", "x-forwarded-proto": "http", "x-envoy-original-host": "127.0.0.1:19468", "x-request-id": "c425fc1d-dcbf-4c0e-9f27-9a37e9d8499b", "x-envoy-expected-rq-timeout-ms": "15000", "req-start-time": "1790158427870"}}
redis-fixture-1  | 2026-09-23T10:13:47.875273857Z {"seq": 416, "time_ns": 3522652894092, "event": "redis_command", "id": "hit-r2-046", "command": "GET", "args": ["higress-audit:hit-r2-046"]}
redis-fixture-1  | 2026-09-23T10:13:47.875307657Z {"seq": 417, "time_ns": 3522652937403, "event": "redis_get_seen", "id": "hit-r2-046"}
redis-fixture-1  | 2026-09-23T10:13:47.888163134Z {"seq": 418, "time_ns": 3522665799523, "event": "redis_release_requested", "id": "hit-r2-046"}
redis-fixture-1  | 2026-09-23T10:13:47.888239603Z {"seq": 419, "time_ns": 3522665956905, "event": "redis_reply_released", "id": "hit-r2-046", "mode": "hit"}
redis-fixture-1  | 2026-09-23T10:13:47.892593963Z {"seq": 420, "time_ns": 3522670167182, "event": "client_complete", "id": "hit-r2-046", "status": "200", "curl_exit": 0, "body_sha256": "da87d065c0f96d585f02840dc10c88f7e8edac17ae77dbdae4b9e051a619338f"}
redis-fixture-1  | 2026-09-23T10:13:47.894716224Z {"seq": 421, "time_ns": 3522672339543, "event": "upstream_peer_closed", "id": "hit-r2-046"}
redis-fixture-1  | 2026-09-23T10:13:48.002682590Z {"seq": 422, "time_ns": 3522780257862, "event": "redis_release_requested", "id": "hit-r2-046"}
redis-fixture-1  | 2026-09-23T10:13:48.006682820Z {"seq": 423, "time_ns": 3522784338234, "event": "prepared", "id": "hit-r2-047", "mode": "hit", "key": "higress-audit:hit-r2-047", "value": "{\"source\":\"cache\",\"value\":\"fixture-only\"}"}
redis-fixture-1  | 2026-09-23T10:13:48.020991827Z {"seq": 424, "time_ns": 3522798621861, "event": "upstream_seen", "id": "hit-r2-047", "headers": {"host": "127.0.0.1:19468", "user-agent": "curl/7.81.0", "accept": "*/*", "x-http-cache-key": "hit-r2-047", "x-verification-id": "hit-r2-047", "x-forwarded-proto": "http", "x-envoy-original-host": "127.0.0.1:19468", "x-request-id": "5b6453aa-5de8-484f-965b-cdd50ead08b0", "x-envoy-expected-rq-timeout-ms": "15000", "req-start-time": "1790158428019"}}
redis-fixture-1  | 2026-09-23T10:13:48.024090423Z {"seq": 425, "time_ns": 3522801484089, "event": "redis_command", "id": "hit-r2-047", "command": "GET", "args": ["higress-audit:hit-r2-047"]}
redis-fixture-1  | 2026-09-23T10:13:48.024165597Z {"seq": 426, "time_ns": 3522801889396, "event": "redis_get_seen", "id": "hit-r2-047"}
redis-fixture-1  | 2026-09-23T10:13:48.032385512Z {"seq": 427, "time_ns": 3522810111944, "event": "redis_release_requested", "id": "hit-r2-047"}
redis-fixture-1  | 2026-09-23T10:13:48.032575844Z {"seq": 428, "time_ns": 3522810262554, "event": "redis_reply_released", "id": "hit-r2-047", "mode": "hit"}
redis-fixture-1  | 2026-09-23T10:13:48.036960707Z {"seq": 429, "time_ns": 3522814604444, "event": "client_complete", "id": "hit-r2-047", "status": "200", "curl_exit": 0, "body_sha256": "da87d065c0f96d585f02840dc10c88f7e8edac17ae77dbdae4b9e051a619338f"}
redis-fixture-1  | 2026-09-23T10:13:48.038668120Z {"seq": 430, "time_ns": 3522816384955, "event": "upstream_peer_closed", "id": "hit-r2-047"}
redis-fixture-1  | 2026-09-23T10:13:48.147245175Z {"seq": 431, "time_ns": 3522924830047, "event": "redis_release_requested", "id": "hit-r2-047"}
redis-fixture-1  | 2026-09-23T10:13:48.151014813Z {"seq": 432, "time_ns": 3522928655705, "event": "prepared", "id": "hit-r2-048", "mode": "hit", "key": "higress-audit:hit-r2-048", "value": "{\"source\":\"cache\",\"value\":\"fixture-only\"}"}
redis-fixture-1  | 2026-09-23T10:13:48.165254118Z {"seq": 433, "time_ns": 3522942905466, "event": "upstream_seen", "id": "hit-r2-048", "headers": {"host": "127.0.0.1:19468", "user-agent": "curl/7.81.0", "accept": "*/*", "x-http-cache-key": "hit-r2-048", "x-verification-id": "hit-r2-048", "x-forwarded-proto": "http", "x-envoy-original-host": "127.0.0.1:19468", "x-request-id": "33c0837d-2893-46c6-ae31-223d44bb1a64", "x-envoy-expected-rq-timeout-ms": "15000", "req-start-time": "1790158428163"}}
redis-fixture-1  | 2026-09-23T10:13:48.168301306Z {"seq": 434, "time_ns": 3522945911672, "event": "redis_command", "id": "hit-r2-048", "command": "GET", "args": ["higress-audit:hit-r2-048"]}
redis-fixture-1  | 2026-09-23T10:13:48.168334098Z {"seq": 435, "time_ns": 3522945987062, "event": "redis_get_seen", "id": "hit-r2-048"}
redis-fixture-1  | 2026-09-23T10:13:48.182436860Z {"seq": 436, "time_ns": 3522960028179, "event": "redis_release_requested", "id": "hit-r2-048"}
redis-fixture-1  | 2026-09-23T10:13:48.182591096Z {"seq": 437, "time_ns": 3522960258672, "event": "redis_reply_released", "id": "hit-r2-048", "mode": "hit"}
redis-fixture-1  | 2026-09-23T10:13:48.186981001Z {"seq": 438, "time_ns": 3522964617088, "event": "client_complete", "id": "hit-r2-048", "status": "200", "curl_exit": 0, "body_sha256": "da87d065c0f96d585f02840dc10c88f7e8edac17ae77dbdae4b9e051a619338f"}
redis-fixture-1  | 2026-09-23T10:13:48.189353730Z {"seq": 439, "time_ns": 3522966934801, "event": "upstream_peer_closed", "id": "hit-r2-048"}
redis-fixture-1  | 2026-09-23T10:13:48.300091467Z {"seq": 440, "time_ns": 3523077780408, "event": "redis_release_requested", "id": "hit-r2-048"}
redis-fixture-1  | 2026-09-23T10:13:48.304174369Z {"seq": 441, "time_ns": 3523081827983, "event": "prepared", "id": "hit-r2-049", "mode": "hit", "key": "higress-audit:hit-r2-049", "value": "{\"source\":\"cache\",\"value\":\"fixture-only\"}"}
redis-fixture-1  | 2026-09-23T10:13:48.318171630Z {"seq": 442, "time_ns": 3523095787232, "event": "upstream_seen", "id": "hit-r2-049", "headers": {"host": "127.0.0.1:19468", "user-agent": "curl/7.81.0", "accept": "*/*", "x-http-cache-key": "hit-r2-049", "x-verification-id": "hit-r2-049", "x-forwarded-proto": "http", "x-envoy-original-host": "127.0.0.1:19468", "x-request-id": "8dada2af-5f86-46c9-bd91-3de71378f8db", "x-envoy-expected-rq-timeout-ms": "15000", "req-start-time": "1790158428316"}}
redis-fixture-1  | 2026-09-23T10:13:48.321149596Z {"seq": 443, "time_ns": 3523098755693, "event": "redis_command", "id": "hit-r2-049", "command": "GET", "args": ["higress-audit:hit-r2-049"]}
redis-fixture-1  | 2026-09-23T10:13:48.321179781Z {"seq": 444, "time_ns": 3523098831928, "event": "redis_get_seen", "id": "hit-r2-049"}
redis-fixture-1  | 2026-09-23T10:13:48.336626605Z {"seq": 445, "time_ns": 3523114237911, "event": "redis_release_requested", "id": "hit-r2-049"}
redis-fixture-1  | 2026-09-23T10:13:48.345241833Z {"seq": 446, "time_ns": 3523114434233, "event": "redis_reply_released", "id": "hit-r2-049", "mode": "hit"}
redis-fixture-1  | 2026-09-23T10:13:48.345268217Z {"seq": 447, "time_ns": 3523118842676, "event": "client_complete", "id": "hit-r2-049", "status": "200", "curl_exit": 0, "body_sha256": "da87d065c0f96d585f02840dc10c88f7e8edac17ae77dbdae4b9e051a619338f"}
redis-fixture-1  | 2026-09-23T10:13:48.345281670Z {"seq": 448, "time_ns": 3523120828541, "event": "upstream_peer_closed", "id": "hit-r2-049"}
redis-fixture-1  | 2026-09-23T10:13:48.452977907Z {"seq": 449, "time_ns": 3523230561267, "event": "redis_release_requested", "id": "hit-r2-049"}
redis-fixture-1  | 2026-09-23T10:13:48.471237095Z {"seq": 0, "time_ns": 3523248967259, "event": "prepared", "id": "hit-r3-000", "mode": "hit", "key": "higress-audit:hit-r3-000", "value": "{\"source\":\"cache\",\"value\":\"fixture-only\"}"}
redis-fixture-1  | 2026-09-23T10:13:48.483690587Z {"seq": 1, "time_ns": 3523261417153, "event": "upstream_seen", "id": "hit-r3-000", "headers": {"host": "127.0.0.1:19468", "user-agent": "curl/7.81.0", "accept": "*/*", "x-http-cache-key": "hit-r3-000", "x-verification-id": "hit-r3-000", "x-forwarded-proto": "http", "x-envoy-original-host": "127.0.0.1:19468", "x-request-id": "4b171aa4-d434-4fcb-800b-1f2f7cb3640d", "x-envoy-expected-rq-timeout-ms": "15000", "req-start-time": "1790158428482"}}
redis-fixture-1  | 2026-09-23T10:13:48.486532028Z {"seq": 2, "time_ns": 3523264253806, "event": "redis_command", "id": "hit-r3-000", "command": "GET", "args": ["higress-audit:hit-r3-000"]}
redis-fixture-1  | 2026-09-23T10:13:48.486575219Z {"seq": 3, "time_ns": 3523264334435, "event": "redis_get_seen", "id": "hit-r3-000"}
redis-fixture-1  | 2026-09-23T10:13:48.498595744Z {"seq": 4, "time_ns": 3523276326426, "event": "redis_release_requested", "id": "hit-r3-000"}
redis-fixture-1  | 2026-09-23T10:13:48.498725252Z {"seq": 5, "time_ns": 3523276447915, "event": "redis_reply_released", "id": "hit-r3-000", "mode": "hit"}
redis-fixture-1  | 2026-09-23T10:13:48.502311903Z {"seq": 6, "time_ns": 3523279995248, "event": "client_complete", "id": "hit-r3-000", "status": "200", "curl_exit": 0, "body_sha256": "da87d065c0f96d585f02840dc10c88f7e8edac17ae77dbdae4b9e051a619338f"}
redis-fixture-1  | 2026-09-23T10:13:48.503744249Z {"seq": 7, "time_ns": 3523281481704, "event": "upstream_peer_closed", "id": "hit-r3-000"}
redis-fixture-1  | 2026-09-23T10:13:48.609296069Z {"seq": 8, "time_ns": 3523386963879, "event": "redis_release_requested", "id": "hit-r3-000"}
redis-fixture-1  | 2026-09-23T10:13:48.613213082Z {"seq": 9, "time_ns": 3523390912216, "event": "prepared", "id": "hit-r3-001", "mode": "hit", "key": "higress-audit:hit-r3-001", "value": "{\"source\":\"cache\",\"value\":\"fixture-only\"}"}
redis-fixture-1  | 2026-09-23T10:13:48.624760952Z {"seq": 10, "time_ns": 3523402480177, "event": "upstream_seen", "id": "hit-r3-001", "headers": {"host": "127.0.0.1:19468", "user-agent": "curl/7.81.0", "accept": "*/*", "x-http-cache-key": "hit-r3-001", "x-verification-id": "hit-r3-001", "x-forwarded-proto": "http", "x-envoy-original-host": "127.0.0.1:19468", "x-request-id": "123522c7-0163-4120-9dfa-206c26a5338f", "x-envoy-expected-rq-timeout-ms": "15000", "req-start-time": "1790158428623"}}
redis-fixture-1  | 2026-09-23T10:13:48.627981480Z {"seq": 11, "time_ns": 3523405425318, "event": "redis_command", "id": "hit-r3-001", "command": "GET", "args": ["higress-audit:hit-r3-001"]}
redis-fixture-1  | 2026-09-23T10:13:48.628321690Z {"seq": 12, "time_ns": 3523406042247, "event": "redis_get_seen", "id": "hit-r3-001"}
redis-fixture-1  | 2026-09-23T10:13:48.644434795Z {"seq": 13, "time_ns": 3523422103415, "event": "redis_release_requested", "id": "hit-r3-001"}
redis-fixture-1  | 2026-09-23T10:13:48.644570968Z {"seq": 14, "time_ns": 3523422281521, "event": "redis_reply_released", "id": "hit-r3-001", "mode": "hit"}
redis-fixture-1  | 2026-09-23T10:13:48.649091498Z {"seq": 15, "time_ns": 3523426732518, "event": "client_complete", "id": "hit-r3-001", "status": "200", "curl_exit": 0, "body_sha256": "da87d065c0f96d585f02840dc10c88f7e8edac17ae77dbdae4b9e051a619338f"}
redis-fixture-1  | 2026-09-23T10:13:48.650869308Z {"seq": 16, "time_ns": 3523428588022, "event": "upstream_peer_closed", "id": "hit-r3-001"}
redis-fixture-1  | 2026-09-23T10:13:48.757537501Z {"seq": 17, "time_ns": 3523535043288, "event": "redis_release_requested", "id": "hit-r3-001"}
redis-fixture-1  | 2026-09-23T10:13:48.762094608Z {"seq": 18, "time_ns": 3523539707470, "event": "prepared", "id": "hit-r3-002", "mode": "hit", "key": "higress-audit:hit-r3-002", "value": "{\"source\":\"cache\",\"value\":\"fixture-only\"}"}
redis-fixture-1  | 2026-09-23T10:13:48.775469996Z {"seq": 19, "time_ns": 3523553115566, "event": "upstream_seen", "id": "hit-r3-002", "headers": {"host": "127.0.0.1:19468", "user-agent": "curl/7.81.0", "accept": "*/*", "x-http-cache-key": "hit-r3-002", "x-verification-id": "hit-r3-002", "x-forwarded-proto": "http", "x-envoy-original-host": "127.0.0.1:19468", "x-request-id": "d8e8598d-a9f8-493f-b62c-f3cea405c99a", "x-envoy-expected-rq-timeout-ms": "15000", "req-start-time": "1790158428773"}}
redis-fixture-1  | 2026-09-23T10:13:48.775557380Z {"seq": 20, "time_ns": 3523553271833, "event": "redis_command", "id": "hit-r3-002", "command": "GET", "args": ["higress-audit:hit-r3-002"]}
redis-fixture-1  | 2026-09-23T10:13:48.775594757Z {"seq": 21, "time_ns": 3523553345040, "event": "redis_get_seen", "id": "hit-r3-002"}
redis-fixture-1  | 2026-09-23T10:13:48.782627917Z {"seq": 22, "time_ns": 3523560161612, "event": "redis_release_requested", "id": "hit-r3-002"}
redis-fixture-1  | 2026-09-23T10:13:48.782676174Z {"seq": 23, "time_ns": 3523560334973, "event": "redis_reply_released", "id": "hit-r3-002", "mode": "hit"}
redis-fixture-1  | 2026-09-23T10:13:48.786725564Z {"seq": 24, "time_ns": 3523564373973, "event": "client_complete", "id": "hit-r3-002", "status": "200", "curl_exit": 0, "body_sha256": "da87d065c0f96d585f02840dc10c88f7e8edac17ae77dbdae4b9e051a619338f"}
redis-fixture-1  | 2026-09-23T10:13:48.788944228Z {"seq": 25, "time_ns": 3523566533585, "event": "upstream_peer_closed", "id": "hit-r3-002"}
redis-fixture-1  | 2026-09-23T10:13:48.894799572Z {"seq": 26, "time_ns": 3523672417191, "event": "redis_release_requested", "id": "hit-r3-002"}
redis-fixture-1  | 2026-09-23T10:13:48.898800273Z {"seq": 27, "time_ns": 3523676389029, "event": "prepared", "id": "hit-r3-003", "mode": "hit", "key": "higress-audit:hit-r3-003", "value": "{\"source\":\"cache\",\"value\":\"fixture-only\"}"}
redis-fixture-1  | 2026-09-23T10:13:48.912381220Z {"seq": 28, "time_ns": 3523689987820, "event": "upstream_seen", "id": "hit-r3-003", "headers": {"host": "127.0.0.1:19468", "user-agent": "curl/7.81.0", "accept": "*/*", "x-http-cache-key": "hit-r3-003", "x-verification-id": "hit-r3-003", "x-forwarded-proto": "http", "x-envoy-original-host": "127.0.0.1:19468", "x-request-id": "2c43b9c1-8667-40b1-9d09-595a0d5ad973", "x-envoy-expected-rq-timeout-ms": "15000", "req-start-time": "1790158428910"}}
redis-fixture-1  | 2026-09-23T10:13:48.915152213Z {"seq": 29, "time_ns": 3523692799656, "event": "redis_command", "id": "hit-r3-003", "command": "GET", "args": ["higress-audit:hit-r3-003"]}
redis-fixture-1  | 2026-09-23T10:13:48.915185541Z {"seq": 30, "time_ns": 3523692876225, "event": "redis_get_seen", "id": "hit-r3-003"}
redis-fixture-1  | 2026-09-23T10:13:48.931668040Z {"seq": 31, "time_ns": 3523709239563, "event": "redis_release_requested", "id": "hit-r3-003"}
redis-fixture-1  | 2026-09-23T10:13:48.931793541Z {"seq": 32, "time_ns": 3523709418241, "event": "redis_reply_released", "id": "hit-r3-003", "mode": "hit"}
redis-fixture-1  | 2026-09-23T10:13:48.936092700Z {"seq": 33, "time_ns": 3523713795281, "event": "client_complete", "id": "hit-r3-003", "status": "200", "curl_exit": 0, "body_sha256": "da87d065c0f96d585f02840dc10c88f7e8edac17ae77dbdae4b9e051a619338f"}
redis-fixture-1  | 2026-09-23T10:13:48.938220521Z {"seq": 34, "time_ns": 3523715936777, "event": "upstream_peer_closed", "id": "hit-r3-003"}
redis-fixture-1  | 2026-09-23T10:13:49.044818282Z {"seq": 35, "time_ns": 3523822382369, "event": "redis_release_requested", "id": "hit-r3-003"}
redis-fixture-1  | 2026-09-23T10:13:49.049158828Z {"seq": 36, "time_ns": 3523826729613, "event": "prepared", "id": "hit-r3-004", "mode": "hit", "key": "higress-audit:hit-r3-004", "value": "{\"source\":\"cache\",\"value\":\"fixture-only\"}"}
redis-fixture-1  | 2026-09-23T10:13:49.062711524Z {"seq": 37, "time_ns": 3523840400597, "event": "upstream_seen", "id": "hit-r3-004", "headers": {"host": "127.0.0.1:19468", "user-agent": "curl/7.81.0", "accept": "*/*", "x-http-cache-key": "hit-r3-004", "x-verification-id": "hit-r3-004", "x-forwarded-proto": "http", "x-envoy-original-host": "127.0.0.1:19468", "x-request-id": "405d3569-3e30-4ea4-88b4-9b8016aa5518", "x-envoy-expected-rq-timeout-ms": "15000", "req-start-time": "1790158429060"}}
redis-fixture-1  | 2026-09-23T10:13:49.066364623Z {"seq": 38, "time_ns": 3523843940450, "event": "redis_command", "id": "hit-r3-004", "command": "GET", "args": ["higress-audit:hit-r3-004"]}
redis-fixture-1  | 2026-09-23T10:13:49.066407796Z {"seq": 39, "time_ns": 3523844056927, "event": "redis_get_seen", "id": "hit-r3-004"}
redis-fixture-1  | 2026-09-23T10:13:49.083437448Z {"seq": 40, "time_ns": 3523861037011, "event": "redis_release_requested", "id": "hit-r3-004"}
redis-fixture-1  | 2026-09-23T10:13:49.083594244Z {"seq": 41, "time_ns": 3523861249440, "event": "redis_reply_released", "id": "hit-r3-004", "mode": "hit"}
redis-fixture-1  | 2026-09-23T10:13:49.088463496Z {"seq": 42, "time_ns": 3523866143919, "event": "client_complete", "id": "hit-r3-004", "status": "200", "curl_exit": 0, "body_sha256": "da87d065c0f96d585f02840dc10c88f7e8edac17ae77dbdae4b9e051a619338f"}
redis-fixture-1  | 2026-09-23T10:13:49.090487223Z {"seq": 43, "time_ns": 3523868145373, "event": "upstream_peer_closed", "id": "hit-r3-004"}
redis-fixture-1  | 2026-09-23T10:13:49.197166094Z {"seq": 44, "time_ns": 3523974754109, "event": "redis_release_requested", "id": "hit-r3-004"}
redis-fixture-1  | 2026-09-23T10:13:49.201230449Z {"seq": 45, "time_ns": 3523978862607, "event": "prepared", "id": "hit-r3-005", "mode": "hit", "key": "higress-audit:hit-r3-005", "value": "{\"source\":\"cache\",\"value\":\"fixture-only\"}"}
redis-fixture-1  | 2026-09-23T10:13:49.215819350Z {"seq": 46, "time_ns": 3523993268079, "event": "redis_command", "id": "hit-r3-005", "command": "GET", "args": ["higress-audit:hit-r3-005"]}
redis-fixture-1  | 2026-09-23T10:13:49.215888282Z {"seq": 47, "time_ns": 3523993602407, "event": "redis_get_seen", "id": "hit-r3-005"}
redis-fixture-1  | 2026-09-23T10:13:49.216074343Z {"seq": 48, "time_ns": 3523993788702, "event": "upstream_seen", "id": "hit-r3-005", "headers": {"host": "127.0.0.1:19468", "user-agent": "curl/7.81.0", "accept": "*/*", "x-http-cache-key": "hit-r3-005", "x-verification-id": "hit-r3-005", "x-forwarded-proto": "http", "x-envoy-original-host": "127.0.0.1:19468", "x-request-id": "7099c312-b7c2-4e79-81d9-c656fae6e061", "x-envoy-expected-rq-timeout-ms": "15000", "req-start-time": "1790158429213"}}
redis-fixture-1  | 2026-09-23T10:13:49.221761958Z {"seq": 49, "time_ns": 3523999374018, "event": "redis_release_requested", "id": "hit-r3-005"}
redis-fixture-1  | 2026-09-23T10:13:49.221919667Z {"seq": 50, "time_ns": 3523999592175, "event": "redis_reply_released", "id": "hit-r3-005", "mode": "hit"}
redis-fixture-1  | 2026-09-23T10:13:49.226461369Z {"seq": 51, "time_ns": 3524004163082, "event": "client_complete", "id": "hit-r3-005", "status": "200", "curl_exit": 0, "body_sha256": "da87d065c0f96d585f02840dc10c88f7e8edac17ae77dbdae4b9e051a619338f"}
redis-fixture-1  | 2026-09-23T10:13:49.228590281Z {"seq": 52, "time_ns": 3524006229935, "event": "upstream_peer_closed", "id": "hit-r3-005"}
redis-fixture-1  | 2026-09-23T10:13:49.334843279Z {"seq": 53, "time_ns": 3524112429607, "event": "redis_release_requested", "id": "hit-r3-005"}
redis-fixture-1  | 2026-09-23T10:13:49.338705769Z {"seq": 54, "time_ns": 3524116312241, "event": "prepared", "id": "hit-r3-006", "mode": "hit", "key": "higress-audit:hit-r3-006", "value": "{\"source\":\"cache\",\"value\":\"fixture-only\"}"}
redis-fixture-1  | 2026-09-23T10:13:49.353077353Z {"seq": 55, "time_ns": 3524130771783, "event": "upstream_seen", "id": "hit-r3-006", "headers": {"host": "127.0.0.1:19468", "user-agent": "curl/7.81.0", "accept": "*/*", "x-http-cache-key": "hit-r3-006", "x-verification-id": "hit-r3-006", "x-forwarded-proto": "http", "x-envoy-original-host": "127.0.0.1:19468", "x-request-id": "2bc542f1-a52d-40d2-b11c-b1a526c8681f", "x-envoy-expected-rq-timeout-ms": "15000", "req-start-time": "1790158429351"}}
redis-fixture-1  | 2026-09-23T10:13:49.356102115Z {"seq": 56, "time_ns": 3524133695998, "event": "redis_command", "id": "hit-r3-006", "command": "GET", "args": ["higress-audit:hit-r3-006"]}
redis-fixture-1  | 2026-09-23T10:13:49.356135900Z {"seq": 57, "time_ns": 3524133771550, "event": "redis_get_seen", "id": "hit-r3-006"}
redis-fixture-1  | 2026-09-23T10:13:49.372454674Z {"seq": 58, "time_ns": 3524150141643, "event": "redis_release_requested", "id": "hit-r3-006"}
redis-fixture-1  | 2026-09-23T10:13:49.372601023Z {"seq": 59, "time_ns": 3524150279282, "event": "redis_reply_released", "id": "hit-r3-006", "mode": "hit"}
redis-fixture-1  | 2026-09-23T10:13:49.377194677Z {"seq": 60, "time_ns": 3524154804483, "event": "client_complete", "id": "hit-r3-006", "status": "200", "curl_exit": 0, "body_sha256": "da87d065c0f96d585f02840dc10c88f7e8edac17ae77dbdae4b9e051a619338f"}
redis-fixture-1  | 2026-09-23T10:13:49.379105719Z {"seq": 61, "time_ns": 3524156762315, "event": "upstream_peer_closed", "id": "hit-r3-006"}
redis-fixture-1  | 2026-09-23T10:13:49.485708637Z {"seq": 62, "time_ns": 3524263329925, "event": "redis_release_requested", "id": "hit-r3-006"}
redis-fixture-1  | 2026-09-23T10:13:49.489623858Z {"seq": 63, "time_ns": 3524267239934, "event": "prepared", "id": "hit-r3-007", "mode": "hit", "key": "higress-audit:hit-r3-007", "value": "{\"source\":\"cache\",\"value\":\"fixture-only\"}"}
redis-fixture-1  | 2026-09-23T10:13:49.504798019Z {"seq": 64, "time_ns": 3524282336523, "event": "upstream_seen", "id": "hit-r3-007", "headers": {"host": "127.0.0.1:19468", "user-agent": "curl/7.81.0", "accept": "*/*", "x-http-cache-key": "hit-r3-007", "x-verification-id": "hit-r3-007", "x-forwarded-proto": "http", "x-envoy-original-host": "127.0.0.1:19468", "x-request-id": "59036722-985c-41c5-a3a5-69300999c07c", "x-envoy-expected-rq-timeout-ms": "15000", "req-start-time": "1790158429502"}}
redis-fixture-1  | 2026-09-23T10:13:49.507642388Z {"seq": 65, "time_ns": 3524285173867, "event": "redis_command", "id": "hit-r3-007", "command": "GET", "args": ["higress-audit:hit-r3-007"]}
redis-fixture-1  | 2026-09-23T10:13:49.507675944Z {"seq": 66, "time_ns": 3524285258716, "event": "redis_get_seen", "id": "hit-r3-007"}
redis-fixture-1  | 2026-09-23T10:13:49.524879342Z {"seq": 67, "time_ns": 3524302493917, "event": "redis_release_requested", "id": "hit-r3-007"}
redis-fixture-1  | 2026-09-23T10:13:49.525026383Z {"seq": 68, "time_ns": 3524302678075, "event": "redis_reply_released", "id": "hit-r3-007", "mode": "hit"}
redis-fixture-1  | 2026-09-23T10:13:49.529525449Z {"seq": 69, "time_ns": 3524307110454, "event": "client_complete", "id": "hit-r3-007", "status": "200", "curl_exit": 0, "body_sha256": "da87d065c0f96d585f02840dc10c88f7e8edac17ae77dbdae4b9e051a619338f"}
redis-fixture-1  | 2026-09-23T10:13:49.531433622Z {"seq": 70, "time_ns": 3524309056234, "event": "upstream_peer_closed", "id": "hit-r3-007"}
redis-fixture-1  | 2026-09-23T10:13:49.637977596Z {"seq": 71, "time_ns": 3524415505943, "event": "redis_release_requested", "id": "hit-r3-007"}
redis-fixture-1  | 2026-09-23T10:13:49.641976973Z {"seq": 72, "time_ns": 3524419558623, "event": "prepared", "id": "hit-r3-008", "mode": "hit", "key": "higress-audit:hit-r3-008", "value": "{\"source\":\"cache\",\"value\":\"fixture-only\"}"}
redis-fixture-1  | 2026-09-23T10:13:49.656591667Z {"seq": 73, "time_ns": 3524434277360, "event": "upstream_seen", "id": "hit-r3-008", "headers": {"host": "127.0.0.1:19468", "user-agent": "curl/7.81.0", "accept": "*/*", "x-http-cache-key": "hit-r3-008", "x-verification-id": "hit-r3-008", "x-forwarded-proto": "http", "x-envoy-original-host": "127.0.0.1:19468", "x-request-id": "1ad65fb5-897a-4c69-aa28-59295c673c81", "x-envoy-expected-rq-timeout-ms": "15000", "req-start-time": "1790158429654"}}
redis-fixture-1  | 2026-09-23T10:13:49.659908011Z {"seq": 74, "time_ns": 3524437477530, "event": "redis_command", "id": "hit-r3-008", "command": "GET", "args": ["higress-audit:hit-r3-008"]}
redis-fixture-1  | 2026-09-23T10:13:49.659943352Z {"seq": 75, "time_ns": 3524437576900, "event": "redis_get_seen", "id": "hit-r3-008"}
redis-fixture-1  | 2026-09-23T10:13:49.678004059Z {"seq": 76, "time_ns": 3524455568310, "event": "redis_release_requested", "id": "hit-r3-008"}
redis-fixture-1  | 2026-09-23T10:13:49.678135604Z {"seq": 77, "time_ns": 3524455775956, "event": "redis_reply_released", "id": "hit-r3-008", "mode": "hit"}
redis-fixture-1  | 2026-09-23T10:13:49.682757646Z {"seq": 78, "time_ns": 3524460374819, "event": "client_complete", "id": "hit-r3-008", "status": "200", "curl_exit": 0, "body_sha256": "da87d065c0f96d585f02840dc10c88f7e8edac17ae77dbdae4b9e051a619338f"}
redis-fixture-1  | 2026-09-23T10:13:49.685044544Z {"seq": 79, "time_ns": 3524462632535, "event": "upstream_peer_closed", "id": "hit-r3-008"}
redis-fixture-1  | 2026-09-23T10:13:49.791662677Z {"seq": 80, "time_ns": 3524569278732, "event": "redis_release_requested", "id": "hit-r3-008"}
redis-fixture-1  | 2026-09-23T10:13:49.795432374Z {"seq": 81, "time_ns": 3524573069458, "event": "prepared", "id": "hit-r3-009", "mode": "hit", "key": "higress-audit:hit-r3-009", "value": "{\"source\":\"cache\",\"value\":\"fixture-only\"}"}
redis-fixture-1  | 2026-09-23T10:13:49.809784317Z {"seq": 82, "time_ns": 3524587374117, "event": "upstream_seen", "id": "hit-r3-009", "headers": {"host": "127.0.0.1:19468", "user-agent": "curl/7.81.0", "accept": "*/*", "x-http-cache-key": "hit-r3-009", "x-verification-id": "hit-r3-009", "x-forwarded-proto": "http", "x-envoy-original-host": "127.0.0.1:19468", "x-request-id": "4de9cd3e-b712-4b2a-b79c-2be8b3980192", "x-envoy-expected-rq-timeout-ms": "15000", "req-start-time": "1790158429807"}}
redis-fixture-1  | 2026-09-23T10:13:49.812706607Z {"seq": 83, "time_ns": 3524590256742, "event": "redis_command", "id": "hit-r3-009", "command": "GET", "args": ["higress-audit:hit-r3-009"]}
redis-fixture-1  | 2026-09-23T10:13:49.812740220Z {"seq": 84, "time_ns": 3524590337798, "event": "redis_get_seen", "id": "hit-r3-009"}
redis-fixture-1  | 2026-09-23T10:13:49.831898362Z {"seq": 85, "time_ns": 3524609501256, "event": "redis_release_requested", "id": "hit-r3-009"}
redis-fixture-1  | 2026-09-23T10:13:49.832062432Z {"seq": 86, "time_ns": 3524609666351, "event": "redis_reply_released", "id": "hit-r3-009", "mode": "hit"}
redis-fixture-1  | 2026-09-23T10:13:49.836577610Z {"seq": 87, "time_ns": 3524614215906, "event": "client_complete", "id": "hit-r3-009", "status": "200", "curl_exit": 0, "body_sha256": "da87d065c0f96d585f02840dc10c88f7e8edac17ae77dbdae4b9e051a619338f"}
redis-fixture-1  | 2026-09-23T10:13:49.838966636Z {"seq": 88, "time_ns": 3524616655063, "event": "upstream_peer_closed", "id": "hit-r3-009"}
redis-fixture-1  | 2026-09-23T10:13:49.946422031Z {"seq": 89, "time_ns": 3524724090804, "event": "redis_release_requested", "id": "hit-r3-009"}
redis-fixture-1  | 2026-09-23T10:13:49.950299124Z {"seq": 90, "time_ns": 3524727997035, "event": "prepared", "id": "hit-r3-010", "mode": "hit", "key": "higress-audit:hit-r3-010", "value": "{\"source\":\"cache\",\"value\":\"fixture-only\"}"}
redis-fixture-1  | 2026-09-23T10:13:49.963798626Z {"seq": 91, "time_ns": 3524741538094, "event": "upstream_seen", "id": "hit-r3-010", "headers": {"host": "127.0.0.1:19468", "user-agent": "curl/7.81.0", "accept": "*/*", "x-http-cache-key": "hit-r3-010", "x-verification-id": "hit-r3-010", "x-forwarded-proto": "http", "x-envoy-original-host": "127.0.0.1:19468", "x-request-id": "7db93528-a074-4d27-a8d6-b6919a956625", "x-envoy-expected-rq-timeout-ms": "15000", "req-start-time": "1790158429962"}}
redis-fixture-1  | 2026-09-23T10:13:49.963933077Z {"seq": 92, "time_ns": 3524741667775, "event": "redis_command", "id": "hit-r3-010", "command": "GET", "args": ["higress-audit:hit-r3-010"]}
redis-fixture-1  | 2026-09-23T10:13:49.963974644Z {"seq": 93, "time_ns": 3524741745751, "event": "redis_get_seen", "id": "hit-r3-010"}
redis-fixture-1  | 2026-09-23T10:13:49.973062023Z {"seq": 94, "time_ns": 3524750640089, "event": "redis_release_requested", "id": "hit-r3-010"}
redis-fixture-1  | 2026-09-23T10:13:49.973104538Z {"seq": 95, "time_ns": 3524750822155, "event": "redis_reply_released", "id": "hit-r3-010", "mode": "hit"}
redis-fixture-1  | 2026-09-23T10:13:49.977101729Z {"seq": 96, "time_ns": 3524754710705, "event": "client_complete", "id": "hit-r3-010", "status": "200", "curl_exit": 0, "body_sha256": "da87d065c0f96d585f02840dc10c88f7e8edac17ae77dbdae4b9e051a619338f"}
redis-fixture-1  | 2026-09-23T10:13:49.979090331Z {"seq": 97, "time_ns": 3524756803103, "event": "upstream_peer_closed", "id": "hit-r3-010"}
redis-fixture-1  | 2026-09-23T10:13:50.086786050Z {"seq": 98, "time_ns": 3524864353646, "event": "redis_release_requested", "id": "hit-r3-010"}
redis-fixture-1  | 2026-09-23T10:13:50.090821604Z {"seq": 99, "time_ns": 3524868422822, "event": "prepared", "id": "hit-r3-011", "mode": "hit", "key": "higress-audit:hit-r3-011", "value": "{\"source\":\"cache\",\"value\":\"fixture-only\"}"}
redis-fixture-1  | 2026-09-23T10:13:50.104464350Z {"seq": 100, "time_ns": 3524882003212, "event": "upstream_seen", "id": "hit-r3-011", "headers": {"host": "127.0.0.1:19468", "user-agent": "curl/7.81.0", "accept": "*/*", "x-http-cache-key": "hit-r3-011", "x-verification-id": "hit-r3-011", "x-forwarded-proto": "http", "x-envoy-original-host": "127.0.0.1:19468", "x-request-id": "7d66a179-026a-4295-b652-148e6007a8d6", "x-envoy-expected-rq-timeout-ms": "15000", "req-start-time": "1790158430102"}}
redis-fixture-1  | 2026-09-23T10:13:50.108115005Z {"seq": 101, "time_ns": 3524885702353, "event": "redis_command", "id": "hit-r3-011", "command": "GET", "args": ["higress-audit:hit-r3-011"]}
redis-fixture-1  | 2026-09-23T10:13:50.108157650Z {"seq": 102, "time_ns": 3524885830606, "event": "redis_get_seen", "id": "hit-r3-011"}
redis-fixture-1  | 2026-09-23T10:13:50.126593359Z {"seq": 103, "time_ns": 3524904274280, "event": "redis_release_requested", "id": "hit-r3-011"}
redis-fixture-1  | 2026-09-23T10:13:50.126721584Z {"seq": 104, "time_ns": 3524904409044, "event": "redis_reply_released", "id": "hit-r3-011", "mode": "hit"}
redis-fixture-1  | 2026-09-23T10:13:50.131078280Z {"seq": 105, "time_ns": 3524908754063, "event": "client_complete", "id": "hit-r3-011", "status": "200", "curl_exit": 0, "body_sha256": "da87d065c0f96d585f02840dc10c88f7e8edac17ae77dbdae4b9e051a619338f"}
redis-fixture-1  | 2026-09-23T10:13:50.133373261Z {"seq": 106, "time_ns": 3524911006429, "event": "upstream_peer_closed", "id": "hit-r3-011"}
redis-fixture-1  | 2026-09-23T10:13:50.240104016Z {"seq": 107, "time_ns": 3525017714553, "event": "redis_release_requested", "id": "hit-r3-011"}
redis-fixture-1  | 2026-09-23T10:13:50.244102231Z {"seq": 108, "time_ns": 3525021730082, "event": "prepared", "id": "hit-r3-012", "mode": "hit", "key": "higress-audit:hit-r3-012", "value": "{\"source\":\"cache\",\"value\":\"fixture-only\"}"}
redis-fixture-1  | 2026-09-23T10:13:50.258242440Z {"seq": 109, "time_ns": 3525035924223, "event": "upstream_seen", "id": "hit-r3-012", "headers": {"host": "127.0.0.1:19468", "user-agent": "curl/7.81.0", "accept": "*/*", "x-http-cache-key": "hit-r3-012", "x-verification-id": "hit-r3-012", "x-forwarded-proto": "http", "x-envoy-original-host": "127.0.0.1:19468", "x-request-id": "b6da45d2-dc89-48bf-b373-57b721a7670f", "x-envoy-expected-rq-timeout-ms": "15000", "req-start-time": "1790158430256"}}
redis-fixture-1  | 2026-09-23T10:13:50.261206591Z {"seq": 110, "time_ns": 3525038808493, "event": "redis_command", "id": "hit-r3-012", "command": "GET", "args": ["higress-audit:hit-r3-012"]}
redis-fixture-1  | 2026-09-23T10:13:50.261238134Z {"seq": 111, "time_ns": 3525038887930, "event": "redis_get_seen", "id": "hit-r3-012"}
redis-fixture-1  | 2026-09-23T10:13:50.279525372Z {"seq": 112, "time_ns": 3525057157042, "event": "redis_release_requested", "id": "hit-r3-012"}
redis-fixture-1  | 2026-09-23T10:13:50.279644117Z {"seq": 113, "time_ns": 3525057325972, "event": "redis_reply_released", "id": "hit-r3-012", "mode": "hit"}
redis-fixture-1  | 2026-09-23T10:13:50.283788251Z {"seq": 114, "time_ns": 3525061425521, "event": "client_complete", "id": "hit-r3-012", "status": "200", "curl_exit": 0, "body_sha256": "da87d065c0f96d585f02840dc10c88f7e8edac17ae77dbdae4b9e051a619338f"}
redis-fixture-1  | 2026-09-23T10:13:50.286266606Z {"seq": 115, "time_ns": 3525063897048, "event": "upstream_peer_closed", "id": "hit-r3-012"}
redis-fixture-1  | 2026-09-23T10:13:50.393323387Z {"seq": 116, "time_ns": 3525170942319, "event": "redis_release_requested", "id": "hit-r3-012"}
redis-fixture-1  | 2026-09-23T10:13:50.397970319Z {"seq": 117, "time_ns": 3525175529553, "event": "prepared", "id": "hit-r3-013", "mode": "hit", "key": "higress-audit:hit-r3-013", "value": "{\"source\":\"cache\",\"value\":\"fixture-only\"}"}
redis-fixture-1  | 2026-09-23T10:13:50.410923083Z {"seq": 118, "time_ns": 3525188435167, "event": "upstream_seen", "id": "hit-r3-013", "headers": {"host": "127.0.0.1:19468", "user-agent": "curl/7.81.0", "accept": "*/*", "x-http-cache-key": "hit-r3-013", "x-verification-id": "hit-r3-013", "x-forwarded-proto": "http", "x-envoy-original-host": "127.0.0.1:19468", "x-request-id": "366bd312-0c71-46b7-9be6-d119c1797435", "x-envoy-expected-rq-timeout-ms": "15000", "req-start-time": "1790158430408"}}
redis-fixture-1  | 2026-09-23T10:13:50.414103214Z {"seq": 119, "time_ns": 3525191518665, "event": "redis_command", "id": "hit-r3-013", "command": "GET", "args": ["higress-audit:hit-r3-013"]}
redis-fixture-1  | 2026-09-23T10:13:50.414928610Z {"seq": 120, "time_ns": 3525192593949, "event": "redis_get_seen", "id": "hit-r3-013"}
redis-fixture-1  | 2026-09-23T10:13:50.431880814Z {"seq": 121, "time_ns": 3525209458907, "event": "redis_release_requested", "id": "hit-r3-013"}
redis-fixture-1  | 2026-09-23T10:13:50.431908611Z {"seq": 122, "time_ns": 3525209601188, "event": "redis_reply_released", "id": "hit-r3-013", "mode": "hit"}
redis-fixture-1  | 2026-09-23T10:13:50.435939778Z {"seq": 123, "time_ns": 3525213529380, "event": "client_complete", "id": "hit-r3-013", "status": "200", "curl_exit": 0, "body_sha256": "da87d065c0f96d585f02840dc10c88f7e8edac17ae77dbdae4b9e051a619338f"}
redis-fixture-1  | 2026-09-23T10:13:50.438239435Z {"seq": 124, "time_ns": 3525215887992, "event": "upstream_peer_closed", "id": "hit-r3-013"}
redis-fixture-1  | 2026-09-23T10:13:50.545661006Z {"seq": 125, "time_ns": 3525323227035, "event": "redis_release_requested", "id": "hit-r3-013"}
redis-fixture-1  | 2026-09-23T10:13:50.549767634Z {"seq": 126, "time_ns": 3525327326952, "event": "prepared", "id": "hit-r3-014", "mode": "hit", "key": "higress-audit:hit-r3-014", "value": "{\"source\":\"cache\",\"value\":\"fixture-only\"}"}
redis-fixture-1  | 2026-09-23T10:13:50.564799186Z {"seq": 127, "time_ns": 3525342367314, "event": "upstream_seen", "id": "hit-r3-014", "headers": {"host": "127.0.0.1:19468", "user-agent": "curl/7.81.0", "accept": "*/*", "x-http-cache-key": "hit-r3-014", "x-verification-id": "hit-r3-014", "x-forwarded-proto": "http", "x-envoy-original-host": "127.0.0.1:19468", "x-request-id": "09fad6f0-db7f-496f-b080-a2738e71dbea", "x-envoy-expected-rq-timeout-ms": "15000", "req-start-time": "1790158430562"}}
redis-fixture-1  | 2026-09-23T10:13:50.567612198Z {"seq": 128, "time_ns": 3525345171756, "event": "redis_command", "id": "hit-r3-014", "command": "GET", "args": ["higress-audit:hit-r3-014"]}
redis-fixture-1  | 2026-09-23T10:13:50.567647663Z {"seq": 129, "time_ns": 3525345217857, "event": "redis_get_seen", "id": "hit-r3-014"}
redis-fixture-1  | 2026-09-23T10:13:50.588488971Z {"seq": 130, "time_ns": 3525366020673, "event": "redis_release_requested", "id": "hit-r3-014"}
redis-fixture-1  | 2026-09-23T10:13:50.588523656Z {"seq": 131, "time_ns": 3525366180523, "event": "redis_reply_released", "id": "hit-r3-014", "mode": "hit"}
redis-fixture-1  | 2026-09-23T10:13:50.593269750Z {"seq": 132, "time_ns": 3525370831379, "event": "client_complete", "id": "hit-r3-014", "status": "200", "curl_exit": 0, "body_sha256": "da87d065c0f96d585f02840dc10c88f7e8edac17ae77dbdae4b9e051a619338f"}
redis-fixture-1  | 2026-09-23T10:13:50.595830562Z {"seq": 133, "time_ns": 3525373392273, "event": "upstream_peer_closed", "id": "hit-r3-014"}
redis-fixture-1  | 2026-09-23T10:13:50.702887699Z {"seq": 134, "time_ns": 3525480460284, "event": "redis_release_requested", "id": "hit-r3-014"}
redis-fixture-1  | 2026-09-23T10:13:50.707493358Z {"seq": 135, "time_ns": 3525485049741, "event": "prepared", "id": "hit-r3-015", "mode": "hit", "key": "higress-audit:hit-r3-015", "value": "{\"source\":\"cache\",\"value\":\"fixture-only\"}"}
redis-fixture-1  | 2026-09-23T10:13:50.721605854Z {"seq": 136, "time_ns": 3525499152062, "event": "upstream_seen", "id": "hit-r3-015", "headers": {"host": "127.0.0.1:19468", "user-agent": "curl/7.81.0", "accept": "*/*", "x-http-cache-key": "hit-r3-015", "x-verification-id": "hit-r3-015", "x-forwarded-proto": "http", "x-envoy-original-host": "127.0.0.1:19468", "x-request-id": "d17ce8dc-f297-42e9-9405-07d4aa032623", "x-envoy-expected-rq-timeout-ms": "15000", "req-start-time": "1790158430719"}}
redis-fixture-1  | 2026-09-23T10:13:50.725348931Z {"seq": 137, "time_ns": 3525502885834, "event": "redis_command", "id": "hit-r3-015", "command": "GET", "args": ["higress-audit:hit-r3-015"]}
redis-fixture-1  | 2026-09-23T10:13:50.725384432Z {"seq": 138, "time_ns": 3525502969735, "event": "redis_get_seen", "id": "hit-r3-015"}
redis-fixture-1  | 2026-09-23T10:13:50.745257528Z {"seq": 139, "time_ns": 3525522818599, "event": "redis_release_requested", "id": "hit-r3-015"}
redis-fixture-1  | 2026-09-23T10:13:50.745308897Z {"seq": 140, "time_ns": 3525522968345, "event": "redis_reply_released", "id": "hit-r3-015", "mode": "hit"}
redis-fixture-1  | 2026-09-23T10:13:50.750249789Z {"seq": 141, "time_ns": 3525527773391, "event": "client_complete", "id": "hit-r3-015", "status": "200", "curl_exit": 0, "body_sha256": "da87d065c0f96d585f02840dc10c88f7e8edac17ae77dbdae4b9e051a619338f"}
redis-fixture-1  | 2026-09-23T10:13:50.752632519Z {"seq": 142, "time_ns": 3525530212647, "event": "upstream_peer_closed", "id": "hit-r3-015"}
redis-fixture-1  | 2026-09-23T10:13:50.859697460Z {"seq": 143, "time_ns": 3525637243987, "event": "redis_release_requested", "id": "hit-r3-015"}
redis-fixture-1  | 2026-09-23T10:13:50.864267723Z {"seq": 144, "time_ns": 3525641846197, "event": "prepared", "id": "hit-r3-016", "mode": "hit", "key": "higress-audit:hit-r3-016", "value": "{\"source\":\"cache\",\"value\":\"fixture-only\"}"}
redis-fixture-1  | 2026-09-23T10:13:50.878041378Z {"seq": 145, "time_ns": 3525655608268, "event": "upstream_seen", "id": "hit-r3-016", "headers": {"host": "127.0.0.1:19468", "user-agent": "curl/7.81.0", "accept": "*/*", "x-http-cache-key": "hit-r3-016", "x-verification-id": "hit-r3-016", "x-forwarded-proto": "http", "x-envoy-original-host": "127.0.0.1:19468", "x-request-id": "bd703b28-c0b5-458b-82a9-cde1f83b3878", "x-envoy-expected-rq-timeout-ms": "15000", "req-start-time": "1790158430876"}}
redis-fixture-1  | 2026-09-23T10:13:50.880917527Z {"seq": 146, "time_ns": 3525658475961, "event": "redis_command", "id": "hit-r3-016", "command": "GET", "args": ["higress-audit:hit-r3-016"]}
redis-fixture-1  | 2026-09-23T10:13:50.880953767Z {"seq": 147, "time_ns": 3525658521742, "event": "redis_get_seen", "id": "hit-r3-016"}
redis-fixture-1  | 2026-09-23T10:13:50.888674837Z {"seq": 148, "time_ns": 3525666234513, "event": "redis_release_requested", "id": "hit-r3-016"}
redis-fixture-1  | 2026-09-23T10:13:50.888709062Z {"seq": 149, "time_ns": 3525666394736, "event": "redis_reply_released", "id": "hit-r3-016", "mode": "hit"}
redis-fixture-1  | 2026-09-23T10:13:50.893465829Z {"seq": 150, "time_ns": 3525671006008, "event": "client_complete", "id": "hit-r3-016", "status": "200", "curl_exit": 0, "body_sha256": "da87d065c0f96d585f02840dc10c88f7e8edac17ae77dbdae4b9e051a619338f"}
redis-fixture-1  | 2026-09-23T10:13:50.895899154Z {"seq": 151, "time_ns": 3525673474365, "event": "upstream_peer_closed", "id": "hit-r3-016"}
redis-fixture-1  | 2026-09-23T10:13:51.003036572Z {"seq": 152, "time_ns": 3525780601551, "event": "redis_release_requested", "id": "hit-r3-016"}
redis-fixture-1  | 2026-09-23T10:13:51.007127259Z {"seq": 153, "time_ns": 3525784709657, "event": "prepared", "id": "hit-r3-017", "mode": "hit", "key": "higress-audit:hit-r3-017", "value": "{\"source\":\"cache\",\"value\":\"fixture-only\"}"}
redis-fixture-1  | 2026-09-23T10:13:51.020939586Z {"seq": 154, "time_ns": 3525798495429, "event": "upstream_seen", "id": "hit-r3-017", "headers": {"host": "127.0.0.1:19468", "user-agent": "curl/7.81.0", "accept": "*/*", "x-http-cache-key": "hit-r3-017", "x-verification-id": "hit-r3-017", "x-forwarded-proto": "http", "x-envoy-original-host": "127.0.0.1:19468", "x-request-id": "b27dca70-a219-4c3e-8849-125fd73997e5", "x-envoy-expected-rq-timeout-ms": "15000", "req-start-time": "1790158431018"}}
redis-fixture-1  | 2026-09-23T10:13:51.023467334Z {"seq": 155, "time_ns": 3525801006712, "event": "redis_command", "id": "hit-r3-017", "command": "GET", "args": ["higress-audit:hit-r3-017"]}
redis-fixture-1  | 2026-09-23T10:13:51.023501662Z {"seq": 156, "time_ns": 3525801081237, "event": "redis_get_seen", "id": "hit-r3-017"}
redis-fixture-1  | 2026-09-23T10:13:51.030916621Z {"seq": 157, "time_ns": 3525808493164, "event": "redis_release_requested", "id": "hit-r3-017"}
redis-fixture-1  | 2026-09-23T10:13:51.030967509Z {"seq": 158, "time_ns": 3525808698497, "event": "redis_reply_released", "id": "hit-r3-017", "mode": "hit"}
redis-fixture-1  | 2026-09-23T10:13:51.035097356Z {"seq": 159, "time_ns": 3525812651626, "event": "client_complete", "id": "hit-r3-017", "status": "200", "curl_exit": 0, "body_sha256": "da87d065c0f96d585f02840dc10c88f7e8edac17ae77dbdae4b9e051a619338f"}
redis-fixture-1  | 2026-09-23T10:13:51.037441865Z {"seq": 160, "time_ns": 3525815027121, "event": "upstream_peer_closed", "id": "hit-r3-017"}
redis-fixture-1  | 2026-09-23T10:13:51.144972159Z {"seq": 161, "time_ns": 3525922551090, "event": "redis_release_requested", "id": "hit-r3-017"}
redis-fixture-1  | 2026-09-23T10:13:51.148878316Z {"seq": 162, "time_ns": 3525926444263, "event": "prepared", "id": "hit-r3-018", "mode": "hit", "key": "higress-audit:hit-r3-018", "value": "{\"source\":\"cache\",\"value\":\"fixture-only\"}"}
redis-fixture-1  | 2026-09-23T10:13:51.161780609Z {"seq": 163, "time_ns": 3525939356376, "event": "upstream_seen", "id": "hit-r3-018", "headers": {"host": "127.0.0.1:19468", "user-agent": "curl/7.81.0", "accept": "*/*", "x-http-cache-key": "hit-r3-018", "x-verification-id": "hit-r3-018", "x-forwarded-proto": "http", "x-envoy-original-host": "127.0.0.1:19468", "x-request-id": "84c350de-c937-4139-b8fc-0adff1c1cd6f", "x-envoy-expected-rq-timeout-ms": "15000", "req-start-time": "1790158431159"}}
redis-fixture-1  | 2026-09-23T10:13:51.164635077Z {"seq": 164, "time_ns": 3525942205999, "event": "redis_command", "id": "hit-r3-018", "command": "GET", "args": ["higress-audit:hit-r3-018"]}
redis-fixture-1  | 2026-09-23T10:13:51.164668754Z {"seq": 165, "time_ns": 3525942247255, "event": "redis_get_seen", "id": "hit-r3-018"}
redis-fixture-1  | 2026-09-23T10:13:51.172692414Z {"seq": 166, "time_ns": 3525950275217, "event": "redis_release_requested", "id": "hit-r3-018"}
redis-fixture-1  | 2026-09-23T10:13:51.172725350Z {"seq": 167, "time_ns": 3525950417714, "event": "redis_reply_released", "id": "hit-r3-018", "mode": "hit"}
redis-fixture-1  | 2026-09-23T10:13:51.176910830Z {"seq": 168, "time_ns": 3525954493028, "event": "client_complete", "id": "hit-r3-018", "status": "200", "curl_exit": 0, "body_sha256": "da87d065c0f96d585f02840dc10c88f7e8edac17ae77dbdae4b9e051a619338f"}
redis-fixture-1  | 2026-09-23T10:13:51.179312123Z {"seq": 169, "time_ns": 3525956903274, "event": "upstream_peer_closed", "id": "hit-r3-018"}
redis-fixture-1  | 2026-09-23T10:13:51.286784552Z {"seq": 170, "time_ns": 3526064401099, "event": "redis_release_requested", "id": "hit-r3-018"}
redis-fixture-1  | 2026-09-23T10:13:51.291024347Z {"seq": 171, "time_ns": 3526068669683, "event": "prepared", "id": "hit-r3-019", "mode": "hit", "key": "higress-audit:hit-r3-019", "value": "{\"source\":\"cache\",\"value\":\"fixture-only\"}"}
redis-fixture-1  | 2026-09-23T10:13:51.305548143Z {"seq": 172, "time_ns": 3526083131817, "event": "upstream_seen", "id": "hit-r3-019", "headers": {"host": "127.0.0.1:19468", "user-agent": "curl/7.81.0", "accept": "*/*", "x-http-cache-key": "hit-r3-019", "x-verification-id": "hit-r3-019", "x-forwarded-proto": "http", "x-envoy-original-host": "127.0.0.1:19468", "x-request-id": "e3e1a2b4-7564-47b2-80a4-d53968a42f79", "x-envoy-expected-rq-timeout-ms": "15000", "req-start-time": "1790158431303"}}
redis-fixture-1  | 2026-09-23T10:13:51.308203439Z {"seq": 173, "time_ns": 3526085822444, "event": "redis_command", "id": "hit-r3-019", "command": "GET", "args": ["higress-audit:hit-r3-019"]}
redis-fixture-1  | 2026-09-23T10:13:51.308237220Z {"seq": 174, "time_ns": 3526085953418, "event": "redis_get_seen", "id": "hit-r3-019"}
redis-fixture-1  | 2026-09-23T10:13:51.316001622Z {"seq": 175, "time_ns": 3526093617821, "event": "redis_release_requested", "id": "hit-r3-019"}
redis-fixture-1  | 2026-09-23T10:13:51.316051555Z {"seq": 176, "time_ns": 3526093725680, "event": "redis_reply_released", "id": "hit-r3-019", "mode": "hit"}
redis-fixture-1  | 2026-09-23T10:13:51.320365955Z {"seq": 177, "time_ns": 3526098011624, "event": "client_complete", "id": "hit-r3-019", "status": "200", "curl_exit": 0, "body_sha256": "da87d065c0f96d585f02840dc10c88f7e8edac17ae77dbdae4b9e051a619338f"}
redis-fixture-1  | 2026-09-23T10:13:51.323017522Z {"seq": 178, "time_ns": 3526100611006, "event": "upstream_peer_closed", "id": "hit-r3-019"}
redis-fixture-1  | 2026-09-23T10:13:51.430512087Z {"seq": 179, "time_ns": 3526208127943, "event": "redis_release_requested", "id": "hit-r3-019"}
redis-fixture-1  | 2026-09-23T10:13:51.434558074Z {"seq": 180, "time_ns": 3526212128252, "event": "prepared", "id": "hit-r3-020", "mode": "hit", "key": "higress-audit:hit-r3-020", "value": "{\"source\":\"cache\",\"value\":\"fixture-only\"}"}
redis-fixture-1  | 2026-09-23T10:13:51.448500733Z {"seq": 181, "time_ns": 3526226205948, "event": "upstream_seen", "id": "hit-r3-020", "headers": {"host": "127.0.0.1:19468", "user-agent": "curl/7.81.0", "accept": "*/*", "x-http-cache-key": "hit-r3-020", "x-verification-id": "hit-r3-020", "x-forwarded-proto": "http", "x-envoy-original-host": "127.0.0.1:19468", "x-request-id": "cc1e56c6-024a-4193-995b-8854fad4232a", "x-envoy-expected-rq-timeout-ms": "15000", "req-start-time": "1790158431446"}}
redis-fixture-1  | 2026-09-23T10:13:51.452406111Z {"seq": 182, "time_ns": 3526229942993, "event": "redis_command", "id": "hit-r3-020", "command": "GET", "args": ["higress-audit:hit-r3-020"]}
redis-fixture-1  | 2026-09-23T10:13:51.452439619Z {"seq": 183, "time_ns": 3526230020703, "event": "redis_get_seen", "id": "hit-r3-020"}
redis-fixture-1  | 2026-09-23T10:13:51.472592825Z {"seq": 184, "time_ns": 3526250175598, "event": "redis_release_requested", "id": "hit-r3-020"}
redis-fixture-1  | 2026-09-23T10:13:51.472644222Z {"seq": 185, "time_ns": 3526250342418, "event": "redis_reply_released", "id": "hit-r3-020", "mode": "hit"}
redis-fixture-1  | 2026-09-23T10:13:51.476853842Z {"seq": 186, "time_ns": 3526254440642, "event": "client_complete", "id": "hit-r3-020", "status": "200", "curl_exit": 0, "body_sha256": "da87d065c0f96d585f02840dc10c88f7e8edac17ae77dbdae4b9e051a619338f"}
redis-fixture-1  | 2026-09-23T10:13:51.478990502Z {"seq": 187, "time_ns": 3526256561346, "event": "upstream_peer_closed", "id": "hit-r3-020"}
redis-fixture-1  | 2026-09-23T10:13:51.587770083Z {"seq": 188, "time_ns": 3526365320271, "event": "redis_release_requested", "id": "hit-r3-020"}
redis-fixture-1  | 2026-09-23T10:13:51.591673528Z {"seq": 189, "time_ns": 3526369254958, "event": "prepared", "id": "hit-r3-021", "mode": "hit", "key": "higress-audit:hit-r3-021", "value": "{\"source\":\"cache\",\"value\":\"fixture-only\"}"}
redis-fixture-1  | 2026-09-23T10:13:51.604836428Z {"seq": 190, "time_ns": 3526382383686, "event": "upstream_seen", "id": "hit-r3-021", "headers": {"host": "127.0.0.1:19468", "user-agent": "curl/7.81.0", "accept": "*/*", "x-http-cache-key": "hit-r3-021", "x-verification-id": "hit-r3-021", "x-forwarded-proto": "http", "x-envoy-original-host": "127.0.0.1:19468", "x-request-id": "ef064f58-0f2c-45ca-b4d9-3f73d596e992", "x-envoy-expected-rq-timeout-ms": "15000", "req-start-time": "1790158431602"}}
redis-fixture-1  | 2026-09-23T10:13:51.607273554Z {"seq": 191, "time_ns": 3526384878376, "event": "redis_command", "id": "hit-r3-021", "command": "GET", "args": ["higress-audit:hit-r3-021"]}
redis-fixture-1  | 2026-09-23T10:13:51.607307097Z {"seq": 192, "time_ns": 3526384952625, "event": "redis_get_seen", "id": "hit-r3-021"}
redis-fixture-1  | 2026-09-23T10:13:51.615821913Z {"seq": 193, "time_ns": 3526393464460, "event": "redis_release_requested", "id": "hit-r3-021"}
redis-fixture-1  | 2026-09-23T10:13:51.615872713Z {"seq": 194, "time_ns": 3526393606390, "event": "redis_reply_released", "id": "hit-r3-021", "mode": "hit"}
redis-fixture-1  | 2026-09-23T10:13:51.620156218Z {"seq": 195, "time_ns": 3526397742846, "event": "client_complete", "id": "hit-r3-021", "status": "200", "curl_exit": 0, "body_sha256": "da87d065c0f96d585f02840dc10c88f7e8edac17ae77dbdae4b9e051a619338f"}
redis-fixture-1  | 2026-09-23T10:13:51.622260385Z {"seq": 196, "time_ns": 3526399837995, "event": "upstream_peer_closed", "id": "hit-r3-021"}
redis-fixture-1  | 2026-09-23T10:13:51.730259389Z {"seq": 197, "time_ns": 3526507826500, "event": "redis_release_requested", "id": "hit-r3-021"}
redis-fixture-1  | 2026-09-23T10:13:51.734951456Z {"seq": 198, "time_ns": 3526512581338, "event": "prepared", "id": "hit-r3-022", "mode": "hit", "key": "higress-audit:hit-r3-022", "value": "{\"source\":\"cache\",\"value\":\"fixture-only\"}"}
redis-fixture-1  | 2026-09-23T10:13:51.747153868Z {"seq": 199, "time_ns": 3526524857586, "event": "redis_command", "id": "hit-r3-022", "command": "GET", "args": ["higress-audit:hit-r3-022"]}
redis-fixture-1  | 2026-09-23T10:13:51.747172904Z {"seq": 200, "time_ns": 3526524905889, "event": "redis_get_seen", "id": "hit-r3-022"}
redis-fixture-1  | 2026-09-23T10:13:51.747567456Z {"seq": 201, "time_ns": 3526525263265, "event": "upstream_seen", "id": "hit-r3-022", "headers": {"host": "127.0.0.1:19468", "user-agent": "curl/7.81.0", "accept": "*/*", "x-http-cache-key": "hit-r3-022", "x-verification-id": "hit-r3-022", "x-forwarded-proto": "http", "x-envoy-original-host": "127.0.0.1:19468", "x-request-id": "ce8502ff-a141-4a15-91a4-1ae710ef5ae5", "x-envoy-expected-rq-timeout-ms": "15000", "req-start-time": "1790158431745"}}
redis-fixture-1  | 2026-09-23T10:13:51.759130273Z {"seq": 202, "time_ns": 3526536719066, "event": "redis_release_requested", "id": "hit-r3-022"}
redis-fixture-1  | 2026-09-23T10:13:51.759162582Z {"seq": 203, "time_ns": 3526536860072, "event": "redis_reply_released", "id": "hit-r3-022", "mode": "hit"}
redis-fixture-1  | 2026-09-23T10:13:51.762955059Z {"seq": 204, "time_ns": 3526540593771, "event": "client_complete", "id": "hit-r3-022", "status": "200", "curl_exit": 0, "body_sha256": "da87d065c0f96d585f02840dc10c88f7e8edac17ae77dbdae4b9e051a619338f"}
redis-fixture-1  | 2026-09-23T10:13:51.765206823Z {"seq": 205, "time_ns": 3526542826231, "event": "upstream_peer_closed", "id": "hit-r3-022"}
redis-fixture-1  | 2026-09-23T10:13:51.873715403Z {"seq": 206, "time_ns": 3526651259448, "event": "redis_release_requested", "id": "hit-r3-022"}
redis-fixture-1  | 2026-09-23T10:13:51.877572788Z {"seq": 207, "time_ns": 3526655196569, "event": "prepared", "id": "hit-r3-023", "mode": "hit", "key": "higress-audit:hit-r3-023", "value": "{\"source\":\"cache\",\"value\":\"fixture-only\"}"}
redis-fixture-1  | 2026-09-23T10:13:51.890578949Z {"seq": 208, "time_ns": 3526668193327, "event": "upstream_seen", "id": "hit-r3-023", "headers": {"host": "127.0.0.1:19468", "user-agent": "curl/7.81.0", "accept": "*/*", "x-http-cache-key": "hit-r3-023", "x-verification-id": "hit-r3-023", "x-forwarded-proto": "http", "x-envoy-original-host": "127.0.0.1:19468", "x-request-id": "6916966f-a181-454f-a76f-a39980f9fb70", "x-envoy-expected-rq-timeout-ms": "15000", "req-start-time": "1790158431888"}}
redis-fixture-1  | 2026-09-23T10:13:51.893473059Z {"seq": 209, "time_ns": 3526671031762, "event": "redis_command", "id": "hit-r3-023", "command": "GET", "args": ["higress-audit:hit-r3-023"]}
redis-fixture-1  | 2026-09-23T10:13:51.893504511Z {"seq": 210, "time_ns": 3526671105847, "event": "redis_get_seen", "id": "hit-r3-023"}
redis-fixture-1  | 2026-09-23T10:13:51.903240212Z {"seq": 211, "time_ns": 3526680799114, "event": "redis_release_requested", "id": "hit-r3-023"}
redis-fixture-1  | 2026-09-23T10:13:51.903272768Z {"seq": 212, "time_ns": 3526680943836, "event": "redis_reply_released", "id": "hit-r3-023", "mode": "hit"}
redis-fixture-1  | 2026-09-23T10:13:51.907677958Z {"seq": 213, "time_ns": 3526685267070, "event": "client_complete", "id": "hit-r3-023", "status": "200", "curl_exit": 0, "body_sha256": "da87d065c0f96d585f02840dc10c88f7e8edac17ae77dbdae4b9e051a619338f"}
redis-fixture-1  | 2026-09-23T10:13:51.909906194Z {"seq": 214, "time_ns": 3526687497709, "event": "upstream_peer_closed", "id": "hit-r3-023"}
redis-fixture-1  | 2026-09-23T10:13:52.017148561Z {"seq": 215, "time_ns": 3526794692100, "event": "redis_release_requested", "id": "hit-r3-023"}
redis-fixture-1  | 2026-09-23T10:13:52.021163199Z {"seq": 216, "time_ns": 3526798723573, "event": "prepared", "id": "hit-r3-024", "mode": "hit", "key": "higress-audit:hit-r3-024", "value": "{\"source\":\"cache\",\"value\":\"fixture-only\"}"}
redis-fixture-1  | 2026-09-23T10:13:52.034210952Z {"seq": 217, "time_ns": 3526811843155, "event": "upstream_seen", "id": "hit-r3-024", "headers": {"host": "127.0.0.1:19468", "user-agent": "curl/7.81.0", "accept": "*/*", "x-http-cache-key": "hit-r3-024", "x-verification-id": "hit-r3-024", "x-forwarded-proto": "http", "x-envoy-original-host": "127.0.0.1:19468", "x-request-id": "f73b4239-5c44-4323-b555-3c71f264b610", "x-envoy-expected-rq-timeout-ms": "15000", "req-start-time": "1790158432032"}}
redis-fixture-1  | 2026-09-23T10:13:52.037244734Z {"seq": 218, "time_ns": 3526814808337, "event": "redis_command", "id": "hit-r3-024", "command": "GET", "args": ["higress-audit:hit-r3-024"]}
redis-fixture-1  | 2026-09-23T10:13:52.037275779Z {"seq": 219, "time_ns": 3526814882530, "event": "redis_get_seen", "id": "hit-r3-024"}
redis-fixture-1  | 2026-09-23T10:13:52.046116282Z {"seq": 220, "time_ns": 3526823669513, "event": "redis_release_requested", "id": "hit-r3-024"}
redis-fixture-1  | 2026-09-23T10:13:52.046148437Z {"seq": 221, "time_ns": 3526823837645, "event": "redis_reply_released", "id": "hit-r3-024", "mode": "hit"}
redis-fixture-1  | 2026-09-23T10:13:52.050549699Z {"seq": 222, "time_ns": 3526828164490, "event": "client_complete", "id": "hit-r3-024", "status": "200", "curl_exit": 0, "body_sha256": "da87d065c0f96d585f02840dc10c88f7e8edac17ae77dbdae4b9e051a619338f"}
redis-fixture-1  | 2026-09-23T10:13:52.052818840Z {"seq": 223, "time_ns": 3526830405544, "event": "upstream_peer_closed", "id": "hit-r3-024"}
redis-fixture-1  | 2026-09-23T10:13:52.159918433Z {"seq": 224, "time_ns": 3526937479976, "event": "redis_release_requested", "id": "hit-r3-024"}
redis-fixture-1  | 2026-09-23T10:13:52.163924903Z {"seq": 225, "time_ns": 3526941561676, "event": "prepared", "id": "hit-r3-025", "mode": "hit", "key": "higress-audit:hit-r3-025", "value": "{\"source\":\"cache\",\"value\":\"fixture-only\"}"}
redis-fixture-1  | 2026-09-23T10:13:52.176127154Z {"seq": 226, "time_ns": 3526953750743, "event": "upstream_seen", "id": "hit-r3-025", "headers": {"host": "127.0.0.1:19468", "user-agent": "curl/7.81.0", "accept": "*/*", "x-http-cache-key": "hit-r3-025", "x-verification-id": "hit-r3-025", "x-forwarded-proto": "http", "x-envoy-original-host": "127.0.0.1:19468", "x-request-id": "66909748-a38b-4fc1-b6c9-bff2ea725b51", "x-envoy-expected-rq-timeout-ms": "15000", "req-start-time": "1790158432174"}}
redis-fixture-1  | 2026-09-23T10:13:52.178975211Z {"seq": 227, "time_ns": 3526956550400, "event": "redis_command", "id": "hit-r3-025", "command": "GET", "args": ["higress-audit:hit-r3-025"]}
redis-fixture-1  | 2026-09-23T10:13:52.179008776Z {"seq": 228, "time_ns": 3526956591663, "event": "redis_get_seen", "id": "hit-r3-025"}
redis-fixture-1  | 2026-09-23T10:13:52.189853800Z {"seq": 229, "time_ns": 3526967420915, "event": "redis_release_requested", "id": "hit-r3-025"}
redis-fixture-1  | 2026-09-23T10:13:52.189886681Z {"seq": 230, "time_ns": 3526967532010, "event": "redis_reply_released", "id": "hit-r3-025", "mode": "hit"}
redis-fixture-1  | 2026-09-23T10:13:52.193934983Z {"seq": 231, "time_ns": 3526971495114, "event": "client_complete", "id": "hit-r3-025", "status": "200", "curl_exit": 0, "body_sha256": "da87d065c0f96d585f02840dc10c88f7e8edac17ae77dbdae4b9e051a619338f"}
redis-fixture-1  | 2026-09-23T10:13:52.196158816Z {"seq": 232, "time_ns": 3526973744373, "event": "upstream_peer_closed", "id": "hit-r3-025"}
redis-fixture-1  | 2026-09-23T10:13:52.303908311Z {"seq": 233, "time_ns": 3527081463669, "event": "redis_release_requested", "id": "hit-r3-025"}
redis-fixture-1  | 2026-09-23T10:13:52.307707911Z {"seq": 234, "time_ns": 3527085397840, "event": "prepared", "id": "hit-r3-026", "mode": "hit", "key": "higress-audit:hit-r3-026", "value": "{\"source\":\"cache\",\"value\":\"fixture-only\"}"}
redis-fixture-1  | 2026-09-23T10:13:52.320578803Z {"seq": 235, "time_ns": 3527098150157, "event": "upstream_seen", "id": "hit-r3-026", "headers": {"host": "127.0.0.1:19468", "user-agent": "curl/7.81.0", "accept": "*/*", "x-http-cache-key": "hit-r3-026", "x-verification-id": "hit-r3-026", "x-forwarded-proto": "http", "x-envoy-original-host": "127.0.0.1:19468", "x-request-id": "61efd58a-f46c-4cc5-8f05-7c75f1e7a158", "x-envoy-expected-rq-timeout-ms": "15000", "req-start-time": "1790158432318"}}
redis-fixture-1  | 2026-09-23T10:13:52.323349347Z {"seq": 236, "time_ns": 3527100907032, "event": "redis_command", "id": "hit-r3-026", "command": "GET", "args": ["higress-audit:hit-r3-026"]}
redis-fixture-1  | 2026-09-23T10:13:52.323383264Z {"seq": 237, "time_ns": 3527100948707, "event": "redis_get_seen", "id": "hit-r3-026"}
redis-fixture-1  | 2026-09-23T10:13:52.334497227Z {"seq": 238, "time_ns": 3527112082625, "event": "redis_release_requested", "id": "hit-r3-026"}
redis-fixture-1  | 2026-09-23T10:13:52.334542723Z {"seq": 239, "time_ns": 3527112255245, "event": "redis_reply_released", "id": "hit-r3-026", "mode": "hit"}
redis-fixture-1  | 2026-09-23T10:13:52.338659867Z {"seq": 240, "time_ns": 3527116376068, "event": "client_complete", "id": "hit-r3-026", "status": "200", "curl_exit": 0, "body_sha256": "da87d065c0f96d585f02840dc10c88f7e8edac17ae77dbdae4b9e051a619338f"}
redis-fixture-1  | 2026-09-23T10:13:52.340854117Z {"seq": 241, "time_ns": 3527118480536, "event": "upstream_peer_closed", "id": "hit-r3-026"}
redis-fixture-1  | 2026-09-23T10:13:52.448073693Z {"seq": 242, "time_ns": 3527225735239, "event": "redis_release_requested", "id": "hit-r3-026"}
redis-fixture-1  | 2026-09-23T10:13:52.451657853Z {"seq": 243, "time_ns": 3527229334155, "event": "prepared", "id": "hit-r3-027", "mode": "hit", "key": "higress-audit:hit-r3-027", "value": "{\"source\":\"cache\",\"value\":\"fixture-only\"}"}
redis-fixture-1  | 2026-09-23T10:13:52.464176761Z {"seq": 244, "time_ns": 3527241883770, "event": "upstream_seen", "id": "hit-r3-027", "headers": {"host": "127.0.0.1:19468", "user-agent": "curl/7.81.0", "accept": "*/*", "x-http-cache-key": "hit-r3-027", "x-verification-id": "hit-r3-027", "x-forwarded-proto": "http", "x-envoy-original-host": "127.0.0.1:19468", "x-request-id": "6b5d00ec-86d1-4e7e-aad1-946fcb18afcc", "x-envoy-expected-rq-timeout-ms": "15000", "req-start-time": "1790158432462"}}
redis-fixture-1  | 2026-09-23T10:13:52.466960711Z {"seq": 245, "time_ns": 3527244677855, "event": "redis_command", "id": "hit-r3-027", "command": "GET", "args": ["higress-audit:hit-r3-027"]}
redis-fixture-1  | 2026-09-23T10:13:52.466979847Z {"seq": 246, "time_ns": 3527244714023, "event": "redis_get_seen", "id": "hit-r3-027"}
redis-fixture-1  | 2026-09-23T10:13:52.476701999Z {"seq": 247, "time_ns": 3527254386332, "event": "redis_release_requested", "id": "hit-r3-027"}
redis-fixture-1  | 2026-09-23T10:13:52.476861005Z {"seq": 248, "time_ns": 3527254564528, "event": "redis_reply_released", "id": "hit-r3-027", "mode": "hit"}
redis-fixture-1  | 2026-09-23T10:13:52.481037296Z {"seq": 249, "time_ns": 3527258668630, "event": "client_complete", "id": "hit-r3-027", "status": "200", "curl_exit": 0, "body_sha256": "da87d065c0f96d585f02840dc10c88f7e8edac17ae77dbdae4b9e051a619338f"}
redis-fixture-1  | 2026-09-23T10:13:52.483069195Z {"seq": 250, "time_ns": 3527260779210, "event": "upstream_peer_closed", "id": "hit-r3-027"}
redis-fixture-1  | 2026-09-23T10:13:52.591415910Z {"seq": 251, "time_ns": 3527368954672, "event": "redis_release_requested", "id": "hit-r3-027"}
redis-fixture-1  | 2026-09-23T10:13:52.595565253Z {"seq": 252, "time_ns": 3527373202232, "event": "prepared", "id": "hit-r3-028", "mode": "hit", "key": "higress-audit:hit-r3-028", "value": "{\"source\":\"cache\",\"value\":\"fixture-only\"}"}
redis-fixture-1  | 2026-09-23T10:13:52.609643719Z {"seq": 253, "time_ns": 3527387232230, "event": "upstream_seen", "id": "hit-r3-028", "headers": {"host": "127.0.0.1:19468", "user-agent": "curl/7.81.0", "accept": "*/*", "x-http-cache-key": "hit-r3-028", "x-verification-id": "hit-r3-028", "x-forwarded-proto": "http", "x-envoy-original-host": "127.0.0.1:19468", "x-request-id": "c165c310-3d6f-4674-966c-0bae153e9df4", "x-envoy-expected-rq-timeout-ms": "15000", "req-start-time": "1790158432607"}}
redis-fixture-1  | 2026-09-23T10:13:52.612318726Z {"seq": 254, "time_ns": 3527389878181, "event": "redis_command", "id": "hit-r3-028", "command": "GET", "args": ["higress-audit:hit-r3-028"]}
redis-fixture-1  | 2026-09-23T10:13:52.612352222Z {"seq": 255, "time_ns": 3527389950562, "event": "redis_get_seen", "id": "hit-r3-028"}
redis-fixture-1  | 2026-09-23T10:13:52.623347124Z {"seq": 256, "time_ns": 3527400923362, "event": "redis_release_requested", "id": "hit-r3-028"}
redis-fixture-1  | 2026-09-23T10:13:52.623468177Z {"seq": 257, "time_ns": 3527401112857, "event": "redis_reply_released", "id": "hit-r3-028", "mode": "hit"}
redis-fixture-1  | 2026-09-23T10:13:52.627986160Z {"seq": 258, "time_ns": 3527405602351, "event": "client_complete", "id": "hit-r3-028", "status": "200", "curl_exit": 0, "body_sha256": "da87d065c0f96d585f02840dc10c88f7e8edac17ae77dbdae4b9e051a619338f"}
redis-fixture-1  | 2026-09-23T10:13:52.630332149Z {"seq": 259, "time_ns": 3527407947782, "event": "upstream_peer_closed", "id": "hit-r3-028"}
redis-fixture-1  | 2026-09-23T10:13:52.739134571Z {"seq": 260, "time_ns": 3527516665141, "event": "redis_release_requested", "id": "hit-r3-028"}
redis-fixture-1  | 2026-09-23T10:13:52.743583796Z {"seq": 261, "time_ns": 3527521196265, "event": "prepared", "id": "hit-r3-029", "mode": "hit", "key": "higress-audit:hit-r3-029", "value": "{\"source\":\"cache\",\"value\":\"fixture-only\"}"}
redis-fixture-1  | 2026-09-23T10:13:52.757099237Z {"seq": 262, "time_ns": 3527534649492, "event": "upstream_seen", "id": "hit-r3-029", "headers": {"host": "127.0.0.1:19468", "user-agent": "curl/7.81.0", "accept": "*/*", "x-http-cache-key": "hit-r3-029", "x-verification-id": "hit-r3-029", "x-forwarded-proto": "http", "x-envoy-original-host": "127.0.0.1:19468", "x-request-id": "2d11c328-6324-411e-9084-08c9c246a8b8", "x-envoy-expected-rq-timeout-ms": "15000", "req-start-time": "1790158432754"}}
redis-fixture-1  | 2026-09-23T10:13:52.759631732Z {"seq": 263, "time_ns": 3527537201944, "event": "redis_command", "id": "hit-r3-029", "command": "GET", "args": ["higress-audit:hit-r3-029"]}
redis-fixture-1  | 2026-09-23T10:13:52.759665213Z {"seq": 264, "time_ns": 3527537244052, "event": "redis_get_seen", "id": "hit-r3-029"}
redis-fixture-1  | 2026-09-23T10:13:52.771497533Z {"seq": 265, "time_ns": 3527549054964, "event": "redis_release_requested", "id": "hit-r3-029"}
redis-fixture-1  | 2026-09-23T10:13:52.771530925Z {"seq": 266, "time_ns": 3527549188428, "event": "redis_reply_released", "id": "hit-r3-029", "mode": "hit"}
redis-fixture-1  | 2026-09-23T10:13:52.776471722Z {"seq": 267, "time_ns": 3527554055061, "event": "client_complete", "id": "hit-r3-029", "status": "200", "curl_exit": 0, "body_sha256": "da87d065c0f96d585f02840dc10c88f7e8edac17ae77dbdae4b9e051a619338f"}
redis-fixture-1  | 2026-09-23T10:13:52.778576294Z {"seq": 268, "time_ns": 3527556287834, "event": "upstream_peer_closed", "id": "hit-r3-029"}
redis-fixture-1  | 2026-09-23T10:13:52.887476300Z {"seq": 269, "time_ns": 3527665013477, "event": "redis_release_requested", "id": "hit-r3-029"}
redis-fixture-1  | 2026-09-23T10:13:52.891618380Z {"seq": 270, "time_ns": 3527669190227, "event": "prepared", "id": "hit-r3-030", "mode": "hit", "key": "higress-audit:hit-r3-030", "value": "{\"source\":\"cache\",\"value\":\"fixture-only\"}"}
redis-fixture-1  | 2026-09-23T10:13:52.906235917Z {"seq": 271, "time_ns": 3527683840112, "event": "upstream_seen", "id": "hit-r3-030", "headers": {"host": "127.0.0.1:19468", "user-agent": "curl/7.81.0", "accept": "*/*", "x-http-cache-key": "hit-r3-030", "x-verification-id": "hit-r3-030", "x-forwarded-proto": "http", "x-envoy-original-host": "127.0.0.1:19468", "x-request-id": "8bf3a28b-9ce1-49d8-a326-55bf86610953", "x-envoy-expected-rq-timeout-ms": "15000", "req-start-time": "1790158432903"}}
redis-fixture-1  | 2026-09-23T10:13:52.908707971Z {"seq": 272, "time_ns": 3527686262599, "event": "redis_command", "id": "hit-r3-030", "command": "GET", "args": ["higress-audit:hit-r3-030"]}
redis-fixture-1  | 2026-09-23T10:13:52.908739564Z {"seq": 273, "time_ns": 3527686334552, "event": "redis_get_seen", "id": "hit-r3-030"}
redis-fixture-1  | 2026-09-23T10:13:52.932219411Z {"seq": 274, "time_ns": 3527709773341, "event": "redis_release_requested", "id": "hit-r3-030"}
redis-fixture-1  | 2026-09-23T10:13:52.932281504Z {"seq": 275, "time_ns": 3527709935572, "event": "redis_reply_released", "id": "hit-r3-030", "mode": "hit"}
redis-fixture-1  | 2026-09-23T10:13:52.936906597Z {"seq": 276, "time_ns": 3527714622708, "event": "client_complete", "id": "hit-r3-030", "status": "200", "curl_exit": 0, "body_sha256": "da87d065c0f96d585f02840dc10c88f7e8edac17ae77dbdae4b9e051a619338f"}
redis-fixture-1  | 2026-09-23T10:13:52.939153140Z {"seq": 277, "time_ns": 3527716805950, "event": "upstream_peer_closed", "id": "hit-r3-030"}
redis-fixture-1  | 2026-09-23T10:13:53.048026847Z {"seq": 278, "time_ns": 3527825584112, "event": "redis_release_requested", "id": "hit-r3-030"}
redis-fixture-1  | 2026-09-23T10:13:53.052386467Z {"seq": 279, "time_ns": 3527829957872, "event": "prepared", "id": "hit-r3-031", "mode": "hit", "key": "higress-audit:hit-r3-031", "value": "{\"source\":\"cache\",\"value\":\"fixture-only\"}"}
redis-fixture-1  | 2026-09-23T10:13:53.064002841Z {"seq": 280, "time_ns": 3527841593861, "event": "redis_command", "id": "hit-r3-031", "command": "GET", "args": ["higress-audit:hit-r3-031"]}
redis-fixture-1  | 2026-09-23T10:13:53.064114595Z {"seq": 281, "time_ns": 3527841810162, "event": "redis_get_seen", "id": "hit-r3-031"}
redis-fixture-1  | 2026-09-23T10:13:53.064645174Z {"seq": 282, "time_ns": 3527842375301, "event": "upstream_seen", "id": "hit-r3-031", "headers": {"host": "127.0.0.1:19468", "user-agent": "curl/7.81.0", "accept": "*/*", "x-http-cache-key": "hit-r3-031", "x-verification-id": "hit-r3-031", "x-forwarded-proto": "http", "x-envoy-original-host": "127.0.0.1:19468", "x-request-id": "41c1f644-bb11-42cd-8c26-83ef56a8775c", "x-envoy-expected-rq-timeout-ms": "15000", "req-start-time": "1790158433062"}}
redis-fixture-1  | 2026-09-23T10:13:53.078808816Z {"seq": 283, "time_ns": 3527856453787, "event": "redis_release_requested", "id": "hit-r3-031"}
redis-fixture-1  | 2026-09-23T10:13:53.078970697Z {"seq": 284, "time_ns": 3527856611522, "event": "redis_reply_released", "id": "hit-r3-031", "mode": "hit"}
redis-fixture-1  | 2026-09-23T10:13:53.083641485Z {"seq": 285, "time_ns": 3527861221779, "event": "client_complete", "id": "hit-r3-031", "status": "200", "curl_exit": 0, "body_sha256": "da87d065c0f96d585f02840dc10c88f7e8edac17ae77dbdae4b9e051a619338f"}
redis-fixture-1  | 2026-09-23T10:13:53.085836781Z {"seq": 286, "time_ns": 3527863426808, "event": "upstream_peer_closed", "id": "hit-r3-031"}
redis-fixture-1  | 2026-09-23T10:13:53.193634912Z {"seq": 287, "time_ns": 3527971195224, "event": "redis_release_requested", "id": "hit-r3-031"}
redis-fixture-1  | 2026-09-23T10:13:53.198235686Z {"seq": 288, "time_ns": 3527975806056, "event": "prepared", "id": "hit-r3-032", "mode": "hit", "key": "higress-audit:hit-r3-032", "value": "{\"source\":\"cache\",\"value\":\"fixture-only\"}"}
redis-fixture-1  | 2026-09-23T10:13:53.212588358Z {"seq": 289, "time_ns": 3527990134354, "event": "upstream_seen", "id": "hit-r3-032", "headers": {"host": "127.0.0.1:19468", "user-agent": "curl/7.81.0", "accept": "*/*", "x-http-cache-key": "hit-r3-032", "x-verification-id": "hit-r3-032", "x-forwarded-proto": "http", "x-envoy-original-host": "127.0.0.1:19468", "x-request-id": "5eda265e-a8ea-4347-b91e-973f9e41ef39", "x-envoy-expected-rq-timeout-ms": "15000", "req-start-time": "1790158433210"}}
redis-fixture-1  | 2026-09-23T10:13:53.215442351Z {"seq": 290, "time_ns": 3527993000034, "event": "redis_command", "id": "hit-r3-032", "command": "GET", "args": ["higress-audit:hit-r3-032"]}
redis-fixture-1  | 2026-09-23T10:13:53.215492492Z {"seq": 291, "time_ns": 3527993075563, "event": "redis_get_seen", "id": "hit-r3-032"}
redis-fixture-1  | 2026-09-23T10:13:53.227043402Z {"seq": 292, "time_ns": 3528004619812, "event": "redis_release_requested", "id": "hit-r3-032"}
redis-fixture-1  | 2026-09-23T10:13:53.227082603Z {"seq": 293, "time_ns": 3528004780146, "event": "redis_reply_released", "id": "hit-r3-032", "mode": "hit"}
redis-fixture-1  | 2026-09-23T10:13:53.231635724Z {"seq": 294, "time_ns": 3528009272254, "event": "client_complete", "id": "hit-r3-032", "status": "200", "curl_exit": 0, "body_sha256": "da87d065c0f96d585f02840dc10c88f7e8edac17ae77dbdae4b9e051a619338f"}
redis-fixture-1  | 2026-09-23T10:13:53.233997626Z {"seq": 295, "time_ns": 3528011569689, "event": "upstream_peer_closed", "id": "hit-r3-032"}
redis-fixture-1  | 2026-09-23T10:13:53.342562507Z {"seq": 296, "time_ns": 3528120107705, "event": "redis_release_requested", "id": "hit-r3-032"}
redis-fixture-1  | 2026-09-23T10:13:53.346848702Z {"seq": 297, "time_ns": 3528124533894, "event": "prepared", "id": "hit-r3-033", "mode": "hit", "key": "higress-audit:hit-r3-033", "value": "{\"source\":\"cache\",\"value\":\"fixture-only\"}"}
redis-fixture-1  | 2026-09-23T10:13:53.358909588Z {"seq": 298, "time_ns": 3528136580634, "event": "upstream_seen", "id": "hit-r3-033", "headers": {"host": "127.0.0.1:19468", "user-agent": "curl/7.81.0", "accept": "*/*", "x-http-cache-key": "hit-r3-033", "x-verification-id": "hit-r3-033", "x-forwarded-proto": "http", "x-envoy-original-host": "127.0.0.1:19468", "x-request-id": "b7d3f47e-e72a-4533-a1b8-bb1701409e06", "x-envoy-expected-rq-timeout-ms": "15000", "req-start-time": "1790158433357"}}
redis-fixture-1  | 2026-09-23T10:13:53.359005842Z {"seq": 299, "time_ns": 3528136739338, "event": "redis_command", "id": "hit-r3-033", "command": "GET", "args": ["higress-audit:hit-r3-033"]}
redis-fixture-1  | 2026-09-23T10:13:53.359071725Z {"seq": 300, "time_ns": 3528136813998, "event": "redis_get_seen", "id": "hit-r3-033"}
redis-fixture-1  | 2026-09-23T10:13:53.376337847Z {"seq": 301, "time_ns": 3528153940564, "event": "redis_release_requested", "id": "hit-r3-033"}
redis-fixture-1  | 2026-09-23T10:13:53.376387424Z {"seq": 302, "time_ns": 3528154105948, "event": "redis_reply_released", "id": "hit-r3-033", "mode": "hit"}
redis-fixture-1  | 2026-09-23T10:13:53.380625035Z {"seq": 303, "time_ns": 3528158220555, "event": "client_complete", "id": "hit-r3-033", "status": "200", "curl_exit": 0, "body_sha256": "da87d065c0f96d585f02840dc10c88f7e8edac17ae77dbdae4b9e051a619338f"}
redis-fixture-1  | 2026-09-23T10:13:53.382854284Z {"seq": 304, "time_ns": 3528160493494, "event": "upstream_peer_closed", "id": "hit-r3-033"}
redis-fixture-1  | 2026-09-23T10:13:53.490585535Z {"seq": 305, "time_ns": 3528268222183, "event": "redis_release_requested", "id": "hit-r3-033"}
redis-fixture-1  | 2026-09-23T10:13:53.494923330Z {"seq": 306, "time_ns": 3528272551575, "event": "prepared", "id": "hit-r3-034", "mode": "hit", "key": "higress-audit:hit-r3-034", "value": "{\"source\":\"cache\",\"value\":\"fixture-only\"}"}
redis-fixture-1  | 2026-09-23T10:13:53.508392124Z {"seq": 307, "time_ns": 3528285962532, "event": "upstream_seen", "id": "hit-r3-034", "headers": {"host": "127.0.0.1:19468", "user-agent": "curl/7.81.0", "accept": "*/*", "x-http-cache-key": "hit-r3-034", "x-verification-id": "hit-r3-034", "x-forwarded-proto": "http", "x-envoy-original-host": "127.0.0.1:19468", "x-request-id": "ca63e3d7-3a64-4928-a034-9e31be0f6d76", "x-envoy-expected-rq-timeout-ms": "15000", "req-start-time": "1790158433506"}}
redis-fixture-1  | 2026-09-23T10:13:53.511173053Z {"seq": 308, "time_ns": 3528288763256, "event": "redis_command", "id": "hit-r3-034", "command": "GET", "args": ["higress-audit:hit-r3-034"]}
redis-fixture-1  | 2026-09-23T10:13:53.511206876Z {"seq": 309, "time_ns": 3528288839768, "event": "redis_get_seen", "id": "hit-r3-034"}
redis-fixture-1  | 2026-09-23T10:13:53.524729778Z {"seq": 310, "time_ns": 3528302309371, "event": "redis_release_requested", "id": "hit-r3-034"}
redis-fixture-1  | 2026-09-23T10:13:53.524781285Z {"seq": 311, "time_ns": 3528302462002, "event": "redis_reply_released", "id": "hit-r3-034", "mode": "hit"}
redis-fixture-1  | 2026-09-23T10:13:53.529008158Z {"seq": 312, "time_ns": 3528306560057, "event": "client_complete", "id": "hit-r3-034", "status": "200", "curl_exit": 0, "body_sha256": "da87d065c0f96d585f02840dc10c88f7e8edac17ae77dbdae4b9e051a619338f"}
redis-fixture-1  | 2026-09-23T10:13:53.531284362Z {"seq": 313, "time_ns": 3528308870877, "event": "upstream_peer_closed", "id": "hit-r3-034"}
redis-fixture-1  | 2026-09-23T10:13:53.639791430Z {"seq": 314, "time_ns": 3528417420412, "event": "redis_release_requested", "id": "hit-r3-034"}
redis-fixture-1  | 2026-09-23T10:13:53.644163540Z {"seq": 315, "time_ns": 3528421736652, "event": "prepared", "id": "hit-r3-035", "mode": "hit", "key": "higress-audit:hit-r3-035", "value": "{\"source\":\"cache\",\"value\":\"fixture-only\"}"}
redis-fixture-1  | 2026-09-23T10:13:53.655875155Z {"seq": 316, "time_ns": 3528433532518, "event": "upstream_seen", "id": "hit-r3-035", "headers": {"host": "127.0.0.1:19468", "user-agent": "curl/7.81.0", "accept": "*/*", "x-http-cache-key": "hit-r3-035", "x-verification-id": "hit-r3-035", "x-forwarded-proto": "http", "x-envoy-original-host": "127.0.0.1:19468", "x-request-id": "95407256-2146-4a69-88ca-3f4e4dce8dbf", "x-envoy-expected-rq-timeout-ms": "15000", "req-start-time": "1790158433654"}}
redis-fixture-1  | 2026-09-23T10:13:53.658798509Z {"seq": 317, "time_ns": 3528436361696, "event": "redis_command", "id": "hit-r3-035", "command": "GET", "args": ["higress-audit:hit-r3-035"]}
redis-fixture-1  | 2026-09-23T10:13:53.658832189Z {"seq": 318, "time_ns": 3528436435144, "event": "redis_get_seen", "id": "hit-r3-035"}
redis-fixture-1  | 2026-09-23T10:13:53.672026299Z {"seq": 319, "time_ns": 3528449601348, "event": "redis_release_requested", "id": "hit-r3-035"}
redis-fixture-1  | 2026-09-23T10:13:53.672174621Z {"seq": 320, "time_ns": 3528449820248, "event": "redis_reply_released", "id": "hit-r3-035", "mode": "hit"}
redis-fixture-1  | 2026-09-23T10:13:53.676270864Z {"seq": 321, "time_ns": 3528453832225, "event": "client_complete", "id": "hit-r3-035", "status": "200", "curl_exit": 0, "body_sha256": "da87d065c0f96d585f02840dc10c88f7e8edac17ae77dbdae4b9e051a619338f"}
redis-fixture-1  | 2026-09-23T10:13:53.678902783Z {"seq": 322, "time_ns": 3528456482800, "event": "upstream_peer_closed", "id": "hit-r3-035"}
redis-fixture-1  | 2026-09-23T10:13:53.787866098Z {"seq": 323, "time_ns": 3528565445717, "event": "redis_release_requested", "id": "hit-r3-035"}
redis-fixture-1  | 2026-09-23T10:13:53.792322036Z {"seq": 324, "time_ns": 3528569906205, "event": "prepared", "id": "hit-r3-036", "mode": "hit", "key": "higress-audit:hit-r3-036", "value": "{\"source\":\"cache\",\"value\":\"fixture-only\"}"}
redis-fixture-1  | 2026-09-23T10:13:53.805501238Z {"seq": 325, "time_ns": 3528583074903, "event": "upstream_seen", "id": "hit-r3-036", "headers": {"host": "127.0.0.1:19468", "user-agent": "curl/7.81.0", "accept": "*/*", "x-http-cache-key": "hit-r3-036", "x-verification-id": "hit-r3-036", "x-forwarded-proto": "http", "x-envoy-original-host": "127.0.0.1:19468", "x-request-id": "37519410-87d9-4d46-bc16-40723f0cadcc", "x-envoy-expected-rq-timeout-ms": "15000", "req-start-time": "1790158433803"}}
redis-fixture-1  | 2026-09-23T10:13:53.808142171Z {"seq": 326, "time_ns": 3528585676813, "event": "redis_command", "id": "hit-r3-036", "command": "GET", "args": ["higress-audit:hit-r3-036"]}
redis-fixture-1  | 2026-09-23T10:13:53.808175539Z {"seq": 327, "time_ns": 3528585750794, "event": "redis_get_seen", "id": "hit-r3-036"}
redis-fixture-1  | 2026-09-23T10:13:53.822573166Z {"seq": 328, "time_ns": 3528600264296, "event": "redis_release_requested", "id": "hit-r3-036"}
redis-fixture-1  | 2026-09-23T10:13:53.822712191Z {"seq": 329, "time_ns": 3528600428659, "event": "redis_reply_released", "id": "hit-r3-036", "mode": "hit"}
redis-fixture-1  | 2026-09-23T10:13:53.826921103Z {"seq": 330, "time_ns": 3528604509587, "event": "client_complete", "id": "hit-r3-036", "status": "200", "curl_exit": 0, "body_sha256": "da87d065c0f96d585f02840dc10c88f7e8edac17ae77dbdae4b9e051a619338f"}
redis-fixture-1  | 2026-09-23T10:13:53.829243481Z {"seq": 331, "time_ns": 3528606817210, "event": "upstream_peer_closed", "id": "hit-r3-036"}
redis-fixture-1  | 2026-09-23T10:13:53.937741772Z {"seq": 332, "time_ns": 3528715351705, "event": "redis_release_requested", "id": "hit-r3-036"}
redis-fixture-1  | 2026-09-23T10:13:53.942478276Z {"seq": 333, "time_ns": 3528720128628, "event": "prepared", "id": "hit-r3-037", "mode": "hit", "key": "higress-audit:hit-r3-037", "value": "{\"source\":\"cache\",\"value\":\"fixture-only\"}"}
redis-fixture-1  | 2026-09-23T10:13:53.956445533Z {"seq": 334, "time_ns": 3528734097736, "event": "upstream_seen", "id": "hit-r3-037", "headers": {"host": "127.0.0.1:19468", "user-agent": "curl/7.81.0", "accept": "*/*", "x-http-cache-key": "hit-r3-037", "x-verification-id": "hit-r3-037", "x-forwarded-proto": "http", "x-envoy-original-host": "127.0.0.1:19468", "x-request-id": "e880b130-48a3-44a5-b5db-67f557bba84e", "x-envoy-expected-rq-timeout-ms": "15000", "req-start-time": "1790158433954"}}
redis-fixture-1  | 2026-09-23T10:13:53.959434971Z {"seq": 335, "time_ns": 3528737013241, "event": "redis_command", "id": "hit-r3-037", "command": "GET", "args": ["higress-audit:hit-r3-037"]}
redis-fixture-1  | 2026-09-23T10:13:53.959468518Z {"seq": 336, "time_ns": 3528737091703, "event": "redis_get_seen", "id": "hit-r3-037"}
redis-fixture-1  | 2026-09-23T10:13:53.971443277Z {"seq": 337, "time_ns": 3528749007598, "event": "redis_release_requested", "id": "hit-r3-037"}
redis-fixture-1  | 2026-09-23T10:13:53.971493573Z {"seq": 338, "time_ns": 3528749173852, "event": "redis_reply_released", "id": "hit-r3-037", "mode": "hit"}
redis-fixture-1  | 2026-09-23T10:13:53.975732060Z {"seq": 339, "time_ns": 3528753366767, "event": "client_complete", "id": "hit-r3-037", "status": "200", "curl_exit": 0, "body_sha256": "da87d065c0f96d585f02840dc10c88f7e8edac17ae77dbdae4b9e051a619338f"}
redis-fixture-1  | 2026-09-23T10:13:53.978394481Z {"seq": 340, "time_ns": 3528755961107, "event": "upstream_peer_closed", "id": "hit-r3-037"}
redis-fixture-1  | 2026-09-23T10:13:54.086801987Z {"seq": 341, "time_ns": 3528864508172, "event": "redis_release_requested", "id": "hit-r3-037"}
redis-fixture-1  | 2026-09-23T10:13:54.090787532Z {"seq": 342, "time_ns": 3528868452100, "event": "prepared", "id": "hit-r3-038", "mode": "hit", "key": "higress-audit:hit-r3-038", "value": "{\"source\":\"cache\",\"value\":\"fixture-only\"}"}
redis-fixture-1  | 2026-09-23T10:13:54.105034469Z {"seq": 343, "time_ns": 3528882702117, "event": "upstream_seen", "id": "hit-r3-038", "headers": {"host": "127.0.0.1:19468", "user-agent": "curl/7.81.0", "accept": "*/*", "x-http-cache-key": "hit-r3-038", "x-verification-id": "hit-r3-038", "x-forwarded-proto": "http", "x-envoy-original-host": "127.0.0.1:19468", "x-request-id": "80c456e2-dd17-412c-ae25-50d720716fa9", "x-envoy-expected-rq-timeout-ms": "15000", "req-start-time": "1790158434102"}}
redis-fixture-1  | 2026-09-23T10:13:54.107641980Z {"seq": 344, "time_ns": 3528885239123, "event": "redis_command", "id": "hit-r3-038", "command": "GET", "args": ["higress-audit:hit-r3-038"]}
redis-fixture-1  | 2026-09-23T10:13:54.107674820Z {"seq": 345, "time_ns": 3528885323824, "event": "redis_get_seen", "id": "hit-r3-038"}
redis-fixture-1  | 2026-09-23T10:13:54.123046802Z {"seq": 346, "time_ns": 3528900651275, "event": "redis_release_requested", "id": "hit-r3-038"}
redis-fixture-1  | 2026-09-23T10:13:54.123066168Z {"seq": 347, "time_ns": 3528900754312, "event": "redis_reply_released", "id": "hit-r3-038", "mode": "hit"}
redis-fixture-1  | 2026-09-23T10:13:54.127366504Z {"seq": 348, "time_ns": 3528905005666, "event": "client_complete", "id": "hit-r3-038", "status": "200", "curl_exit": 0, "body_sha256": "da87d065c0f96d585f02840dc10c88f7e8edac17ae77dbdae4b9e051a619338f"}
redis-fixture-1  | 2026-09-23T10:13:54.129654968Z {"seq": 349, "time_ns": 3528907264327, "event": "upstream_peer_closed", "id": "hit-r3-038"}
redis-fixture-1  | 2026-09-23T10:13:54.239182756Z {"seq": 350, "time_ns": 3529016794430, "event": "redis_release_requested", "id": "hit-r3-038"}
redis-fixture-1  | 2026-09-23T10:13:54.243701702Z {"seq": 351, "time_ns": 3529021336701, "event": "prepared", "id": "hit-r3-039", "mode": "hit", "key": "higress-audit:hit-r3-039", "value": "{\"source\":\"cache\",\"value\":\"fixture-only\"}"}
redis-fixture-1  | 2026-09-23T10:13:54.257903021Z {"seq": 352, "time_ns": 3529035441715, "event": "upstream_seen", "id": "hit-r3-039", "headers": {"host": "127.0.0.1:19468", "user-agent": "curl/7.81.0", "accept": "*/*", "x-http-cache-key": "hit-r3-039", "x-verification-id": "hit-r3-039", "x-forwarded-proto": "http", "x-envoy-original-host": "127.0.0.1:19468", "x-request-id": "07a8de9c-227d-4fec-aeb5-9f32de5d89f7", "x-envoy-expected-rq-timeout-ms": "15000", "req-start-time": "1790158434255"}}
redis-fixture-1  | 2026-09-23T10:13:54.260375127Z {"seq": 353, "time_ns": 3529037976807, "event": "redis_command", "id": "hit-r3-039", "command": "GET", "args": ["higress-audit:hit-r3-039"]}
redis-fixture-1  | 2026-09-23T10:13:54.260408668Z {"seq": 354, "time_ns": 3529038057050, "event": "redis_get_seen", "id": "hit-r3-039"}
redis-fixture-1  | 2026-09-23T10:13:54.274451508Z {"seq": 355, "time_ns": 3529052118236, "event": "redis_release_requested", "id": "hit-r3-039"}
redis-fixture-1  | 2026-09-23T10:13:54.274664366Z {"seq": 356, "time_ns": 3529052312214, "event": "redis_reply_released", "id": "hit-r3-039", "mode": "hit"}
redis-fixture-1  | 2026-09-23T10:13:54.279004366Z {"seq": 357, "time_ns": 3529056689461, "event": "client_complete", "id": "hit-r3-039", "status": "200", "curl_exit": 0, "body_sha256": "da87d065c0f96d585f02840dc10c88f7e8edac17ae77dbdae4b9e051a619338f"}
redis-fixture-1  | 2026-09-23T10:13:54.281103306Z {"seq": 358, "time_ns": 3529058803341, "event": "upstream_peer_closed", "id": "hit-r3-039"}
redis-fixture-1  | 2026-09-23T10:13:54.390248971Z {"seq": 359, "time_ns": 3529167818714, "event": "redis_release_requested", "id": "hit-r3-039"}
redis-fixture-1  | 2026-09-23T10:13:54.394205601Z {"seq": 360, "time_ns": 3529171861068, "event": "prepared", "id": "hit-r3-040", "mode": "hit", "key": "higress-audit:hit-r3-040", "value": "{\"source\":\"cache\",\"value\":\"fixture-only\"}"}
redis-fixture-1  | 2026-09-23T10:13:54.406692202Z {"seq": 361, "time_ns": 3529184369570, "event": "redis_command", "id": "hit-r3-040", "command": "GET", "args": ["higress-audit:hit-r3-040"]}
redis-fixture-1  | 2026-09-23T10:13:54.406748031Z {"seq": 362, "time_ns": 3529184432881, "event": "redis_get_seen", "id": "hit-r3-040"}
redis-fixture-1  | 2026-09-23T10:13:54.407008356Z {"seq": 363, "time_ns": 3529184722590, "event": "upstream_seen", "id": "hit-r3-040", "headers": {"host": "127.0.0.1:19468", "user-agent": "curl/7.81.0", "accept": "*/*", "x-http-cache-key": "hit-r3-040", "x-verification-id": "hit-r3-040", "x-forwarded-proto": "http", "x-envoy-original-host": "127.0.0.1:19468", "x-request-id": "94d65dba-6181-4432-9204-d98832f253df", "x-envoy-expected-rq-timeout-ms": "15000", "req-start-time": "1790158434405"}}
redis-fixture-1  | 2026-09-23T10:13:54.426344444Z {"seq": 364, "time_ns": 3529203997046, "event": "redis_release_requested", "id": "hit-r3-040"}
redis-fixture-1  | 2026-09-23T10:13:54.426468658Z {"seq": 365, "time_ns": 3529204182865, "event": "redis_reply_released", "id": "hit-r3-040", "mode": "hit"}
redis-fixture-1  | 2026-09-23T10:13:54.430645258Z {"seq": 366, "time_ns": 3529208383571, "event": "client_complete", "id": "hit-r3-040", "status": "200", "curl_exit": 0, "body_sha256": "da87d065c0f96d585f02840dc10c88f7e8edac17ae77dbdae4b9e051a619338f"}
redis-fixture-1  | 2026-09-23T10:13:54.432852521Z {"seq": 367, "time_ns": 3529210549109, "event": "upstream_peer_closed", "id": "hit-r3-040"}
redis-fixture-1  | 2026-09-23T10:13:54.541344407Z {"seq": 368, "time_ns": 3529318980664, "event": "redis_release_requested", "id": "hit-r3-040"}
redis-fixture-1  | 2026-09-23T10:13:54.545525093Z {"seq": 369, "time_ns": 3529323203462, "event": "prepared", "id": "hit-r3-041", "mode": "hit", "key": "higress-audit:hit-r3-041", "value": "{\"source\":\"cache\",\"value\":\"fixture-only\"}"}
redis-fixture-1  | 2026-09-23T10:13:54.557631521Z {"seq": 370, "time_ns": 3529335302015, "event": "upstream_seen", "id": "hit-r3-041", "headers": {"host": "127.0.0.1:19468", "user-agent": "curl/7.81.0", "accept": "*/*", "x-http-cache-key": "hit-r3-041", "x-verification-id": "hit-r3-041", "x-forwarded-proto": "http", "x-envoy-original-host": "127.0.0.1:19468", "x-request-id": "d6404a4b-5b6c-4abb-9959-32aac7709e70", "x-envoy-expected-rq-timeout-ms": "15000", "req-start-time": "1790158434555"}}
redis-fixture-1  | 2026-09-23T10:13:54.560663074Z {"seq": 371, "time_ns": 3529338231381, "event": "redis_command", "id": "hit-r3-041", "command": "GET", "args": ["higress-audit:hit-r3-041"]}
redis-fixture-1  | 2026-09-23T10:13:54.560693348Z {"seq": 372, "time_ns": 3529338305870, "event": "redis_get_seen", "id": "hit-r3-041"}
redis-fixture-1  | 2026-09-23T10:13:54.575136214Z {"seq": 373, "time_ns": 3529352807957, "event": "redis_release_requested", "id": "hit-r3-041"}
redis-fixture-1  | 2026-09-23T10:13:54.575250648Z {"seq": 374, "time_ns": 3529352979259, "event": "redis_reply_released", "id": "hit-r3-041", "mode": "hit"}
redis-fixture-1  | 2026-09-23T10:13:54.579492419Z {"seq": 375, "time_ns": 3529357177159, "event": "client_complete", "id": "hit-r3-041", "status": "200", "curl_exit": 0, "body_sha256": "da87d065c0f96d585f02840dc10c88f7e8edac17ae77dbdae4b9e051a619338f"}
redis-fixture-1  | 2026-09-23T10:13:54.581595656Z {"seq": 376, "time_ns": 3529359269926, "event": "upstream_peer_closed", "id": "hit-r3-041"}
redis-fixture-1  | 2026-09-23T10:13:54.691472124Z {"seq": 377, "time_ns": 3529469100978, "event": "redis_release_requested", "id": "hit-r3-041"}
redis-fixture-1  | 2026-09-23T10:13:54.695821626Z {"seq": 378, "time_ns": 3529473454514, "event": "prepared", "id": "hit-r3-042", "mode": "hit", "key": "higress-audit:hit-r3-042", "value": "{\"source\":\"cache\",\"value\":\"fixture-only\"}"}
redis-fixture-1  | 2026-09-23T10:13:54.708279835Z {"seq": 379, "time_ns": 3529485840259, "event": "upstream_seen", "id": "hit-r3-042", "headers": {"host": "127.0.0.1:19468", "user-agent": "curl/7.81.0", "accept": "*/*", "x-http-cache-key": "hit-r3-042", "x-verification-id": "hit-r3-042", "x-forwarded-proto": "http", "x-envoy-original-host": "127.0.0.1:19468", "x-request-id": "a83ec0a3-a1af-4eab-a980-81338686d3f9", "x-envoy-expected-rq-timeout-ms": "15000", "req-start-time": "1790158434706"}}
redis-fixture-1  | 2026-09-23T10:13:54.710959292Z {"seq": 380, "time_ns": 3529488517447, "event": "redis_command", "id": "hit-r3-042", "command": "GET", "args": ["higress-audit:hit-r3-042"]}
redis-fixture-1  | 2026-09-23T10:13:54.710992728Z {"seq": 381, "time_ns": 3529488590102, "event": "redis_get_seen", "id": "hit-r3-042"}
redis-fixture-1  | 2026-09-23T10:13:54.724712326Z {"seq": 382, "time_ns": 3529502346454, "event": "redis_release_requested", "id": "hit-r3-042"}
redis-fixture-1  | 2026-09-23T10:13:54.724798619Z {"seq": 383, "time_ns": 3529502479679, "event": "redis_reply_released", "id": "hit-r3-042", "mode": "hit"}
redis-fixture-1  | 2026-09-23T10:13:54.728810836Z {"seq": 384, "time_ns": 3529506434840, "event": "client_complete", "id": "hit-r3-042", "status": "200", "curl_exit": 0, "body_sha256": "da87d065c0f96d585f02840dc10c88f7e8edac17ae77dbdae4b9e051a619338f"}
redis-fixture-1  | 2026-09-23T10:13:54.730288596Z {"seq": 385, "time_ns": 3529507979987, "event": "upstream_peer_closed", "id": "hit-r3-042"}
redis-fixture-1  | 2026-09-23T10:13:54.839900172Z {"seq": 386, "time_ns": 3529617513719, "event": "redis_release_requested", "id": "hit-r3-042"}
redis-fixture-1  | 2026-09-23T10:13:54.844380198Z {"seq": 387, "time_ns": 3529622020089, "event": "prepared", "id": "hit-r3-043", "mode": "hit", "key": "higress-audit:hit-r3-043", "value": "{\"source\":\"cache\",\"value\":\"fixture-only\"}"}
redis-fixture-1  | 2026-09-23T10:13:54.857213401Z {"seq": 388, "time_ns": 3529634795180, "event": "upstream_seen", "id": "hit-r3-043", "headers": {"host": "127.0.0.1:19468", "user-agent": "curl/7.81.0", "accept": "*/*", "x-http-cache-key": "hit-r3-043", "x-verification-id": "hit-r3-043", "x-forwarded-proto": "http", "x-envoy-original-host": "127.0.0.1:19468", "x-request-id": "832280c5-455b-4bcf-a342-0a39a52d3364", "x-envoy-expected-rq-timeout-ms": "15000", "req-start-time": "1790158434855"}}
redis-fixture-1  | 2026-09-23T10:13:54.860070730Z {"seq": 389, "time_ns": 3529637631474, "event": "redis_command", "id": "hit-r3-043", "command": "GET", "args": ["higress-audit:hit-r3-043"]}
redis-fixture-1  | 2026-09-23T10:13:54.860104528Z {"seq": 390, "time_ns": 3529637706114, "event": "redis_get_seen", "id": "hit-r3-043"}
redis-fixture-1  | 2026-09-23T10:13:54.875115219Z {"seq": 391, "time_ns": 3529652728074, "event": "redis_release_requested", "id": "hit-r3-043"}
redis-fixture-1  | 2026-09-23T10:13:54.875166324Z {"seq": 392, "time_ns": 3529652891024, "event": "redis_reply_released", "id": "hit-r3-043", "mode": "hit"}
redis-fixture-1  | 2026-09-23T10:13:54.879573332Z {"seq": 393, "time_ns": 3529657212442, "event": "client_complete", "id": "hit-r3-043", "status": "200", "curl_exit": 0, "body_sha256": "da87d065c0f96d585f02840dc10c88f7e8edac17ae77dbdae4b9e051a619338f"}
redis-fixture-1  | 2026-09-23T10:13:54.881992058Z {"seq": 394, "time_ns": 3529659632850, "event": "upstream_peer_closed", "id": "hit-r3-043"}
redis-fixture-1  | 2026-09-23T10:13:54.992114067Z {"seq": 395, "time_ns": 3529769742012, "event": "redis_release_requested", "id": "hit-r3-043"}
redis-fixture-1  | 2026-09-23T10:13:54.996226074Z {"seq": 396, "time_ns": 3529773872124, "event": "prepared", "id": "hit-r3-044", "mode": "hit", "key": "higress-audit:hit-r3-044", "value": "{\"source\":\"cache\",\"value\":\"fixture-only\"}"}
redis-fixture-1  | 2026-09-23T10:13:55.009271964Z {"seq": 397, "time_ns": 3529786820851, "event": "upstream_seen", "id": "hit-r3-044", "headers": {"host": "127.0.0.1:19468", "user-agent": "curl/7.81.0", "accept": "*/*", "x-http-cache-key": "hit-r3-044", "x-verification-id": "hit-r3-044", "x-forwarded-proto": "http", "x-envoy-original-host": "127.0.0.1:19468", "x-request-id": "7b2ed2bf-567f-4cbe-9bb5-820802d19414", "x-envoy-expected-rq-timeout-ms": "15000", "req-start-time": "1790158435007"}}
redis-fixture-1  | 2026-09-23T10:13:55.012136517Z {"seq": 398, "time_ns": 3529789695860, "event": "redis_command", "id": "hit-r3-044", "command": "GET", "args": ["higress-audit:hit-r3-044"]}
redis-fixture-1  | 2026-09-23T10:13:55.012169909Z {"seq": 399, "time_ns": 3529789770457, "event": "redis_get_seen", "id": "hit-r3-044"}
redis-fixture-1  | 2026-09-23T10:13:55.028155201Z {"seq": 400, "time_ns": 3529805744013, "event": "redis_release_requested", "id": "hit-r3-044"}
redis-fixture-1  | 2026-09-23T10:13:55.028224453Z {"seq": 401, "time_ns": 3529805915241, "event": "redis_reply_released", "id": "hit-r3-044", "mode": "hit"}
redis-fixture-1  | 2026-09-23T10:13:55.032565065Z {"seq": 402, "time_ns": 3529810174598, "event": "client_complete", "id": "hit-r3-044", "status": "200", "curl_exit": 0, "body_sha256": "da87d065c0f96d585f02840dc10c88f7e8edac17ae77dbdae4b9e051a619338f"}
redis-fixture-1  | 2026-09-23T10:13:55.034664877Z {"seq": 403, "time_ns": 3529812369162, "event": "upstream_peer_closed", "id": "hit-r3-044"}
redis-fixture-1  | 2026-09-23T10:13:55.144186462Z {"seq": 404, "time_ns": 3529921797306, "event": "redis_release_requested", "id": "hit-r3-044"}
redis-fixture-1  | 2026-09-23T10:13:55.148662507Z {"seq": 405, "time_ns": 3529926278004, "event": "prepared", "id": "hit-r3-045", "mode": "hit", "key": "higress-audit:hit-r3-045", "value": "{\"source\":\"cache\",\"value\":\"fixture-only\"}"}
redis-fixture-1  | 2026-09-23T10:13:55.161606883Z {"seq": 406, "time_ns": 3529939149698, "event": "upstream_seen", "id": "hit-r3-045", "headers": {"host": "127.0.0.1:19468", "user-agent": "curl/7.81.0", "accept": "*/*", "x-http-cache-key": "hit-r3-045", "x-verification-id": "hit-r3-045", "x-forwarded-proto": "http", "x-envoy-original-host": "127.0.0.1:19468", "x-request-id": "b18b0d65-cff6-455d-95d2-36446d739c10", "x-envoy-expected-rq-timeout-ms": "15000", "req-start-time": "1790158435159"}}
redis-fixture-1  | 2026-09-23T10:13:55.164383704Z {"seq": 407, "time_ns": 3529941914372, "event": "redis_command", "id": "hit-r3-045", "command": "GET", "args": ["higress-audit:hit-r3-045"]}
redis-fixture-1  | 2026-09-23T10:13:55.164417356Z {"seq": 408, "time_ns": 3529941989208, "event": "redis_get_seen", "id": "hit-r3-045"}
redis-fixture-1  | 2026-09-23T10:13:55.181130942Z {"seq": 409, "time_ns": 3529958770189, "event": "redis_release_requested", "id": "hit-r3-045"}
redis-fixture-1  | 2026-09-23T10:13:55.181242618Z {"seq": 410, "time_ns": 3529958947434, "event": "redis_reply_released", "id": "hit-r3-045", "mode": "hit"}
redis-fixture-1  | 2026-09-23T10:13:55.186068897Z {"seq": 411, "time_ns": 3529963735096, "event": "client_complete", "id": "hit-r3-045", "status": "200", "curl_exit": 0, "body_sha256": "da87d065c0f96d585f02840dc10c88f7e8edac17ae77dbdae4b9e051a619338f"}
redis-fixture-1  | 2026-09-23T10:13:55.188455974Z {"seq": 412, "time_ns": 3529966112642, "event": "upstream_peer_closed", "id": "hit-r3-045"}
redis-fixture-1  | 2026-09-23T10:13:55.297652694Z {"seq": 413, "time_ns": 3530075287375, "event": "redis_release_requested", "id": "hit-r3-045"}
redis-fixture-1  | 2026-09-23T10:13:55.301945594Z {"seq": 414, "time_ns": 3530079590480, "event": "prepared", "id": "hit-r3-046", "mode": "hit", "key": "higress-audit:hit-r3-046", "value": "{\"source\":\"cache\",\"value\":\"fixture-only\"}"}
redis-fixture-1  | 2026-09-23T10:13:55.314383183Z {"seq": 415, "time_ns": 3530092052585, "event": "upstream_seen", "id": "hit-r3-046", "headers": {"host": "127.0.0.1:19468", "user-agent": "curl/7.81.0", "accept": "*/*", "x-http-cache-key": "hit-r3-046", "x-verification-id": "hit-r3-046", "x-forwarded-proto": "http", "x-envoy-original-host": "127.0.0.1:19468", "x-request-id": "6eaee1dd-14ad-47fa-a291-013e30f2fd2d", "x-envoy-expected-rq-timeout-ms": "15000", "req-start-time": "1790158435312"}}
redis-fixture-1  | 2026-09-23T10:13:55.317283168Z {"seq": 416, "time_ns": 3530094894372, "event": "redis_command", "id": "hit-r3-046", "command": "GET", "args": ["higress-audit:hit-r3-046"]}
redis-fixture-1  | 2026-09-23T10:13:55.317314026Z {"seq": 417, "time_ns": 3530094968225, "event": "redis_get_seen", "id": "hit-r3-046"}
redis-fixture-1  | 2026-09-23T10:13:55.333556575Z {"seq": 418, "time_ns": 3530111155434, "event": "redis_release_requested", "id": "hit-r3-046"}
redis-fixture-1  | 2026-09-23T10:13:55.333662087Z {"seq": 419, "time_ns": 3530111363767, "event": "redis_reply_released", "id": "hit-r3-046", "mode": "hit"}
redis-fixture-1  | 2026-09-23T10:13:55.337631277Z {"seq": 420, "time_ns": 3530115271166, "event": "client_complete", "id": "hit-r3-046", "status": "200", "curl_exit": 0, "body_sha256": "da87d065c0f96d585f02840dc10c88f7e8edac17ae77dbdae4b9e051a619338f"}
redis-fixture-1  | 2026-09-23T10:13:55.339859814Z {"seq": 421, "time_ns": 3530117515172, "event": "upstream_peer_closed", "id": "hit-r3-046"}
redis-fixture-1  | 2026-09-23T10:13:55.449048275Z {"seq": 422, "time_ns": 3530226678757, "event": "redis_release_requested", "id": "hit-r3-046"}
redis-fixture-1  | 2026-09-23T10:13:55.453773559Z {"seq": 423, "time_ns": 3530231448274, "event": "prepared", "id": "hit-r3-047", "mode": "hit", "key": "higress-audit:hit-r3-047", "value": "{\"source\":\"cache\",\"value\":\"fixture-only\"}"}
redis-fixture-1  | 2026-09-23T10:13:55.466581901Z {"seq": 424, "time_ns": 3530244251331, "event": "upstream_seen", "id": "hit-r3-047", "headers": {"host": "127.0.0.1:19468", "user-agent": "curl/7.81.0", "accept": "*/*", "x-http-cache-key": "hit-r3-047", "x-verification-id": "hit-r3-047", "x-forwarded-proto": "http", "x-envoy-original-host": "127.0.0.1:19468", "x-request-id": "774d6c52-33c2-49b5-8484-89d0599c26c0", "x-envoy-expected-rq-timeout-ms": "15000", "req-start-time": "1790158435464"}}
redis-fixture-1  | 2026-09-23T10:13:55.469423373Z {"seq": 425, "time_ns": 3530247052637, "event": "redis_command", "id": "hit-r3-047", "command": "GET", "args": ["higress-audit:hit-r3-047"]}
redis-fixture-1  | 2026-09-23T10:13:55.469439841Z {"seq": 426, "time_ns": 3530247091236, "event": "redis_get_seen", "id": "hit-r3-047"}
redis-fixture-1  | 2026-09-23T10:13:55.485081512Z {"seq": 427, "time_ns": 3530262800336, "event": "redis_release_requested", "id": "hit-r3-047"}
redis-fixture-1  | 2026-09-23T10:13:55.485191844Z {"seq": 428, "time_ns": 3530262937323, "event": "redis_reply_released", "id": "hit-r3-047", "mode": "hit"}
redis-fixture-1  | 2026-09-23T10:13:55.489353125Z {"seq": 429, "time_ns": 3530266990442, "event": "client_complete", "id": "hit-r3-047", "status": "200", "curl_exit": 0, "body_sha256": "da87d065c0f96d585f02840dc10c88f7e8edac17ae77dbdae4b9e051a619338f"}
redis-fixture-1  | 2026-09-23T10:13:55.491557326Z {"seq": 430, "time_ns": 3530269140598, "event": "upstream_peer_closed", "id": "hit-r3-047"}
redis-fixture-1  | 2026-09-23T10:13:55.600580777Z {"seq": 431, "time_ns": 3530378146989, "event": "redis_release_requested", "id": "hit-r3-047"}
redis-fixture-1  | 2026-09-23T10:13:55.604939481Z {"seq": 432, "time_ns": 3530382490552, "event": "prepared", "id": "hit-r3-048", "mode": "hit", "key": "higress-audit:hit-r3-048", "value": "{\"source\":\"cache\",\"value\":\"fixture-only\"}"}
redis-fixture-1  | 2026-09-23T10:13:55.622424858Z {"seq": 433, "time_ns": 3530396973438, "event": "redis_command", "id": "hit-r3-048", "command": "GET", "args": ["higress-audit:hit-r3-048"]}
redis-fixture-1  | 2026-09-23T10:13:55.622444697Z {"seq": 434, "time_ns": 3530400139185, "event": "redis_get_seen", "id": "hit-r3-048"}
redis-fixture-1  | 2026-09-23T10:13:55.622646058Z {"seq": 435, "time_ns": 3530400316814, "event": "upstream_seen", "id": "hit-r3-048", "headers": {"host": "127.0.0.1:19468", "user-agent": "curl/7.81.0", "accept": "*/*", "x-http-cache-key": "hit-r3-048", "x-verification-id": "hit-r3-048", "x-forwarded-proto": "http", "x-envoy-original-host": "127.0.0.1:19468", "x-request-id": "c1375725-7dce-4c4e-9d67-0df6b85dfe30", "x-envoy-expected-rq-timeout-ms": "15000", "req-start-time": "1790158435617"}}
redis-fixture-1  | 2026-09-23T10:13:55.637110623Z {"seq": 436, "time_ns": 3530414724777, "event": "redis_release_requested", "id": "hit-r3-048"}
redis-fixture-1  | 2026-09-23T10:13:55.637238280Z {"seq": 437, "time_ns": 3530414930648, "event": "redis_reply_released", "id": "hit-r3-048", "mode": "hit"}
redis-fixture-1  | 2026-09-23T10:13:55.641572844Z {"seq": 438, "time_ns": 3530419155713, "event": "client_complete", "id": "hit-r3-048", "status": "200", "curl_exit": 0, "body_sha256": "da87d065c0f96d585f02840dc10c88f7e8edac17ae77dbdae4b9e051a619338f"}
redis-fixture-1  | 2026-09-23T10:13:55.644020622Z {"seq": 439, "time_ns": 3530421602318, "event": "upstream_peer_closed", "id": "hit-r3-048"}
redis-fixture-1  | 2026-09-23T10:13:55.753681507Z {"seq": 440, "time_ns": 3530531347380, "event": "redis_release_requested", "id": "hit-r3-048"}
redis-fixture-1  | 2026-09-23T10:13:55.757859254Z {"seq": 441, "time_ns": 3530535445684, "event": "prepared", "id": "hit-r3-049", "mode": "hit", "key": "higress-audit:hit-r3-049", "value": "{\"source\":\"cache\",\"value\":\"fixture-only\"}"}
redis-fixture-1  | 2026-09-23T10:13:55.771973235Z {"seq": 442, "time_ns": 3530549390274, "event": "redis_command", "id": "hit-r3-049", "command": "GET", "args": ["higress-audit:hit-r3-049"]}
redis-fixture-1  | 2026-09-23T10:13:55.772069047Z {"seq": 443, "time_ns": 3530549830980, "event": "upstream_seen", "id": "hit-r3-049", "headers": {"host": "127.0.0.1:19468", "user-agent": "curl/7.81.0", "accept": "*/*", "x-http-cache-key": "hit-r3-049", "x-verification-id": "hit-r3-049", "x-forwarded-proto": "http", "x-envoy-original-host": "127.0.0.1:19468", "x-request-id": "16736cf1-c1b0-4909-97a7-34ff2b24a498", "x-envoy-expected-rq-timeout-ms": "15000", "req-start-time": "1790158435770"}}
redis-fixture-1  | 2026-09-23T10:13:55.772117574Z {"seq": 444, "time_ns": 3530549886105, "event": "redis_get_seen", "id": "hit-r3-049"}
redis-fixture-1  | 2026-09-23T10:13:55.789458333Z {"seq": 445, "time_ns": 3530567090171, "event": "redis_release_requested", "id": "hit-r3-049"}
redis-fixture-1  | 2026-09-23T10:13:55.789490654Z {"seq": 446, "time_ns": 3530567217619, "event": "redis_reply_released", "id": "hit-r3-049", "mode": "hit"}
redis-fixture-1  | 2026-09-23T10:13:55.794127089Z {"seq": 447, "time_ns": 3530571753411, "event": "client_complete", "id": "hit-r3-049", "status": "200", "curl_exit": 0, "body_sha256": "da87d065c0f96d585f02840dc10c88f7e8edac17ae77dbdae4b9e051a619338f"}
redis-fixture-1  | 2026-09-23T10:13:55.796192772Z {"seq": 448, "time_ns": 3530573841328, "event": "upstream_peer_closed", "id": "hit-r3-049"}
redis-fixture-1  | 2026-09-23T10:13:55.905939430Z {"seq": 449, "time_ns": 3530683502190, "event": "redis_release_requested", "id": "hit-r3-049"}
envoy-1          | 2026-09-23T10:13:38.511696017Z [2026-09-23 10:13:38.511][29][debug][wasm] [external/envoy/source/extensions/common/wasm/context.cc:1538] wasm log response-cache response-cache response-cache: redis call end, request-id: d66f6cd5-7088-44c4-902f-afdfa1492d07, respQuery: KjINCiQzDQpnZXQNCiQyNA0KaGlncmVzcy1hdWRpdDpoaXQtcjEtMDM0DQo=, respValue: JDQxDQp7InNvdXJjZSI6ImNhY2hlIiwidmFsdWUiOiJmaXh0dXJlLW9ubHkifQ0K
envoy-1          | 2026-09-23T10:13:38.511732865Z [2026-09-23 10:13:38.511][29][info][wasm] [external/envoy/source/extensions/common/wasm/context.cc:1541] wasm log response-cache response-cache response-cache: [response-cache] [nil] [df1cb934-71a6-47ed-bb90-4185679fe64e] [response-cache] cache hit for key: hit-r1-034
envoy-1          | 2026-09-23T10:13:38.511758398Z [2026-09-23 10:13:38.511][29][debug][wasm] [external/envoy/source/extensions/common/wasm/context.cc:1538] wasm log response-cache response-cache response-cache: [response-cache] [nil] [df1cb934-71a6-47ed-bb90-4185679fe64e] [response-cache] [processCacheHit] cached response for key hit-r1-034: {"source":"cache","value":"fixture-only"}
envoy-1          | 2026-09-23T10:13:38.512058557Z [2026-09-23 10:13:38.511][29][debug][wasm] [external/envoy/source/extensions/common/wasm/context.cc:1538] wasm log response-cache response-cache response-cache: [response-cache] [nil] [df1cb934-71a6-47ed-bb90-4185679fe64e] SetResponseBodyBufferLimit: 10485760
envoy-1          | 2026-09-23T10:13:38.512175834Z [2026-09-23 10:13:38.512][29][debug][wasm] [external/envoy/source/extensions/common/wasm/context.cc:1538] wasm log response-cache response-cache response-cache: [response-cache] [nil] [df1cb934-71a6-47ed-bb90-4185679fe64e] [onHttpResponseBody] key is nil, skip cache
envoy-1          | 2026-09-23T10:13:38.642358208Z [2026-09-23 10:13:38.642][29][debug][wasm] [external/envoy/source/extensions/common/wasm/context.cc:1538] wasm log response-cache response-cache response-cache: [response-cache] [nil] [1b95bcd5-cb9b-4bed-88a6-dccb030599c3] [onHttpRequestHeaders] cache key from request header: x-http-cache-key, key: hit-r1-035
envoy-1          | 2026-09-23T10:13:38.642396705Z [2026-09-23 10:13:38.642][29][debug][wasm] [external/envoy/source/extensions/common/wasm/context.cc:1538] wasm log response-cache response-cache response-cache: [response-cache] [nil] [1b95bcd5-cb9b-4bed-88a6-dccb030599c3] [response-cache] [CheckCacheForKey] querying cache with key: higress-audit:hit-r1-035
envoy-1          | 2026-09-23T10:13:38.642570013Z [2026-09-23 10:13:38.642][29][debug][wasm] [external/envoy/source/extensions/common/wasm/context.cc:1538] wasm log response-cache response-cache response-cache: redis call start, request-id: ab01edaf-4519-4dcb-9909-a43e360b1a8b, respQuery: KjINCiQzDQpnZXQNCiQyNA0KaGlncmVzcy1hdWRpdDpoaXQtcjEtMDM1DQo=
envoy-1          | 2026-09-23T10:13:38.658073836Z [2026-09-23 10:13:38.657][29][debug][wasm] [external/envoy/source/extensions/common/wasm/context.cc:1538] wasm log response-cache response-cache response-cache: redis call end, request-id: ab01edaf-4519-4dcb-9909-a43e360b1a8b, respQuery: KjINCiQzDQpnZXQNCiQyNA0KaGlncmVzcy1hdWRpdDpoaXQtcjEtMDM1DQo=, respValue: JDQxDQp7InNvdXJjZSI6ImNhY2hlIiwidmFsdWUiOiJmaXh0dXJlLW9ubHkifQ0K
envoy-1          | 2026-09-23T10:13:38.658129133Z [2026-09-23 10:13:38.657][29][info][wasm] [external/envoy/source/extensions/common/wasm/context.cc:1541] wasm log response-cache response-cache response-cache: [response-cache] [nil] [1b95bcd5-cb9b-4bed-88a6-dccb030599c3] [response-cache] cache hit for key: hit-r1-035
envoy-1          | 2026-09-23T10:13:38.658146209Z [2026-09-23 10:13:38.658][29][debug][wasm] [external/envoy/source/extensions/common/wasm/context.cc:1538] wasm log response-cache response-cache response-cache: [response-cache] [nil] [1b95bcd5-cb9b-4bed-88a6-dccb030599c3] [response-cache] [processCacheHit] cached response for key hit-r1-035: {"source":"cache","value":"fixture-only"}
envoy-1          | 2026-09-23T10:13:38.658516711Z [2026-09-23 10:13:38.658][29][debug][wasm] [external/envoy/source/extensions/common/wasm/context.cc:1538] wasm log response-cache response-cache response-cache: [response-cache] [nil] [1b95bcd5-cb9b-4bed-88a6-dccb030599c3] SetResponseBodyBufferLimit: 10485760
envoy-1          | 2026-09-23T10:13:38.658631464Z [2026-09-23 10:13:38.658][29][debug][wasm] [external/envoy/source/extensions/common/wasm/context.cc:1538] wasm log response-cache response-cache response-cache: [response-cache] [nil] [1b95bcd5-cb9b-4bed-88a6-dccb030599c3] [onHttpResponseBody] key is nil, skip cache
envoy-1          | 2026-09-23T10:13:38.789610146Z [2026-09-23 10:13:38.789][29][debug][wasm] [external/envoy/source/extensions/common/wasm/context.cc:1538] wasm log response-cache response-cache response-cache: [response-cache] [nil] [053943bf-241a-4e9a-8146-76c060eda346] [onHttpRequestHeaders] cache key from request header: x-http-cache-key, key: hit-r1-036
envoy-1          | 2026-09-23T10:13:38.789646568Z [2026-09-23 10:13:38.789][29][debug][wasm] [external/envoy/source/extensions/common/wasm/context.cc:1538] wasm log response-cache response-cache response-cache: [response-cache] [nil] [053943bf-241a-4e9a-8146-76c060eda346] [response-cache] [CheckCacheForKey] querying cache with key: higress-audit:hit-r1-036
envoy-1          | 2026-09-23T10:13:38.789659248Z [2026-09-23 10:13:38.789][29][debug][wasm] [external/envoy/source/extensions/common/wasm/context.cc:1538] wasm log response-cache response-cache response-cache: redis call start, request-id: 42b8cad3-7403-481d-8fe2-88b18547887f, respQuery: KjINCiQzDQpnZXQNCiQyNA0KaGlncmVzcy1hdWRpdDpoaXQtcjEtMDM2DQo=
envoy-1          | 2026-09-23T10:13:38.806857621Z [2026-09-23 10:13:38.806][29][debug][wasm] [external/envoy/source/extensions/common/wasm/context.cc:1538] wasm log response-cache response-cache response-cache: redis call end, request-id: 42b8cad3-7403-481d-8fe2-88b18547887f, respQuery: KjINCiQzDQpnZXQNCiQyNA0KaGlncmVzcy1hdWRpdDpoaXQtcjEtMDM2DQo=, respValue: JDQxDQp7InNvdXJjZSI6ImNhY2hlIiwidmFsdWUiOiJmaXh0dXJlLW9ubHkifQ0K
envoy-1          | 2026-09-23T10:13:38.806876873Z [2026-09-23 10:13:38.806][29][info][wasm] [external/envoy/source/extensions/common/wasm/context.cc:1541] wasm log response-cache response-cache response-cache: [response-cache] [nil] [053943bf-241a-4e9a-8146-76c060eda346] [response-cache] cache hit for key: hit-r1-036
envoy-1          | 2026-09-23T10:13:38.806888200Z [2026-09-23 10:13:38.806][29][debug][wasm] [external/envoy/source/extensions/common/wasm/context.cc:1538] wasm log response-cache response-cache response-cache: [response-cache] [nil] [053943bf-241a-4e9a-8146-76c060eda346] [response-cache] [processCacheHit] cached response for key hit-r1-036: {"source":"cache","value":"fixture-only"}
envoy-1          | 2026-09-23T10:13:38.807194403Z [2026-09-23 10:13:38.807][29][debug][wasm] [external/envoy/source/extensions/common/wasm/context.cc:1538] wasm log response-cache response-cache response-cache: [response-cache] [nil] [053943bf-241a-4e9a-8146-76c060eda346] SetResponseBodyBufferLimit: 10485760
envoy-1          | 2026-09-23T10:13:38.807287680Z [2026-09-23 10:13:38.807][29][debug][wasm] [external/envoy/source/extensions/common/wasm/context.cc:1538] wasm log response-cache response-cache response-cache: [response-cache] [nil] [053943bf-241a-4e9a-8146-76c060eda346] [onHttpResponseBody] key is nil, skip cache
envoy-1          | 2026-09-23T10:13:38.949398274Z [2026-09-23 10:13:38.949][29][debug][wasm] [external/envoy/source/extensions/common/wasm/context.cc:1538] wasm log response-cache response-cache response-cache: [response-cache] [nil] [b0f3cd81-2e52-4fcb-9a27-f2833c871ef6] [onHttpRequestHeaders] cache key from request header: x-http-cache-key, key: hit-r1-037
envoy-1          | 2026-09-23T10:13:38.949436193Z [2026-09-23 10:13:38.949][29][debug][wasm] [external/envoy/source/extensions/common/wasm/context.cc:1538] wasm log response-cache response-cache response-cache: [response-cache] [nil] [b0f3cd81-2e52-4fcb-9a27-f2833c871ef6] [response-cache] [CheckCacheForKey] querying cache with key: higress-audit:hit-r1-037
envoy-1          | 2026-09-23T10:13:38.949582546Z [2026-09-23 10:13:38.949][29][debug][wasm] [external/envoy/source/extensions/common/wasm/context.cc:1538] wasm log response-cache response-cache response-cache: redis call start, request-id: c6dc66ee-6d78-4f37-87f8-0ee2a47439e7, respQuery: KjINCiQzDQpnZXQNCiQyNA0KaGlncmVzcy1hdWRpdDpoaXQtcjEtMDM3DQo=
envoy-1          | 2026-09-23T10:13:38.965345448Z [2026-09-23 10:13:38.965][29][debug][wasm] [external/envoy/source/extensions/common/wasm/context.cc:1538] wasm log response-cache response-cache response-cache: redis call end, request-id: c6dc66ee-6d78-4f37-87f8-0ee2a47439e7, respQuery: KjINCiQzDQpnZXQNCiQyNA0KaGlncmVzcy1hdWRpdDpoaXQtcjEtMDM3DQo=, respValue: JDQxDQp7InNvdXJjZSI6ImNhY2hlIiwidmFsdWUiOiJmaXh0dXJlLW9ubHkifQ0K
envoy-1          | 2026-09-23T10:13:38.965363873Z [2026-09-23 10:13:38.965][29][info][wasm] [external/envoy/source/extensions/common/wasm/context.cc:1541] wasm log response-cache response-cache response-cache: [response-cache] [nil] [b0f3cd81-2e52-4fcb-9a27-f2833c871ef6] [response-cache] cache hit for key: hit-r1-037
envoy-1          | 2026-09-23T10:13:38.965374900Z [2026-09-23 10:13:38.965][29][debug][wasm] [external/envoy/source/extensions/common/wasm/context.cc:1538] wasm log response-cache response-cache response-cache: [response-cache] [nil] [b0f3cd81-2e52-4fcb-9a27-f2833c871ef6] [response-cache] [processCacheHit] cached response for key hit-r1-037: {"source":"cache","value":"fixture-only"}
envoy-1          | 2026-09-23T10:13:38.965663367Z [2026-09-23 10:13:38.965][29][debug][wasm] [external/envoy/source/extensions/common/wasm/context.cc:1538] wasm log response-cache response-cache response-cache: [response-cache] [nil] [b0f3cd81-2e52-4fcb-9a27-f2833c871ef6] SetResponseBodyBufferLimit: 10485760
envoy-1          | 2026-09-23T10:13:38.965752491Z [2026-09-23 10:13:38.965][29][debug][wasm] [external/envoy/source/extensions/common/wasm/context.cc:1538] wasm log response-cache response-cache response-cache: [response-cache] [nil] [b0f3cd81-2e52-4fcb-9a27-f2833c871ef6] [onHttpResponseBody] key is nil, skip cache
envoy-1          | 2026-09-23T10:13:39.096640278Z [2026-09-23 10:13:39.096][29][debug][wasm] [external/envoy/source/extensions/common/wasm/context.cc:1538] wasm log response-cache response-cache response-cache: [response-cache] [nil] [a60b55fe-7765-4549-824d-0430762239b3] [onHttpRequestHeaders] cache key from request header: x-http-cache-key, key: hit-r1-038
envoy-1          | 2026-09-23T10:13:39.096675719Z [2026-09-23 10:13:39.096][29][debug][wasm] [external/envoy/source/extensions/common/wasm/context.cc:1538] wasm log response-cache response-cache response-cache: [response-cache] [nil] [a60b55fe-7765-4549-824d-0430762239b3] [response-cache] [CheckCacheForKey] querying cache with key: higress-audit:hit-r1-038
envoy-1          | 2026-09-23T10:13:39.096782411Z [2026-09-23 10:13:39.096][29][debug][wasm] [external/envoy/source/extensions/common/wasm/context.cc:1538] wasm log response-cache response-cache response-cache: redis call start, request-id: b96f6267-6555-4284-8066-4a2997fd49e0, respQuery: KjINCiQzDQpnZXQNCiQyNA0KaGlncmVzcy1hdWRpdDpoaXQtcjEtMDM4DQo=
envoy-1          | 2026-09-23T10:13:39.112726543Z [2026-09-23 10:13:39.112][29][debug][wasm] [external/envoy/source/extensions/common/wasm/context.cc:1538] wasm log response-cache response-cache response-cache: redis call end, request-id: b96f6267-6555-4284-8066-4a2997fd49e0, respQuery: KjINCiQzDQpnZXQNCiQyNA0KaGlncmVzcy1hdWRpdDpoaXQtcjEtMDM4DQo=, respValue: JDQxDQp7InNvdXJjZSI6ImNhY2hlIiwidmFsdWUiOiJmaXh0dXJlLW9ubHkifQ0K
envoy-1          | 2026-09-23T10:13:39.112745015Z [2026-09-23 10:13:39.112][29][info][wasm] [external/envoy/source/extensions/common/wasm/context.cc:1541] wasm log response-cache response-cache response-cache: [response-cache] [nil] [a60b55fe-7765-4549-824d-0430762239b3] [response-cache] cache hit for key: hit-r1-038
envoy-1          | 2026-09-23T10:13:39.112755975Z [2026-09-23 10:13:39.112][29][debug][wasm] [external/envoy/source/extensions/common/wasm/context.cc:1538] wasm log response-cache response-cache response-cache: [response-cache] [nil] [a60b55fe-7765-4549-824d-0430762239b3] [response-cache] [processCacheHit] cached response for key hit-r1-038: {"source":"cache","value":"fixture-only"}
envoy-1          | 2026-09-23T10:13:39.113048048Z [2026-09-23 10:13:39.112][29][debug][wasm] [external/envoy/source/extensions/common/wasm/context.cc:1538] wasm log response-cache response-cache response-cache: [response-cache] [nil] [a60b55fe-7765-4549-824d-0430762239b3] SetResponseBodyBufferLimit: 10485760
envoy-1          | 2026-09-23T10:13:39.113135309Z [2026-09-23 10:13:39.113][29][debug][wasm] [external/envoy/source/extensions/common/wasm/context.cc:1538] wasm log response-cache response-cache response-cache: [response-cache] [nil] [a60b55fe-7765-4549-824d-0430762239b3] [onHttpResponseBody] key is nil, skip cache
envoy-1          | 2026-09-23T10:13:39.244246397Z [2026-09-23 10:13:39.243][29][debug][wasm] [external/envoy/source/extensions/common/wasm/context.cc:1538] wasm log response-cache response-cache response-cache: [response-cache] [nil] [d319fd4e-cd49-4bdf-8e29-ce28d85243e8] [onHttpRequestHeaders] cache key from request header: x-http-cache-key, key: hit-r1-039
envoy-1          | 2026-09-23T10:13:39.244282670Z [2026-09-23 10:13:39.244][29][debug][wasm] [external/envoy/source/extensions/common/wasm/context.cc:1538] wasm log response-cache response-cache response-cache: [response-cache] [nil] [d319fd4e-cd49-4bdf-8e29-ce28d85243e8] [response-cache] [CheckCacheForKey] querying cache with key: higress-audit:hit-r1-039
envoy-1          | 2026-09-23T10:13:39.244316678Z [2026-09-23 10:13:39.244][29][debug][wasm] [external/envoy/source/extensions/common/wasm/context.cc:1538] wasm log response-cache response-cache response-cache: redis call start, request-id: 15d95f9b-e08b-4b62-b2ba-fc33a2f97332, respQuery: KjINCiQzDQpnZXQNCiQyNA0KaGlncmVzcy1hdWRpdDpoaXQtcjEtMDM5DQo=
envoy-1          | 2026-09-23T10:13:39.261958114Z [2026-09-23 10:13:39.261][29][debug][wasm] [external/envoy/source/extensions/common/wasm/context.cc:1538] wasm log response-cache response-cache response-cache: redis call end, request-id: 15d95f9b-e08b-4b62-b2ba-fc33a2f97332, respQuery: KjINCiQzDQpnZXQNCiQyNA0KaGlncmVzcy1hdWRpdDpoaXQtcjEtMDM5DQo=, respValue: JDQxDQp7InNvdXJjZSI6ImNhY2hlIiwidmFsdWUiOiJmaXh0dXJlLW9ubHkifQ0K
envoy-1          | 2026-09-23T10:13:39.261992090Z [2026-09-23 10:13:39.261][29][info][wasm] [external/envoy/source/extensions/common/wasm/context.cc:1541] wasm log response-cache response-cache response-cache: [response-cache] [nil] [d319fd4e-cd49-4bdf-8e29-ce28d85243e8] [response-cache] cache hit for key: hit-r1-039
envoy-1          | 2026-09-23T10:13:39.262003003Z [2026-09-23 10:13:39.261][29][debug][wasm] [external/envoy/source/extensions/common/wasm/context.cc:1538] wasm log response-cache response-cache response-cache: [response-cache] [nil] [d319fd4e-cd49-4bdf-8e29-ce28d85243e8] [response-cache] [processCacheHit] cached response for key hit-r1-039: {"source":"cache","value":"fixture-only"}
envoy-1          | 2026-09-23T10:13:39.262301040Z [2026-09-23 10:13:39.262][29][debug][wasm] [external/envoy/source/extensions/common/wasm/context.cc:1538] wasm log response-cache response-cache response-cache: [response-cache] [nil] [d319fd4e-cd49-4bdf-8e29-ce28d85243e8] SetResponseBodyBufferLimit: 10485760
envoy-1          | 2026-09-23T10:13:39.262413362Z [2026-09-23 10:13:39.262][29][debug][wasm] [external/envoy/source/extensions/common/wasm/context.cc:1538] wasm log response-cache response-cache response-cache: [response-cache] [nil] [d319fd4e-cd49-4bdf-8e29-ce28d85243e8] [onHttpResponseBody] key is nil, skip cache
envoy-1          | 2026-09-23T10:13:39.393134695Z [2026-09-23 10:13:39.392][29][debug][wasm] [external/envoy/source/extensions/common/wasm/context.cc:1538] wasm log response-cache response-cache response-cache: [response-cache] [nil] [b8faeee0-5a69-4beb-bde6-c33369f129cc] [onHttpRequestHeaders] cache key from request header: x-http-cache-key, key: hit-r1-040
envoy-1          | 2026-09-23T10:13:39.393170499Z [2026-09-23 10:13:39.392][29][debug][wasm] [external/envoy/source/extensions/common/wasm/context.cc:1538] wasm log response-cache response-cache response-cache: [response-cache] [nil] [b8faeee0-5a69-4beb-bde6-c33369f129cc] [response-cache] [CheckCacheForKey] querying cache with key: higress-audit:hit-r1-040
envoy-1          | 2026-09-23T10:13:39.393203407Z [2026-09-23 10:13:39.393][29][debug][wasm] [external/envoy/source/extensions/common/wasm/context.cc:1538] wasm log response-cache response-cache response-cache: redis call start, request-id: e617e9ca-a044-4d86-a36c-21cf6797ed91, respQuery: KjINCiQzDQpnZXQNCiQyNA0KaGlncmVzcy1hdWRpdDpoaXQtcjEtMDQwDQo=
envoy-1          | 2026-09-23T10:13:39.410362692Z [2026-09-23 10:13:39.410][29][debug][wasm] [external/envoy/source/extensions/common/wasm/context.cc:1538] wasm log response-cache response-cache response-cache: redis call end, request-id: e617e9ca-a044-4d86-a36c-21cf6797ed91, respQuery: KjINCiQzDQpnZXQNCiQyNA0KaGlncmVzcy1hdWRpdDpoaXQtcjEtMDQwDQo=, respValue: JDQxDQp7InNvdXJjZSI6ImNhY2hlIiwidmFsdWUiOiJmaXh0dXJlLW9ubHkifQ0K
envoy-1          | 2026-09-23T10:13:39.410381156Z [2026-09-23 10:13:39.410][29][info][wasm] [external/envoy/source/extensions/common/wasm/context.cc:1541] wasm log response-cache response-cache response-cache: [response-cache] [nil] [b8faeee0-5a69-4beb-bde6-c33369f129cc] [response-cache] cache hit for key: hit-r1-040
envoy-1          | 2026-09-23T10:13:39.410392344Z [2026-09-23 10:13:39.410][29][debug][wasm] [external/envoy/source/extensions/common/wasm/context.cc:1538] wasm log response-cache response-cache response-cache: [response-cache] [nil] [b8faeee0-5a69-4beb-bde6-c33369f129cc] [response-cache] [processCacheHit] cached response for key hit-r1-040: {"source":"cache","value":"fixture-only"}
envoy-1          | 2026-09-23T10:13:39.410663910Z [2026-09-23 10:13:39.410][29][debug][wasm] [external/envoy/source/extensions/common/wasm/context.cc:1538] wasm log response-cache response-cache response-cache: [response-cache] [nil] [b8faeee0-5a69-4beb-bde6-c33369f129cc] SetResponseBodyBufferLimit: 10485760
envoy-1          | 2026-09-23T10:13:39.410746814Z [2026-09-23 10:13:39.410][29][debug][wasm] [external/envoy/source/extensions/common/wasm/context.cc:1538] wasm log response-cache response-cache response-cache: [response-cache] [nil] [b8faeee0-5a69-4beb-bde6-c33369f129cc] [onHttpResponseBody] key is nil, skip cache
envoy-1          | 2026-09-23T10:13:39.541240070Z [2026-09-23 10:13:39.540][29][debug][wasm] [external/envoy/source/extensions/common/wasm/context.cc:1538] wasm log response-cache response-cache response-cache: [response-cache] [nil] [fe200eef-4fc2-420e-8ed0-b30646ef010d] [onHttpRequestHeaders] cache key from request header: x-http-cache-key, key: hit-r1-041
envoy-1          | 2026-09-23T10:13:39.541275886Z [2026-09-23 10:13:39.541][29][debug][wasm] [external/envoy/source/extensions/common/wasm/context.cc:1538] wasm log response-cache response-cache response-cache: [response-cache] [nil] [fe200eef-4fc2-420e-8ed0-b30646ef010d] [response-cache] [CheckCacheForKey] querying cache with key: higress-audit:hit-r1-041
envoy-1          | 2026-09-23T10:13:39.541335367Z [2026-09-23 10:13:39.541][29][debug][wasm] [external/envoy/source/extensions/common/wasm/context.cc:1538] wasm log response-cache response-cache response-cache: redis call start, request-id: c4eb093c-0680-45b8-aeb8-e8e6d45b948e, respQuery: KjINCiQzDQpnZXQNCiQyNA0KaGlncmVzcy1hdWRpdDpoaXQtcjEtMDQxDQo=
envoy-1          | 2026-09-23T10:13:39.560192475Z [2026-09-23 10:13:39.560][29][debug][wasm] [external/envoy/source/extensions/common/wasm/context.cc:1538] wasm log response-cache response-cache response-cache: redis call end, request-id: c4eb093c-0680-45b8-aeb8-e8e6d45b948e, respQuery: KjINCiQzDQpnZXQNCiQyNA0KaGlncmVzcy1hdWRpdDpoaXQtcjEtMDQxDQo=, respValue: JDQxDQp7InNvdXJjZSI6ImNhY2hlIiwidmFsdWUiOiJmaXh0dXJlLW9ubHkifQ0K
envoy-1          | 2026-09-23T10:13:39.560210760Z [2026-09-23 10:13:39.560][29][info][wasm] [external/envoy/source/extensions/common/wasm/context.cc:1541] wasm log response-cache response-cache response-cache: [response-cache] [nil] [fe200eef-4fc2-420e-8ed0-b30646ef010d] [response-cache] cache hit for key: hit-r1-041
envoy-1          | 2026-09-23T10:13:39.560227599Z [2026-09-23 10:13:39.560][29][debug][wasm] [external/envoy/source/extensions/common/wasm/context.cc:1538] wasm log response-cache response-cache response-cache: [response-cache] [nil] [fe200eef-4fc2-420e-8ed0-b30646ef010d] [response-cache] [processCacheHit] cached response for key hit-r1-041: {"source":"cache","value":"fixture-only"}
envoy-1          | 2026-09-23T10:13:39.560535713Z [2026-09-23 10:13:39.560][29][debug][wasm] [external/envoy/source/extensions/common/wasm/context.cc:1538] wasm log response-cache response-cache response-cache: [response-cache] [nil] [fe200eef-4fc2-420e-8ed0-b30646ef010d] SetResponseBodyBufferLimit: 10485760
envoy-1          | 2026-09-23T10:13:39.560626607Z [2026-09-23 10:13:39.560][29][debug][wasm] [external/envoy/source/extensions/common/wasm/context.cc:1538] wasm log response-cache response-cache response-cache: [response-cache] [nil] [fe200eef-4fc2-420e-8ed0-b30646ef010d] [onHttpResponseBody] key is nil, skip cache
envoy-1          | 2026-09-23T10:13:39.691711995Z [2026-09-23 10:13:39.691][29][debug][wasm] [external/envoy/source/extensions/common/wasm/context.cc:1538] wasm log response-cache response-cache response-cache: [response-cache] [nil] [cd201418-af1f-451a-8d9f-b0204a219fe0] [onHttpRequestHeaders] cache key from request header: x-http-cache-key, key: hit-r1-042
envoy-1          | 2026-09-23T10:13:39.691748187Z [2026-09-23 10:13:39.691][29][debug][wasm] [external/envoy/source/extensions/common/wasm/context.cc:1538] wasm log response-cache response-cache response-cache: [response-cache] [nil] [cd201418-af1f-451a-8d9f-b0204a219fe0] [response-cache] [CheckCacheForKey] querying cache with key: higress-audit:hit-r1-042
envoy-1          | 2026-09-23T10:13:39.691863988Z [2026-09-23 10:13:39.691][29][debug][wasm] [external/envoy/source/extensions/common/wasm/context.cc:1538] wasm log response-cache response-cache response-cache: redis call start, request-id: dc0dd9bc-d09e-442f-978d-035c08b87ffe, respQuery: KjINCiQzDQpnZXQNCiQyNA0KaGlncmVzcy1hdWRpdDpoaXQtcjEtMDQyDQo=
envoy-1          | 2026-09-23T10:13:39.709533139Z [2026-09-23 10:13:39.709][29][debug][wasm] [external/envoy/source/extensions/common/wasm/context.cc:1538] wasm log response-cache response-cache response-cache: redis call end, request-id: dc0dd9bc-d09e-442f-978d-035c08b87ffe, respQuery: KjINCiQzDQpnZXQNCiQyNA0KaGlncmVzcy1hdWRpdDpoaXQtcjEtMDQyDQo=, respValue: JDQxDQp7InNvdXJjZSI6ImNhY2hlIiwidmFsdWUiOiJmaXh0dXJlLW9ubHkifQ0K
envoy-1          | 2026-09-23T10:13:39.709551140Z [2026-09-23 10:13:39.709][29][info][wasm] [external/envoy/source/extensions/common/wasm/context.cc:1541] wasm log response-cache response-cache response-cache: [response-cache] [nil] [cd201418-af1f-451a-8d9f-b0204a219fe0] [response-cache] cache hit for key: hit-r1-042
envoy-1          | 2026-09-23T10:13:39.709623604Z [2026-09-23 10:13:39.709][29][debug][wasm] [external/envoy/source/extensions/common/wasm/context.cc:1538] wasm log response-cache response-cache response-cache: [response-cache] [nil] [cd201418-af1f-451a-8d9f-b0204a219fe0] [response-cache] [processCacheHit] cached response for key hit-r1-042: {"source":"cache","value":"fixture-only"}
envoy-1          | 2026-09-23T10:13:39.709883446Z [2026-09-23 10:13:39.709][29][debug][wasm] [external/envoy/source/extensions/common/wasm/context.cc:1538] wasm log response-cache response-cache response-cache: [response-cache] [nil] [cd201418-af1f-451a-8d9f-b0204a219fe0] SetResponseBodyBufferLimit: 10485760
envoy-1          | 2026-09-23T10:13:39.709993187Z [2026-09-23 10:13:39.709][29][debug][wasm] [external/envoy/source/extensions/common/wasm/context.cc:1538] wasm log response-cache response-cache response-cache: [response-cache] [nil] [cd201418-af1f-451a-8d9f-b0204a219fe0] [onHttpResponseBody] key is nil, skip cache
envoy-1          | 2026-09-23T10:13:39.841220727Z [2026-09-23 10:13:39.840][29][debug][wasm] [external/envoy/source/extensions/common/wasm/context.cc:1538] wasm log response-cache response-cache response-cache: [response-cache] [nil] [920011f4-9ac6-4f0d-9c7c-2541586afa4e] [onHttpRequestHeaders] cache key from request header: x-http-cache-key, key: hit-r1-043
envoy-1          | 2026-09-23T10:13:39.841256177Z [2026-09-23 10:13:39.841][29][debug][wasm] [external/envoy/source/extensions/common/wasm/context.cc:1538] wasm log response-cache response-cache response-cache: [response-cache] [nil] [920011f4-9ac6-4f0d-9c7c-2541586afa4e] [response-cache] [CheckCacheForKey] querying cache with key: higress-audit:hit-r1-043
envoy-1          | 2026-09-23T10:13:39.841288805Z [2026-09-23 10:13:39.841][29][debug][wasm] [external/envoy/source/extensions/common/wasm/context.cc:1538] wasm log response-cache response-cache response-cache: redis call start, request-id: 0d634db3-5df9-42de-9d22-5284bb34082e, respQuery: KjINCiQzDQpnZXQNCiQyNA0KaGlncmVzcy1hdWRpdDpoaXQtcjEtMDQzDQo=
envoy-1          | 2026-09-23T10:13:39.860158846Z [2026-09-23 10:13:39.859][29][debug][wasm] [external/envoy/source/extensions/common/wasm/context.cc:1538] wasm log response-cache response-cache response-cache: redis call end, request-id: 0d634db3-5df9-42de-9d22-5284bb34082e, respQuery: KjINCiQzDQpnZXQNCiQyNA0KaGlncmVzcy1hdWRpdDpoaXQtcjEtMDQzDQo=, respValue: JDQxDQp7InNvdXJjZSI6ImNhY2hlIiwidmFsdWUiOiJmaXh0dXJlLW9ubHkifQ0K
envoy-1          | 2026-09-23T10:13:39.860178526Z [2026-09-23 10:13:39.860][29][info][wasm] [external/envoy/source/extensions/common/wasm/context.cc:1541] wasm log response-cache response-cache response-cache: [response-cache] [nil] [920011f4-9ac6-4f0d-9c7c-2541586afa4e] [response-cache] cache hit for key: hit-r1-043
envoy-1          | 2026-09-23T10:13:39.860206186Z [2026-09-23 10:13:39.860][29][debug][wasm] [external/envoy/source/extensions/common/wasm/context.cc:1538] wasm log response-cache response-cache response-cache: [response-cache] [nil] [920011f4-9ac6-4f0d-9c7c-2541586afa4e] [response-cache] [processCacheHit] cached response for key hit-r1-043: {"source":"cache","value":"fixture-only"}
envoy-1          | 2026-09-23T10:13:39.860469312Z [2026-09-23 10:13:39.860][29][debug][wasm] [external/envoy/source/extensions/common/wasm/context.cc:1538] wasm log response-cache response-cache response-cache: [response-cache] [nil] [920011f4-9ac6-4f0d-9c7c-2541586afa4e] SetResponseBodyBufferLimit: 10485760
envoy-1          | 2026-09-23T10:13:39.860556325Z [2026-09-23 10:13:39.860][29][debug][wasm] [external/envoy/source/extensions/common/wasm/context.cc:1538] wasm log response-cache response-cache response-cache: [response-cache] [nil] [920011f4-9ac6-4f0d-9c7c-2541586afa4e] [onHttpResponseBody] key is nil, skip cache
envoy-1          | 2026-09-23T10:13:39.991515832Z [2026-09-23 10:13:39.991][29][debug][wasm] [external/envoy/source/extensions/common/wasm/context.cc:1538] wasm log response-cache response-cache response-cache: [response-cache] [nil] [623de40c-da52-498d-ab93-b8cf77f6ccb0] [onHttpRequestHeaders] cache key from request header: x-http-cache-key, key: hit-r1-044
envoy-1          | 2026-09-23T10:13:39.991539223Z [2026-09-23 10:13:39.991][29][debug][wasm] [external/envoy/source/extensions/common/wasm/context.cc:1538] wasm log response-cache response-cache response-cache: [response-cache] [nil] [623de40c-da52-498d-ab93-b8cf77f6ccb0] [response-cache] [CheckCacheForKey] querying cache with key: higress-audit:hit-r1-044
envoy-1          | 2026-09-23T10:13:39.991546094Z [2026-09-23 10:13:39.991][29][debug][wasm] [external/envoy/source/extensions/common/wasm/context.cc:1538] wasm log response-cache response-cache response-cache: redis call start, request-id: 9197dc0a-3208-4d50-84f5-0c1adfa79f18, respQuery: KjINCiQzDQpnZXQNCiQyNA0KaGlncmVzcy1hdWRpdDpoaXQtcjEtMDQ0DQo=
envoy-1          | 2026-09-23T10:13:40.007982776Z [2026-09-23 10:13:40.007][29][debug][wasm] [external/envoy/source/extensions/common/wasm/context.cc:1538] wasm log response-cache response-cache response-cache: redis call end, request-id: 9197dc0a-3208-4d50-84f5-0c1adfa79f18, respQuery: KjINCiQzDQpnZXQNCiQyNA0KaGlncmVzcy1hdWRpdDpoaXQtcjEtMDQ0DQo=, respValue: JDQxDQp7InNvdXJjZSI6ImNhY2hlIiwidmFsdWUiOiJmaXh0dXJlLW9ubHkifQ0K
envoy-1          | 2026-09-23T10:13:40.007995597Z [2026-09-23 10:13:40.007][29][info][wasm] [external/envoy/source/extensions/common/wasm/context.cc:1541] wasm log response-cache response-cache response-cache: [response-cache] [nil] [623de40c-da52-498d-ab93-b8cf77f6ccb0] [response-cache] cache hit for key: hit-r1-044
envoy-1          | 2026-09-23T10:13:40.008001568Z [2026-09-23 10:13:40.007][29][debug][wasm] [external/envoy/source/extensions/common/wasm/context.cc:1538] wasm log response-cache response-cache response-cache: [response-cache] [nil] [623de40c-da52-498d-ab93-b8cf77f6ccb0] [response-cache] [processCacheHit] cached response for key hit-r1-044: {"source":"cache","value":"fixture-only"}
envoy-1          | 2026-09-23T10:13:40.008181012Z [2026-09-23 10:13:40.008][29][debug][wasm] [external/envoy/source/extensions/common/wasm/context.cc:1538] wasm log response-cache response-cache response-cache: [response-cache] [nil] [623de40c-da52-498d-ab93-b8cf77f6ccb0] SetResponseBodyBufferLimit: 10485760
envoy-1          | 2026-09-23T10:13:40.008247944Z [2026-09-23 10:13:40.008][29][debug][wasm] [external/envoy/source/extensions/common/wasm/context.cc:1538] wasm log response-cache response-cache response-cache: [response-cache] [nil] [623de40c-da52-498d-ab93-b8cf77f6ccb0] [onHttpResponseBody] key is nil, skip cache
envoy-1          | 2026-09-23T10:13:40.136825965Z [2026-09-23 10:13:40.136][29][debug][wasm] [external/envoy/source/extensions/common/wasm/context.cc:1538] wasm log response-cache response-cache response-cache: [response-cache] [nil] [1ec7b426-ec6e-4f90-815a-7d92cfc4854e] [onHttpRequestHeaders] cache key from request header: x-http-cache-key, key: hit-r1-045
envoy-1          | 2026-09-23T10:13:40.136849066Z [2026-09-23 10:13:40.136][29][debug][wasm] [external/envoy/source/extensions/common/wasm/context.cc:1538] wasm log response-cache response-cache response-cache: [response-cache] [nil] [1ec7b426-ec6e-4f90-815a-7d92cfc4854e] [response-cache] [CheckCacheForKey] querying cache with key: higress-audit:hit-r1-045
envoy-1          | 2026-09-23T10:13:40.136886372Z [2026-09-23 10:13:40.136][29][debug][wasm] [external/envoy/source/extensions/common/wasm/context.cc:1538] wasm log response-cache response-cache response-cache: redis call start, request-id: d789840b-749e-45d1-85f8-95d78809e47c, respQuery: KjINCiQzDQpnZXQNCiQyNA0KaGlncmVzcy1hdWRpdDpoaXQtcjEtMDQ1DQo=
envoy-1          | 2026-09-23T10:13:40.154993058Z [2026-09-23 10:13:40.154][29][debug][wasm] [external/envoy/source/extensions/common/wasm/context.cc:1538] wasm log response-cache response-cache response-cache: redis call end, request-id: d789840b-749e-45d1-85f8-95d78809e47c, respQuery: KjINCiQzDQpnZXQNCiQyNA0KaGlncmVzcy1hdWRpdDpoaXQtcjEtMDQ1DQo=, respValue: JDQxDQp7InNvdXJjZSI6ImNhY2hlIiwidmFsdWUiOiJmaXh0dXJlLW9ubHkifQ0K
envoy-1          | 2026-09-23T10:13:40.155011878Z [2026-09-23 10:13:40.154][29][info][wasm] [external/envoy/source/extensions/common/wasm/context.cc:1541] wasm log response-cache response-cache response-cache: [response-cache] [nil] [1ec7b426-ec6e-4f90-815a-7d92cfc4854e] [response-cache] cache hit for key: hit-r1-045
envoy-1          | 2026-09-23T10:13:40.155049790Z [2026-09-23 10:13:40.154][29][debug][wasm] [external/envoy/source/extensions/common/wasm/context.cc:1538] wasm log response-cache response-cache response-cache: [response-cache] [nil] [1ec7b426-ec6e-4f90-815a-7d92cfc4854e] [response-cache] [processCacheHit] cached response for key hit-r1-045: {"source":"cache","value":"fixture-only"}
envoy-1          | 2026-09-23T10:13:40.155362341Z [2026-09-23 10:13:40.155][29][debug][wasm] [external/envoy/source/extensions/common/wasm/context.cc:1538] wasm log response-cache response-cache response-cache: [response-cache] [nil] [1ec7b426-ec6e-4f90-815a-7d92cfc4854e] SetResponseBodyBufferLimit: 10485760
envoy-1          | 2026-09-23T10:13:40.155508769Z [2026-09-23 10:13:40.155][29][debug][wasm] [external/envoy/source/extensions/common/wasm/context.cc:1538] wasm log response-cache response-cache response-cache: [response-cache] [nil] [1ec7b426-ec6e-4f90-815a-7d92cfc4854e] [onHttpResponseBody] key is nil, skip cache
envoy-1          | 2026-09-23T10:13:40.288850658Z [2026-09-23 10:13:40.288][29][debug][wasm] [external/envoy/source/extensions/common/wasm/context.cc:1538] wasm log response-cache response-cache response-cache: [response-cache] [nil] [732b04ff-8237-48dc-9539-c653ea7e1785] [onHttpRequestHeaders] cache key from request header: x-http-cache-key, key: hit-r1-046
envoy-1          | 2026-09-23T10:13:40.288890283Z [2026-09-23 10:13:40.288][29][debug][wasm] [external/envoy/source/extensions/common/wasm/context.cc:1538] wasm log response-cache response-cache response-cache: [response-cache] [nil] [732b04ff-8237-48dc-9539-c653ea7e1785] [response-cache] [CheckCacheForKey] querying cache with key: higress-audit:hit-r1-046
envoy-1          | 2026-09-23T10:13:40.288903342Z [2026-09-23 10:13:40.288][29][debug][wasm] [external/envoy/source/extensions/common/wasm/context.cc:1538] wasm log response-cache response-cache response-cache: redis call start, request-id: ed1dc9de-96ed-4110-9820-a2acf980a999, respQuery: KjINCiQzDQpnZXQNCiQyNA0KaGlncmVzcy1hdWRpdDpoaXQtcjEtMDQ2DQo=
envoy-1          | 2026-09-23T10:13:40.306925614Z [2026-09-23 10:13:40.306][29][debug][wasm] [external/envoy/source/extensions/common/wasm/context.cc:1538] wasm log response-cache response-cache response-cache: redis call end, request-id: ed1dc9de-96ed-4110-9820-a2acf980a999, respQuery: KjINCiQzDQpnZXQNCiQyNA0KaGlncmVzcy1hdWRpdDpoaXQtcjEtMDQ2DQo=, respValue: JDQxDQp7InNvdXJjZSI6ImNhY2hlIiwidmFsdWUiOiJmaXh0dXJlLW9ubHkifQ0K
envoy-1          | 2026-09-23T10:13:40.306946245Z [2026-09-23 10:13:40.306][29][info][wasm] [external/envoy/source/extensions/common/wasm/context.cc:1541] wasm log response-cache response-cache response-cache: [response-cache] [nil] [732b04ff-8237-48dc-9539-c653ea7e1785] [response-cache] cache hit for key: hit-r1-046
envoy-1          | 2026-09-23T10:13:40.307038111Z [2026-09-23 10:13:40.306][29][debug][wasm] [external/envoy/source/extensions/common/wasm/context.cc:1538] wasm log response-cache response-cache response-cache: [response-cache] [nil] [732b04ff-8237-48dc-9539-c653ea7e1785] [response-cache] [processCacheHit] cached response for key hit-r1-046: {"source":"cache","value":"fixture-only"}
envoy-1          | 2026-09-23T10:13:40.307331664Z [2026-09-23 10:13:40.307][29][debug][wasm] [external/envoy/source/extensions/common/wasm/context.cc:1538] wasm log response-cache response-cache response-cache: [response-cache] [nil] [732b04ff-8237-48dc-9539-c653ea7e1785] SetResponseBodyBufferLimit: 10485760
envoy-1          | 2026-09-23T10:13:40.307438934Z [2026-09-23 10:13:40.307][29][debug][wasm] [external/envoy/source/extensions/common/wasm/context.cc:1538] wasm log response-cache response-cache response-cache: [response-cache] [nil] [732b04ff-8237-48dc-9539-c653ea7e1785] [onHttpResponseBody] key is nil, skip cache
envoy-1          | 2026-09-23T10:13:40.443488822Z [2026-09-23 10:13:40.443][29][debug][wasm] [external/envoy/source/extensions/common/wasm/context.cc:1538] wasm log response-cache response-cache response-cache: [response-cache] [nil] [c02f40ec-8d8f-48e2-b0a8-32adede01f9a] [onHttpRequestHeaders] cache key from request header: x-http-cache-key, key: hit-r1-047
envoy-1          | 2026-09-23T10:13:40.443525363Z [2026-09-23 10:13:40.443][29][debug][wasm] [external/envoy/source/extensions/common/wasm/context.cc:1538] wasm log response-cache response-cache response-cache: [response-cache] [nil] [c02f40ec-8d8f-48e2-b0a8-32adede01f9a] [response-cache] [CheckCacheForKey] querying cache with key: higress-audit:hit-r1-047
envoy-1          | 2026-09-23T10:13:40.443616352Z [2026-09-23 10:13:40.443][29][debug][wasm] [external/envoy/source/extensions/common/wasm/context.cc:1538] wasm log response-cache response-cache response-cache: redis call start, request-id: 9d723bd2-6083-4f25-9416-bb6190a67234, respQuery: KjINCiQzDQpnZXQNCiQyNA0KaGlncmVzcy1hdWRpdDpoaXQtcjEtMDQ3DQo=
envoy-1          | 2026-09-23T10:13:40.460613742Z [2026-09-23 10:13:40.460][29][debug][wasm] [external/envoy/source/extensions/common/wasm/context.cc:1538] wasm log response-cache response-cache response-cache: redis call end, request-id: 9d723bd2-6083-4f25-9416-bb6190a67234, respQuery: KjINCiQzDQpnZXQNCiQyNA0KaGlncmVzcy1hdWRpdDpoaXQtcjEtMDQ3DQo=, respValue: JDQxDQp7InNvdXJjZSI6ImNhY2hlIiwidmFsdWUiOiJmaXh0dXJlLW9ubHkifQ0K
envoy-1          | 2026-09-23T10:13:40.460648514Z [2026-09-23 10:13:40.460][29][info][wasm] [external/envoy/source/extensions/common/wasm/context.cc:1541] wasm log response-cache response-cache response-cache: [response-cache] [nil] [c02f40ec-8d8f-48e2-b0a8-32adede01f9a] [response-cache] cache hit for key: hit-r1-047
envoy-1          | 2026-09-23T10:13:40.460660530Z [2026-09-23 10:13:40.460][29][debug][wasm] [external/envoy/source/extensions/common/wasm/context.cc:1538] wasm log response-cache response-cache response-cache: [response-cache] [nil] [c02f40ec-8d8f-48e2-b0a8-32adede01f9a] [response-cache] [processCacheHit] cached response for key hit-r1-047: {"source":"cache","value":"fixture-only"}
envoy-1          | 2026-09-23T10:13:40.460921125Z [2026-09-23 10:13:40.460][29][debug][wasm] [external/envoy/source/extensions/common/wasm/context.cc:1538] wasm log response-cache response-cache response-cache: [response-cache] [nil] [c02f40ec-8d8f-48e2-b0a8-32adede01f9a] SetResponseBodyBufferLimit: 10485760
envoy-1          | 2026-09-23T10:13:40.461059829Z [2026-09-23 10:13:40.460][29][debug][wasm] [external/envoy/source/extensions/common/wasm/context.cc:1538] wasm log response-cache response-cache response-cache: [response-cache] [nil] [c02f40ec-8d8f-48e2-b0a8-32adede01f9a] [onHttpResponseBody] key is nil, skip cache
envoy-1          | 2026-09-23T10:13:40.594340928Z [2026-09-23 10:13:40.594][29][debug][wasm] [external/envoy/source/extensions/common/wasm/context.cc:1538] wasm log response-cache response-cache response-cache: [response-cache] [nil] [5f1a4798-36fd-4888-9381-b9105dafb700] [onHttpRequestHeaders] cache key from request header: x-http-cache-key, key: hit-r1-048
envoy-1          | 2026-09-23T10:13:40.594364438Z [2026-09-23 10:13:40.594][29][debug][wasm] [external/envoy/source/extensions/common/wasm/context.cc:1538] wasm log response-cache response-cache response-cache: [response-cache] [nil] [5f1a4798-36fd-4888-9381-b9105dafb700] [response-cache] [CheckCacheForKey] querying cache with key: higress-audit:hit-r1-048
envoy-1          | 2026-09-23T10:13:40.594508192Z [2026-09-23 10:13:40.594][29][debug][wasm] [external/envoy/source/extensions/common/wasm/context.cc:1538] wasm log response-cache response-cache response-cache: redis call start, request-id: ad34a223-238e-4c69-bd79-472c41587c59, respQuery: KjINCiQzDQpnZXQNCiQyNA0KaGlncmVzcy1hdWRpdDpoaXQtcjEtMDQ4DQo=
envoy-1          | 2026-09-23T10:13:40.616764930Z [2026-09-23 10:13:40.616][29][debug][wasm] [external/envoy/source/extensions/common/wasm/context.cc:1538] wasm log response-cache response-cache response-cache: redis call end, request-id: ad34a223-238e-4c69-bd79-472c41587c59, respQuery: KjINCiQzDQpnZXQNCiQyNA0KaGlncmVzcy1hdWRpdDpoaXQtcjEtMDQ4DQo=, respValue: JDQxDQp7InNvdXJjZSI6ImNhY2hlIiwidmFsdWUiOiJmaXh0dXJlLW9ubHkifQ0K
envoy-1          | 2026-09-23T10:13:40.616787891Z [2026-09-23 10:13:40.616][29][info][wasm] [external/envoy/source/extensions/common/wasm/context.cc:1541] wasm log response-cache response-cache response-cache: [response-cache] [nil] [5f1a4798-36fd-4888-9381-b9105dafb700] [response-cache] cache hit for key: hit-r1-048
envoy-1          | 2026-09-23T10:13:40.616796333Z [2026-09-23 10:13:40.616][29][debug][wasm] [external/envoy/source/extensions/common/wasm/context.cc:1538] wasm log response-cache response-cache response-cache: [response-cache] [nil] [5f1a4798-36fd-4888-9381-b9105dafb700] [response-cache] [processCacheHit] cached response for key hit-r1-048: {"source":"cache","value":"fixture-only"}
envoy-1          | 2026-09-23T10:13:40.617090113Z [2026-09-23 10:13:40.617][29][debug][wasm] [external/envoy/source/extensions/common/wasm/context.cc:1538] wasm log response-cache response-cache response-cache: [response-cache] [nil] [5f1a4798-36fd-4888-9381-b9105dafb700] SetResponseBodyBufferLimit: 10485760
envoy-1          | 2026-09-23T10:13:40.617206946Z [2026-09-23 10:13:40.617][29][debug][wasm] [external/envoy/source/extensions/common/wasm/context.cc:1538] wasm log response-cache response-cache response-cache: [response-cache] [nil] [5f1a4798-36fd-4888-9381-b9105dafb700] [onHttpResponseBody] key is nil, skip cache
envoy-1          | 2026-09-23T10:13:40.750271632Z [2026-09-23 10:13:40.749][29][debug][wasm] [external/envoy/source/extensions/common/wasm/context.cc:1538] wasm log response-cache response-cache response-cache: [response-cache] [nil] [eaa75c79-fde6-4132-999b-7293b8ffd68c] [onHttpRequestHeaders] cache key from request header: x-http-cache-key, key: hit-r1-049
envoy-1          | 2026-09-23T10:13:40.750331397Z [2026-09-23 10:13:40.750][29][debug][wasm] [external/envoy/source/extensions/common/wasm/context.cc:1538] wasm log response-cache response-cache response-cache: [response-cache] [nil] [eaa75c79-fde6-4132-999b-7293b8ffd68c] [response-cache] [CheckCacheForKey] querying cache with key: higress-audit:hit-r1-049
envoy-1          | 2026-09-23T10:13:40.750350137Z [2026-09-23 10:13:40.750][29][debug][wasm] [external/envoy/source/extensions/common/wasm/context.cc:1538] wasm log response-cache response-cache response-cache: redis call start, request-id: 14fc416b-31cf-4330-9922-41527ba28b1a, respQuery: KjINCiQzDQpnZXQNCiQyNA0KaGlncmVzcy1hdWRpdDpoaXQtcjEtMDQ5DQo=
envoy-1          | 2026-09-23T10:13:40.770399675Z [2026-09-23 10:13:40.770][29][debug][wasm] [external/envoy/source/extensions/common/wasm/context.cc:1538] wasm log response-cache response-cache response-cache: redis call end, request-id: 14fc416b-31cf-4330-9922-41527ba28b1a, respQuery: KjINCiQzDQpnZXQNCiQyNA0KaGlncmVzcy1hdWRpdDpoaXQtcjEtMDQ5DQo=, respValue: JDQxDQp7InNvdXJjZSI6ImNhY2hlIiwidmFsdWUiOiJmaXh0dXJlLW9ubHkifQ0K
envoy-1          | 2026-09-23T10:13:40.770422230Z [2026-09-23 10:13:40.770][29][info][wasm] [external/envoy/source/extensions/common/wasm/context.cc:1541] wasm log response-cache response-cache response-cache: [response-cache] [nil] [eaa75c79-fde6-4132-999b-7293b8ffd68c] [response-cache] cache hit for key: hit-r1-049
envoy-1          | 2026-09-23T10:13:40.770434250Z [2026-09-23 10:13:40.770][29][debug][wasm] [external/envoy/source/extensions/common/wasm/context.cc:1538] wasm log response-cache response-cache response-cache: [response-cache] [nil] [eaa75c79-fde6-4132-999b-7293b8ffd68c] [response-cache] [processCacheHit] cached response for key hit-r1-049: {"source":"cache","value":"fixture-only"}
envoy-1          | 2026-09-23T10:13:40.770696662Z [2026-09-23 10:13:40.770][29][debug][wasm] [external/envoy/source/extensions/common/wasm/context.cc:1538] wasm log response-cache response-cache response-cache: [response-cache] [nil] [eaa75c79-fde6-4132-999b-7293b8ffd68c] SetResponseBodyBufferLimit: 10485760
envoy-1          | 2026-09-23T10:13:40.770802474Z [2026-09-23 10:13:40.770][29][debug][wasm] [external/envoy/source/extensions/common/wasm/context.cc:1538] wasm log response-cache response-cache response-cache: [response-cache] [nil] [eaa75c79-fde6-4132-999b-7293b8ffd68c] [onHttpResponseBody] key is nil, skip cache
envoy-1          | 2026-09-23T10:13:40.935385555Z [2026-09-23 10:13:40.935][29][debug][wasm] [external/envoy/source/extensions/common/wasm/context.cc:1538] wasm log response-cache response-cache response-cache: [response-cache] [nil] [98d46aa2-f614-43d8-ad28-7f3b0b5ea8b4] [onHttpRequestHeaders] cache key from request header: x-http-cache-key, key: hit-r2-000
envoy-1          | 2026-09-23T10:13:40.935422028Z [2026-09-23 10:13:40.935][29][debug][wasm] [external/envoy/source/extensions/common/wasm/context.cc:1538] wasm log response-cache response-cache response-cache: [response-cache] [nil] [98d46aa2-f614-43d8-ad28-7f3b0b5ea8b4] [response-cache] [CheckCacheForKey] querying cache with key: higress-audit:hit-r2-000
envoy-1          | 2026-09-23T10:13:40.935455548Z [2026-09-23 10:13:40.935][29][debug][wasm] [external/envoy/source/extensions/common/wasm/context.cc:1538] wasm log response-cache response-cache response-cache: redis call start, request-id: e49db7db-6755-4ed3-90bd-66b4ac29dd4e, respQuery: KjINCiQzDQpnZXQNCiQyNA0KaGlncmVzcy1hdWRpdDpoaXQtcjItMDAwDQo=
envoy-1          | 2026-09-23T10:13:40.954932354Z [2026-09-23 10:13:40.954][29][debug][wasm] [external/envoy/source/extensions/common/wasm/context.cc:1538] wasm log response-cache response-cache response-cache: redis call end, request-id: e49db7db-6755-4ed3-90bd-66b4ac29dd4e, respQuery: KjINCiQzDQpnZXQNCiQyNA0KaGlncmVzcy1hdWRpdDpoaXQtcjItMDAwDQo=, respValue: JDQxDQp7InNvdXJjZSI6ImNhY2hlIiwidmFsdWUiOiJmaXh0dXJlLW9ubHkifQ0K
envoy-1          | 2026-09-23T10:13:40.954985418Z [2026-09-23 10:13:40.954][29][info][wasm] [external/envoy/source/extensions/common/wasm/context.cc:1541] wasm log response-cache response-cache response-cache: [response-cache] [nil] [98d46aa2-f614-43d8-ad28-7f3b0b5ea8b4] [response-cache] cache hit for key: hit-r2-000
envoy-1          | 2026-09-23T10:13:40.955001295Z [2026-09-23 10:13:40.954][29][debug][wasm] [external/envoy/source/extensions/common/wasm/context.cc:1538] wasm log response-cache response-cache response-cache: [response-cache] [nil] [98d46aa2-f614-43d8-ad28-7f3b0b5ea8b4] [response-cache] [processCacheHit] cached response for key hit-r2-000: {"source":"cache","value":"fixture-only"}
envoy-1          | 2026-09-23T10:13:40.955274308Z [2026-09-23 10:13:40.955][29][debug][wasm] [external/envoy/source/extensions/common/wasm/context.cc:1538] wasm log response-cache response-cache response-cache: [response-cache] [nil] [98d46aa2-f614-43d8-ad28-7f3b0b5ea8b4] SetResponseBodyBufferLimit: 10485760
envoy-1          | 2026-09-23T10:13:40.955386321Z [2026-09-23 10:13:40.955][29][debug][wasm] [external/envoy/source/extensions/common/wasm/context.cc:1538] wasm log response-cache response-cache response-cache: [response-cache] [nil] [98d46aa2-f614-43d8-ad28-7f3b0b5ea8b4] [onHttpResponseBody] key is nil, skip cache
envoy-1          | 2026-09-23T10:13:41.085592935Z [2026-09-23 10:13:41.085][29][debug][wasm] [external/envoy/source/extensions/common/wasm/context.cc:1538] wasm log response-cache response-cache response-cache: [response-cache] [nil] [20703e95-a4bf-4019-9989-9d80696ff3ec] [onHttpRequestHeaders] cache key from request header: x-http-cache-key, key: hit-r2-001
envoy-1          | 2026-09-23T10:13:41.085634263Z [2026-09-23 10:13:41.085][29][debug][wasm] [external/envoy/source/extensions/common/wasm/context.cc:1538] wasm log response-cache response-cache response-cache: [response-cache] [nil] [20703e95-a4bf-4019-9989-9d80696ff3ec] [response-cache] [CheckCacheForKey] querying cache with key: higress-audit:hit-r2-001
envoy-1          | 2026-09-23T10:13:41.085667871Z [2026-09-23 10:13:41.085][29][debug][wasm] [external/envoy/source/extensions/common/wasm/context.cc:1538] wasm log response-cache response-cache response-cache: redis call start, request-id: b16705dd-2f41-4d28-89cb-c484c7246ecf, respQuery: KjINCiQzDQpnZXQNCiQyNA0KaGlncmVzcy1hdWRpdDpoaXQtcjItMDAxDQo=
envoy-1          | 2026-09-23T10:13:41.106206969Z [2026-09-23 10:13:41.106][29][debug][wasm] [external/envoy/source/extensions/common/wasm/context.cc:1538] wasm log response-cache response-cache response-cache: redis call end, request-id: b16705dd-2f41-4d28-89cb-c484c7246ecf, respQuery: KjINCiQzDQpnZXQNCiQyNA0KaGlncmVzcy1hdWRpdDpoaXQtcjItMDAxDQo=, respValue: JDQxDQp7InNvdXJjZSI6ImNhY2hlIiwidmFsdWUiOiJmaXh0dXJlLW9ubHkifQ0K
envoy-1          | 2026-09-23T10:13:41.106261109Z [2026-09-23 10:13:41.106][29][info][wasm] [external/envoy/source/extensions/common/wasm/context.cc:1541] wasm log response-cache response-cache response-cache: [response-cache] [nil] [20703e95-a4bf-4019-9989-9d80696ff3ec] [response-cache] cache hit for key: hit-r2-001
envoy-1          | 2026-09-23T10:13:41.106289433Z [2026-09-23 10:13:41.106][29][debug][wasm] [external/envoy/source/extensions/common/wasm/context.cc:1538] wasm log response-cache response-cache response-cache: [response-cache] [nil] [20703e95-a4bf-4019-9989-9d80696ff3ec] [response-cache] [processCacheHit] cached response for key hit-r2-001: {"source":"cache","value":"fixture-only"}
envoy-1          | 2026-09-23T10:13:41.106685753Z [2026-09-23 10:13:41.106][29][debug][wasm] [external/envoy/source/extensions/common/wasm/context.cc:1538] wasm log response-cache response-cache response-cache: [response-cache] [nil] [20703e95-a4bf-4019-9989-9d80696ff3ec] SetResponseBodyBufferLimit: 10485760
envoy-1          | 2026-09-23T10:13:41.106772701Z [2026-09-23 10:13:41.106][29][debug][wasm] [external/envoy/source/extensions/common/wasm/context.cc:1538] wasm log response-cache response-cache response-cache: [response-cache] [nil] [20703e95-a4bf-4019-9989-9d80696ff3ec] [onHttpResponseBody] key is nil, skip cache
envoy-1          | 2026-09-23T10:13:41.233274823Z [2026-09-23 10:13:41.233][29][debug][wasm] [external/envoy/source/extensions/common/wasm/context.cc:1538] wasm log response-cache response-cache response-cache: [response-cache] [nil] [9fa89378-35c8-4353-b67f-044544280e44] [onHttpRequestHeaders] cache key from request header: x-http-cache-key, key: hit-r2-002
envoy-1          | 2026-09-23T10:13:41.233310039Z [2026-09-23 10:13:41.233][29][debug][wasm] [external/envoy/source/extensions/common/wasm/context.cc:1538] wasm log response-cache response-cache response-cache: [response-cache] [nil] [9fa89378-35c8-4353-b67f-044544280e44] [response-cache] [CheckCacheForKey] querying cache with key: higress-audit:hit-r2-002
envoy-1          | 2026-09-23T10:13:41.233504101Z [2026-09-23 10:13:41.233][29][debug][wasm] [external/envoy/source/extensions/common/wasm/context.cc:1538] wasm log response-cache response-cache response-cache: redis call start, request-id: bde0f8fb-b93a-4b5d-9394-4a70499c5118, respQuery: KjINCiQzDQpnZXQNCiQyNA0KaGlncmVzcy1hdWRpdDpoaXQtcjItMDAyDQo=
envoy-1          | 2026-09-23T10:13:41.255282991Z [2026-09-23 10:13:41.255][29][debug][wasm] [external/envoy/source/extensions/common/wasm/context.cc:1538] wasm log response-cache response-cache response-cache: redis call end, request-id: bde0f8fb-b93a-4b5d-9394-4a70499c5118, respQuery: KjINCiQzDQpnZXQNCiQyNA0KaGlncmVzcy1hdWRpdDpoaXQtcjItMDAyDQo=, respValue: JDQxDQp7InNvdXJjZSI6ImNhY2hlIiwidmFsdWUiOiJmaXh0dXJlLW9ubHkifQ0K
envoy-1          | 2026-09-23T10:13:41.255293269Z [2026-09-23 10:13:41.255][29][info][wasm] [external/envoy/source/extensions/common/wasm/context.cc:1541] wasm log response-cache response-cache response-cache: [response-cache] [nil] [9fa89378-35c8-4353-b67f-044544280e44] [response-cache] cache hit for key: hit-r2-002
envoy-1          | 2026-09-23T10:13:41.255324404Z [2026-09-23 10:13:41.255][29][debug][wasm] [external/envoy/source/extensions/common/wasm/context.cc:1538] wasm log response-cache response-cache response-cache: [response-cache] [nil] [9fa89378-35c8-4353-b67f-044544280e44] [response-cache] [processCacheHit] cached response for key hit-r2-002: {"source":"cache","value":"fixture-only"}
envoy-1          | 2026-09-23T10:13:41.255615425Z [2026-09-23 10:13:41.255][29][debug][wasm] [external/envoy/source/extensions/common/wasm/context.cc:1538] wasm log response-cache response-cache response-cache: [response-cache] [nil] [9fa89378-35c8-4353-b67f-044544280e44] SetResponseBodyBufferLimit: 10485760
envoy-1          | 2026-09-23T10:13:41.255717230Z [2026-09-23 10:13:41.255][29][debug][wasm] [external/envoy/source/extensions/common/wasm/context.cc:1538] wasm log response-cache response-cache response-cache: [response-cache] [nil] [9fa89378-35c8-4353-b67f-044544280e44] [onHttpResponseBody] key is nil, skip cache
envoy-1          | 2026-09-23T10:13:41.383894237Z [2026-09-23 10:13:41.383][29][debug][wasm] [external/envoy/source/extensions/common/wasm/context.cc:1538] wasm log response-cache response-cache response-cache: [response-cache] [nil] [58268e25-854f-48d3-957c-aba7d538a8a7] [onHttpRequestHeaders] cache key from request header: x-http-cache-key, key: hit-r2-003
envoy-1          | 2026-09-23T10:13:41.383928693Z [2026-09-23 10:13:41.383][29][debug][wasm] [external/envoy/source/extensions/common/wasm/context.cc:1538] wasm log response-cache response-cache response-cache: [response-cache] [nil] [58268e25-854f-48d3-957c-aba7d538a8a7] [response-cache] [CheckCacheForKey] querying cache with key: higress-audit:hit-r2-003
envoy-1          | 2026-09-23T10:13:41.383978709Z [2026-09-23 10:13:41.383][29][debug][wasm] [external/envoy/source/extensions/common/wasm/context.cc:1538] wasm log response-cache response-cache response-cache: redis call start, request-id: a70fd078-4b34-4335-af7f-f75bdc6f1057, respQuery: KjINCiQzDQpnZXQNCiQyNA0KaGlncmVzcy1hdWRpdDpoaXQtcjItMDAzDQo=
envoy-1          | 2026-09-23T10:13:41.404238897Z [2026-09-23 10:13:41.404][29][debug][wasm] [external/envoy/source/extensions/common/wasm/context.cc:1538] wasm log response-cache response-cache response-cache: redis call end, request-id: a70fd078-4b34-4335-af7f-f75bdc6f1057, respQuery: KjINCiQzDQpnZXQNCiQyNA0KaGlncmVzcy1hdWRpdDpoaXQtcjItMDAzDQo=, respValue: JDQxDQp7InNvdXJjZSI6ImNhY2hlIiwidmFsdWUiOiJmaXh0dXJlLW9ubHkifQ0K
envoy-1          | 2026-09-23T10:13:41.404271606Z [2026-09-23 10:13:41.404][29][info][wasm] [external/envoy/source/extensions/common/wasm/context.cc:1541] wasm log response-cache response-cache response-cache: [response-cache] [nil] [58268e25-854f-48d3-957c-aba7d538a8a7] [response-cache] cache hit for key: hit-r2-003
envoy-1          | 2026-09-23T10:13:41.404286894Z [2026-09-23 10:13:41.404][29][debug][wasm] [external/envoy/source/extensions/common/wasm/context.cc:1538] wasm log response-cache response-cache response-cache: [response-cache] [nil] [58268e25-854f-48d3-957c-aba7d538a8a7] [response-cache] [processCacheHit] cached response for key hit-r2-003: {"source":"cache","value":"fixture-only"}
envoy-1          | 2026-09-23T10:13:41.404567179Z [2026-09-23 10:13:41.404][29][debug][wasm] [external/envoy/source/extensions/common/wasm/context.cc:1538] wasm log response-cache response-cache response-cache: [response-cache] [nil] [58268e25-854f-48d3-957c-aba7d538a8a7] SetResponseBodyBufferLimit: 10485760
envoy-1          | 2026-09-23T10:13:41.404677736Z [2026-09-23 10:13:41.404][29][debug][wasm] [external/envoy/source/extensions/common/wasm/context.cc:1538] wasm log response-cache response-cache response-cache: [response-cache] [nil] [58268e25-854f-48d3-957c-aba7d538a8a7] [onHttpResponseBody] key is nil, skip cache
envoy-1          | 2026-09-23T10:13:41.532738158Z [2026-09-23 10:13:41.532][29][debug][wasm] [external/envoy/source/extensions/common/wasm/context.cc:1538] wasm log response-cache response-cache response-cache: [response-cache] [nil] [4085d62a-2809-4369-bfce-168e3201fe49] [onHttpRequestHeaders] cache key from request header: x-http-cache-key, key: hit-r2-004
envoy-1          | 2026-09-23T10:13:41.532771486Z [2026-09-23 10:13:41.532][29][debug][wasm] [external/envoy/source/extensions/common/wasm/context.cc:1538] wasm log response-cache response-cache response-cache: [response-cache] [nil] [4085d62a-2809-4369-bfce-168e3201fe49] [response-cache] [CheckCacheForKey] querying cache with key: higress-audit:hit-r2-004
envoy-1          | 2026-09-23T10:13:41.532805146Z [2026-09-23 10:13:41.532][29][debug][wasm] [external/envoy/source/extensions/common/wasm/context.cc:1538] wasm log response-cache response-cache response-cache: redis call start, request-id: 6100d879-e9e5-4920-b3e1-abe959ccb287, respQuery: KjINCiQzDQpnZXQNCiQyNA0KaGlncmVzcy1hdWRpdDpoaXQtcjItMDA0DQo=
envoy-1          | 2026-09-23T10:13:41.555330157Z [2026-09-23 10:13:41.555][29][debug][wasm] [external/envoy/source/extensions/common/wasm/context.cc:1538] wasm log response-cache response-cache response-cache: redis call end, request-id: 6100d879-e9e5-4920-b3e1-abe959ccb287, respQuery: KjINCiQzDQpnZXQNCiQyNA0KaGlncmVzcy1hdWRpdDpoaXQtcjItMDA0DQo=, respValue: JDQxDQp7InNvdXJjZSI6ImNhY2hlIiwidmFsdWUiOiJmaXh0dXJlLW9ubHkifQ0K
envoy-1          | 2026-09-23T10:13:41.555350923Z [2026-09-23 10:13:41.555][29][info][wasm] [external/envoy/source/extensions/common/wasm/context.cc:1541] wasm log response-cache response-cache response-cache: [response-cache] [nil] [4085d62a-2809-4369-bfce-168e3201fe49] [response-cache] cache hit for key: hit-r2-004
envoy-1          | 2026-09-23T10:13:41.555369928Z [2026-09-23 10:13:41.555][29][debug][wasm] [external/envoy/source/extensions/common/wasm/context.cc:1538] wasm log response-cache response-cache response-cache: [response-cache] [nil] [4085d62a-2809-4369-bfce-168e3201fe49] [response-cache] [processCacheHit] cached response for key hit-r2-004: {"source":"cache","value":"fixture-only"}
envoy-1          | 2026-09-23T10:13:41.555674657Z [2026-09-23 10:13:41.555][29][debug][wasm] [external/envoy/source/extensions/common/wasm/context.cc:1538] wasm log response-cache response-cache response-cache: [response-cache] [nil] [4085d62a-2809-4369-bfce-168e3201fe49] SetResponseBodyBufferLimit: 10485760
envoy-1          | 2026-09-23T10:13:41.555756848Z [2026-09-23 10:13:41.555][29][debug][wasm] [external/envoy/source/extensions/common/wasm/context.cc:1538] wasm log response-cache response-cache response-cache: [response-cache] [nil] [4085d62a-2809-4369-bfce-168e3201fe49] [onHttpResponseBody] key is nil, skip cache
envoy-1          | 2026-09-23T10:13:41.684579225Z [2026-09-23 10:13:41.684][29][debug][wasm] [external/envoy/source/extensions/common/wasm/context.cc:1538] wasm log response-cache response-cache response-cache: [response-cache] [nil] [8f8c1f5a-2270-4986-9b74-a38c28c5f29c] [onHttpRequestHeaders] cache key from request header: x-http-cache-key, key: hit-r2-005
envoy-1          | 2026-09-23T10:13:41.684612706Z [2026-09-23 10:13:41.684][29][debug][wasm] [external/envoy/source/extensions/common/wasm/context.cc:1538] wasm log response-cache response-cache response-cache: [response-cache] [nil] [8f8c1f5a-2270-4986-9b74-a38c28c5f29c] [response-cache] [CheckCacheForKey] querying cache with key: higress-audit:hit-r2-005
envoy-1          | 2026-09-23T10:13:41.684644301Z [2026-09-23 10:13:41.684][29][debug][wasm] [external/envoy/source/extensions/common/wasm/context.cc:1538] wasm log response-cache response-cache response-cache: redis call start, request-id: 7035bbc2-07f6-4089-ab77-6a4740a152bf, respQuery: KjINCiQzDQpnZXQNCiQyNA0KaGlncmVzcy1hdWRpdDpoaXQtcjItMDA1DQo=
envoy-1          | 2026-09-23T10:13:41.708199746Z [2026-09-23 10:13:41.708][29][debug][wasm] [external/envoy/source/extensions/common/wasm/context.cc:1538] wasm log response-cache response-cache response-cache: redis call end, request-id: 7035bbc2-07f6-4089-ab77-6a4740a152bf, respQuery: KjINCiQzDQpnZXQNCiQyNA0KaGlncmVzcy1hdWRpdDpoaXQtcjItMDA1DQo=, respValue: JDQxDQp7InNvdXJjZSI6ImNhY2hlIiwidmFsdWUiOiJmaXh0dXJlLW9ubHkifQ0K
envoy-1          | 2026-09-23T10:13:41.708234001Z [2026-09-23 10:13:41.708][29][info][wasm] [external/envoy/source/extensions/common/wasm/context.cc:1541] wasm log response-cache response-cache response-cache: [response-cache] [nil] [8f8c1f5a-2270-4986-9b74-a38c28c5f29c] [response-cache] cache hit for key: hit-r2-005
envoy-1          | 2026-09-23T10:13:41.708315387Z [2026-09-23 10:13:41.708][29][debug][wasm] [external/envoy/source/extensions/common/wasm/context.cc:1538] wasm log response-cache response-cache response-cache: [response-cache] [nil] [8f8c1f5a-2270-4986-9b74-a38c28c5f29c] [response-cache] [processCacheHit] cached response for key hit-r2-005: {"source":"cache","value":"fixture-only"}
envoy-1          | 2026-09-23T10:13:41.708555480Z [2026-09-23 10:13:41.708][29][debug][wasm] [external/envoy/source/extensions/common/wasm/context.cc:1538] wasm log response-cache response-cache response-cache: [response-cache] [nil] [8f8c1f5a-2270-4986-9b74-a38c28c5f29c] SetResponseBodyBufferLimit: 10485760
envoy-1          | 2026-09-23T10:13:41.708662441Z [2026-09-23 10:13:41.708][29][debug][wasm] [external/envoy/source/extensions/common/wasm/context.cc:1538] wasm log response-cache response-cache response-cache: [response-cache] [nil] [8f8c1f5a-2270-4986-9b74-a38c28c5f29c] [onHttpResponseBody] key is nil, skip cache
envoy-1          | 2026-09-23T10:13:41.848694828Z [2026-09-23 10:13:41.848][29][debug][wasm] [external/envoy/source/extensions/common/wasm/context.cc:1538] wasm log response-cache response-cache response-cache: [response-cache] [nil] [ccf573b3-9708-45f9-a966-83a7a68711e1] [onHttpRequestHeaders] cache key from request header: x-http-cache-key, key: hit-r2-006
envoy-1          | 2026-09-23T10:13:41.848730153Z [2026-09-23 10:13:41.848][29][debug][wasm] [external/envoy/source/extensions/common/wasm/context.cc:1538] wasm log response-cache response-cache response-cache: [response-cache] [nil] [ccf573b3-9708-45f9-a966-83a7a68711e1] [response-cache] [CheckCacheForKey] querying cache with key: higress-audit:hit-r2-006
envoy-1          | 2026-09-23T10:13:41.848763585Z [2026-09-23 10:13:41.848][29][debug][wasm] [external/envoy/source/extensions/common/wasm/context.cc:1538] wasm log response-cache response-cache response-cache: redis call start, request-id: 8a8a4de1-787f-446f-a9fc-d4f54e29191e, respQuery: KjINCiQzDQpnZXQNCiQyNA0KaGlncmVzcy1hdWRpdDpoaXQtcjItMDA2DQo=
envoy-1          | 2026-09-23T10:13:41.872367505Z [2026-09-23 10:13:41.872][29][debug][wasm] [external/envoy/source/extensions/common/wasm/context.cc:1538] wasm log response-cache response-cache response-cache: redis call end, request-id: 8a8a4de1-787f-446f-a9fc-d4f54e29191e, respQuery: KjINCiQzDQpnZXQNCiQyNA0KaGlncmVzcy1hdWRpdDpoaXQtcjItMDA2DQo=, respValue: JDQxDQp7InNvdXJjZSI6ImNhY2hlIiwidmFsdWUiOiJmaXh0dXJlLW9ubHkifQ0K
envoy-1          | 2026-09-23T10:13:41.872386061Z [2026-09-23 10:13:41.872][29][info][wasm] [external/envoy/source/extensions/common/wasm/context.cc:1541] wasm log response-cache response-cache response-cache: [response-cache] [nil] [ccf573b3-9708-45f9-a966-83a7a68711e1] [response-cache] cache hit for key: hit-r2-006
envoy-1          | 2026-09-23T10:13:41.872396965Z [2026-09-23 10:13:41.872][29][debug][wasm] [external/envoy/source/extensions/common/wasm/context.cc:1538] wasm log response-cache response-cache response-cache: [response-cache] [nil] [ccf573b3-9708-45f9-a966-83a7a68711e1] [response-cache] [processCacheHit] cached response for key hit-r2-006: {"source":"cache","value":"fixture-only"}
envoy-1          | 2026-09-23T10:13:41.872706536Z [2026-09-23 10:13:41.872][29][debug][wasm] [external/envoy/source/extensions/common/wasm/context.cc:1538] wasm log response-cache response-cache response-cache: [response-cache] [nil] [ccf573b3-9708-45f9-a966-83a7a68711e1] SetResponseBodyBufferLimit: 10485760
envoy-1          | 2026-09-23T10:13:41.872796908Z [2026-09-23 10:13:41.872][29][debug][wasm] [external/envoy/source/extensions/common/wasm/context.cc:1538] wasm log response-cache response-cache response-cache: [response-cache] [nil] [ccf573b3-9708-45f9-a966-83a7a68711e1] [onHttpResponseBody] key is nil, skip cache
envoy-1          | 2026-09-23T10:13:42.000453983Z [2026-09-23 10:13:42.000][29][debug][wasm] [external/envoy/source/extensions/common/wasm/context.cc:1538] wasm log response-cache response-cache response-cache: [response-cache] [nil] [0a462920-7876-4292-afa0-1384519f3ee2] [onHttpRequestHeaders] cache key from request header: x-http-cache-key, key: hit-r2-007
envoy-1          | 2026-09-23T10:13:42.000488775Z [2026-09-23 10:13:42.000][29][debug][wasm] [external/envoy/source/extensions/common/wasm/context.cc:1538] wasm log response-cache response-cache response-cache: [response-cache] [nil] [0a462920-7876-4292-afa0-1384519f3ee2] [response-cache] [CheckCacheForKey] querying cache with key: higress-audit:hit-r2-007
envoy-1          | 2026-09-23T10:13:42.000546527Z [2026-09-23 10:13:42.000][29][debug][wasm] [external/envoy/source/extensions/common/wasm/context.cc:1538] wasm log response-cache response-cache response-cache: redis call start, request-id: 0ef8641c-7bd4-49d2-88d4-ff3a7d3c9c92, respQuery: KjINCiQzDQpnZXQNCiQyNA0KaGlncmVzcy1hdWRpdDpoaXQtcjItMDA3DQo=
envoy-1          | 2026-09-23T10:13:42.023002663Z [2026-09-23 10:13:42.022][29][debug][wasm] [external/envoy/source/extensions/common/wasm/context.cc:1538] wasm log response-cache response-cache response-cache: redis call end, request-id: 0ef8641c-7bd4-49d2-88d4-ff3a7d3c9c92, respQuery: KjINCiQzDQpnZXQNCiQyNA0KaGlncmVzcy1hdWRpdDpoaXQtcjItMDA3DQo=, respValue: JDQxDQp7InNvdXJjZSI6ImNhY2hlIiwidmFsdWUiOiJmaXh0dXJlLW9ubHkifQ0K
envoy-1          | 2026-09-23T10:13:42.023046935Z [2026-09-23 10:13:42.022][29][info][wasm] [external/envoy/source/extensions/common/wasm/context.cc:1541] wasm log response-cache response-cache response-cache: [response-cache] [nil] [0a462920-7876-4292-afa0-1384519f3ee2] [response-cache] cache hit for key: hit-r2-007
envoy-1          | 2026-09-23T10:13:42.023079244Z [2026-09-23 10:13:42.023][29][debug][wasm] [external/envoy/source/extensions/common/wasm/context.cc:1538] wasm log response-cache response-cache response-cache: [response-cache] [nil] [0a462920-7876-4292-afa0-1384519f3ee2] [response-cache] [processCacheHit] cached response for key hit-r2-007: {"source":"cache","value":"fixture-only"}
envoy-1          | 2026-09-23T10:13:42.023476295Z [2026-09-23 10:13:42.023][29][debug][wasm] [external/envoy/source/extensions/common/wasm/context.cc:1538] wasm log response-cache response-cache response-cache: [response-cache] [nil] [0a462920-7876-4292-afa0-1384519f3ee2] SetResponseBodyBufferLimit: 10485760
envoy-1          | 2026-09-23T10:13:42.023507323Z [2026-09-23 10:13:42.023][29][debug][wasm] [external/envoy/source/extensions/common/wasm/context.cc:1538] wasm log response-cache response-cache response-cache: [response-cache] [nil] [0a462920-7876-4292-afa0-1384519f3ee2] [onHttpResponseBody] key is nil, skip cache
envoy-1          | 2026-09-23T10:13:42.152451811Z [2026-09-23 10:13:42.152][29][debug][wasm] [external/envoy/source/extensions/common/wasm/context.cc:1538] wasm log response-cache response-cache response-cache: [response-cache] [nil] [8dd11e8c-bd93-4af3-8e14-44a0d472fc9a] [onHttpRequestHeaders] cache key from request header: x-http-cache-key, key: hit-r2-008
envoy-1          | 2026-09-23T10:13:42.152487108Z [2026-09-23 10:13:42.152][29][debug][wasm] [external/envoy/source/extensions/common/wasm/context.cc:1538] wasm log response-cache response-cache response-cache: [response-cache] [nil] [8dd11e8c-bd93-4af3-8e14-44a0d472fc9a] [response-cache] [CheckCacheForKey] querying cache with key: higress-audit:hit-r2-008
envoy-1          | 2026-09-23T10:13:42.152520760Z [2026-09-23 10:13:42.152][29][debug][wasm] [external/envoy/source/extensions/common/wasm/context.cc:1538] wasm log response-cache response-cache response-cache: redis call start, request-id: eaf9de33-4cf2-4bac-92f9-9327241c07c4, respQuery: KjINCiQzDQpnZXQNCiQyNA0KaGlncmVzcy1hdWRpdDpoaXQtcjItMDA4DQo=
envoy-1          | 2026-09-23T10:13:42.173902248Z [2026-09-23 10:13:42.173][29][debug][wasm] [external/envoy/source/extensions/common/wasm/context.cc:1538] wasm log response-cache response-cache response-cache: redis call end, request-id: eaf9de33-4cf2-4bac-92f9-9327241c07c4, respQuery: KjINCiQzDQpnZXQNCiQyNA0KaGlncmVzcy1hdWRpdDpoaXQtcjItMDA4DQo=, respValue: JDQxDQp7InNvdXJjZSI6ImNhY2hlIiwidmFsdWUiOiJmaXh0dXJlLW9ubHkifQ0K
envoy-1          | 2026-09-23T10:13:42.173921199Z [2026-09-23 10:13:42.173][29][info][wasm] [external/envoy/source/extensions/common/wasm/context.cc:1541] wasm log response-cache response-cache response-cache: [response-cache] [nil] [8dd11e8c-bd93-4af3-8e14-44a0d472fc9a] [response-cache] cache hit for key: hit-r2-008
envoy-1          | 2026-09-23T10:13:42.173992109Z [2026-09-23 10:13:42.173][29][debug][wasm] [external/envoy/source/extensions/common/wasm/context.cc:1538] wasm log response-cache response-cache response-cache: [response-cache] [nil] [8dd11e8c-bd93-4af3-8e14-44a0d472fc9a] [response-cache] [processCacheHit] cached response for key hit-r2-008: {"source":"cache","value":"fixture-only"}
envoy-1          | 2026-09-23T10:13:42.174338123Z [2026-09-23 10:13:42.174][29][debug][wasm] [external/envoy/source/extensions/common/wasm/context.cc:1538] wasm log response-cache response-cache response-cache: [response-cache] [nil] [8dd11e8c-bd93-4af3-8e14-44a0d472fc9a] SetResponseBodyBufferLimit: 10485760
envoy-1          | 2026-09-23T10:13:42.174436843Z [2026-09-23 10:13:42.174][29][debug][wasm] [external/envoy/source/extensions/common/wasm/context.cc:1538] wasm log response-cache response-cache response-cache: [response-cache] [nil] [8dd11e8c-bd93-4af3-8e14-44a0d472fc9a] [onHttpResponseBody] key is nil, skip cache
envoy-1          | 2026-09-23T10:13:42.303559781Z [2026-09-23 10:13:42.303][29][debug][wasm] [external/envoy/source/extensions/common/wasm/context.cc:1538] wasm log response-cache response-cache response-cache: [response-cache] [nil] [68bace23-d964-46c6-8706-4c4ff20e59d6] [onHttpRequestHeaders] cache key from request header: x-http-cache-key, key: hit-r2-009
envoy-1          | 2026-09-23T10:13:42.303596601Z [2026-09-23 10:13:42.303][29][debug][wasm] [external/envoy/source/extensions/common/wasm/context.cc:1538] wasm log response-cache response-cache response-cache: [response-cache] [nil] [68bace23-d964-46c6-8706-4c4ff20e59d6] [response-cache] [CheckCacheForKey] querying cache with key: higress-audit:hit-r2-009
envoy-1          | 2026-09-23T10:13:42.303629801Z [2026-09-23 10:13:42.303][29][debug][wasm] [external/envoy/source/extensions/common/wasm/context.cc:1538] wasm log response-cache response-cache response-cache: redis call start, request-id: 3fabbee6-c624-4759-8fb4-7588a795f942, respQuery: KjINCiQzDQpnZXQNCiQyNA0KaGlncmVzcy1hdWRpdDpoaXQtcjItMDA5DQo=
envoy-1          | 2026-09-23T10:13:42.325580517Z [2026-09-23 10:13:42.325][29][debug][wasm] [external/envoy/source/extensions/common/wasm/context.cc:1538] wasm log response-cache response-cache response-cache: redis call end, request-id: 3fabbee6-c624-4759-8fb4-7588a795f942, respQuery: KjINCiQzDQpnZXQNCiQyNA0KaGlncmVzcy1hdWRpdDpoaXQtcjItMDA5DQo=, respValue: JDQxDQp7InNvdXJjZSI6ImNhY2hlIiwidmFsdWUiOiJmaXh0dXJlLW9ubHkifQ0K
envoy-1          | 2026-09-23T10:13:42.325599730Z [2026-09-23 10:13:42.325][29][info][wasm] [external/envoy/source/extensions/common/wasm/context.cc:1541] wasm log response-cache response-cache response-cache: [response-cache] [nil] [68bace23-d964-46c6-8706-4c4ff20e59d6] [response-cache] cache hit for key: hit-r2-009
envoy-1          | 2026-09-23T10:13:42.325646055Z [2026-09-23 10:13:42.325][29][debug][wasm] [external/envoy/source/extensions/common/wasm/context.cc:1538] wasm log response-cache response-cache response-cache: [response-cache] [nil] [68bace23-d964-46c6-8706-4c4ff20e59d6] [response-cache] [processCacheHit] cached response for key hit-r2-009: {"source":"cache","value":"fixture-only"}
envoy-1          | 2026-09-23T10:13:42.325915205Z [2026-09-23 10:13:42.325][29][debug][wasm] [external/envoy/source/extensions/common/wasm/context.cc:1538] wasm log response-cache response-cache response-cache: [response-cache] [nil] [68bace23-d964-46c6-8706-4c4ff20e59d6] SetResponseBodyBufferLimit: 10485760
envoy-1          | 2026-09-23T10:13:42.326045886Z [2026-09-23 10:13:42.325][29][debug][wasm] [external/envoy/source/extensions/common/wasm/context.cc:1538] wasm log response-cache response-cache response-cache: [response-cache] [nil] [68bace23-d964-46c6-8706-4c4ff20e59d6] [onHttpResponseBody] key is nil, skip cache
envoy-1          | 2026-09-23T10:13:42.453462201Z [2026-09-23 10:13:42.453][29][debug][wasm] [external/envoy/source/extensions/common/wasm/context.cc:1538] wasm log response-cache response-cache response-cache: [response-cache] [nil] [6c601790-1502-4ee1-abc3-38da1f066740] [onHttpRequestHeaders] cache key from request header: x-http-cache-key, key: hit-r2-010
envoy-1          | 2026-09-23T10:13:42.453497894Z [2026-09-23 10:13:42.453][29][debug][wasm] [external/envoy/source/extensions/common/wasm/context.cc:1538] wasm log response-cache response-cache response-cache: [response-cache] [nil] [6c601790-1502-4ee1-abc3-38da1f066740] [response-cache] [CheckCacheForKey] querying cache with key: higress-audit:hit-r2-010
envoy-1          | 2026-09-23T10:13:42.453530298Z [2026-09-23 10:13:42.453][29][debug][wasm] [external/envoy/source/extensions/common/wasm/context.cc:1538] wasm log response-cache response-cache response-cache: redis call start, request-id: 43d888ba-a12c-4a1c-98cf-e7a7320be30e, respQuery: KjINCiQzDQpnZXQNCiQyNA0KaGlncmVzcy1hdWRpdDpoaXQtcjItMDEwDQo=
envoy-1          | 2026-09-23T10:13:42.464933192Z [2026-09-23 10:13:42.464][29][debug][wasm] [external/envoy/source/extensions/common/wasm/context.cc:1538] wasm log response-cache response-cache response-cache: redis call end, request-id: 43d888ba-a12c-4a1c-98cf-e7a7320be30e, respQuery: KjINCiQzDQpnZXQNCiQyNA0KaGlncmVzcy1hdWRpdDpoaXQtcjItMDEwDQo=, respValue: JDQxDQp7InNvdXJjZSI6ImNhY2hlIiwidmFsdWUiOiJmaXh0dXJlLW9ubHkifQ0K
envoy-1          | 2026-09-23T10:13:42.464951231Z [2026-09-23 10:13:42.464][29][info][wasm] [external/envoy/source/extensions/common/wasm/context.cc:1541] wasm log response-cache response-cache response-cache: [response-cache] [nil] [6c601790-1502-4ee1-abc3-38da1f066740] [response-cache] cache hit for key: hit-r2-010
envoy-1          | 2026-09-23T10:13:42.465031000Z [2026-09-23 10:13:42.464][29][debug][wasm] [external/envoy/source/extensions/common/wasm/context.cc:1538] wasm log response-cache response-cache response-cache: [response-cache] [nil] [6c601790-1502-4ee1-abc3-38da1f066740] [response-cache] [processCacheHit] cached response for key hit-r2-010: {"source":"cache","value":"fixture-only"}
envoy-1          | 2026-09-23T10:13:42.465293091Z [2026-09-23 10:13:42.465][29][debug][wasm] [external/envoy/source/extensions/common/wasm/context.cc:1538] wasm log response-cache response-cache response-cache: [response-cache] [nil] [6c601790-1502-4ee1-abc3-38da1f066740] SetResponseBodyBufferLimit: 10485760
envoy-1          | 2026-09-23T10:13:42.465404408Z [2026-09-23 10:13:42.465][29][debug][wasm] [external/envoy/source/extensions/common/wasm/context.cc:1538] wasm log response-cache response-cache response-cache: [response-cache] [nil] [6c601790-1502-4ee1-abc3-38da1f066740] [onHttpResponseBody] key is nil, skip cache
envoy-1          | 2026-09-23T10:13:42.595107621Z [2026-09-23 10:13:42.594][29][debug][wasm] [external/envoy/source/extensions/common/wasm/context.cc:1538] wasm log response-cache response-cache response-cache: [response-cache] [nil] [4747a13f-7998-4cdc-be09-a91146726396] [onHttpRequestHeaders] cache key from request header: x-http-cache-key, key: hit-r2-011
envoy-1          | 2026-09-23T10:13:42.595141981Z [2026-09-23 10:13:42.594][29][debug][wasm] [external/envoy/source/extensions/common/wasm/context.cc:1538] wasm log response-cache response-cache response-cache: [response-cache] [nil] [4747a13f-7998-4cdc-be09-a91146726396] [response-cache] [CheckCacheForKey] querying cache with key: higress-audit:hit-r2-011
envoy-1          | 2026-09-23T10:13:42.595176113Z [2026-09-23 10:13:42.595][29][debug][wasm] [external/envoy/source/extensions/common/wasm/context.cc:1538] wasm log response-cache response-cache response-cache: redis call start, request-id: 079dc377-e655-4d87-8ade-303ab95ff738, respQuery: KjINCiQzDQpnZXQNCiQyNA0KaGlncmVzcy1hdWRpdDpoaXQtcjItMDExDQo=
envoy-1          | 2026-09-23T10:13:42.617960059Z [2026-09-23 10:13:42.617][29][debug][wasm] [external/envoy/source/extensions/common/wasm/context.cc:1538] wasm log response-cache response-cache response-cache: redis call end, request-id: 079dc377-e655-4d87-8ade-303ab95ff738, respQuery: KjINCiQzDQpnZXQNCiQyNA0KaGlncmVzcy1hdWRpdDpoaXQtcjItMDExDQo=, respValue: JDQxDQp7InNvdXJjZSI6ImNhY2hlIiwidmFsdWUiOiJmaXh0dXJlLW9ubHkifQ0K
envoy-1          | 2026-09-23T10:13:42.617978612Z [2026-09-23 10:13:42.617][29][info][wasm] [external/envoy/source/extensions/common/wasm/context.cc:1541] wasm log response-cache response-cache response-cache: [response-cache] [nil] [4747a13f-7998-4cdc-be09-a91146726396] [response-cache] cache hit for key: hit-r2-011
envoy-1          | 2026-09-23T10:13:42.618043380Z [2026-09-23 10:13:42.617][29][debug][wasm] [external/envoy/source/extensions/common/wasm/context.cc:1538] wasm log response-cache response-cache response-cache: [response-cache] [nil] [4747a13f-7998-4cdc-be09-a91146726396] [response-cache] [processCacheHit] cached response for key hit-r2-011: {"source":"cache","value":"fixture-only"}
envoy-1          | 2026-09-23T10:13:42.618323802Z [2026-09-23 10:13:42.618][29][debug][wasm] [external/envoy/source/extensions/common/wasm/context.cc:1538] wasm log response-cache response-cache response-cache: [response-cache] [nil] [4747a13f-7998-4cdc-be09-a91146726396] SetResponseBodyBufferLimit: 10485760
envoy-1          | 2026-09-23T10:13:42.618461463Z [2026-09-23 10:13:42.618][29][debug][wasm] [external/envoy/source/extensions/common/wasm/context.cc:1538] wasm log response-cache response-cache response-cache: [response-cache] [nil] [4747a13f-7998-4cdc-be09-a91146726396] [onHttpResponseBody] key is nil, skip cache
envoy-1          | 2026-09-23T10:13:42.747621605Z [2026-09-23 10:13:42.747][29][debug][wasm] [external/envoy/source/extensions/common/wasm/context.cc:1538] wasm log response-cache response-cache response-cache: [response-cache] [nil] [caeb9460-b0c1-4c56-b601-8dfbf9085c9f] [onHttpRequestHeaders] cache key from request header: x-http-cache-key, key: hit-r2-012
envoy-1          | 2026-09-23T10:13:42.747656758Z [2026-09-23 10:13:42.747][29][debug][wasm] [external/envoy/source/extensions/common/wasm/context.cc:1538] wasm log response-cache response-cache response-cache: [response-cache] [nil] [caeb9460-b0c1-4c56-b601-8dfbf9085c9f] [response-cache] [CheckCacheForKey] querying cache with key: higress-audit:hit-r2-012
envoy-1          | 2026-09-23T10:13:42.747690773Z [2026-09-23 10:13:42.747][29][debug][wasm] [external/envoy/source/extensions/common/wasm/context.cc:1538] wasm log response-cache response-cache response-cache: redis call start, request-id: 2afcd836-71e8-40b3-90a3-174c612c4049, respQuery: KjINCiQzDQpnZXQNCiQyNA0KaGlncmVzcy1hdWRpdDpoaXQtcjItMDEyDQo=
envoy-1          | 2026-09-23T10:13:42.771263110Z [2026-09-23 10:13:42.771][29][debug][wasm] [external/envoy/source/extensions/common/wasm/context.cc:1538] wasm log response-cache response-cache response-cache: redis call end, request-id: 2afcd836-71e8-40b3-90a3-174c612c4049, respQuery: KjINCiQzDQpnZXQNCiQyNA0KaGlncmVzcy1hdWRpdDpoaXQtcjItMDEyDQo=, respValue: JDQxDQp7InNvdXJjZSI6ImNhY2hlIiwidmFsdWUiOiJmaXh0dXJlLW9ubHkifQ0K
envoy-1          | 2026-09-23T10:13:42.771305490Z [2026-09-23 10:13:42.771][29][info][wasm] [external/envoy/source/extensions/common/wasm/context.cc:1541] wasm log response-cache response-cache response-cache: [response-cache] [nil] [caeb9460-b0c1-4c56-b601-8dfbf9085c9f] [response-cache] cache hit for key: hit-r2-012
envoy-1          | 2026-09-23T10:13:42.771408149Z [2026-09-23 10:13:42.771][29][debug][wasm] [external/envoy/source/extensions/common/wasm/context.cc:1538] wasm log response-cache response-cache response-cache: [response-cache] [nil] [caeb9460-b0c1-4c56-b601-8dfbf9085c9f] [response-cache] [processCacheHit] cached response for key hit-r2-012: {"source":"cache","value":"fixture-only"}
envoy-1          | 2026-09-23T10:13:42.771695629Z [2026-09-23 10:13:42.771][29][debug][wasm] [external/envoy/source/extensions/common/wasm/context.cc:1538] wasm log response-cache response-cache response-cache: [response-cache] [nil] [caeb9460-b0c1-4c56-b601-8dfbf9085c9f] SetResponseBodyBufferLimit: 10485760
envoy-1          | 2026-09-23T10:13:42.771803188Z [2026-09-23 10:13:42.771][29][debug][wasm] [external/envoy/source/extensions/common/wasm/context.cc:1538] wasm log response-cache response-cache response-cache: [response-cache] [nil] [caeb9460-b0c1-4c56-b601-8dfbf9085c9f] [onHttpResponseBody] key is nil, skip cache
envoy-1          | 2026-09-23T10:13:42.901311018Z [2026-09-23 10:13:42.901][29][debug][wasm] [external/envoy/source/extensions/common/wasm/context.cc:1538] wasm log response-cache response-cache response-cache: [response-cache] [nil] [5c99c442-c6be-44bb-892b-2cb92b3b4c38] [onHttpRequestHeaders] cache key from request header: x-http-cache-key, key: hit-r2-013
envoy-1          | 2026-09-23T10:13:42.901348970Z [2026-09-23 10:13:42.901][29][debug][wasm] [external/envoy/source/extensions/common/wasm/context.cc:1538] wasm log response-cache response-cache response-cache: [response-cache] [nil] [5c99c442-c6be-44bb-892b-2cb92b3b4c38] [response-cache] [CheckCacheForKey] querying cache with key: higress-audit:hit-r2-013
envoy-1          | 2026-09-23T10:13:42.901447768Z [2026-09-23 10:13:42.901][29][debug][wasm] [external/envoy/source/extensions/common/wasm/context.cc:1538] wasm log response-cache response-cache response-cache: redis call start, request-id: 1ec33462-fc46-40d0-8de4-6fa99b374116, respQuery: KjINCiQzDQpnZXQNCiQyNA0KaGlncmVzcy1hdWRpdDpoaXQtcjItMDEzDQo=
envoy-1          | 2026-09-23T10:13:42.925387634Z [2026-09-23 10:13:42.925][29][debug][wasm] [external/envoy/source/extensions/common/wasm/context.cc:1538] wasm log response-cache response-cache response-cache: redis call end, request-id: 1ec33462-fc46-40d0-8de4-6fa99b374116, respQuery: KjINCiQzDQpnZXQNCiQyNA0KaGlncmVzcy1hdWRpdDpoaXQtcjItMDEzDQo=, respValue: JDQxDQp7InNvdXJjZSI6ImNhY2hlIiwidmFsdWUiOiJmaXh0dXJlLW9ubHkifQ0K
envoy-1          | 2026-09-23T10:13:42.925406739Z [2026-09-23 10:13:42.925][29][info][wasm] [external/envoy/source/extensions/common/wasm/context.cc:1541] wasm log response-cache response-cache response-cache: [response-cache] [nil] [5c99c442-c6be-44bb-892b-2cb92b3b4c38] [response-cache] cache hit for key: hit-r2-013
envoy-1          | 2026-09-23T10:13:42.925490655Z [2026-09-23 10:13:42.925][29][debug][wasm] [external/envoy/source/extensions/common/wasm/context.cc:1538] wasm log response-cache response-cache response-cache: [response-cache] [nil] [5c99c442-c6be-44bb-892b-2cb92b3b4c38] [response-cache] [processCacheHit] cached response for key hit-r2-013: {"source":"cache","value":"fixture-only"}
envoy-1          | 2026-09-23T10:13:42.925755529Z [2026-09-23 10:13:42.925][29][debug][wasm] [external/envoy/source/extensions/common/wasm/context.cc:1538] wasm log response-cache response-cache response-cache: [response-cache] [nil] [5c99c442-c6be-44bb-892b-2cb92b3b4c38] SetResponseBodyBufferLimit: 10485760
envoy-1          | 2026-09-23T10:13:42.925875126Z [2026-09-23 10:13:42.925][29][debug][wasm] [external/envoy/source/extensions/common/wasm/context.cc:1538] wasm log response-cache response-cache response-cache: [response-cache] [nil] [5c99c442-c6be-44bb-892b-2cb92b3b4c38] [onHttpResponseBody] key is nil, skip cache
envoy-1          | 2026-09-23T10:13:43.055046908Z [2026-09-23 10:13:43.054][29][debug][wasm] [external/envoy/source/extensions/common/wasm/context.cc:1538] wasm log response-cache response-cache response-cache: [response-cache] [nil] [480b0ece-3705-4d63-a852-764f5645365a] [onHttpRequestHeaders] cache key from request header: x-http-cache-key, key: hit-r2-014
envoy-1          | 2026-09-23T10:13:43.055107829Z [2026-09-23 10:13:43.054][29][debug][wasm] [external/envoy/source/extensions/common/wasm/context.cc:1538] wasm log response-cache response-cache response-cache: [response-cache] [nil] [480b0ece-3705-4d63-a852-764f5645365a] [response-cache] [CheckCacheForKey] querying cache with key: higress-audit:hit-r2-014
envoy-1          | 2026-09-23T10:13:43.055168393Z [2026-09-23 10:13:43.055][29][debug][wasm] [external/envoy/source/extensions/common/wasm/context.cc:1538] wasm log response-cache response-cache response-cache: redis call start, request-id: f9f85452-90c8-4bf3-abb6-1d24f363728c, respQuery: KjINCiQzDQpnZXQNCiQyNA0KaGlncmVzcy1hdWRpdDpoaXQtcjItMDE0DQo=
envoy-1          | 2026-09-23T10:13:43.079889886Z [2026-09-23 10:13:43.079][29][debug][wasm] [external/envoy/source/extensions/common/wasm/context.cc:1538] wasm log response-cache response-cache response-cache: redis call end, request-id: f9f85452-90c8-4bf3-abb6-1d24f363728c, respQuery: KjINCiQzDQpnZXQNCiQyNA0KaGlncmVzcy1hdWRpdDpoaXQtcjItMDE0DQo=, respValue: JDQxDQp7InNvdXJjZSI6ImNhY2hlIiwidmFsdWUiOiJmaXh0dXJlLW9ubHkifQ0K
envoy-1          | 2026-09-23T10:13:43.079923786Z [2026-09-23 10:13:43.079][29][info][wasm] [external/envoy/source/extensions/common/wasm/context.cc:1541] wasm log response-cache response-cache response-cache: [response-cache] [nil] [480b0ece-3705-4d63-a852-764f5645365a] [response-cache] cache hit for key: hit-r2-014
envoy-1          | 2026-09-23T10:13:43.079976646Z [2026-09-23 10:13:43.079][29][debug][wasm] [external/envoy/source/extensions/common/wasm/context.cc:1538] wasm log response-cache response-cache response-cache: [response-cache] [nil] [480b0ece-3705-4d63-a852-764f5645365a] [response-cache] [processCacheHit] cached response for key hit-r2-014: {"source":"cache","value":"fixture-only"}
envoy-1          | 2026-09-23T10:13:43.080339403Z [2026-09-23 10:13:43.080][29][debug][wasm] [external/envoy/source/extensions/common/wasm/context.cc:1538] wasm log response-cache response-cache response-cache: [response-cache] [nil] [480b0ece-3705-4d63-a852-764f5645365a] SetResponseBodyBufferLimit: 10485760
envoy-1          | 2026-09-23T10:13:43.080432606Z [2026-09-23 10:13:43.080][29][debug][wasm] [external/envoy/source/extensions/common/wasm/context.cc:1538] wasm log response-cache response-cache response-cache: [response-cache] [nil] [480b0ece-3705-4d63-a852-764f5645365a] [onHttpResponseBody] key is nil, skip cache
envoy-1          | 2026-09-23T10:13:43.211359581Z [2026-09-23 10:13:43.211][29][debug][wasm] [external/envoy/source/extensions/common/wasm/context.cc:1538] wasm log response-cache response-cache response-cache: [response-cache] [nil] [66fe4378-42bc-4f00-a19e-982f5ccde243] [onHttpRequestHeaders] cache key from request header: x-http-cache-key, key: hit-r2-015
envoy-1          | 2026-09-23T10:13:43.211396730Z [2026-09-23 10:13:43.211][29][debug][wasm] [external/envoy/source/extensions/common/wasm/context.cc:1538] wasm log response-cache response-cache response-cache: [response-cache] [nil] [66fe4378-42bc-4f00-a19e-982f5ccde243] [response-cache] [CheckCacheForKey] querying cache with key: higress-audit:hit-r2-015
envoy-1          | 2026-09-23T10:13:43.211483245Z [2026-09-23 10:13:43.211][29][debug][wasm] [external/envoy/source/extensions/common/wasm/context.cc:1538] wasm log response-cache response-cache response-cache: redis call start, request-id: 1cf52c39-c428-4f0a-a9bf-8b02479c49b7, respQuery: KjINCiQzDQpnZXQNCiQyNA0KaGlncmVzcy1hdWRpdDpoaXQtcjItMDE1DQo=
envoy-1          | 2026-09-23T10:13:43.224010620Z [2026-09-23 10:13:43.223][29][debug][wasm] [external/envoy/source/extensions/common/wasm/context.cc:1538] wasm log response-cache response-cache response-cache: redis call end, request-id: 1cf52c39-c428-4f0a-a9bf-8b02479c49b7, respQuery: KjINCiQzDQpnZXQNCiQyNA0KaGlncmVzcy1hdWRpdDpoaXQtcjItMDE1DQo=, respValue: JDQxDQp7InNvdXJjZSI6ImNhY2hlIiwidmFsdWUiOiJmaXh0dXJlLW9ubHkifQ0K
envoy-1          | 2026-09-23T10:13:43.224061223Z [2026-09-23 10:13:43.223][29][info][wasm] [external/envoy/source/extensions/common/wasm/context.cc:1541] wasm log response-cache response-cache response-cache: [response-cache] [nil] [66fe4378-42bc-4f00-a19e-982f5ccde243] [response-cache] cache hit for key: hit-r2-015
envoy-1          | 2026-09-23T10:13:43.224089104Z [2026-09-23 10:13:43.224][29][debug][wasm] [external/envoy/source/extensions/common/wasm/context.cc:1538] wasm log response-cache response-cache response-cache: [response-cache] [nil] [66fe4378-42bc-4f00-a19e-982f5ccde243] [response-cache] [processCacheHit] cached response for key hit-r2-015: {"source":"cache","value":"fixture-only"}
envoy-1          | 2026-09-23T10:13:43.224366054Z [2026-09-23 10:13:43.224][29][debug][wasm] [external/envoy/source/extensions/common/wasm/context.cc:1538] wasm log response-cache response-cache response-cache: [response-cache] [nil] [66fe4378-42bc-4f00-a19e-982f5ccde243] SetResponseBodyBufferLimit: 10485760
envoy-1          | 2026-09-23T10:13:43.224476382Z [2026-09-23 10:13:43.224][29][debug][wasm] [external/envoy/source/extensions/common/wasm/context.cc:1538] wasm log response-cache response-cache response-cache: [response-cache] [nil] [66fe4378-42bc-4f00-a19e-982f5ccde243] [onHttpResponseBody] key is nil, skip cache
envoy-1          | 2026-09-23T10:13:43.292641501Z RID=hit-r1-000 CODE=200 DETAIL=via_wasm::response-cache::response-cache.hit FLAGS=- UPSTREAM=172.28.0.2:8080
envoy-1          | 2026-09-23T10:13:43.292685585Z RID=hit-r1-001 CODE=200 DETAIL=via_wasm::response-cache::response-cache.hit FLAGS=- UPSTREAM=172.28.0.2:8080
envoy-1          | 2026-09-23T10:13:43.292696929Z RID=hit-r1-002 CODE=200 DETAIL=via_wasm::response-cache::response-cache.hit FLAGS=- UPSTREAM=172.28.0.2:8080
envoy-1          | 2026-09-23T10:13:43.292707154Z RID=hit-r1-003 CODE=200 DETAIL=via_wasm::response-cache::response-cache.hit FLAGS=- UPSTREAM=172.28.0.2:8080
envoy-1          | 2026-09-23T10:13:43.292717621Z RID=hit-r1-004 CODE=200 DETAIL=via_wasm::response-cache::response-cache.hit FLAGS=- UPSTREAM=172.28.0.2:8080
envoy-1          | 2026-09-23T10:13:43.292727526Z RID=hit-r1-005 CODE=200 DETAIL=via_wasm::response-cache::response-cache.hit FLAGS=- UPSTREAM=172.28.0.2:8080
envoy-1          | 2026-09-23T10:13:43.292737065Z RID=hit-r1-006 CODE=200 DETAIL=via_wasm::response-cache::response-cache.hit FLAGS=- UPSTREAM=172.28.0.2:8080
envoy-1          | 2026-09-23T10:13:43.292746650Z RID=hit-r1-007 CODE=200 DETAIL=via_wasm::response-cache::response-cache.hit FLAGS=- UPSTREAM=172.28.0.2:8080
envoy-1          | 2026-09-23T10:13:43.292756293Z RID=hit-r1-008 CODE=200 DETAIL=via_wasm::response-cache::response-cache.hit FLAGS=- UPSTREAM=172.28.0.2:8080
envoy-1          | 2026-09-23T10:13:43.292765837Z RID=hit-r1-009 CODE=200 DETAIL=via_wasm::response-cache::response-cache.hit FLAGS=- UPSTREAM=172.28.0.2:8080
envoy-1          | 2026-09-23T10:13:43.292775349Z RID=hit-r1-010 CODE=200 DETAIL=via_wasm::response-cache::response-cache.hit FLAGS=- UPSTREAM=172.28.0.2:8080
envoy-1          | 2026-09-23T10:13:43.292784853Z RID=hit-r1-011 CODE=200 DETAIL=via_wasm::response-cache::response-cache.hit FLAGS=- UPSTREAM=172.28.0.2:8080
envoy-1          | 2026-09-23T10:13:43.292794646Z RID=hit-r1-012 CODE=200 DETAIL=via_wasm::response-cache::response-cache.hit FLAGS=- UPSTREAM=172.28.0.2:8080
envoy-1          | 2026-09-23T10:13:43.292804206Z RID=hit-r1-013 CODE=200 DETAIL=via_wasm::response-cache::response-cache.hit FLAGS=- UPSTREAM=172.28.0.2:8080
envoy-1          | 2026-09-23T10:13:43.292813826Z RID=hit-r1-014 CODE=200 DETAIL=via_wasm::response-cache::response-cache.hit FLAGS=- UPSTREAM=172.28.0.2:8080
envoy-1          | 2026-09-23T10:13:43.292840687Z RID=hit-r1-015 CODE=200 DETAIL=via_wasm::response-cache::response-cache.hit FLAGS=- UPSTREAM=172.28.0.2:8080
envoy-1          | 2026-09-23T10:13:43.292850475Z RID=hit-r1-016 CODE=200 DETAIL=via_wasm::response-cache::response-cache.hit FLAGS=- UPSTREAM=172.28.0.2:8080
envoy-1          | 2026-09-23T10:13:43.292859939Z RID=hit-r1-017 CODE=200 DETAIL=via_wasm::response-cache::response-cache.hit FLAGS=- UPSTREAM=172.28.0.2:8080
envoy-1          | 2026-09-23T10:13:43.292871247Z RID=hit-r1-018 CODE=200 DETAIL=via_wasm::response-cache::response-cache.hit FLAGS=- UPSTREAM=172.28.0.2:8080
envoy-1          | 2026-09-23T10:13:43.292880870Z RID=hit-r1-019 CODE=200 DETAIL=via_wasm::response-cache::response-cache.hit FLAGS=- UPSTREAM=172.28.0.2:8080
envoy-1          | 2026-09-23T10:13:43.292890771Z RID=hit-r1-020 CODE=200 DETAIL=via_wasm::response-cache::response-cache.hit FLAGS=- UPSTREAM=172.28.0.2:8080
envoy-1          | 2026-09-23T10:13:43.292900350Z RID=hit-r1-021 CODE=200 DETAIL=via_wasm::response-cache::response-cache.hit FLAGS=- UPSTREAM=172.28.0.2:8080
envoy-1          | 2026-09-23T10:13:43.292909910Z RID=hit-r1-022 CODE=200 DETAIL=via_wasm::response-cache::response-cache.hit FLAGS=- UPSTREAM=172.28.0.2:8080
envoy-1          | 2026-09-23T10:13:43.292919383Z RID=hit-r1-023 CODE=200 DETAIL=via_wasm::response-cache::response-cache.hit FLAGS=- UPSTREAM=172.28.0.2:8080
envoy-1          | 2026-09-23T10:13:43.292928791Z RID=hit-r1-024 CODE=200 DETAIL=via_wasm::response-cache::response-cache.hit FLAGS=- UPSTREAM=172.28.0.2:8080
envoy-1          | 2026-09-23T10:13:43.292938298Z RID=hit-r1-025 CODE=200 DETAIL=via_wasm::response-cache::response-cache.hit FLAGS=- UPSTREAM=172.28.0.2:8080
envoy-1          | 2026-09-23T10:13:43.292947807Z RID=hit-r1-026 CODE=200 DETAIL=via_wasm::response-cache::response-cache.hit FLAGS=- UPSTREAM=172.28.0.2:8080
envoy-1          | 2026-09-23T10:13:43.292957219Z RID=hit-r1-027 CODE=200 DETAIL=via_wasm::response-cache::response-cache.hit FLAGS=- UPSTREAM=172.28.0.2:8080
envoy-1          | 2026-09-23T10:13:43.292966831Z RID=hit-r1-028 CODE=200 DETAIL=via_wasm::response-cache::response-cache.hit FLAGS=- UPSTREAM=172.28.0.2:8080
envoy-1          | 2026-09-23T10:13:43.292976447Z RID=hit-r1-029 CODE=200 DETAIL=via_wasm::response-cache::response-cache.hit FLAGS=- UPSTREAM=172.28.0.2:8080
envoy-1          | 2026-09-23T10:13:43.292985880Z RID=hit-r1-030 CODE=200 DETAIL=via_wasm::response-cache::response-cache.hit FLAGS=- UPSTREAM=172.28.0.2:8080
envoy-1          | 2026-09-23T10:13:43.292995404Z RID=hit-r1-031 CODE=200 DETAIL=via_wasm::response-cache::response-cache.hit FLAGS=- UPSTREAM=172.28.0.2:8080
envoy-1          | 2026-09-23T10:13:43.293004911Z RID=hit-r1-032 CODE=200 DETAIL=via_wasm::response-cache::response-cache.hit FLAGS=- UPSTREAM=172.28.0.2:8080
envoy-1          | 2026-09-23T10:13:43.293014476Z RID=hit-r1-033 CODE=200 DETAIL=via_wasm::response-cache::response-cache.hit FLAGS=- UPSTREAM=172.28.0.2:8080
envoy-1          | 2026-09-23T10:13:43.293023923Z RID=hit-r1-034 CODE=200 DETAIL=via_wasm::response-cache::response-cache.hit FLAGS=- UPSTREAM=172.28.0.2:8080
envoy-1          | 2026-09-23T10:13:43.293033360Z RID=hit-r1-035 CODE=200 DETAIL=via_wasm::response-cache::response-cache.hit FLAGS=- UPSTREAM=172.28.0.2:8080
envoy-1          | 2026-09-23T10:13:43.293043072Z RID=hit-r1-036 CODE=200 DETAIL=via_wasm::response-cache::response-cache.hit FLAGS=- UPSTREAM=172.28.0.2:8080
envoy-1          | 2026-09-23T10:13:43.293062931Z RID=hit-r1-037 CODE=200 DETAIL=via_wasm::response-cache::response-cache.hit FLAGS=- UPSTREAM=172.28.0.2:8080
envoy-1          | 2026-09-23T10:13:43.293072804Z RID=hit-r1-038 CODE=200 DETAIL=via_wasm::response-cache::response-cache.hit FLAGS=- UPSTREAM=172.28.0.2:8080
envoy-1          | 2026-09-23T10:13:43.293082492Z RID=hit-r1-039 CODE=200 DETAIL=via_wasm::response-cache::response-cache.hit FLAGS=- UPSTREAM=172.28.0.2:8080
envoy-1          | 2026-09-23T10:13:43.293091808Z RID=hit-r1-040 CODE=200 DETAIL=via_wasm::response-cache::response-cache.hit FLAGS=- UPSTREAM=172.28.0.2:8080
envoy-1          | 2026-09-23T10:13:43.293101172Z RID=hit-r1-041 CODE=200 DETAIL=via_wasm::response-cache::response-cache.hit FLAGS=- UPSTREAM=172.28.0.2:8080
envoy-1          | 2026-09-23T10:13:43.293110645Z RID=hit-r1-042 CODE=200 DETAIL=via_wasm::response-cache::response-cache.hit FLAGS=- UPSTREAM=172.28.0.2:8080
envoy-1          | 2026-09-23T10:13:43.293120097Z RID=hit-r1-043 CODE=200 DETAIL=via_wasm::response-cache::response-cache.hit FLAGS=- UPSTREAM=172.28.0.2:8080
envoy-1          | 2026-09-23T10:13:43.293129972Z RID=hit-r1-044 CODE=200 DETAIL=via_wasm::response-cache::response-cache.hit FLAGS=- UPSTREAM=172.28.0.2:8080
envoy-1          | 2026-09-23T10:13:43.293139400Z RID=hit-r1-045 CODE=200 DETAIL=via_wasm::response-cache::response-cache.hit FLAGS=- UPSTREAM=172.28.0.2:8080
envoy-1          | 2026-09-23T10:13:43.293148917Z RID=hit-r1-046 CODE=200 DETAIL=via_wasm::response-cache::response-cache.hit FLAGS=- UPSTREAM=172.28.0.2:8080
envoy-1          | 2026-09-23T10:13:43.293158377Z RID=hit-r1-047 CODE=200 DETAIL=via_wasm::response-cache::response-cache.hit FLAGS=- UPSTREAM=172.28.0.2:8080
envoy-1          | 2026-09-23T10:13:43.293167885Z RID=hit-r1-048 CODE=200 DETAIL=via_wasm::response-cache::response-cache.hit FLAGS=- UPSTREAM=172.28.0.2:8080
envoy-1          | 2026-09-23T10:13:43.293177460Z RID=hit-r1-049 CODE=200 DETAIL=via_wasm::response-cache::response-cache.hit FLAGS=- UPSTREAM=172.28.0.2:8080
envoy-1          | 2026-09-23T10:13:43.293187077Z RID=hit-r2-000 CODE=200 DETAIL=via_wasm::response-cache::response-cache.hit FLAGS=- UPSTREAM=172.28.0.2:8080
envoy-1          | 2026-09-23T10:13:43.293196700Z RID=hit-r2-001 CODE=200 DETAIL=via_wasm::response-cache::response-cache.hit FLAGS=- UPSTREAM=172.28.0.2:8080
envoy-1          | 2026-09-23T10:13:43.293206605Z RID=hit-r2-002 CODE=200 DETAIL=via_wasm::response-cache::response-cache.hit FLAGS=- UPSTREAM=172.28.0.2:8080
envoy-1          | 2026-09-23T10:13:43.293216209Z RID=hit-r2-003 CODE=200 DETAIL=via_wasm::response-cache::response-cache.hit FLAGS=- UPSTREAM=172.28.0.2:8080
envoy-1          | 2026-09-23T10:13:43.293226141Z RID=hit-r2-004 CODE=200 DETAIL=via_wasm::response-cache::response-cache.hit FLAGS=- UPSTREAM=172.28.0.2:8080
envoy-1          | 2026-09-23T10:13:43.293235549Z RID=hit-r2-005 CODE=200 DETAIL=via_wasm::response-cache::response-cache.hit FLAGS=- UPSTREAM=172.28.0.2:8080
envoy-1          | 2026-09-23T10:13:43.293245805Z RID=hit-r2-006 CODE=200 DETAIL=via_wasm::response-cache::response-cache.hit FLAGS=- UPSTREAM=172.28.0.2:8080
envoy-1          | 2026-09-23T10:13:43.293255358Z RID=hit-r2-007 CODE=200 DETAIL=via_wasm::response-cache::response-cache.hit FLAGS=- UPSTREAM=172.28.0.2:8080
envoy-1          | 2026-09-23T10:13:43.293264793Z RID=hit-r2-008 CODE=200 DETAIL=via_wasm::response-cache::response-cache.hit FLAGS=- UPSTREAM=172.28.0.2:8080
envoy-1          | 2026-09-23T10:13:43.293274202Z RID=hit-r2-009 CODE=200 DETAIL=via_wasm::response-cache::response-cache.hit FLAGS=- UPSTREAM=172.28.0.2:8080
envoy-1          | 2026-09-23T10:13:43.293304313Z RID=hit-r2-010 CODE=200 DETAIL=via_wasm::response-cache::response-cache.hit FLAGS=- UPSTREAM=172.28.0.2:8080
envoy-1          | 2026-09-23T10:13:43.293314101Z RID=hit-r2-011 CODE=200 DETAIL=via_wasm::response-cache::response-cache.hit FLAGS=- UPSTREAM=172.28.0.2:8080
envoy-1          | 2026-09-23T10:13:43.293323433Z RID=hit-r2-012 CODE=200 DETAIL=via_wasm::response-cache::response-cache.hit FLAGS=- UPSTREAM=172.28.0.2:8080
envoy-1          | 2026-09-23T10:13:43.293332866Z RID=hit-r2-013 CODE=200 DETAIL=via_wasm::response-cache::response-cache.hit FLAGS=- UPSTREAM=172.28.0.2:8080
envoy-1          | 2026-09-23T10:13:43.293342225Z RID=hit-r2-014 CODE=200 DETAIL=via_wasm::response-cache::response-cache.hit FLAGS=- UPSTREAM=172.28.0.2:8080
envoy-1          | 2026-09-23T10:13:43.293351706Z RID=hit-r2-015 CODE=200 DETAIL=via_wasm::response-cache::response-cache.hit FLAGS=- UPSTREAM=172.28.0.2:8080
envoy-1          | 2026-09-23T10:13:43.353344082Z [2026-09-23 10:13:43.353][29][debug][wasm] [external/envoy/source/extensions/common/wasm/context.cc:1538] wasm log response-cache response-cache response-cache: [response-cache] [nil] [1839058d-6e31-4c0e-868e-6cf8e716d009] [onHttpRequestHeaders] cache key from request header: x-http-cache-key, key: hit-r2-016
envoy-1          | 2026-09-23T10:13:43.353378643Z [2026-09-23 10:13:43.353][29][debug][wasm] [external/envoy/source/extensions/common/wasm/context.cc:1538] wasm log response-cache response-cache response-cache: [response-cache] [nil] [1839058d-6e31-4c0e-868e-6cf8e716d009] [response-cache] [CheckCacheForKey] querying cache with key: higress-audit:hit-r2-016
envoy-1          | 2026-09-23T10:13:43.353514784Z [2026-09-23 10:13:43.353][29][debug][wasm] [external/envoy/source/extensions/common/wasm/context.cc:1538] wasm log response-cache response-cache response-cache: redis call start, request-id: f31e2f58-8207-4d10-be2f-3dfd3af6ef7b, respQuery: KjINCiQzDQpnZXQNCiQyNA0KaGlncmVzcy1hdWRpdDpoaXQtcjItMDE2DQo=
envoy-1          | 2026-09-23T10:13:43.365972369Z [2026-09-23 10:13:43.365][29][debug][wasm] [external/envoy/source/extensions/common/wasm/context.cc:1538] wasm log response-cache response-cache response-cache: redis call end, request-id: f31e2f58-8207-4d10-be2f-3dfd3af6ef7b, respQuery: KjINCiQzDQpnZXQNCiQyNA0KaGlncmVzcy1hdWRpdDpoaXQtcjItMDE2DQo=, respValue: JDQxDQp7InNvdXJjZSI6ImNhY2hlIiwidmFsdWUiOiJmaXh0dXJlLW9ubHkifQ0K
envoy-1          | 2026-09-23T10:13:43.366022406Z [2026-09-23 10:13:43.365][29][info][wasm] [external/envoy/source/extensions/common/wasm/context.cc:1541] wasm log response-cache response-cache response-cache: [response-cache] [nil] [1839058d-6e31-4c0e-868e-6cf8e716d009] [response-cache] cache hit for key: hit-r2-016
envoy-1          | 2026-09-23T10:13:43.366068069Z [2026-09-23 10:13:43.366][29][debug][wasm] [external/envoy/source/extensions/common/wasm/context.cc:1538] wasm log response-cache response-cache response-cache: [response-cache] [nil] [1839058d-6e31-4c0e-868e-6cf8e716d009] [response-cache] [processCacheHit] cached response for key hit-r2-016: {"source":"cache","value":"fixture-only"}
envoy-1          | 2026-09-23T10:13:43.366397856Z [2026-09-23 10:13:43.366][29][debug][wasm] [external/envoy/source/extensions/common/wasm/context.cc:1538] wasm log response-cache response-cache response-cache: [response-cache] [nil] [1839058d-6e31-4c0e-868e-6cf8e716d009] SetResponseBodyBufferLimit: 10485760
envoy-1          | 2026-09-23T10:13:43.366481324Z [2026-09-23 10:13:43.366][29][debug][wasm] [external/envoy/source/extensions/common/wasm/context.cc:1538] wasm log response-cache response-cache response-cache: [response-cache] [nil] [1839058d-6e31-4c0e-868e-6cf8e716d009] [onHttpResponseBody] key is nil, skip cache
envoy-1          | 2026-09-23T10:13:43.496849092Z [2026-09-23 10:13:43.496][29][debug][wasm] [external/envoy/source/extensions/common/wasm/context.cc:1538] wasm log response-cache response-cache response-cache: [response-cache] [nil] [28451422-9a8c-455c-bc4d-0dd3ab92e5d0] [onHttpRequestHeaders] cache key from request header: x-http-cache-key, key: hit-r2-017
envoy-1          | 2026-09-23T10:13:43.496883504Z [2026-09-23 10:13:43.496][29][debug][wasm] [external/envoy/source/extensions/common/wasm/context.cc:1538] wasm log response-cache response-cache response-cache: [response-cache] [nil] [28451422-9a8c-455c-bc4d-0dd3ab92e5d0] [response-cache] [CheckCacheForKey] querying cache with key: higress-audit:hit-r2-017
envoy-1          | 2026-09-23T10:13:43.497001833Z [2026-09-23 10:13:43.496][29][debug][wasm] [external/envoy/source/extensions/common/wasm/context.cc:1538] wasm log response-cache response-cache response-cache: redis call start, request-id: c16730a9-d77a-4526-94a2-3a35873abc18, respQuery: KjINCiQzDQpnZXQNCiQyNA0KaGlncmVzcy1hdWRpdDpoaXQtcjItMDE3DQo=
envoy-1          | 2026-09-23T10:13:43.510197735Z [2026-09-23 10:13:43.510][29][debug][wasm] [external/envoy/source/extensions/common/wasm/context.cc:1538] wasm log response-cache response-cache response-cache: redis call end, request-id: c16730a9-d77a-4526-94a2-3a35873abc18, respQuery: KjINCiQzDQpnZXQNCiQyNA0KaGlncmVzcy1hdWRpdDpoaXQtcjItMDE3DQo=, respValue: JDQxDQp7InNvdXJjZSI6ImNhY2hlIiwidmFsdWUiOiJmaXh0dXJlLW9ubHkifQ0K
envoy-1          | 2026-09-23T10:13:43.510216796Z [2026-09-23 10:13:43.510][29][info][wasm] [external/envoy/source/extensions/common/wasm/context.cc:1541] wasm log response-cache response-cache response-cache: [response-cache] [nil] [28451422-9a8c-455c-bc4d-0dd3ab92e5d0] [response-cache] cache hit for key: hit-r2-017
envoy-1          | 2026-09-23T10:13:43.510318928Z [2026-09-23 10:13:43.510][29][debug][wasm] [external/envoy/source/extensions/common/wasm/context.cc:1538] wasm log response-cache response-cache response-cache: [response-cache] [nil] [28451422-9a8c-455c-bc4d-0dd3ab92e5d0] [response-cache] [processCacheHit] cached response for key hit-r2-017: {"source":"cache","value":"fixture-only"}
envoy-1          | 2026-09-23T10:13:43.510585407Z [2026-09-23 10:13:43.510][29][debug][wasm] [external/envoy/source/extensions/common/wasm/context.cc:1538] wasm log response-cache response-cache response-cache: [response-cache] [nil] [28451422-9a8c-455c-bc4d-0dd3ab92e5d0] SetResponseBodyBufferLimit: 10485760
envoy-1          | 2026-09-23T10:13:43.510691575Z [2026-09-23 10:13:43.510][29][debug][wasm] [external/envoy/source/extensions/common/wasm/context.cc:1538] wasm log response-cache response-cache response-cache: [response-cache] [nil] [28451422-9a8c-455c-bc4d-0dd3ab92e5d0] [onHttpResponseBody] key is nil, skip cache
envoy-1          | 2026-09-23T10:13:43.639317281Z [2026-09-23 10:13:43.639][29][debug][wasm] [external/envoy/source/extensions/common/wasm/context.cc:1538] wasm log response-cache response-cache response-cache: [response-cache] [nil] [32f4a587-a8f9-4b4b-b321-536b510fca00] [onHttpRequestHeaders] cache key from request header: x-http-cache-key, key: hit-r2-018
envoy-1          | 2026-09-23T10:13:43.639355482Z [2026-09-23 10:13:43.639][29][debug][wasm] [external/envoy/source/extensions/common/wasm/context.cc:1538] wasm log response-cache response-cache response-cache: [response-cache] [nil] [32f4a587-a8f9-4b4b-b321-536b510fca00] [response-cache] [CheckCacheForKey] querying cache with key: higress-audit:hit-r2-018
envoy-1          | 2026-09-23T10:13:43.639413913Z [2026-09-23 10:13:43.639][29][debug][wasm] [external/envoy/source/extensions/common/wasm/context.cc:1538] wasm log response-cache response-cache response-cache: redis call start, request-id: 4386cd27-e9f6-4be0-9dee-57e934882ccc, respQuery: KjINCiQzDQpnZXQNCiQyNA0KaGlncmVzcy1hdWRpdDpoaXQtcjItMDE4DQo=
envoy-1          | 2026-09-23T10:13:43.653582271Z [2026-09-23 10:13:43.653][29][debug][wasm] [external/envoy/source/extensions/common/wasm/context.cc:1538] wasm log response-cache response-cache response-cache: redis call end, request-id: 4386cd27-e9f6-4be0-9dee-57e934882ccc, respQuery: KjINCiQzDQpnZXQNCiQyNA0KaGlncmVzcy1hdWRpdDpoaXQtcjItMDE4DQo=, respValue: JDQxDQp7InNvdXJjZSI6ImNhY2hlIiwidmFsdWUiOiJmaXh0dXJlLW9ubHkifQ0K
envoy-1          | 2026-09-23T10:13:43.653603476Z [2026-09-23 10:13:43.653][29][info][wasm] [external/envoy/source/extensions/common/wasm/context.cc:1541] wasm log response-cache response-cache response-cache: [response-cache] [nil] [32f4a587-a8f9-4b4b-b321-536b510fca00] [response-cache] cache hit for key: hit-r2-018
envoy-1          | 2026-09-23T10:13:43.653683577Z [2026-09-23 10:13:43.653][29][debug][wasm] [external/envoy/source/extensions/common/wasm/context.cc:1538] wasm log response-cache response-cache response-cache: [response-cache] [nil] [32f4a587-a8f9-4b4b-b321-536b510fca00] [response-cache] [processCacheHit] cached response for key hit-r2-018: {"source":"cache","value":"fixture-only"}
envoy-1          | 2026-09-23T10:13:43.653964319Z [2026-09-23 10:13:43.653][29][debug][wasm] [external/envoy/source/extensions/common/wasm/context.cc:1538] wasm log response-cache response-cache response-cache: [response-cache] [nil] [32f4a587-a8f9-4b4b-b321-536b510fca00] SetResponseBodyBufferLimit: 10485760
envoy-1          | 2026-09-23T10:13:43.654075791Z [2026-09-23 10:13:43.654][29][debug][wasm] [external/envoy/source/extensions/common/wasm/context.cc:1538] wasm log response-cache response-cache response-cache: [response-cache] [nil] [32f4a587-a8f9-4b4b-b321-536b510fca00] [onHttpResponseBody] key is nil, skip cache
envoy-1          | 2026-09-23T10:13:43.784757140Z [2026-09-23 10:13:43.784][29][debug][wasm] [external/envoy/source/extensions/common/wasm/context.cc:1538] wasm log response-cache response-cache response-cache: [response-cache] [nil] [4766a304-3edb-4fd9-aae2-e0a5b67f933d] [onHttpRequestHeaders] cache key from request header: x-http-cache-key, key: hit-r2-019
envoy-1          | 2026-09-23T10:13:43.784794041Z [2026-09-23 10:13:43.784][29][debug][wasm] [external/envoy/source/extensions/common/wasm/context.cc:1538] wasm log response-cache response-cache response-cache: [response-cache] [nil] [4766a304-3edb-4fd9-aae2-e0a5b67f933d] [response-cache] [CheckCacheForKey] querying cache with key: higress-audit:hit-r2-019
envoy-1          | 2026-09-23T10:13:43.784828201Z [2026-09-23 10:13:43.784][29][debug][wasm] [external/envoy/source/extensions/common/wasm/context.cc:1538] wasm log response-cache response-cache response-cache: redis call start, request-id: d33c3c4c-5094-4582-aba1-8d48da983c02, respQuery: KjINCiQzDQpnZXQNCiQyNA0KaGlncmVzcy1hdWRpdDpoaXQtcjItMDE5DQo=
envoy-1          | 2026-09-23T10:13:43.798462167Z [2026-09-23 10:13:43.798][29][debug][wasm] [external/envoy/source/extensions/common/wasm/context.cc:1538] wasm log response-cache response-cache response-cache: redis call end, request-id: d33c3c4c-5094-4582-aba1-8d48da983c02, respQuery: KjINCiQzDQpnZXQNCiQyNA0KaGlncmVzcy1hdWRpdDpoaXQtcjItMDE5DQo=, respValue: JDQxDQp7InNvdXJjZSI6ImNhY2hlIiwidmFsdWUiOiJmaXh0dXJlLW9ubHkifQ0K
envoy-1          | 2026-09-23T10:13:43.798497092Z [2026-09-23 10:13:43.798][29][info][wasm] [external/envoy/source/extensions/common/wasm/context.cc:1541] wasm log response-cache response-cache response-cache: [response-cache] [nil] [4766a304-3edb-4fd9-aae2-e0a5b67f933d] [response-cache] cache hit for key: hit-r2-019
envoy-1          | 2026-09-23T10:13:43.798614444Z [2026-09-23 10:13:43.798][29][debug][wasm] [external/envoy/source/extensions/common/wasm/context.cc:1538] wasm log response-cache response-cache response-cache: [response-cache] [nil] [4766a304-3edb-4fd9-aae2-e0a5b67f933d] [response-cache] [processCacheHit] cached response for key hit-r2-019: {"source":"cache","value":"fixture-only"}
envoy-1          | 2026-09-23T10:13:43.798897755Z [2026-09-23 10:13:43.798][29][debug][wasm] [external/envoy/source/extensions/common/wasm/context.cc:1538] wasm log response-cache response-cache response-cache: [response-cache] [nil] [4766a304-3edb-4fd9-aae2-e0a5b67f933d] SetResponseBodyBufferLimit: 10485760
envoy-1          | 2026-09-23T10:13:43.798983739Z [2026-09-23 10:13:43.798][29][debug][wasm] [external/envoy/source/extensions/common/wasm/context.cc:1538] wasm log response-cache response-cache response-cache: [response-cache] [nil] [4766a304-3edb-4fd9-aae2-e0a5b67f933d] [onHttpResponseBody] key is nil, skip cache
envoy-1          | 2026-09-23T10:13:43.931220828Z [2026-09-23 10:13:43.930][29][debug][wasm] [external/envoy/source/extensions/common/wasm/context.cc:1538] wasm log response-cache response-cache response-cache: [response-cache] [nil] [110bcd18-963b-4b26-9eb8-ed8d5dcb2f50] [onHttpRequestHeaders] cache key from request header: x-http-cache-key, key: hit-r2-020
envoy-1          | 2026-09-23T10:13:43.931257323Z [2026-09-23 10:13:43.931][29][debug][wasm] [external/envoy/source/extensions/common/wasm/context.cc:1538] wasm log response-cache response-cache response-cache: [response-cache] [nil] [110bcd18-963b-4b26-9eb8-ed8d5dcb2f50] [response-cache] [CheckCacheForKey] querying cache with key: higress-audit:hit-r2-020
envoy-1          | 2026-09-23T10:13:43.931292052Z [2026-09-23 10:13:43.931][29][debug][wasm] [external/envoy/source/extensions/common/wasm/context.cc:1538] wasm log response-cache response-cache response-cache: redis call start, request-id: 741edbc2-842f-4913-aed7-e318c44ffb02, respQuery: KjINCiQzDQpnZXQNCiQyNA0KaGlncmVzcy1hdWRpdDpoaXQtcjItMDIwDQo=
envoy-1          | 2026-09-23T10:13:43.958818643Z [2026-09-23 10:13:43.958][29][debug][wasm] [external/envoy/source/extensions/common/wasm/context.cc:1538] wasm log response-cache response-cache response-cache: redis call end, request-id: 741edbc2-842f-4913-aed7-e318c44ffb02, respQuery: KjINCiQzDQpnZXQNCiQyNA0KaGlncmVzcy1hdWRpdDpoaXQtcjItMDIwDQo=, respValue: JDQxDQp7InNvdXJjZSI6ImNhY2hlIiwidmFsdWUiOiJmaXh0dXJlLW9ubHkifQ0K
envoy-1          | 2026-09-23T10:13:43.958855686Z [2026-09-23 10:13:43.958][29][info][wasm] [external/envoy/source/extensions/common/wasm/context.cc:1541] wasm log response-cache response-cache response-cache: [response-cache] [nil] [110bcd18-963b-4b26-9eb8-ed8d5dcb2f50] [response-cache] cache hit for key: hit-r2-020
envoy-1          | 2026-09-23T10:13:43.958953792Z [2026-09-23 10:13:43.958][29][debug][wasm] [external/envoy/source/extensions/common/wasm/context.cc:1538] wasm log response-cache response-cache response-cache: [response-cache] [nil] [110bcd18-963b-4b26-9eb8-ed8d5dcb2f50] [response-cache] [processCacheHit] cached response for key hit-r2-020: {"source":"cache","value":"fixture-only"}
envoy-1          | 2026-09-23T10:13:43.959224371Z [2026-09-23 10:13:43.959][29][debug][wasm] [external/envoy/source/extensions/common/wasm/context.cc:1538] wasm log response-cache response-cache response-cache: [response-cache] [nil] [110bcd18-963b-4b26-9eb8-ed8d5dcb2f50] SetResponseBodyBufferLimit: 10485760
envoy-1          | 2026-09-23T10:13:43.959327231Z [2026-09-23 10:13:43.959][29][debug][wasm] [external/envoy/source/extensions/common/wasm/context.cc:1538] wasm log response-cache response-cache response-cache: [response-cache] [nil] [110bcd18-963b-4b26-9eb8-ed8d5dcb2f50] [onHttpResponseBody] key is nil, skip cache
envoy-1          | 2026-09-23T10:13:44.091301466Z [2026-09-23 10:13:44.091][29][debug][wasm] [external/envoy/source/extensions/common/wasm/context.cc:1538] wasm log response-cache response-cache response-cache: [response-cache] [nil] [303ed47d-6c8d-4f95-82cc-163a951d840a] [onHttpRequestHeaders] cache key from request header: x-http-cache-key, key: hit-r2-021
envoy-1          | 2026-09-23T10:13:44.091350716Z [2026-09-23 10:13:44.091][29][debug][wasm] [external/envoy/source/extensions/common/wasm/context.cc:1538] wasm log response-cache response-cache response-cache: [response-cache] [nil] [303ed47d-6c8d-4f95-82cc-163a951d840a] [response-cache] [CheckCacheForKey] querying cache with key: higress-audit:hit-r2-021
envoy-1          | 2026-09-23T10:13:44.091502332Z [2026-09-23 10:13:44.091][29][debug][wasm] [external/envoy/source/extensions/common/wasm/context.cc:1538] wasm log response-cache response-cache response-cache: redis call start, request-id: 95f05980-f655-45e9-93a4-c6f9cae24637, respQuery: KjINCiQzDQpnZXQNCiQyNA0KaGlncmVzcy1hdWRpdDpoaXQtcjItMDIxDQo=
envoy-1          | 2026-09-23T10:13:44.117840435Z [2026-09-23 10:13:44.117][29][debug][wasm] [external/envoy/source/extensions/common/wasm/context.cc:1538] wasm log response-cache response-cache response-cache: redis call end, request-id: 95f05980-f655-45e9-93a4-c6f9cae24637, respQuery: KjINCiQzDQpnZXQNCiQyNA0KaGlncmVzcy1hdWRpdDpoaXQtcjItMDIxDQo=, respValue: JDQxDQp7InNvdXJjZSI6ImNhY2hlIiwidmFsdWUiOiJmaXh0dXJlLW9ubHkifQ0K
envoy-1          | 2026-09-23T10:13:44.117892251Z [2026-09-23 10:13:44.117][29][info][wasm] [external/envoy/source/extensions/common/wasm/context.cc:1541] wasm log response-cache response-cache response-cache: [response-cache] [nil] [303ed47d-6c8d-4f95-82cc-163a951d840a] [response-cache] cache hit for key: hit-r2-021
envoy-1          | 2026-09-23T10:13:44.117933840Z [2026-09-23 10:13:44.117][29][debug][wasm] [external/envoy/source/extensions/common/wasm/context.cc:1538] wasm log response-cache response-cache response-cache: [response-cache] [nil] [303ed47d-6c8d-4f95-82cc-163a951d840a] [response-cache] [processCacheHit] cached response for key hit-r2-021: {"source":"cache","value":"fixture-only"}
envoy-1          | 2026-09-23T10:13:44.118284038Z [2026-09-23 10:13:44.118][29][debug][wasm] [external/envoy/source/extensions/common/wasm/context.cc:1538] wasm log response-cache response-cache response-cache: [response-cache] [nil] [303ed47d-6c8d-4f95-82cc-163a951d840a] SetResponseBodyBufferLimit: 10485760
envoy-1          | 2026-09-23T10:13:44.118428075Z [2026-09-23 10:13:44.118][29][debug][wasm] [external/envoy/source/extensions/common/wasm/context.cc:1538] wasm log response-cache response-cache response-cache: [response-cache] [nil] [303ed47d-6c8d-4f95-82cc-163a951d840a] [onHttpResponseBody] key is nil, skip cache
envoy-1          | 2026-09-23T10:13:44.248568013Z [2026-09-23 10:13:44.248][29][debug][wasm] [external/envoy/source/extensions/common/wasm/context.cc:1538] wasm log response-cache response-cache response-cache: [response-cache] [nil] [0350bc1f-9d3a-4aac-a3c2-a4c7509f41fb] [onHttpRequestHeaders] cache key from request header: x-http-cache-key, key: hit-r2-022
envoy-1          | 2026-09-23T10:13:44.248606386Z [2026-09-23 10:13:44.248][29][debug][wasm] [external/envoy/source/extensions/common/wasm/context.cc:1538] wasm log response-cache response-cache response-cache: [response-cache] [nil] [0350bc1f-9d3a-4aac-a3c2-a4c7509f41fb] [response-cache] [CheckCacheForKey] querying cache with key: higress-audit:hit-r2-022
envoy-1          | 2026-09-23T10:13:44.248618994Z [2026-09-23 10:13:44.248][29][debug][wasm] [external/envoy/source/extensions/common/wasm/context.cc:1538] wasm log response-cache response-cache response-cache: redis call start, request-id: 1e830199-ca9c-44b3-ad6f-a68ff10fc726, respQuery: KjINCiQzDQpnZXQNCiQyNA0KaGlncmVzcy1hdWRpdDpoaXQtcjItMDIyDQo=
envoy-1          | 2026-09-23T10:13:44.277042802Z [2026-09-23 10:13:44.276][29][debug][wasm] [external/envoy/source/extensions/common/wasm/context.cc:1538] wasm log response-cache response-cache response-cache: redis call end, request-id: 1e830199-ca9c-44b3-ad6f-a68ff10fc726, respQuery: KjINCiQzDQpnZXQNCiQyNA0KaGlncmVzcy1hdWRpdDpoaXQtcjItMDIyDQo=, respValue: JDQxDQp7InNvdXJjZSI6ImNhY2hlIiwidmFsdWUiOiJmaXh0dXJlLW9ubHkifQ0K
envoy-1          | 2026-09-23T10:13:44.277105150Z [2026-09-23 10:13:44.277][29][info][wasm] [external/envoy/source/extensions/common/wasm/context.cc:1541] wasm log response-cache response-cache response-cache: [response-cache] [nil] [0350bc1f-9d3a-4aac-a3c2-a4c7509f41fb] [response-cache] cache hit for key: hit-r2-022
envoy-1          | 2026-09-23T10:13:44.277118323Z [2026-09-23 10:13:44.277][29][debug][wasm] [external/envoy/source/extensions/common/wasm/context.cc:1538] wasm log response-cache response-cache response-cache: [response-cache] [nil] [0350bc1f-9d3a-4aac-a3c2-a4c7509f41fb] [response-cache] [processCacheHit] cached response for key hit-r2-022: {"source":"cache","value":"fixture-only"}
envoy-1          | 2026-09-23T10:13:44.277378957Z [2026-09-23 10:13:44.277][29][debug][wasm] [external/envoy/source/extensions/common/wasm/context.cc:1538] wasm log response-cache response-cache response-cache: [response-cache] [nil] [0350bc1f-9d3a-4aac-a3c2-a4c7509f41fb] SetResponseBodyBufferLimit: 10485760
envoy-1          | 2026-09-23T10:13:44.277412488Z [2026-09-23 10:13:44.277][29][debug][wasm] [external/envoy/source/extensions/common/wasm/context.cc:1538] wasm log response-cache response-cache response-cache: [response-cache] [nil] [0350bc1f-9d3a-4aac-a3c2-a4c7509f41fb] [onHttpResponseBody] key is nil, skip cache
envoy-1          | 2026-09-23T10:13:44.408618901Z [2026-09-23 10:13:44.408][29][debug][wasm] [external/envoy/source/extensions/common/wasm/context.cc:1538] wasm log response-cache response-cache response-cache: [response-cache] [nil] [f30f2614-9ef0-491a-b5e6-12592a3e74cc] [onHttpRequestHeaders] cache key from request header: x-http-cache-key, key: hit-r2-023
envoy-1          | 2026-09-23T10:13:44.408659923Z [2026-09-23 10:13:44.408][29][debug][wasm] [external/envoy/source/extensions/common/wasm/context.cc:1538] wasm log response-cache response-cache response-cache: [response-cache] [nil] [f30f2614-9ef0-491a-b5e6-12592a3e74cc] [response-cache] [CheckCacheForKey] querying cache with key: higress-audit:hit-r2-023
envoy-1          | 2026-09-23T10:13:44.408692478Z [2026-09-23 10:13:44.408][29][debug][wasm] [external/envoy/source/extensions/common/wasm/context.cc:1538] wasm log response-cache response-cache response-cache: redis call start, request-id: e6f48d0d-2d6d-40f5-b255-e2ac61f2ba25, respQuery: KjINCiQzDQpnZXQNCiQyNA0KaGlncmVzcy1hdWRpdDpoaXQtcjItMDIzDQo=
envoy-1          | 2026-09-23T10:13:44.430868716Z [2026-09-23 10:13:44.430][29][debug][wasm] [external/envoy/source/extensions/common/wasm/context.cc:1538] wasm log response-cache response-cache response-cache: redis call end, request-id: e6f48d0d-2d6d-40f5-b255-e2ac61f2ba25, respQuery: KjINCiQzDQpnZXQNCiQyNA0KaGlncmVzcy1hdWRpdDpoaXQtcjItMDIzDQo=, respValue: JDQxDQp7InNvdXJjZSI6ImNhY2hlIiwidmFsdWUiOiJmaXh0dXJlLW9ubHkifQ0K
envoy-1          | 2026-09-23T10:13:44.430914977Z [2026-09-23 10:13:44.430][29][info][wasm] [external/envoy/source/extensions/common/wasm/context.cc:1541] wasm log response-cache response-cache response-cache: [response-cache] [nil] [f30f2614-9ef0-491a-b5e6-12592a3e74cc] [response-cache] cache hit for key: hit-r2-023
envoy-1          | 2026-09-23T10:13:44.430975228Z [2026-09-23 10:13:44.430][29][debug][wasm] [external/envoy/source/extensions/common/wasm/context.cc:1538] wasm log response-cache response-cache response-cache: [response-cache] [nil] [f30f2614-9ef0-491a-b5e6-12592a3e74cc] [response-cache] [processCacheHit] cached response for key hit-r2-023: {"source":"cache","value":"fixture-only"}
envoy-1          | 2026-09-23T10:13:44.431267127Z [2026-09-23 10:13:44.431][29][debug][wasm] [external/envoy/source/extensions/common/wasm/context.cc:1538] wasm log response-cache response-cache response-cache: [response-cache] [nil] [f30f2614-9ef0-491a-b5e6-12592a3e74cc] SetResponseBodyBufferLimit: 10485760
envoy-1          | 2026-09-23T10:13:44.431365256Z [2026-09-23 10:13:44.431][29][debug][wasm] [external/envoy/source/extensions/common/wasm/context.cc:1538] wasm log response-cache response-cache response-cache: [response-cache] [nil] [f30f2614-9ef0-491a-b5e6-12592a3e74cc] [onHttpResponseBody] key is nil, skip cache
envoy-1          | 2026-09-23T10:13:44.563544793Z [2026-09-23 10:13:44.563][29][debug][wasm] [external/envoy/source/extensions/common/wasm/context.cc:1538] wasm log response-cache response-cache response-cache: [response-cache] [nil] [d6e2e966-3452-4bad-90ac-a30b3883d2c1] [onHttpRequestHeaders] cache key from request header: x-http-cache-key, key: hit-r2-024
envoy-1          | 2026-09-23T10:13:44.563582565Z [2026-09-23 10:13:44.563][29][debug][wasm] [external/envoy/source/extensions/common/wasm/context.cc:1538] wasm log response-cache response-cache response-cache: [response-cache] [nil] [d6e2e966-3452-4bad-90ac-a30b3883d2c1] [response-cache] [CheckCacheForKey] querying cache with key: higress-audit:hit-r2-024
envoy-1          | 2026-09-23T10:13:44.563736610Z [2026-09-23 10:13:44.563][29][debug][wasm] [external/envoy/source/extensions/common/wasm/context.cc:1538] wasm log response-cache response-cache response-cache: redis call start, request-id: 3337961e-2863-436e-8e60-88a48cc357ef, respQuery: KjINCiQzDQpnZXQNCiQyNA0KaGlncmVzcy1hdWRpdDpoaXQtcjItMDI0DQo=
envoy-1          | 2026-09-23T10:13:44.578021137Z [2026-09-23 10:13:44.577][29][debug][wasm] [external/envoy/source/extensions/common/wasm/context.cc:1538] wasm log response-cache response-cache response-cache: redis call end, request-id: 3337961e-2863-436e-8e60-88a48cc357ef, respQuery: KjINCiQzDQpnZXQNCiQyNA0KaGlncmVzcy1hdWRpdDpoaXQtcjItMDI0DQo=, respValue: JDQxDQp7InNvdXJjZSI6ImNhY2hlIiwidmFsdWUiOiJmaXh0dXJlLW9ubHkifQ0K
envoy-1          | 2026-09-23T10:13:44.578065173Z [2026-09-23 10:13:44.577][29][info][wasm] [external/envoy/source/extensions/common/wasm/context.cc:1541] wasm log response-cache response-cache response-cache: [response-cache] [nil] [d6e2e966-3452-4bad-90ac-a30b3883d2c1] [response-cache] cache hit for key: hit-r2-024
envoy-1          | 2026-09-23T10:13:44.578114366Z [2026-09-23 10:13:44.578][29][debug][wasm] [external/envoy/source/extensions/common/wasm/context.cc:1538] wasm log response-cache response-cache response-cache: [response-cache] [nil] [d6e2e966-3452-4bad-90ac-a30b3883d2c1] [response-cache] [processCacheHit] cached response for key hit-r2-024: {"source":"cache","value":"fixture-only"}
envoy-1          | 2026-09-23T10:13:44.578484628Z [2026-09-23 10:13:44.578][29][debug][wasm] [external/envoy/source/extensions/common/wasm/context.cc:1538] wasm log response-cache response-cache response-cache: [response-cache] [nil] [d6e2e966-3452-4bad-90ac-a30b3883d2c1] SetResponseBodyBufferLimit: 10485760
envoy-1          | 2026-09-23T10:13:44.578602216Z [2026-09-23 10:13:44.578][29][debug][wasm] [external/envoy/source/extensions/common/wasm/context.cc:1538] wasm log response-cache response-cache response-cache: [response-cache] [nil] [d6e2e966-3452-4bad-90ac-a30b3883d2c1] [onHttpResponseBody] key is nil, skip cache
envoy-1          | 2026-09-23T10:13:44.711251833Z [2026-09-23 10:13:44.711][29][debug][wasm] [external/envoy/source/extensions/common/wasm/context.cc:1538] wasm log response-cache response-cache response-cache: [response-cache] [nil] [03ac6116-f298-4572-89ee-5c40fd98204f] [onHttpRequestHeaders] cache key from request header: x-http-cache-key, key: hit-r2-025
envoy-1          | 2026-09-23T10:13:44.711295533Z [2026-09-23 10:13:44.711][29][debug][wasm] [external/envoy/source/extensions/common/wasm/context.cc:1538] wasm log response-cache response-cache response-cache: [response-cache] [nil] [03ac6116-f298-4572-89ee-5c40fd98204f] [response-cache] [CheckCacheForKey] querying cache with key: higress-audit:hit-r2-025
envoy-1          | 2026-09-23T10:13:44.711457074Z [2026-09-23 10:13:44.711][29][debug][wasm] [external/envoy/source/extensions/common/wasm/context.cc:1538] wasm log response-cache response-cache response-cache: redis call start, request-id: d15bad43-dff3-4ef2-b128-f9f4a3096a86, respQuery: KjINCiQzDQpnZXQNCiQyNA0KaGlncmVzcy1hdWRpdDpoaXQtcjItMDI1DQo=
envoy-1          | 2026-09-23T10:13:44.738644721Z [2026-09-23 10:13:44.738][29][debug][wasm] [external/envoy/source/extensions/common/wasm/context.cc:1538] wasm log response-cache response-cache response-cache: redis call end, request-id: d15bad43-dff3-4ef2-b128-f9f4a3096a86, respQuery: KjINCiQzDQpnZXQNCiQyNA0KaGlncmVzcy1hdWRpdDpoaXQtcjItMDI1DQo=, respValue: JDQxDQp7InNvdXJjZSI6ImNhY2hlIiwidmFsdWUiOiJmaXh0dXJlLW9ubHkifQ0K
envoy-1          | 2026-09-23T10:13:44.738689119Z [2026-09-23 10:13:44.738][29][info][wasm] [external/envoy/source/extensions/common/wasm/context.cc:1541] wasm log response-cache response-cache response-cache: [response-cache] [nil] [03ac6116-f298-4572-89ee-5c40fd98204f] [response-cache] cache hit for key: hit-r2-025
envoy-1          | 2026-09-23T10:13:44.738748911Z [2026-09-23 10:13:44.738][29][debug][wasm] [external/envoy/source/extensions/common/wasm/context.cc:1538] wasm log response-cache response-cache response-cache: [response-cache] [nil] [03ac6116-f298-4572-89ee-5c40fd98204f] [response-cache] [processCacheHit] cached response for key hit-r2-025: {"source":"cache","value":"fixture-only"}
envoy-1          | 2026-09-23T10:13:44.739055153Z [2026-09-23 10:13:44.738][29][debug][wasm] [external/envoy/source/extensions/common/wasm/context.cc:1538] wasm log response-cache response-cache response-cache: [response-cache] [nil] [03ac6116-f298-4572-89ee-5c40fd98204f] SetResponseBodyBufferLimit: 10485760
envoy-1          | 2026-09-23T10:13:44.739196078Z [2026-09-23 10:13:44.739][29][debug][wasm] [external/envoy/source/extensions/common/wasm/context.cc:1538] wasm log response-cache response-cache response-cache: [response-cache] [nil] [03ac6116-f298-4572-89ee-5c40fd98204f] [onHttpResponseBody] key is nil, skip cache
envoy-1          | 2026-09-23T10:13:44.869848107Z [2026-09-23 10:13:44.869][29][debug][wasm] [external/envoy/source/extensions/common/wasm/context.cc:1538] wasm log response-cache response-cache response-cache: [response-cache] [nil] [775db844-f963-42d1-9252-793a0aa42f72] [onHttpRequestHeaders] cache key from request header: x-http-cache-key, key: hit-r2-026
envoy-1          | 2026-09-23T10:13:44.869883156Z [2026-09-23 10:13:44.869][29][debug][wasm] [external/envoy/source/extensions/common/wasm/context.cc:1538] wasm log response-cache response-cache response-cache: [response-cache] [nil] [775db844-f963-42d1-9252-793a0aa42f72] [response-cache] [CheckCacheForKey] querying cache with key: higress-audit:hit-r2-026
envoy-1          | 2026-09-23T10:13:44.869915992Z [2026-09-23 10:13:44.869][29][debug][wasm] [external/envoy/source/extensions/common/wasm/context.cc:1538] wasm log response-cache response-cache response-cache: redis call start, request-id: d354c236-19e1-4bb0-8c3e-f2fb9403cf66, respQuery: KjINCiQzDQpnZXQNCiQyNA0KaGlncmVzcy1hdWRpdDpoaXQtcjItMDI2DQo=
envoy-1          | 2026-09-23T10:13:44.884161174Z [2026-09-23 10:13:44.884][29][debug][wasm] [external/envoy/source/extensions/common/wasm/context.cc:1538] wasm log response-cache response-cache response-cache: redis call end, request-id: d354c236-19e1-4bb0-8c3e-f2fb9403cf66, respQuery: KjINCiQzDQpnZXQNCiQyNA0KaGlncmVzcy1hdWRpdDpoaXQtcjItMDI2DQo=, respValue: JDQxDQp7InNvdXJjZSI6ImNhY2hlIiwidmFsdWUiOiJmaXh0dXJlLW9ubHkifQ0K
envoy-1          | 2026-09-23T10:13:44.884179414Z [2026-09-23 10:13:44.884][29][info][wasm] [external/envoy/source/extensions/common/wasm/context.cc:1541] wasm log response-cache response-cache response-cache: [response-cache] [nil] [775db844-f963-42d1-9252-793a0aa42f72] [response-cache] cache hit for key: hit-r2-026
envoy-1          | 2026-09-23T10:13:44.884213539Z [2026-09-23 10:13:44.884][29][debug][wasm] [external/envoy/source/extensions/common/wasm/context.cc:1538] wasm log response-cache response-cache response-cache: [response-cache] [nil] [775db844-f963-42d1-9252-793a0aa42f72] [response-cache] [processCacheHit] cached response for key hit-r2-026: {"source":"cache","value":"fixture-only"}
envoy-1          | 2026-09-23T10:13:44.884523040Z [2026-09-23 10:13:44.884][29][debug][wasm] [external/envoy/source/extensions/common/wasm/context.cc:1538] wasm log response-cache response-cache response-cache: [response-cache] [nil] [775db844-f963-42d1-9252-793a0aa42f72] SetResponseBodyBufferLimit: 10485760
envoy-1          | 2026-09-23T10:13:44.884617309Z [2026-09-23 10:13:44.884][29][debug][wasm] [external/envoy/source/extensions/common/wasm/context.cc:1538] wasm log response-cache response-cache response-cache: [response-cache] [nil] [775db844-f963-42d1-9252-793a0aa42f72] [onHttpResponseBody] key is nil, skip cache
envoy-1          | 2026-09-23T10:13:45.014358916Z [2026-09-23 10:13:45.014][29][debug][wasm] [external/envoy/source/extensions/common/wasm/context.cc:1538] wasm log response-cache response-cache response-cache: [response-cache] [nil] [cb960c8c-8da4-4c67-861c-a2bb2ca0eb65] [onHttpRequestHeaders] cache key from request header: x-http-cache-key, key: hit-r2-027
envoy-1          | 2026-09-23T10:13:45.014396527Z [2026-09-23 10:13:45.014][29][debug][wasm] [external/envoy/source/extensions/common/wasm/context.cc:1538] wasm log response-cache response-cache response-cache: [response-cache] [nil] [cb960c8c-8da4-4c67-861c-a2bb2ca0eb65] [response-cache] [CheckCacheForKey] querying cache with key: higress-audit:hit-r2-027
envoy-1          | 2026-09-23T10:13:45.014510608Z [2026-09-23 10:13:45.014][29][debug][wasm] [external/envoy/source/extensions/common/wasm/context.cc:1538] wasm log response-cache response-cache response-cache: redis call start, request-id: 7971d517-e054-40e8-9177-43052bf0dc7a, respQuery: KjINCiQzDQpnZXQNCiQyNA0KaGlncmVzcy1hdWRpdDpoaXQtcjItMDI3DQo=
envoy-1          | 2026-09-23T10:13:45.029858336Z [2026-09-23 10:13:45.029][29][debug][wasm] [external/envoy/source/extensions/common/wasm/context.cc:1538] wasm log response-cache response-cache response-cache: redis call end, request-id: 7971d517-e054-40e8-9177-43052bf0dc7a, respQuery: KjINCiQzDQpnZXQNCiQyNA0KaGlncmVzcy1hdWRpdDpoaXQtcjItMDI3DQo=, respValue: JDQxDQp7InNvdXJjZSI6ImNhY2hlIiwidmFsdWUiOiJmaXh0dXJlLW9ubHkifQ0K
envoy-1          | 2026-09-23T10:13:45.029877768Z [2026-09-23 10:13:45.029][29][info][wasm] [external/envoy/source/extensions/common/wasm/context.cc:1541] wasm log response-cache response-cache response-cache: [response-cache] [nil] [cb960c8c-8da4-4c67-861c-a2bb2ca0eb65] [response-cache] cache hit for key: hit-r2-027
envoy-1          | 2026-09-23T10:13:45.029891980Z [2026-09-23 10:13:45.029][29][debug][wasm] [external/envoy/source/extensions/common/wasm/context.cc:1538] wasm log response-cache response-cache response-cache: [response-cache] [nil] [cb960c8c-8da4-4c67-861c-a2bb2ca0eb65] [response-cache] [processCacheHit] cached response for key hit-r2-027: {"source":"cache","value":"fixture-only"}
envoy-1          | 2026-09-23T10:13:45.030209125Z [2026-09-23 10:13:45.030][29][debug][wasm] [external/envoy/source/extensions/common/wasm/context.cc:1538] wasm log response-cache response-cache response-cache: [response-cache] [nil] [cb960c8c-8da4-4c67-861c-a2bb2ca0eb65] SetResponseBodyBufferLimit: 10485760
envoy-1          | 2026-09-23T10:13:45.030349735Z [2026-09-23 10:13:45.030][29][debug][wasm] [external/envoy/source/extensions/common/wasm/context.cc:1538] wasm log response-cache response-cache response-cache: [response-cache] [nil] [cb960c8c-8da4-4c67-861c-a2bb2ca0eb65] [onHttpResponseBody] key is nil, skip cache
envoy-1          | 2026-09-23T10:13:45.159814580Z [2026-09-23 10:13:45.159][29][debug][wasm] [external/envoy/source/extensions/common/wasm/context.cc:1538] wasm log response-cache response-cache response-cache: [response-cache] [nil] [4c179d56-8114-46ad-b01b-029a4e42fb44] [onHttpRequestHeaders] cache key from request header: x-http-cache-key, key: hit-r2-028
envoy-1          | 2026-09-23T10:13:45.159849396Z [2026-09-23 10:13:45.159][29][debug][wasm] [external/envoy/source/extensions/common/wasm/context.cc:1538] wasm log response-cache response-cache response-cache: [response-cache] [nil] [4c179d56-8114-46ad-b01b-029a4e42fb44] [response-cache] [CheckCacheForKey] querying cache with key: higress-audit:hit-r2-028
envoy-1          | 2026-09-23T10:13:45.159959256Z [2026-09-23 10:13:45.159][29][debug][wasm] [external/envoy/source/extensions/common/wasm/context.cc:1538] wasm log response-cache response-cache response-cache: redis call start, request-id: 6eb92cf6-7123-4c39-a1f0-8d74b651f719, respQuery: KjINCiQzDQpnZXQNCiQyNA0KaGlncmVzcy1hdWRpdDpoaXQtcjItMDI4DQo=
envoy-1          | 2026-09-23T10:13:45.175454349Z [2026-09-23 10:13:45.175][29][debug][wasm] [external/envoy/source/extensions/common/wasm/context.cc:1538] wasm log response-cache response-cache response-cache: redis call end, request-id: 6eb92cf6-7123-4c39-a1f0-8d74b651f719, respQuery: KjINCiQzDQpnZXQNCiQyNA0KaGlncmVzcy1hdWRpdDpoaXQtcjItMDI4DQo=, respValue: JDQxDQp7InNvdXJjZSI6ImNhY2hlIiwidmFsdWUiOiJmaXh0dXJlLW9ubHkifQ0K
envoy-1          | 2026-09-23T10:13:45.175473033Z [2026-09-23 10:13:45.175][29][info][wasm] [external/envoy/source/extensions/common/wasm/context.cc:1541] wasm log response-cache response-cache response-cache: [response-cache] [nil] [4c179d56-8114-46ad-b01b-029a4e42fb44] [response-cache] cache hit for key: hit-r2-028
envoy-1          | 2026-09-23T10:13:45.175541310Z [2026-09-23 10:13:45.175][29][debug][wasm] [external/envoy/source/extensions/common/wasm/context.cc:1538] wasm log response-cache response-cache response-cache: [response-cache] [nil] [4c179d56-8114-46ad-b01b-029a4e42fb44] [response-cache] [processCacheHit] cached response for key hit-r2-028: {"source":"cache","value":"fixture-only"}
envoy-1          | 2026-09-23T10:13:45.175796567Z [2026-09-23 10:13:45.175][29][debug][wasm] [external/envoy/source/extensions/common/wasm/context.cc:1538] wasm log response-cache response-cache response-cache: [response-cache] [nil] [4c179d56-8114-46ad-b01b-029a4e42fb44] SetResponseBodyBufferLimit: 10485760
envoy-1          | 2026-09-23T10:13:45.175909923Z [2026-09-23 10:13:45.175][29][debug][wasm] [external/envoy/source/extensions/common/wasm/context.cc:1538] wasm log response-cache response-cache response-cache: [response-cache] [nil] [4c179d56-8114-46ad-b01b-029a4e42fb44] [onHttpResponseBody] key is nil, skip cache
envoy-1          | 2026-09-23T10:13:45.307180718Z [2026-09-23 10:13:45.307][29][debug][wasm] [external/envoy/source/extensions/common/wasm/context.cc:1538] wasm log response-cache response-cache response-cache: [response-cache] [nil] [8f29ba91-09c9-4ed3-8bba-b3a83c5c8eb1] [onHttpRequestHeaders] cache key from request header: x-http-cache-key, key: hit-r2-029
envoy-1          | 2026-09-23T10:13:45.307215890Z [2026-09-23 10:13:45.307][29][debug][wasm] [external/envoy/source/extensions/common/wasm/context.cc:1538] wasm log response-cache response-cache response-cache: [response-cache] [nil] [8f29ba91-09c9-4ed3-8bba-b3a83c5c8eb1] [response-cache] [CheckCacheForKey] querying cache with key: higress-audit:hit-r2-029
envoy-1          | 2026-09-23T10:13:45.307412879Z [2026-09-23 10:13:45.307][29][debug][wasm] [external/envoy/source/extensions/common/wasm/context.cc:1538] wasm log response-cache response-cache response-cache: redis call start, request-id: e1111f49-5c41-4d60-9c0e-4dde0a7de968, respQuery: KjINCiQzDQpnZXQNCiQyNA0KaGlncmVzcy1hdWRpdDpoaXQtcjItMDI5DQo=
envoy-1          | 2026-09-23T10:13:45.337033349Z [2026-09-23 10:13:45.336][29][debug][wasm] [external/envoy/source/extensions/common/wasm/context.cc:1538] wasm log response-cache response-cache response-cache: redis call end, request-id: e1111f49-5c41-4d60-9c0e-4dde0a7de968, respQuery: KjINCiQzDQpnZXQNCiQyNA0KaGlncmVzcy1hdWRpdDpoaXQtcjItMDI5DQo=, respValue: JDQxDQp7InNvdXJjZSI6ImNhY2hlIiwidmFsdWUiOiJmaXh0dXJlLW9ubHkifQ0K
envoy-1          | 2026-09-23T10:13:45.337063901Z [2026-09-23 10:13:45.336][29][info][wasm] [external/envoy/source/extensions/common/wasm/context.cc:1541] wasm log response-cache response-cache response-cache: [response-cache] [nil] [8f29ba91-09c9-4ed3-8bba-b3a83c5c8eb1] [response-cache] cache hit for key: hit-r2-029
envoy-1          | 2026-09-23T10:13:45.337078646Z [2026-09-23 10:13:45.337][29][debug][wasm] [external/envoy/source/extensions/common/wasm/context.cc:1538] wasm log response-cache response-cache response-cache: [response-cache] [nil] [8f29ba91-09c9-4ed3-8bba-b3a83c5c8eb1] [response-cache] [processCacheHit] cached response for key hit-r2-029: {"source":"cache","value":"fixture-only"}
envoy-1          | 2026-09-23T10:13:45.337374867Z [2026-09-23 10:13:45.337][29][debug][wasm] [external/envoy/source/extensions/common/wasm/context.cc:1538] wasm log response-cache response-cache response-cache: [response-cache] [nil] [8f29ba91-09c9-4ed3-8bba-b3a83c5c8eb1] SetResponseBodyBufferLimit: 10485760
envoy-1          | 2026-09-23T10:13:45.337495645Z [2026-09-23 10:13:45.337][29][debug][wasm] [external/envoy/source/extensions/common/wasm/context.cc:1538] wasm log response-cache response-cache response-cache: [response-cache] [nil] [8f29ba91-09c9-4ed3-8bba-b3a83c5c8eb1] [onHttpResponseBody] key is nil, skip cache
envoy-1          | 2026-09-23T10:13:45.467654634Z [2026-09-23 10:13:45.467][29][debug][wasm] [external/envoy/source/extensions/common/wasm/context.cc:1538] wasm log response-cache response-cache response-cache: [response-cache] [nil] [78588342-1e16-4a9c-8da8-812f4f132d91] [onHttpRequestHeaders] cache key from request header: x-http-cache-key, key: hit-r2-030
envoy-1          | 2026-09-23T10:13:45.467707754Z [2026-09-23 10:13:45.467][29][debug][wasm] [external/envoy/source/extensions/common/wasm/context.cc:1538] wasm log response-cache response-cache response-cache: [response-cache] [nil] [78588342-1e16-4a9c-8da8-812f4f132d91] [response-cache] [CheckCacheForKey] querying cache with key: higress-audit:hit-r2-030
envoy-1          | 2026-09-23T10:13:45.467869236Z [2026-09-23 10:13:45.467][29][debug][wasm] [external/envoy/source/extensions/common/wasm/context.cc:1538] wasm log response-cache response-cache response-cache: redis call start, request-id: 1712aa46-a5b7-4d5d-99f8-0df163dabaa7, respQuery: KjINCiQzDQpnZXQNCiQyNA0KaGlncmVzcy1hdWRpdDpoaXQtcjItMDMwDQo=
envoy-1          | 2026-09-23T10:13:45.483306162Z [2026-09-23 10:13:45.483][29][debug][wasm] [external/envoy/source/extensions/common/wasm/context.cc:1538] wasm log response-cache response-cache response-cache: redis call end, request-id: 1712aa46-a5b7-4d5d-99f8-0df163dabaa7, respQuery: KjINCiQzDQpnZXQNCiQyNA0KaGlncmVzcy1hdWRpdDpoaXQtcjItMDMwDQo=, respValue: JDQxDQp7InNvdXJjZSI6ImNhY2hlIiwidmFsdWUiOiJmaXh0dXJlLW9ubHkifQ0K
envoy-1          | 2026-09-23T10:13:45.483338303Z [2026-09-23 10:13:45.483][29][info][wasm] [external/envoy/source/extensions/common/wasm/context.cc:1541] wasm log response-cache response-cache response-cache: [response-cache] [nil] [78588342-1e16-4a9c-8da8-812f4f132d91] [response-cache] cache hit for key: hit-r2-030
envoy-1          | 2026-09-23T10:13:45.483407147Z [2026-09-23 10:13:45.483][29][debug][wasm] [external/envoy/source/extensions/common/wasm/context.cc:1538] wasm log response-cache response-cache response-cache: [response-cache] [nil] [78588342-1e16-4a9c-8da8-812f4f132d91] [response-cache] [processCacheHit] cached response for key hit-r2-030: {"source":"cache","value":"fixture-only"}
envoy-1          | 2026-09-23T10:13:45.483682509Z [2026-09-23 10:13:45.483][29][debug][wasm] [external/envoy/source/extensions/common/wasm/context.cc:1538] wasm log response-cache response-cache response-cache: [response-cache] [nil] [78588342-1e16-4a9c-8da8-812f4f132d91] SetResponseBodyBufferLimit: 10485760
envoy-1          | 2026-09-23T10:13:45.483795675Z [2026-09-23 10:13:45.483][29][debug][wasm] [external/envoy/source/extensions/common/wasm/context.cc:1538] wasm log response-cache response-cache response-cache: [response-cache] [nil] [78588342-1e16-4a9c-8da8-812f4f132d91] [onHttpResponseBody] key is nil, skip cache
envoy-1          | 2026-09-23T10:13:45.614261379Z [2026-09-23 10:13:45.614][29][debug][wasm] [external/envoy/source/extensions/common/wasm/context.cc:1538] wasm log response-cache response-cache response-cache: [response-cache] [nil] [b6641181-49ae-4b1d-b09e-67e708bd1d3d] [onHttpRequestHeaders] cache key from request header: x-http-cache-key, key: hit-r2-031
envoy-1          | 2026-09-23T10:13:45.614299879Z [2026-09-23 10:13:45.614][29][debug][wasm] [external/envoy/source/extensions/common/wasm/context.cc:1538] wasm log response-cache response-cache response-cache: [response-cache] [nil] [b6641181-49ae-4b1d-b09e-67e708bd1d3d] [response-cache] [CheckCacheForKey] querying cache with key: higress-audit:hit-r2-031
envoy-1          | 2026-09-23T10:13:45.614315943Z [2026-09-23 10:13:45.614][29][debug][wasm] [external/envoy/source/extensions/common/wasm/context.cc:1538] wasm log response-cache response-cache response-cache: redis call start, request-id: d600c87e-036c-4451-a118-a72cdcb3ca6e, respQuery: KjINCiQzDQpnZXQNCiQyNA0KaGlncmVzcy1hdWRpdDpoaXQtcjItMDMxDQo=
envoy-1          | 2026-09-23T10:13:45.630291877Z [2026-09-23 10:13:45.630][29][debug][wasm] [external/envoy/source/extensions/common/wasm/context.cc:1538] wasm log response-cache response-cache response-cache: redis call end, request-id: d600c87e-036c-4451-a118-a72cdcb3ca6e, respQuery: KjINCiQzDQpnZXQNCiQyNA0KaGlncmVzcy1hdWRpdDpoaXQtcjItMDMxDQo=, respValue: JDQxDQp7InNvdXJjZSI6ImNhY2hlIiwidmFsdWUiOiJmaXh0dXJlLW9ubHkifQ0K
envoy-1          | 2026-09-23T10:13:45.630303182Z [2026-09-23 10:13:45.630][29][info][wasm] [external/envoy/source/extensions/common/wasm/context.cc:1541] wasm log response-cache response-cache response-cache: [response-cache] [nil] [b6641181-49ae-4b1d-b09e-67e708bd1d3d] [response-cache] cache hit for key: hit-r2-031
envoy-1          | 2026-09-23T10:13:45.630308962Z [2026-09-23 10:13:45.630][29][debug][wasm] [external/envoy/source/extensions/common/wasm/context.cc:1538] wasm log response-cache response-cache response-cache: [response-cache] [nil] [b6641181-49ae-4b1d-b09e-67e708bd1d3d] [response-cache] [processCacheHit] cached response for key hit-r2-031: {"source":"cache","value":"fixture-only"}
envoy-1          | 2026-09-23T10:13:45.630518331Z [2026-09-23 10:13:45.630][29][debug][wasm] [external/envoy/source/extensions/common/wasm/context.cc:1538] wasm log response-cache response-cache response-cache: [response-cache] [nil] [b6641181-49ae-4b1d-b09e-67e708bd1d3d] SetResponseBodyBufferLimit: 10485760
envoy-1          | 2026-09-23T10:13:45.630591569Z [2026-09-23 10:13:45.630][29][debug][wasm] [external/envoy/source/extensions/common/wasm/context.cc:1538] wasm log response-cache response-cache response-cache: [response-cache] [nil] [b6641181-49ae-4b1d-b09e-67e708bd1d3d] [onHttpResponseBody] key is nil, skip cache
envoy-1          | 2026-09-23T10:13:45.758493721Z [2026-09-23 10:13:45.758][29][debug][wasm] [external/envoy/source/extensions/common/wasm/context.cc:1538] wasm log response-cache response-cache response-cache: [response-cache] [nil] [dde0a001-d840-4b81-a60b-ac6428554564] [onHttpRequestHeaders] cache key from request header: x-http-cache-key, key: hit-r2-032
envoy-1          | 2026-09-23T10:13:45.758548394Z [2026-09-23 10:13:45.758][29][debug][wasm] [external/envoy/source/extensions/common/wasm/context.cc:1538] wasm log response-cache response-cache response-cache: [response-cache] [nil] [dde0a001-d840-4b81-a60b-ac6428554564] [response-cache] [CheckCacheForKey] querying cache with key: higress-audit:hit-r2-032
envoy-1          | 2026-09-23T10:13:45.758629862Z [2026-09-23 10:13:45.758][29][debug][wasm] [external/envoy/source/extensions/common/wasm/context.cc:1538] wasm log response-cache response-cache response-cache: redis call start, request-id: e868214a-4691-414b-8f0a-08c08e42ba86, respQuery: KjINCiQzDQpnZXQNCiQyNA0KaGlncmVzcy1hdWRpdDpoaXQtcjItMDMyDQo=
envoy-1          | 2026-09-23T10:13:45.775319246Z [2026-09-23 10:13:45.775][29][debug][wasm] [external/envoy/source/extensions/common/wasm/context.cc:1538] wasm log response-cache response-cache response-cache: redis call end, request-id: e868214a-4691-414b-8f0a-08c08e42ba86, respQuery: KjINCiQzDQpnZXQNCiQyNA0KaGlncmVzcy1hdWRpdDpoaXQtcjItMDMyDQo=, respValue: JDQxDQp7InNvdXJjZSI6ImNhY2hlIiwidmFsdWUiOiJmaXh0dXJlLW9ubHkifQ0K
envoy-1          | 2026-09-23T10:13:45.775348851Z [2026-09-23 10:13:45.775][29][info][wasm] [external/envoy/source/extensions/common/wasm/context.cc:1541] wasm log response-cache response-cache response-cache: [response-cache] [nil] [dde0a001-d840-4b81-a60b-ac6428554564] [response-cache] cache hit for key: hit-r2-032
envoy-1          | 2026-09-23T10:13:45.775361407Z [2026-09-23 10:13:45.775][29][debug][wasm] [external/envoy/source/extensions/common/wasm/context.cc:1538] wasm log response-cache response-cache response-cache: [response-cache] [nil] [dde0a001-d840-4b81-a60b-ac6428554564] [response-cache] [processCacheHit] cached response for key hit-r2-032: {"source":"cache","value":"fixture-only"}
envoy-1          | 2026-09-23T10:13:45.775473295Z [2026-09-23 10:13:45.775][29][debug][wasm] [external/envoy/source/extensions/common/wasm/context.cc:1538] wasm log response-cache response-cache response-cache: [response-cache] [nil] [dde0a001-d840-4b81-a60b-ac6428554564] SetResponseBodyBufferLimit: 10485760
envoy-1          | 2026-09-23T10:13:45.775536580Z [2026-09-23 10:13:45.775][29][debug][wasm] [external/envoy/source/extensions/common/wasm/context.cc:1538] wasm log response-cache response-cache response-cache: [response-cache] [nil] [dde0a001-d840-4b81-a60b-ac6428554564] [onHttpResponseBody] key is nil, skip cache
envoy-1          | 2026-09-23T10:13:45.907332318Z [2026-09-23 10:13:45.907][29][debug][wasm] [external/envoy/source/extensions/common/wasm/context.cc:1538] wasm log response-cache response-cache response-cache: [response-cache] [nil] [4cd4e9a9-8ab6-4cec-ab1c-90e8522376e2] [onHttpRequestHeaders] cache key from request header: x-http-cache-key, key: hit-r2-033
envoy-1          | 2026-09-23T10:13:45.907368450Z [2026-09-23 10:13:45.907][29][debug][wasm] [external/envoy/source/extensions/common/wasm/context.cc:1538] wasm log response-cache response-cache response-cache: [response-cache] [nil] [4cd4e9a9-8ab6-4cec-ab1c-90e8522376e2] [response-cache] [CheckCacheForKey] querying cache with key: higress-audit:hit-r2-033
envoy-1          | 2026-09-23T10:13:45.907435834Z [2026-09-23 10:13:45.907][29][debug][wasm] [external/envoy/source/extensions/common/wasm/context.cc:1538] wasm log response-cache response-cache response-cache: redis call start, request-id: c63a5664-aa26-4c4b-8512-18f893fa323b, respQuery: KjINCiQzDQpnZXQNCiQyNA0KaGlncmVzcy1hdWRpdDpoaXQtcjItMDMzDQo=
envoy-1          | 2026-09-23T10:13:45.928001304Z [2026-09-23 10:13:45.927][29][debug][wasm] [external/envoy/source/extensions/common/wasm/context.cc:1538] wasm log response-cache response-cache response-cache: redis call end, request-id: c63a5664-aa26-4c4b-8512-18f893fa323b, respQuery: KjINCiQzDQpnZXQNCiQyNA0KaGlncmVzcy1hdWRpdDpoaXQtcjItMDMzDQo=, respValue: JDQxDQp7InNvdXJjZSI6ImNhY2hlIiwidmFsdWUiOiJmaXh0dXJlLW9ubHkifQ0K
envoy-1          | 2026-09-23T10:13:45.928052953Z [2026-09-23 10:13:45.927][29][info][wasm] [external/envoy/source/extensions/common/wasm/context.cc:1541] wasm log response-cache response-cache response-cache: [response-cache] [nil] [4cd4e9a9-8ab6-4cec-ab1c-90e8522376e2] [response-cache] cache hit for key: hit-r2-033
envoy-1          | 2026-09-23T10:13:45.928066385Z [2026-09-23 10:13:45.927][29][debug][wasm] [external/envoy/source/extensions/common/wasm/context.cc:1538] wasm log response-cache response-cache response-cache: [response-cache] [nil] [4cd4e9a9-8ab6-4cec-ab1c-90e8522376e2] [response-cache] [processCacheHit] cached response for key hit-r2-033: {"source":"cache","value":"fixture-only"}
envoy-1          | 2026-09-23T10:13:45.928115942Z [2026-09-23 10:13:45.928][29][debug][wasm] [external/envoy/source/extensions/common/wasm/context.cc:1538] wasm log response-cache response-cache response-cache: [response-cache] [nil] [4cd4e9a9-8ab6-4cec-ab1c-90e8522376e2] SetResponseBodyBufferLimit: 10485760
envoy-1          | 2026-09-23T10:13:45.928183678Z [2026-09-23 10:13:45.928][29][debug][wasm] [external/envoy/source/extensions/common/wasm/context.cc:1538] wasm log response-cache response-cache response-cache: [response-cache] [nil] [4cd4e9a9-8ab6-4cec-ab1c-90e8522376e2] [onHttpResponseBody] key is nil, skip cache
envoy-1          | 2026-09-23T10:13:46.059179222Z [2026-09-23 10:13:46.059][29][debug][wasm] [external/envoy/source/extensions/common/wasm/context.cc:1538] wasm log response-cache response-cache response-cache: [response-cache] [nil] [b4d7fae4-1e97-40de-9b62-4b32b1f470d2] [onHttpRequestHeaders] cache key from request header: x-http-cache-key, key: hit-r2-034
envoy-1          | 2026-09-23T10:13:46.059216306Z [2026-09-23 10:13:46.059][29][debug][wasm] [external/envoy/source/extensions/common/wasm/context.cc:1538] wasm log response-cache response-cache response-cache: [response-cache] [nil] [b4d7fae4-1e97-40de-9b62-4b32b1f470d2] [response-cache] [CheckCacheForKey] querying cache with key: higress-audit:hit-r2-034
envoy-1          | 2026-09-23T10:13:46.059249250Z [2026-09-23 10:13:46.059][29][debug][wasm] [external/envoy/source/extensions/common/wasm/context.cc:1538] wasm log response-cache response-cache response-cache: redis call start, request-id: ee5e11b0-2d03-45f7-b674-7b95d37a9c74, respQuery: KjINCiQzDQpnZXQNCiQyNA0KaGlncmVzcy1hdWRpdDpoaXQtcjItMDM0DQo=
envoy-1          | 2026-09-23T10:13:46.076481520Z [2026-09-23 10:13:46.076][29][debug][wasm] [external/envoy/source/extensions/common/wasm/context.cc:1538] wasm log response-cache response-cache response-cache: redis call end, request-id: ee5e11b0-2d03-45f7-b674-7b95d37a9c74, respQuery: KjINCiQzDQpnZXQNCiQyNA0KaGlncmVzcy1hdWRpdDpoaXQtcjItMDM0DQo=, respValue: JDQxDQp7InNvdXJjZSI6ImNhY2hlIiwidmFsdWUiOiJmaXh0dXJlLW9ubHkifQ0K
envoy-1          | 2026-09-23T10:13:46.076501892Z [2026-09-23 10:13:46.076][29][info][wasm] [external/envoy/source/extensions/common/wasm/context.cc:1541] wasm log response-cache response-cache response-cache: [response-cache] [nil] [b4d7fae4-1e97-40de-9b62-4b32b1f470d2] [response-cache] cache hit for key: hit-r2-034
envoy-1          | 2026-09-23T10:13:46.076513064Z [2026-09-23 10:13:46.076][29][debug][wasm] [external/envoy/source/extensions/common/wasm/context.cc:1538] wasm log response-cache response-cache response-cache: [response-cache] [nil] [b4d7fae4-1e97-40de-9b62-4b32b1f470d2] [response-cache] [processCacheHit] cached response for key hit-r2-034: {"source":"cache","value":"fixture-only"}
envoy-1          | 2026-09-23T10:13:46.076825514Z [2026-09-23 10:13:46.076][29][debug][wasm] [external/envoy/source/extensions/common/wasm/context.cc:1538] wasm log response-cache response-cache response-cache: [response-cache] [nil] [b4d7fae4-1e97-40de-9b62-4b32b1f470d2] SetResponseBodyBufferLimit: 10485760
envoy-1          | 2026-09-23T10:13:46.076963367Z [2026-09-23 10:13:46.076][29][debug][wasm] [external/envoy/source/extensions/common/wasm/context.cc:1538] wasm log response-cache response-cache response-cache: [response-cache] [nil] [b4d7fae4-1e97-40de-9b62-4b32b1f470d2] [onHttpResponseBody] key is nil, skip cache
envoy-1          | 2026-09-23T10:13:46.207608744Z [2026-09-23 10:13:46.207][29][debug][wasm] [external/envoy/source/extensions/common/wasm/context.cc:1538] wasm log response-cache response-cache response-cache: [response-cache] [nil] [71d40025-2d29-4f52-b2ea-f6c89168c52d] [onHttpRequestHeaders] cache key from request header: x-http-cache-key, key: hit-r2-035
envoy-1          | 2026-09-23T10:13:46.207630488Z [2026-09-23 10:13:46.207][29][debug][wasm] [external/envoy/source/extensions/common/wasm/context.cc:1538] wasm log response-cache response-cache response-cache: [response-cache] [nil] [71d40025-2d29-4f52-b2ea-f6c89168c52d] [response-cache] [CheckCacheForKey] querying cache with key: higress-audit:hit-r2-035
envoy-1          | 2026-09-23T10:13:46.207757505Z [2026-09-23 10:13:46.207][29][debug][wasm] [external/envoy/source/extensions/common/wasm/context.cc:1538] wasm log response-cache response-cache response-cache: redis call start, request-id: 6dfb2a77-7d6a-41cf-bb64-697412f5c5bb, respQuery: KjINCiQzDQpnZXQNCiQyNA0KaGlncmVzcy1hdWRpdDpoaXQtcjItMDM1DQo=
envoy-1          | 2026-09-23T10:13:46.226820754Z [2026-09-23 10:13:46.226][29][debug][wasm] [external/envoy/source/extensions/common/wasm/context.cc:1538] wasm log response-cache response-cache response-cache: redis call end, request-id: 6dfb2a77-7d6a-41cf-bb64-697412f5c5bb, respQuery: KjINCiQzDQpnZXQNCiQyNA0KaGlncmVzcy1hdWRpdDpoaXQtcjItMDM1DQo=, respValue: JDQxDQp7InNvdXJjZSI6ImNhY2hlIiwidmFsdWUiOiJmaXh0dXJlLW9ubHkifQ0K
envoy-1          | 2026-09-23T10:13:46.226831635Z [2026-09-23 10:13:46.226][29][info][wasm] [external/envoy/source/extensions/common/wasm/context.cc:1541] wasm log response-cache response-cache response-cache: [response-cache] [nil] [71d40025-2d29-4f52-b2ea-f6c89168c52d] [response-cache] cache hit for key: hit-r2-035
envoy-1          | 2026-09-23T10:13:46.226897732Z [2026-09-23 10:13:46.226][29][debug][wasm] [external/envoy/source/extensions/common/wasm/context.cc:1538] wasm log response-cache response-cache response-cache: [response-cache] [nil] [71d40025-2d29-4f52-b2ea-f6c89168c52d] [response-cache] [processCacheHit] cached response for key hit-r2-035: {"source":"cache","value":"fixture-only"}
envoy-1          | 2026-09-23T10:13:46.227168646Z [2026-09-23 10:13:46.227][29][debug][wasm] [external/envoy/source/extensions/common/wasm/context.cc:1538] wasm log response-cache response-cache response-cache: [response-cache] [nil] [71d40025-2d29-4f52-b2ea-f6c89168c52d] SetResponseBodyBufferLimit: 10485760
envoy-1          | 2026-09-23T10:13:46.227274869Z [2026-09-23 10:13:46.227][29][debug][wasm] [external/envoy/source/extensions/common/wasm/context.cc:1538] wasm log response-cache response-cache response-cache: [response-cache] [nil] [71d40025-2d29-4f52-b2ea-f6c89168c52d] [onHttpResponseBody] key is nil, skip cache
envoy-1          | 2026-09-23T10:13:46.359490484Z [2026-09-23 10:13:46.359][29][debug][wasm] [external/envoy/source/extensions/common/wasm/context.cc:1538] wasm log response-cache response-cache response-cache: [response-cache] [nil] [342201ef-dc6b-480e-8981-a24d0d1870ed] [onHttpRequestHeaders] cache key from request header: x-http-cache-key, key: hit-r2-036
envoy-1          | 2026-09-23T10:13:46.359528525Z [2026-09-23 10:13:46.359][29][debug][wasm] [external/envoy/source/extensions/common/wasm/context.cc:1538] wasm log response-cache response-cache response-cache: [response-cache] [nil] [342201ef-dc6b-480e-8981-a24d0d1870ed] [response-cache] [CheckCacheForKey] querying cache with key: higress-audit:hit-r2-036
envoy-1          | 2026-09-23T10:13:46.359713646Z [2026-09-23 10:13:46.359][29][debug][wasm] [external/envoy/source/extensions/common/wasm/context.cc:1538] wasm log response-cache response-cache response-cache: redis call start, request-id: bf23f451-dcbc-4cb8-9226-31cb4685e2c3, respQuery: KjINCiQzDQpnZXQNCiQyNA0KaGlncmVzcy1hdWRpdDpoaXQtcjItMDM2DQo=
envoy-1          | 2026-09-23T10:13:46.376055588Z [2026-09-23 10:13:46.375][29][debug][wasm] [external/envoy/source/extensions/common/wasm/context.cc:1538] wasm log response-cache response-cache response-cache: redis call end, request-id: bf23f451-dcbc-4cb8-9226-31cb4685e2c3, respQuery: KjINCiQzDQpnZXQNCiQyNA0KaGlncmVzcy1hdWRpdDpoaXQtcjItMDM2DQo=, respValue: JDQxDQp7InNvdXJjZSI6ImNhY2hlIiwidmFsdWUiOiJmaXh0dXJlLW9ubHkifQ0K
envoy-1          | 2026-09-23T10:13:46.376089404Z [2026-09-23 10:13:46.375][29][info][wasm] [external/envoy/source/extensions/common/wasm/context.cc:1541] wasm log response-cache response-cache response-cache: [response-cache] [nil] [342201ef-dc6b-480e-8981-a24d0d1870ed] [response-cache] cache hit for key: hit-r2-036
envoy-1          | 2026-09-23T10:13:46.376102109Z [2026-09-23 10:13:46.375][29][debug][wasm] [external/envoy/source/extensions/common/wasm/context.cc:1538] wasm log response-cache response-cache response-cache: [response-cache] [nil] [342201ef-dc6b-480e-8981-a24d0d1870ed] [response-cache] [processCacheHit] cached response for key hit-r2-036: {"source":"cache","value":"fixture-only"}
envoy-1          | 2026-09-23T10:13:46.376332021Z [2026-09-23 10:13:46.376][29][debug][wasm] [external/envoy/source/extensions/common/wasm/context.cc:1538] wasm log response-cache response-cache response-cache: [response-cache] [nil] [342201ef-dc6b-480e-8981-a24d0d1870ed] SetResponseBodyBufferLimit: 10485760
envoy-1          | 2026-09-23T10:13:46.376434751Z [2026-09-23 10:13:46.376][29][debug][wasm] [external/envoy/source/extensions/common/wasm/context.cc:1538] wasm log response-cache response-cache response-cache: [response-cache] [nil] [342201ef-dc6b-480e-8981-a24d0d1870ed] [onHttpResponseBody] key is nil, skip cache
envoy-1          | 2026-09-23T10:13:46.508652111Z [2026-09-23 10:13:46.508][29][debug][wasm] [external/envoy/source/extensions/common/wasm/context.cc:1538] wasm log response-cache response-cache response-cache: [response-cache] [nil] [c445f9bb-f4b9-40bc-b57e-d9aa90439e97] [onHttpRequestHeaders] cache key from request header: x-http-cache-key, key: hit-r2-037
envoy-1          | 2026-09-23T10:13:46.508687728Z [2026-09-23 10:13:46.508][29][debug][wasm] [external/envoy/source/extensions/common/wasm/context.cc:1538] wasm log response-cache response-cache response-cache: [response-cache] [nil] [c445f9bb-f4b9-40bc-b57e-d9aa90439e97] [response-cache] [CheckCacheForKey] querying cache with key: higress-audit:hit-r2-037
envoy-1          | 2026-09-23T10:13:46.508773045Z [2026-09-23 10:13:46.508][29][debug][wasm] [external/envoy/source/extensions/common/wasm/context.cc:1538] wasm log response-cache response-cache response-cache: redis call start, request-id: 94e19b1e-7231-4bb7-aec4-0300935a189c, respQuery: KjINCiQzDQpnZXQNCiQyNA0KaGlncmVzcy1hdWRpdDpoaXQtcjItMDM3DQo=
envoy-1          | 2026-09-23T10:13:46.527681137Z [2026-09-23 10:13:46.527][29][debug][wasm] [external/envoy/source/extensions/common/wasm/context.cc:1538] wasm log response-cache response-cache response-cache: redis call end, request-id: 94e19b1e-7231-4bb7-aec4-0300935a189c, respQuery: KjINCiQzDQpnZXQNCiQyNA0KaGlncmVzcy1hdWRpdDpoaXQtcjItMDM3DQo=, respValue: JDQxDQp7InNvdXJjZSI6ImNhY2hlIiwidmFsdWUiOiJmaXh0dXJlLW9ubHkifQ0K
envoy-1          | 2026-09-23T10:13:46.527712222Z [2026-09-23 10:13:46.527][29][info][wasm] [external/envoy/source/extensions/common/wasm/context.cc:1541] wasm log response-cache response-cache response-cache: [response-cache] [nil] [c445f9bb-f4b9-40bc-b57e-d9aa90439e97] [response-cache] cache hit for key: hit-r2-037
envoy-1          | 2026-09-23T10:13:46.527723907Z [2026-09-23 10:13:46.527][29][debug][wasm] [external/envoy/source/extensions/common/wasm/context.cc:1538] wasm log response-cache response-cache response-cache: [response-cache] [nil] [c445f9bb-f4b9-40bc-b57e-d9aa90439e97] [response-cache] [processCacheHit] cached response for key hit-r2-037: {"source":"cache","value":"fixture-only"}
envoy-1          | 2026-09-23T10:13:46.527982749Z [2026-09-23 10:13:46.527][29][debug][wasm] [external/envoy/source/extensions/common/wasm/context.cc:1538] wasm log response-cache response-cache response-cache: [response-cache] [nil] [c445f9bb-f4b9-40bc-b57e-d9aa90439e97] SetResponseBodyBufferLimit: 10485760
envoy-1          | 2026-09-23T10:13:46.528080844Z [2026-09-23 10:13:46.528][29][debug][wasm] [external/envoy/source/extensions/common/wasm/context.cc:1538] wasm log response-cache response-cache response-cache: [response-cache] [nil] [c445f9bb-f4b9-40bc-b57e-d9aa90439e97] [onHttpResponseBody] key is nil, skip cache
envoy-1          | 2026-09-23T10:13:46.660553764Z [2026-09-23 10:13:46.660][29][debug][wasm] [external/envoy/source/extensions/common/wasm/context.cc:1538] wasm log response-cache response-cache response-cache: [response-cache] [nil] [9d1ab7ea-5ee4-4baf-be18-eb62a2eb37e1] [onHttpRequestHeaders] cache key from request header: x-http-cache-key, key: hit-r2-038
envoy-1          | 2026-09-23T10:13:46.660589332Z [2026-09-23 10:13:46.660][29][debug][wasm] [external/envoy/source/extensions/common/wasm/context.cc:1538] wasm log response-cache response-cache response-cache: [response-cache] [nil] [9d1ab7ea-5ee4-4baf-be18-eb62a2eb37e1] [response-cache] [CheckCacheForKey] querying cache with key: higress-audit:hit-r2-038
envoy-1          | 2026-09-23T10:13:46.660654425Z [2026-09-23 10:13:46.660][29][debug][wasm] [external/envoy/source/extensions/common/wasm/context.cc:1538] wasm log response-cache response-cache response-cache: redis call start, request-id: 4d20d70a-5ec3-4c49-9138-4919d29e7d29, respQuery: KjINCiQzDQpnZXQNCiQyNA0KaGlncmVzcy1hdWRpdDpoaXQtcjItMDM4DQo=
envoy-1          | 2026-09-23T10:13:46.677747109Z [2026-09-23 10:13:46.677][29][debug][wasm] [external/envoy/source/extensions/common/wasm/context.cc:1538] wasm log response-cache response-cache response-cache: redis call end, request-id: 4d20d70a-5ec3-4c49-9138-4919d29e7d29, respQuery: KjINCiQzDQpnZXQNCiQyNA0KaGlncmVzcy1hdWRpdDpoaXQtcjItMDM4DQo=, respValue: JDQxDQp7InNvdXJjZSI6ImNhY2hlIiwidmFsdWUiOiJmaXh0dXJlLW9ubHkifQ0K
envoy-1          | 2026-09-23T10:13:46.677780661Z [2026-09-23 10:13:46.677][29][info][wasm] [external/envoy/source/extensions/common/wasm/context.cc:1541] wasm log response-cache response-cache response-cache: [response-cache] [nil] [9d1ab7ea-5ee4-4baf-be18-eb62a2eb37e1] [response-cache] cache hit for key: hit-r2-038
envoy-1          | 2026-09-23T10:13:46.677797040Z [2026-09-23 10:13:46.677][29][debug][wasm] [external/envoy/source/extensions/common/wasm/context.cc:1538] wasm log response-cache response-cache response-cache: [response-cache] [nil] [9d1ab7ea-5ee4-4baf-be18-eb62a2eb37e1] [response-cache] [processCacheHit] cached response for key hit-r2-038: {"source":"cache","value":"fixture-only"}
envoy-1          | 2026-09-23T10:13:46.678048355Z [2026-09-23 10:13:46.677][29][debug][wasm] [external/envoy/source/extensions/common/wasm/context.cc:1538] wasm log response-cache response-cache response-cache: [response-cache] [nil] [9d1ab7ea-5ee4-4baf-be18-eb62a2eb37e1] SetResponseBodyBufferLimit: 10485760
envoy-1          | 2026-09-23T10:13:46.678136319Z [2026-09-23 10:13:46.678][29][debug][wasm] [external/envoy/source/extensions/common/wasm/context.cc:1538] wasm log response-cache response-cache response-cache: [response-cache] [nil] [9d1ab7ea-5ee4-4baf-be18-eb62a2eb37e1] [onHttpResponseBody] key is nil, skip cache
envoy-1          | 2026-09-23T10:13:46.810842356Z [2026-09-23 10:13:46.810][29][debug][wasm] [external/envoy/source/extensions/common/wasm/context.cc:1538] wasm log response-cache response-cache response-cache: [response-cache] [nil] [bfe14413-b0d0-4793-910a-ead007a730d4] [onHttpRequestHeaders] cache key from request header: x-http-cache-key, key: hit-r2-039
envoy-1          | 2026-09-23T10:13:46.810877924Z [2026-09-23 10:13:46.810][29][debug][wasm] [external/envoy/source/extensions/common/wasm/context.cc:1538] wasm log response-cache response-cache response-cache: [response-cache] [nil] [bfe14413-b0d0-4793-910a-ead007a730d4] [response-cache] [CheckCacheForKey] querying cache with key: higress-audit:hit-r2-039
envoy-1          | 2026-09-23T10:13:46.810966245Z [2026-09-23 10:13:46.810][29][debug][wasm] [external/envoy/source/extensions/common/wasm/context.cc:1538] wasm log response-cache response-cache response-cache: redis call start, request-id: 802c0668-b934-4632-9ec6-e210e6b4f744, respQuery: KjINCiQzDQpnZXQNCiQyNA0KaGlncmVzcy1hdWRpdDpoaXQtcjItMDM5DQo=
envoy-1          | 2026-09-23T10:13:46.827169321Z [2026-09-23 10:13:46.827][29][debug][wasm] [external/envoy/source/extensions/common/wasm/context.cc:1538] wasm log response-cache response-cache response-cache: redis call end, request-id: 802c0668-b934-4632-9ec6-e210e6b4f744, respQuery: KjINCiQzDQpnZXQNCiQyNA0KaGlncmVzcy1hdWRpdDpoaXQtcjItMDM5DQo=, respValue: JDQxDQp7InNvdXJjZSI6ImNhY2hlIiwidmFsdWUiOiJmaXh0dXJlLW9ubHkifQ0K
envoy-1          | 2026-09-23T10:13:46.827201834Z [2026-09-23 10:13:46.827][29][info][wasm] [external/envoy/source/extensions/common/wasm/context.cc:1541] wasm log response-cache response-cache response-cache: [response-cache] [nil] [bfe14413-b0d0-4793-910a-ead007a730d4] [response-cache] cache hit for key: hit-r2-039
envoy-1          | 2026-09-23T10:13:46.827237462Z [2026-09-23 10:13:46.827][29][debug][wasm] [external/envoy/source/extensions/common/wasm/context.cc:1538] wasm log response-cache response-cache response-cache: [response-cache] [nil] [bfe14413-b0d0-4793-910a-ead007a730d4] [response-cache] [processCacheHit] cached response for key hit-r2-039: {"source":"cache","value":"fixture-only"}
envoy-1          | 2026-09-23T10:13:46.827508601Z [2026-09-23 10:13:46.827][29][debug][wasm] [external/envoy/source/extensions/common/wasm/context.cc:1538] wasm log response-cache response-cache response-cache: [response-cache] [nil] [bfe14413-b0d0-4793-910a-ead007a730d4] SetResponseBodyBufferLimit: 10485760
envoy-1          | 2026-09-23T10:13:46.827609517Z [2026-09-23 10:13:46.827][29][debug][wasm] [external/envoy/source/extensions/common/wasm/context.cc:1538] wasm log response-cache response-cache response-cache: [response-cache] [nil] [bfe14413-b0d0-4793-910a-ead007a730d4] [onHttpResponseBody] key is nil, skip cache
envoy-1          | 2026-09-23T10:13:46.960023656Z [2026-09-23 10:13:46.959][29][debug][wasm] [external/envoy/source/extensions/common/wasm/context.cc:1538] wasm log response-cache response-cache response-cache: [response-cache] [nil] [83d36720-4f69-4733-942a-cf2d65d8b781] [onHttpRequestHeaders] cache key from request header: x-http-cache-key, key: hit-r2-040
envoy-1          | 2026-09-23T10:13:46.960058787Z [2026-09-23 10:13:46.959][29][debug][wasm] [external/envoy/source/extensions/common/wasm/context.cc:1538] wasm log response-cache response-cache response-cache: [response-cache] [nil] [83d36720-4f69-4733-942a-cf2d65d8b781] [response-cache] [CheckCacheForKey] querying cache with key: higress-audit:hit-r2-040
envoy-1          | 2026-09-23T10:13:46.960128033Z [2026-09-23 10:13:46.960][29][debug][wasm] [external/envoy/source/extensions/common/wasm/context.cc:1538] wasm log response-cache response-cache response-cache: redis call start, request-id: 08f383c1-f740-41d6-b72d-821d5e51ca20, respQuery: KjINCiQzDQpnZXQNCiQyNA0KaGlncmVzcy1hdWRpdDpoaXQtcjItMDQwDQo=
envoy-1          | 2026-09-23T10:13:46.976576340Z [2026-09-23 10:13:46.976][29][debug][wasm] [external/envoy/source/extensions/common/wasm/context.cc:1538] wasm log response-cache response-cache response-cache: redis call end, request-id: 08f383c1-f740-41d6-b72d-821d5e51ca20, respQuery: KjINCiQzDQpnZXQNCiQyNA0KaGlncmVzcy1hdWRpdDpoaXQtcjItMDQwDQo=, respValue: JDQxDQp7InNvdXJjZSI6ImNhY2hlIiwidmFsdWUiOiJmaXh0dXJlLW9ubHkifQ0K
envoy-1          | 2026-09-23T10:13:46.976613495Z [2026-09-23 10:13:46.976][29][info][wasm] [external/envoy/source/extensions/common/wasm/context.cc:1541] wasm log response-cache response-cache response-cache: [response-cache] [nil] [83d36720-4f69-4733-942a-cf2d65d8b781] [response-cache] cache hit for key: hit-r2-040
envoy-1          | 2026-09-23T10:13:46.976630976Z [2026-09-23 10:13:46.976][29][debug][wasm] [external/envoy/source/extensions/common/wasm/context.cc:1538] wasm log response-cache response-cache response-cache: [response-cache] [nil] [83d36720-4f69-4733-942a-cf2d65d8b781] [response-cache] [processCacheHit] cached response for key hit-r2-040: {"source":"cache","value":"fixture-only"}
envoy-1          | 2026-09-23T10:13:46.976867946Z [2026-09-23 10:13:46.976][29][debug][wasm] [external/envoy/source/extensions/common/wasm/context.cc:1538] wasm log response-cache response-cache response-cache: [response-cache] [nil] [83d36720-4f69-4733-942a-cf2d65d8b781] SetResponseBodyBufferLimit: 10485760
envoy-1          | 2026-09-23T10:13:46.976958502Z [2026-09-23 10:13:46.976][29][debug][wasm] [external/envoy/source/extensions/common/wasm/context.cc:1538] wasm log response-cache response-cache response-cache: [response-cache] [nil] [83d36720-4f69-4733-942a-cf2d65d8b781] [onHttpResponseBody] key is nil, skip cache
envoy-1          | 2026-09-23T10:13:47.107839369Z [2026-09-23 10:13:47.107][29][debug][wasm] [external/envoy/source/extensions/common/wasm/context.cc:1538] wasm log response-cache response-cache response-cache: [response-cache] [nil] [9f8f1960-8261-4cb7-8a29-87c0b12f7a50] [onHttpRequestHeaders] cache key from request header: x-http-cache-key, key: hit-r2-041
envoy-1          | 2026-09-23T10:13:47.107875906Z [2026-09-23 10:13:47.107][29][debug][wasm] [external/envoy/source/extensions/common/wasm/context.cc:1538] wasm log response-cache response-cache response-cache: [response-cache] [nil] [9f8f1960-8261-4cb7-8a29-87c0b12f7a50] [response-cache] [CheckCacheForKey] querying cache with key: higress-audit:hit-r2-041
envoy-1          | 2026-09-23T10:13:47.108006102Z [2026-09-23 10:13:47.107][29][debug][wasm] [external/envoy/source/extensions/common/wasm/context.cc:1538] wasm log response-cache response-cache response-cache: redis call start, request-id: 23576a10-7304-410b-8f8c-91e1471d88d0, respQuery: KjINCiQzDQpnZXQNCiQyNA0KaGlncmVzcy1hdWRpdDpoaXQtcjItMDQxDQo=
envoy-1          | 2026-09-23T10:13:47.133534994Z [2026-09-23 10:13:47.133][29][debug][wasm] [external/envoy/source/extensions/common/wasm/context.cc:1538] wasm log response-cache response-cache response-cache: redis call end, request-id: 23576a10-7304-410b-8f8c-91e1471d88d0, respQuery: KjINCiQzDQpnZXQNCiQyNA0KaGlncmVzcy1hdWRpdDpoaXQtcjItMDQxDQo=, respValue: JDQxDQp7InNvdXJjZSI6ImNhY2hlIiwidmFsdWUiOiJmaXh0dXJlLW9ubHkifQ0K
envoy-1          | 2026-09-23T10:13:47.133554017Z [2026-09-23 10:13:47.133][29][info][wasm] [external/envoy/source/extensions/common/wasm/context.cc:1541] wasm log response-cache response-cache response-cache: [response-cache] [nil] [9f8f1960-8261-4cb7-8a29-87c0b12f7a50] [response-cache] cache hit for key: hit-r2-041
envoy-1          | 2026-09-23T10:13:47.133584185Z [2026-09-23 10:13:47.133][29][debug][wasm] [external/envoy/source/extensions/common/wasm/context.cc:1538] wasm log response-cache response-cache response-cache: [response-cache] [nil] [9f8f1960-8261-4cb7-8a29-87c0b12f7a50] [response-cache] [processCacheHit] cached response for key hit-r2-041: {"source":"cache","value":"fixture-only"}
envoy-1          | 2026-09-23T10:13:47.133856544Z [2026-09-23 10:13:47.133][29][debug][wasm] [external/envoy/source/extensions/common/wasm/context.cc:1538] wasm log response-cache response-cache response-cache: [response-cache] [nil] [9f8f1960-8261-4cb7-8a29-87c0b12f7a50] SetResponseBodyBufferLimit: 10485760
envoy-1          | 2026-09-23T10:13:47.133950964Z [2026-09-23 10:13:47.133][29][debug][wasm] [external/envoy/source/extensions/common/wasm/context.cc:1538] wasm log response-cache response-cache response-cache: [response-cache] [nil] [9f8f1960-8261-4cb7-8a29-87c0b12f7a50] [onHttpResponseBody] key is nil, skip cache
envoy-1          | 2026-09-23T10:13:47.265293161Z [2026-09-23 10:13:47.265][29][debug][wasm] [external/envoy/source/extensions/common/wasm/context.cc:1538] wasm log response-cache response-cache response-cache: [response-cache] [nil] [c539148d-24b9-4634-93fc-10bdae586025] [onHttpRequestHeaders] cache key from request header: x-http-cache-key, key: hit-r2-042
envoy-1          | 2026-09-23T10:13:47.265315341Z [2026-09-23 10:13:47.265][29][debug][wasm] [external/envoy/source/extensions/common/wasm/context.cc:1538] wasm log response-cache response-cache response-cache: [response-cache] [nil] [c539148d-24b9-4634-93fc-10bdae586025] [response-cache] [CheckCacheForKey] querying cache with key: higress-audit:hit-r2-042
envoy-1          | 2026-09-23T10:13:47.265448226Z [2026-09-23 10:13:47.265][29][debug][wasm] [external/envoy/source/extensions/common/wasm/context.cc:1538] wasm log response-cache response-cache response-cache: redis call start, request-id: 74118124-2bda-4263-b924-382ee6f051d2, respQuery: KjINCiQzDQpnZXQNCiQyNA0KaGlncmVzcy1hdWRpdDpoaXQtcjItMDQyDQo=
envoy-1          | 2026-09-23T10:13:47.282819046Z [2026-09-23 10:13:47.282][29][debug][wasm] [external/envoy/source/extensions/common/wasm/context.cc:1538] wasm log response-cache response-cache response-cache: redis call end, request-id: 74118124-2bda-4263-b924-382ee6f051d2, respQuery: KjINCiQzDQpnZXQNCiQyNA0KaGlncmVzcy1hdWRpdDpoaXQtcjItMDQyDQo=, respValue: JDQxDQp7InNvdXJjZSI6ImNhY2hlIiwidmFsdWUiOiJmaXh0dXJlLW9ubHkifQ0K
envoy-1          | 2026-09-23T10:13:47.282831853Z [2026-09-23 10:13:47.282][29][info][wasm] [external/envoy/source/extensions/common/wasm/context.cc:1541] wasm log response-cache response-cache response-cache: [response-cache] [nil] [c539148d-24b9-4634-93fc-10bdae586025] [response-cache] cache hit for key: hit-r2-042
envoy-1          | 2026-09-23T10:13:47.282878742Z [2026-09-23 10:13:47.282][29][debug][wasm] [external/envoy/source/extensions/common/wasm/context.cc:1538] wasm log response-cache response-cache response-cache: [response-cache] [nil] [c539148d-24b9-4634-93fc-10bdae586025] [response-cache] [processCacheHit] cached response for key hit-r2-042: {"source":"cache","value":"fixture-only"}
envoy-1          | 2026-09-23T10:13:47.283082614Z [2026-09-23 10:13:47.283][29][debug][wasm] [external/envoy/source/extensions/common/wasm/context.cc:1538] wasm log response-cache response-cache response-cache: [response-cache] [nil] [c539148d-24b9-4634-93fc-10bdae586025] SetResponseBodyBufferLimit: 10485760
envoy-1          | 2026-09-23T10:13:47.283145393Z [2026-09-23 10:13:47.283][29][debug][wasm] [external/envoy/source/extensions/common/wasm/context.cc:1538] wasm log response-cache response-cache response-cache: [response-cache] [nil] [c539148d-24b9-4634-93fc-10bdae586025] [onHttpResponseBody] key is nil, skip cache
envoy-1          | 2026-09-23T10:13:47.414251406Z [2026-09-23 10:13:47.414][29][debug][wasm] [external/envoy/source/extensions/common/wasm/context.cc:1538] wasm log response-cache response-cache response-cache: [response-cache] [nil] [8039f133-e3b2-4a6c-b5cb-fa05873c8a41] [onHttpRequestHeaders] cache key from request header: x-http-cache-key, key: hit-r2-043
envoy-1          | 2026-09-23T10:13:47.414278264Z [2026-09-23 10:13:47.414][29][debug][wasm] [external/envoy/source/extensions/common/wasm/context.cc:1538] wasm log response-cache response-cache response-cache: [response-cache] [nil] [8039f133-e3b2-4a6c-b5cb-fa05873c8a41] [response-cache] [CheckCacheForKey] querying cache with key: higress-audit:hit-r2-043
envoy-1          | 2026-09-23T10:13:47.414427951Z [2026-09-23 10:13:47.414][29][debug][wasm] [external/envoy/source/extensions/common/wasm/context.cc:1538] wasm log response-cache response-cache response-cache: redis call start, request-id: 9f036c5a-7ad6-40d3-a9ac-79fab70fc0eb, respQuery: KjINCiQzDQpnZXQNCiQyNA0KaGlncmVzcy1hdWRpdDpoaXQtcjItMDQzDQo=
envoy-1          | 2026-09-23T10:13:47.433070695Z [2026-09-23 10:13:47.432][29][debug][wasm] [external/envoy/source/extensions/common/wasm/context.cc:1538] wasm log response-cache response-cache response-cache: redis call end, request-id: 9f036c5a-7ad6-40d3-a9ac-79fab70fc0eb, respQuery: KjINCiQzDQpnZXQNCiQyNA0KaGlncmVzcy1hdWRpdDpoaXQtcjItMDQzDQo=, respValue: JDQxDQp7InNvdXJjZSI6ImNhY2hlIiwidmFsdWUiOiJmaXh0dXJlLW9ubHkifQ0K
envoy-1          | 2026-09-23T10:13:47.433084871Z [2026-09-23 10:13:47.432][29][info][wasm] [external/envoy/source/extensions/common/wasm/context.cc:1541] wasm log response-cache response-cache response-cache: [response-cache] [nil] [8039f133-e3b2-4a6c-b5cb-fa05873c8a41] [response-cache] cache hit for key: hit-r2-043
envoy-1          | 2026-09-23T10:13:47.433090710Z [2026-09-23 10:13:47.433][29][debug][wasm] [external/envoy/source/extensions/common/wasm/context.cc:1538] wasm log response-cache response-cache response-cache: [response-cache] [nil] [8039f133-e3b2-4a6c-b5cb-fa05873c8a41] [response-cache] [processCacheHit] cached response for key hit-r2-043: {"source":"cache","value":"fixture-only"}
envoy-1          | 2026-09-23T10:13:47.433397356Z [2026-09-23 10:13:47.433][29][debug][wasm] [external/envoy/source/extensions/common/wasm/context.cc:1538] wasm log response-cache response-cache response-cache: [response-cache] [nil] [8039f133-e3b2-4a6c-b5cb-fa05873c8a41] SetResponseBodyBufferLimit: 10485760
envoy-1          | 2026-09-23T10:13:47.433543459Z [2026-09-23 10:13:47.433][29][debug][wasm] [external/envoy/source/extensions/common/wasm/context.cc:1538] wasm log response-cache response-cache response-cache: [response-cache] [nil] [8039f133-e3b2-4a6c-b5cb-fa05873c8a41] [onHttpResponseBody] key is nil, skip cache
envoy-1          | 2026-09-23T10:13:47.565698254Z [2026-09-23 10:13:47.565][29][debug][wasm] [external/envoy/source/extensions/common/wasm/context.cc:1538] wasm log response-cache response-cache response-cache: [response-cache] [nil] [978c33e6-1abe-4e57-984e-8981c0977004] [onHttpRequestHeaders] cache key from request header: x-http-cache-key, key: hit-r2-044
envoy-1          | 2026-09-23T10:13:47.565736878Z [2026-09-23 10:13:47.565][29][debug][wasm] [external/envoy/source/extensions/common/wasm/context.cc:1538] wasm log response-cache response-cache response-cache: [response-cache] [nil] [978c33e6-1abe-4e57-984e-8981c0977004] [response-cache] [CheckCacheForKey] querying cache with key: higress-audit:hit-r2-044
envoy-1          | 2026-09-23T10:13:47.565749862Z [2026-09-23 10:13:47.565][29][debug][wasm] [external/envoy/source/extensions/common/wasm/context.cc:1538] wasm log response-cache response-cache response-cache: redis call start, request-id: 36fcd706-9b0a-4f9a-9901-b5d9d7eb4133, respQuery: KjINCiQzDQpnZXQNCiQyNA0KaGlncmVzcy1hdWRpdDpoaXQtcjItMDQ0DQo=
envoy-1          | 2026-09-23T10:13:47.583452073Z [2026-09-23 10:13:47.583][29][debug][wasm] [external/envoy/source/extensions/common/wasm/context.cc:1538] wasm log response-cache response-cache response-cache: redis call end, request-id: 36fcd706-9b0a-4f9a-9901-b5d9d7eb4133, respQuery: KjINCiQzDQpnZXQNCiQyNA0KaGlncmVzcy1hdWRpdDpoaXQtcjItMDQ0DQo=, respValue: JDQxDQp7InNvdXJjZSI6ImNhY2hlIiwidmFsdWUiOiJmaXh0dXJlLW9ubHkifQ0K
envoy-1          | 2026-09-23T10:13:47.583475532Z [2026-09-23 10:13:47.583][29][info][wasm] [external/envoy/source/extensions/common/wasm/context.cc:1541] wasm log response-cache response-cache response-cache: [response-cache] [nil] [978c33e6-1abe-4e57-984e-8981c0977004] [response-cache] cache hit for key: hit-r2-044
envoy-1          | 2026-09-23T10:13:47.583486692Z [2026-09-23 10:13:47.583][29][debug][wasm] [external/envoy/source/extensions/common/wasm/context.cc:1538] wasm log response-cache response-cache response-cache: [response-cache] [nil] [978c33e6-1abe-4e57-984e-8981c0977004] [response-cache] [processCacheHit] cached response for key hit-r2-044: {"source":"cache","value":"fixture-only"}
envoy-1          | 2026-09-23T10:13:47.583681177Z [2026-09-23 10:13:47.583][29][debug][wasm] [external/envoy/source/extensions/common/wasm/context.cc:1538] wasm log response-cache response-cache response-cache: [response-cache] [nil] [978c33e6-1abe-4e57-984e-8981c0977004] SetResponseBodyBufferLimit: 10485760
envoy-1          | 2026-09-23T10:13:47.583747001Z [2026-09-23 10:13:47.583][29][debug][wasm] [external/envoy/source/extensions/common/wasm/context.cc:1538] wasm log response-cache response-cache response-cache: [response-cache] [nil] [978c33e6-1abe-4e57-984e-8981c0977004] [onHttpResponseBody] key is nil, skip cache
envoy-1          | 2026-09-23T10:13:47.717745259Z [2026-09-23 10:13:47.717][29][debug][wasm] [external/envoy/source/extensions/common/wasm/context.cc:1538] wasm log response-cache response-cache response-cache: [response-cache] [nil] [cd2ff378-9729-4be3-b3ac-43b47821a883] [onHttpRequestHeaders] cache key from request header: x-http-cache-key, key: hit-r2-045
envoy-1          | 2026-09-23T10:13:47.717795508Z [2026-09-23 10:13:47.717][29][debug][wasm] [external/envoy/source/extensions/common/wasm/context.cc:1538] wasm log response-cache response-cache response-cache: [response-cache] [nil] [cd2ff378-9729-4be3-b3ac-43b47821a883] [response-cache] [CheckCacheForKey] querying cache with key: higress-audit:hit-r2-045
envoy-1          | 2026-09-23T10:13:47.717929628Z [2026-09-23 10:13:47.717][29][debug][wasm] [external/envoy/source/extensions/common/wasm/context.cc:1538] wasm log response-cache response-cache response-cache: redis call start, request-id: 79e521f3-baaa-4005-b919-170c387ba91e, respQuery: KjINCiQzDQpnZXQNCiQyNA0KaGlncmVzcy1hdWRpdDpoaXQtcjItMDQ1DQo=
envoy-1          | 2026-09-23T10:13:47.736995367Z [2026-09-23 10:13:47.736][29][debug][wasm] [external/envoy/source/extensions/common/wasm/context.cc:1538] wasm log response-cache response-cache response-cache: redis call end, request-id: 79e521f3-baaa-4005-b919-170c387ba91e, respQuery: KjINCiQzDQpnZXQNCiQyNA0KaGlncmVzcy1hdWRpdDpoaXQtcjItMDQ1DQo=, respValue: JDQxDQp7InNvdXJjZSI6ImNhY2hlIiwidmFsdWUiOiJmaXh0dXJlLW9ubHkifQ0K
envoy-1          | 2026-09-23T10:13:47.737015724Z [2026-09-23 10:13:47.736][29][info][wasm] [external/envoy/source/extensions/common/wasm/context.cc:1541] wasm log response-cache response-cache response-cache: [response-cache] [nil] [cd2ff378-9729-4be3-b3ac-43b47821a883] [response-cache] cache hit for key: hit-r2-045
envoy-1          | 2026-09-23T10:13:47.737026639Z [2026-09-23 10:13:47.736][29][debug][wasm] [external/envoy/source/extensions/common/wasm/context.cc:1538] wasm log response-cache response-cache response-cache: [response-cache] [nil] [cd2ff378-9729-4be3-b3ac-43b47821a883] [response-cache] [processCacheHit] cached response for key hit-r2-045: {"source":"cache","value":"fixture-only"}
envoy-1          | 2026-09-23T10:13:47.737341134Z [2026-09-23 10:13:47.737][29][debug][wasm] [external/envoy/source/extensions/common/wasm/context.cc:1538] wasm log response-cache response-cache response-cache: [response-cache] [nil] [cd2ff378-9729-4be3-b3ac-43b47821a883] SetResponseBodyBufferLimit: 10485760
envoy-1          | 2026-09-23T10:13:47.737446655Z [2026-09-23 10:13:47.737][29][debug][wasm] [external/envoy/source/extensions/common/wasm/context.cc:1538] wasm log response-cache response-cache response-cache: [response-cache] [nil] [cd2ff378-9729-4be3-b3ac-43b47821a883] [onHttpResponseBody] key is nil, skip cache
envoy-1          | 2026-09-23T10:13:47.871203095Z [2026-09-23 10:13:47.870][29][debug][wasm] [external/envoy/source/extensions/common/wasm/context.cc:1538] wasm log response-cache response-cache response-cache: [response-cache] [nil] [c425fc1d-dcbf-4c0e-9f27-9a37e9d8499b] [onHttpRequestHeaders] cache key from request header: x-http-cache-key, key: hit-r2-046
envoy-1          | 2026-09-23T10:13:47.871242359Z [2026-09-23 10:13:47.871][29][debug][wasm] [external/envoy/source/extensions/common/wasm/context.cc:1538] wasm log response-cache response-cache response-cache: [response-cache] [nil] [c425fc1d-dcbf-4c0e-9f27-9a37e9d8499b] [response-cache] [CheckCacheForKey] querying cache with key: higress-audit:hit-r2-046
envoy-1          | 2026-09-23T10:13:47.871335788Z [2026-09-23 10:13:47.871][29][debug][wasm] [external/envoy/source/extensions/common/wasm/context.cc:1538] wasm log response-cache response-cache response-cache: redis call start, request-id: 1a4d0a31-cb49-43ed-8de2-d9a5daa24503, respQuery: KjINCiQzDQpnZXQNCiQyNA0KaGlncmVzcy1hdWRpdDpoaXQtcjItMDQ2DQo=
envoy-1          | 2026-09-23T10:13:47.888689834Z [2026-09-23 10:13:47.888][29][debug][wasm] [external/envoy/source/extensions/common/wasm/context.cc:1538] wasm log response-cache response-cache response-cache: redis call end, request-id: 1a4d0a31-cb49-43ed-8de2-d9a5daa24503, respQuery: KjINCiQzDQpnZXQNCiQyNA0KaGlncmVzcy1hdWRpdDpoaXQtcjItMDQ2DQo=, respValue: JDQxDQp7InNvdXJjZSI6ImNhY2hlIiwidmFsdWUiOiJmaXh0dXJlLW9ubHkifQ0K
envoy-1          | 2026-09-23T10:13:47.888711374Z [2026-09-23 10:13:47.888][29][info][wasm] [external/envoy/source/extensions/common/wasm/context.cc:1541] wasm log response-cache response-cache response-cache: [response-cache] [nil] [c425fc1d-dcbf-4c0e-9f27-9a37e9d8499b] [response-cache] cache hit for key: hit-r2-046
envoy-1          | 2026-09-23T10:13:47.888748590Z [2026-09-23 10:13:47.888][29][debug][wasm] [external/envoy/source/extensions/common/wasm/context.cc:1538] wasm log response-cache response-cache response-cache: [response-cache] [nil] [c425fc1d-dcbf-4c0e-9f27-9a37e9d8499b] [response-cache] [processCacheHit] cached response for key hit-r2-046: {"source":"cache","value":"fixture-only"}
envoy-1          | 2026-09-23T10:13:47.889072681Z [2026-09-23 10:13:47.889][29][debug][wasm] [external/envoy/source/extensions/common/wasm/context.cc:1538] wasm log response-cache response-cache response-cache: [response-cache] [nil] [c425fc1d-dcbf-4c0e-9f27-9a37e9d8499b] SetResponseBodyBufferLimit: 10485760
envoy-1          | 2026-09-23T10:13:47.889176733Z [2026-09-23 10:13:47.889][29][debug][wasm] [external/envoy/source/extensions/common/wasm/context.cc:1538] wasm log response-cache response-cache response-cache: [response-cache] [nil] [c425fc1d-dcbf-4c0e-9f27-9a37e9d8499b] [onHttpResponseBody] key is nil, skip cache
envoy-1          | 2026-09-23T10:13:48.019666669Z [2026-09-23 10:13:48.019][29][debug][wasm] [external/envoy/source/extensions/common/wasm/context.cc:1538] wasm log response-cache response-cache response-cache: [response-cache] [nil] [5b6453aa-5de8-484f-965b-cdd50ead08b0] [onHttpRequestHeaders] cache key from request header: x-http-cache-key, key: hit-r2-047
envoy-1          | 2026-09-23T10:13:48.019726614Z [2026-09-23 10:13:48.019][29][debug][wasm] [external/envoy/source/extensions/common/wasm/context.cc:1538] wasm log response-cache response-cache response-cache: [response-cache] [nil] [5b6453aa-5de8-484f-965b-cdd50ead08b0] [response-cache] [CheckCacheForKey] querying cache with key: higress-audit:hit-r2-047
envoy-1          | 2026-09-23T10:13:48.019866343Z [2026-09-23 10:13:48.019][29][debug][wasm] [external/envoy/source/extensions/common/wasm/context.cc:1538] wasm log response-cache response-cache response-cache: redis call start, request-id: 4386d213-d33c-41fe-b1c3-82a593b4d053, respQuery: KjINCiQzDQpnZXQNCiQyNA0KaGlncmVzcy1hdWRpdDpoaXQtcjItMDQ3DQo=
envoy-1          | 2026-09-23T10:13:48.033132152Z [2026-09-23 10:13:48.032][29][debug][wasm] [external/envoy/source/extensions/common/wasm/context.cc:1538] wasm log response-cache response-cache response-cache: redis call end, request-id: 4386d213-d33c-41fe-b1c3-82a593b4d053, respQuery: KjINCiQzDQpnZXQNCiQyNA0KaGlncmVzcy1hdWRpdDpoaXQtcjItMDQ3DQo=, respValue: JDQxDQp7InNvdXJjZSI6ImNhY2hlIiwidmFsdWUiOiJmaXh0dXJlLW9ubHkifQ0K
envoy-1          | 2026-09-23T10:13:48.033151087Z [2026-09-23 10:13:48.033][29][info][wasm] [external/envoy/source/extensions/common/wasm/context.cc:1541] wasm log response-cache response-cache response-cache: [response-cache] [nil] [5b6453aa-5de8-484f-965b-cdd50ead08b0] [response-cache] cache hit for key: hit-r2-047
envoy-1          | 2026-09-23T10:13:48.033162172Z [2026-09-23 10:13:48.033][29][debug][wasm] [external/envoy/source/extensions/common/wasm/context.cc:1538] wasm log response-cache response-cache response-cache: [response-cache] [nil] [5b6453aa-5de8-484f-965b-cdd50ead08b0] [response-cache] [processCacheHit] cached response for key hit-r2-047: {"source":"cache","value":"fixture-only"}
envoy-1          | 2026-09-23T10:13:48.033448852Z [2026-09-23 10:13:48.033][29][debug][wasm] [external/envoy/source/extensions/common/wasm/context.cc:1538] wasm log response-cache response-cache response-cache: [response-cache] [nil] [5b6453aa-5de8-484f-965b-cdd50ead08b0] SetResponseBodyBufferLimit: 10485760
envoy-1          | 2026-09-23T10:13:48.033542559Z [2026-09-23 10:13:48.033][29][debug][wasm] [external/envoy/source/extensions/common/wasm/context.cc:1538] wasm log response-cache response-cache response-cache: [response-cache] [nil] [5b6453aa-5de8-484f-965b-cdd50ead08b0] [onHttpResponseBody] key is nil, skip cache
envoy-1          | 2026-09-23T10:13:48.164047066Z [2026-09-23 10:13:48.163][29][debug][wasm] [external/envoy/source/extensions/common/wasm/context.cc:1538] wasm log response-cache response-cache response-cache: [response-cache] [nil] [33c0837d-2893-46c6-ae31-223d44bb1a64] [onHttpRequestHeaders] cache key from request header: x-http-cache-key, key: hit-r2-048
envoy-1          | 2026-09-23T10:13:48.164083841Z [2026-09-23 10:13:48.163][29][debug][wasm] [external/envoy/source/extensions/common/wasm/context.cc:1538] wasm log response-cache response-cache response-cache: [response-cache] [nil] [33c0837d-2893-46c6-ae31-223d44bb1a64] [response-cache] [CheckCacheForKey] querying cache with key: higress-audit:hit-r2-048
envoy-1          | 2026-09-23T10:13:48.164192659Z [2026-09-23 10:13:48.164][29][debug][wasm] [external/envoy/source/extensions/common/wasm/context.cc:1538] wasm log response-cache response-cache response-cache: redis call start, request-id: f9efe6d3-de1d-4d70-85d1-5bc87bbe9434, respQuery: KjINCiQzDQpnZXQNCiQyNA0KaGlncmVzcy1hdWRpdDpoaXQtcjItMDQ4DQo=
envoy-1          | 2026-09-23T10:13:48.182960611Z [2026-09-23 10:13:48.182][29][debug][wasm] [external/envoy/source/extensions/common/wasm/context.cc:1538] wasm log response-cache response-cache response-cache: redis call end, request-id: f9efe6d3-de1d-4d70-85d1-5bc87bbe9434, respQuery: KjINCiQzDQpnZXQNCiQyNA0KaGlncmVzcy1hdWRpdDpoaXQtcjItMDQ4DQo=, respValue: JDQxDQp7InNvdXJjZSI6ImNhY2hlIiwidmFsdWUiOiJmaXh0dXJlLW9ubHkifQ0K
envoy-1          | 2026-09-23T10:13:48.183007496Z [2026-09-23 10:13:48.182][29][info][wasm] [external/envoy/source/extensions/common/wasm/context.cc:1541] wasm log response-cache response-cache response-cache: [response-cache] [nil] [33c0837d-2893-46c6-ae31-223d44bb1a64] [response-cache] cache hit for key: hit-r2-048
envoy-1          | 2026-09-23T10:13:48.183057320Z [2026-09-23 10:13:48.182][29][debug][wasm] [external/envoy/source/extensions/common/wasm/context.cc:1538] wasm log response-cache response-cache response-cache: [response-cache] [nil] [33c0837d-2893-46c6-ae31-223d44bb1a64] [response-cache] [processCacheHit] cached response for key hit-r2-048: {"source":"cache","value":"fixture-only"}
envoy-1          | 2026-09-23T10:13:48.183343530Z [2026-09-23 10:13:48.183][29][debug][wasm] [external/envoy/source/extensions/common/wasm/context.cc:1538] wasm log response-cache response-cache response-cache: [response-cache] [nil] [33c0837d-2893-46c6-ae31-223d44bb1a64] SetResponseBodyBufferLimit: 10485760
envoy-1          | 2026-09-23T10:13:48.183428007Z [2026-09-23 10:13:48.183][29][debug][wasm] [external/envoy/source/extensions/common/wasm/context.cc:1538] wasm log response-cache response-cache response-cache: [response-cache] [nil] [33c0837d-2893-46c6-ae31-223d44bb1a64] [onHttpResponseBody] key is nil, skip cache
envoy-1          | 2026-09-23T10:13:48.316961514Z [2026-09-23 10:13:48.316][29][debug][wasm] [external/envoy/source/extensions/common/wasm/context.cc:1538] wasm log response-cache response-cache response-cache: [response-cache] [nil] [8dada2af-5f86-46c9-bd91-3de71378f8db] [onHttpRequestHeaders] cache key from request header: x-http-cache-key, key: hit-r2-049
envoy-1          | 2026-09-23T10:13:48.316996625Z [2026-09-23 10:13:48.316][29][debug][wasm] [external/envoy/source/extensions/common/wasm/context.cc:1538] wasm log response-cache response-cache response-cache: [response-cache] [nil] [8dada2af-5f86-46c9-bd91-3de71378f8db] [response-cache] [CheckCacheForKey] querying cache with key: higress-audit:hit-r2-049
envoy-1          | 2026-09-23T10:13:48.317062266Z [2026-09-23 10:13:48.317][29][debug][wasm] [external/envoy/source/extensions/common/wasm/context.cc:1538] wasm log response-cache response-cache response-cache: redis call start, request-id: 0b027dcb-7f13-4726-b649-fe8ff850fd4b, respQuery: KjINCiQzDQpnZXQNCiQyNA0KaGlncmVzcy1hdWRpdDpoaXQtcjItMDQ5DQo=
envoy-1          | 2026-09-23T10:13:48.337279186Z [2026-09-23 10:13:48.337][29][debug][wasm] [external/envoy/source/extensions/common/wasm/context.cc:1538] wasm log response-cache response-cache response-cache: redis call end, request-id: 0b027dcb-7f13-4726-b649-fe8ff850fd4b, respQuery: KjINCiQzDQpnZXQNCiQyNA0KaGlncmVzcy1hdWRpdDpoaXQtcjItMDQ5DQo=, respValue: JDQxDQp7InNvdXJjZSI6ImNhY2hlIiwidmFsdWUiOiJmaXh0dXJlLW9ubHkifQ0K
envoy-1          | 2026-09-23T10:13:48.345176568Z [2026-09-23 10:13:48.337][29][info][wasm] [external/envoy/source/extensions/common/wasm/context.cc:1541] wasm log response-cache response-cache response-cache: [response-cache] [nil] [8dada2af-5f86-46c9-bd91-3de71378f8db] [response-cache] cache hit for key: hit-r2-049
envoy-1          | 2026-09-23T10:13:48.345209152Z [2026-09-23 10:13:48.337][29][debug][wasm] [external/envoy/source/extensions/common/wasm/context.cc:1538] wasm log response-cache response-cache response-cache: [response-cache] [nil] [8dada2af-5f86-46c9-bd91-3de71378f8db] [response-cache] [processCacheHit] cached response for key hit-r2-049: {"source":"cache","value":"fixture-only"}
envoy-1          | 2026-09-23T10:13:48.345224548Z [2026-09-23 10:13:48.337][29][debug][wasm] [external/envoy/source/extensions/common/wasm/context.cc:1538] wasm log response-cache response-cache response-cache: [response-cache] [nil] [8dada2af-5f86-46c9-bd91-3de71378f8db] SetResponseBodyBufferLimit: 10485760
envoy-1          | 2026-09-23T10:13:48.345253677Z [2026-09-23 10:13:48.337][29][debug][wasm] [external/envoy/source/extensions/common/wasm/context.cc:1538] wasm log response-cache response-cache response-cache: [response-cache] [nil] [8dada2af-5f86-46c9-bd91-3de71378f8db] [onHttpResponseBody] key is nil, skip cache
envoy-1          | 2026-09-23T10:13:48.482781010Z [2026-09-23 10:13:48.482][29][debug][wasm] [external/envoy/source/extensions/common/wasm/context.cc:1538] wasm log response-cache response-cache response-cache: [response-cache] [nil] [4b171aa4-d434-4fcb-800b-1f2f7cb3640d] [onHttpRequestHeaders] cache key from request header: x-http-cache-key, key: hit-r3-000
envoy-1          | 2026-09-23T10:13:48.482805970Z [2026-09-23 10:13:48.482][29][debug][wasm] [external/envoy/source/extensions/common/wasm/context.cc:1538] wasm log response-cache response-cache response-cache: [response-cache] [nil] [4b171aa4-d434-4fcb-800b-1f2f7cb3640d] [response-cache] [CheckCacheForKey] querying cache with key: higress-audit:hit-r3-000
envoy-1          | 2026-09-23T10:13:48.482877132Z [2026-09-23 10:13:48.482][29][debug][wasm] [external/envoy/source/extensions/common/wasm/context.cc:1538] wasm log response-cache response-cache response-cache: redis call start, request-id: 922479cf-f75e-4c87-9467-57fc1a9f03c6, respQuery: KjINCiQzDQpnZXQNCiQyNA0KaGlncmVzcy1hdWRpdDpoaXQtcjMtMDAwDQo=
envoy-1          | 2026-09-23T10:13:48.499086943Z [2026-09-23 10:13:48.498][29][debug][wasm] [external/envoy/source/extensions/common/wasm/context.cc:1538] wasm log response-cache response-cache response-cache: redis call end, request-id: 922479cf-f75e-4c87-9467-57fc1a9f03c6, respQuery: KjINCiQzDQpnZXQNCiQyNA0KaGlncmVzcy1hdWRpdDpoaXQtcjMtMDAwDQo=, respValue: JDQxDQp7InNvdXJjZSI6ImNhY2hlIiwidmFsdWUiOiJmaXh0dXJlLW9ubHkifQ0K
envoy-1          | 2026-09-23T10:13:48.499100470Z [2026-09-23 10:13:48.499][29][info][wasm] [external/envoy/source/extensions/common/wasm/context.cc:1541] wasm log response-cache response-cache response-cache: [response-cache] [nil] [4b171aa4-d434-4fcb-800b-1f2f7cb3640d] [response-cache] cache hit for key: hit-r3-000
envoy-1          | 2026-09-23T10:13:48.499109423Z [2026-09-23 10:13:48.499][29][debug][wasm] [external/envoy/source/extensions/common/wasm/context.cc:1538] wasm log response-cache response-cache response-cache: [response-cache] [nil] [4b171aa4-d434-4fcb-800b-1f2f7cb3640d] [response-cache] [processCacheHit] cached response for key hit-r3-000: {"source":"cache","value":"fixture-only"}
envoy-1          | 2026-09-23T10:13:48.499345345Z [2026-09-23 10:13:48.499][29][debug][wasm] [external/envoy/source/extensions/common/wasm/context.cc:1538] wasm log response-cache response-cache response-cache: [response-cache] [nil] [4b171aa4-d434-4fcb-800b-1f2f7cb3640d] SetResponseBodyBufferLimit: 10485760
envoy-1          | 2026-09-23T10:13:48.499387723Z [2026-09-23 10:13:48.499][29][debug][wasm] [external/envoy/source/extensions/common/wasm/context.cc:1538] wasm log response-cache response-cache response-cache: [response-cache] [nil] [4b171aa4-d434-4fcb-800b-1f2f7cb3640d] [onHttpResponseBody] key is nil, skip cache
envoy-1          | 2026-09-23T10:13:48.623525327Z [2026-09-23 10:13:48.623][29][debug][wasm] [external/envoy/source/extensions/common/wasm/context.cc:1538] wasm log response-cache response-cache response-cache: [response-cache] [nil] [123522c7-0163-4120-9dfa-206c26a5338f] [onHttpRequestHeaders] cache key from request header: x-http-cache-key, key: hit-r3-001
envoy-1          | 2026-09-23T10:13:48.623565603Z [2026-09-23 10:13:48.623][29][debug][wasm] [external/envoy/source/extensions/common/wasm/context.cc:1538] wasm log response-cache response-cache response-cache: [response-cache] [nil] [123522c7-0163-4120-9dfa-206c26a5338f] [response-cache] [CheckCacheForKey] querying cache with key: higress-audit:hit-r3-001
envoy-1          | 2026-09-23T10:13:48.623687072Z [2026-09-23 10:13:48.623][29][debug][wasm] [external/envoy/source/extensions/common/wasm/context.cc:1538] wasm log response-cache response-cache response-cache: redis call start, request-id: 1f78bd7b-16da-4ccf-a3b1-34fae2f86ddc, respQuery: KjINCiQzDQpnZXQNCiQyNA0KaGlncmVzcy1hdWRpdDpoaXQtcjMtMDAxDQo=
envoy-1          | 2026-09-23T10:13:48.645128684Z [2026-09-23 10:13:48.644][29][debug][wasm] [external/envoy/source/extensions/common/wasm/context.cc:1538] wasm log response-cache response-cache response-cache: redis call end, request-id: 1f78bd7b-16da-4ccf-a3b1-34fae2f86ddc, respQuery: KjINCiQzDQpnZXQNCiQyNA0KaGlncmVzcy1hdWRpdDpoaXQtcjMtMDAxDQo=, respValue: JDQxDQp7InNvdXJjZSI6ImNhY2hlIiwidmFsdWUiOiJmaXh0dXJlLW9ubHkifQ0K
envoy-1          | 2026-09-23T10:13:48.645148816Z [2026-09-23 10:13:48.645][29][info][wasm] [external/envoy/source/extensions/common/wasm/context.cc:1541] wasm log response-cache response-cache response-cache: [response-cache] [nil] [123522c7-0163-4120-9dfa-206c26a5338f] [response-cache] cache hit for key: hit-r3-001
envoy-1          | 2026-09-23T10:13:48.645159837Z [2026-09-23 10:13:48.645][29][debug][wasm] [external/envoy/source/extensions/common/wasm/context.cc:1538] wasm log response-cache response-cache response-cache: [response-cache] [nil] [123522c7-0163-4120-9dfa-206c26a5338f] [response-cache] [processCacheHit] cached response for key hit-r3-001: {"source":"cache","value":"fixture-only"}
envoy-1          | 2026-09-23T10:13:48.645451855Z [2026-09-23 10:13:48.645][29][debug][wasm] [external/envoy/source/extensions/common/wasm/context.cc:1538] wasm log response-cache response-cache response-cache: [response-cache] [nil] [123522c7-0163-4120-9dfa-206c26a5338f] SetResponseBodyBufferLimit: 10485760
envoy-1          | 2026-09-23T10:13:48.645553908Z [2026-09-23 10:13:48.645][29][debug][wasm] [external/envoy/source/extensions/common/wasm/context.cc:1538] wasm log response-cache response-cache response-cache: [response-cache] [nil] [123522c7-0163-4120-9dfa-206c26a5338f] [onHttpResponseBody] key is nil, skip cache
envoy-1          | 2026-09-23T10:13:48.774214438Z [2026-09-23 10:13:48.774][29][debug][wasm] [external/envoy/source/extensions/common/wasm/context.cc:1538] wasm log response-cache response-cache response-cache: [response-cache] [nil] [d8e8598d-a9f8-493f-b62c-f3cea405c99a] [onHttpRequestHeaders] cache key from request header: x-http-cache-key, key: hit-r3-002
envoy-1          | 2026-09-23T10:13:48.774252779Z [2026-09-23 10:13:48.774][29][debug][wasm] [external/envoy/source/extensions/common/wasm/context.cc:1538] wasm log response-cache response-cache response-cache: [response-cache] [nil] [d8e8598d-a9f8-493f-b62c-f3cea405c99a] [response-cache] [CheckCacheForKey] querying cache with key: higress-audit:hit-r3-002
envoy-1          | 2026-09-23T10:13:48.774404692Z [2026-09-23 10:13:48.774][29][debug][wasm] [external/envoy/source/extensions/common/wasm/context.cc:1538] wasm log response-cache response-cache response-cache: redis call start, request-id: 432b7f07-28c5-42b1-b625-45cec929a6c8, respQuery: KjINCiQzDQpnZXQNCiQyNA0KaGlncmVzcy1hdWRpdDpoaXQtcjMtMDAyDQo=
envoy-1          | 2026-09-23T10:13:48.783153417Z [2026-09-23 10:13:48.782][29][debug][wasm] [external/envoy/source/extensions/common/wasm/context.cc:1538] wasm log response-cache response-cache response-cache: redis call end, request-id: 432b7f07-28c5-42b1-b625-45cec929a6c8, respQuery: KjINCiQzDQpnZXQNCiQyNA0KaGlncmVzcy1hdWRpdDpoaXQtcjMtMDAyDQo=, respValue: JDQxDQp7InNvdXJjZSI6ImNhY2hlIiwidmFsdWUiOiJmaXh0dXJlLW9ubHkifQ0K
envoy-1          | 2026-09-23T10:13:48.783177061Z [2026-09-23 10:13:48.783][29][info][wasm] [external/envoy/source/extensions/common/wasm/context.cc:1541] wasm log response-cache response-cache response-cache: [response-cache] [nil] [d8e8598d-a9f8-493f-b62c-f3cea405c99a] [response-cache] cache hit for key: hit-r3-002
envoy-1          | 2026-09-23T10:13:48.783214361Z [2026-09-23 10:13:48.783][29][debug][wasm] [external/envoy/source/extensions/common/wasm/context.cc:1538] wasm log response-cache response-cache response-cache: [response-cache] [nil] [d8e8598d-a9f8-493f-b62c-f3cea405c99a] [response-cache] [processCacheHit] cached response for key hit-r3-002: {"source":"cache","value":"fixture-only"}
envoy-1          | 2026-09-23T10:13:48.783430503Z [2026-09-23 10:13:48.783][29][debug][wasm] [external/envoy/source/extensions/common/wasm/context.cc:1538] wasm log response-cache response-cache response-cache: [response-cache] [nil] [d8e8598d-a9f8-493f-b62c-f3cea405c99a] SetResponseBodyBufferLimit: 10485760
envoy-1          | 2026-09-23T10:13:48.783547280Z [2026-09-23 10:13:48.783][29][debug][wasm] [external/envoy/source/extensions/common/wasm/context.cc:1538] wasm log response-cache response-cache response-cache: [response-cache] [nil] [d8e8598d-a9f8-493f-b62c-f3cea405c99a] [onHttpResponseBody] key is nil, skip cache
envoy-1          | 2026-09-23T10:13:48.910976305Z [2026-09-23 10:13:48.910][29][debug][wasm] [external/envoy/source/extensions/common/wasm/context.cc:1538] wasm log response-cache response-cache response-cache: [response-cache] [nil] [2c43b9c1-8667-40b1-9d09-595a0d5ad973] [onHttpRequestHeaders] cache key from request header: x-http-cache-key, key: hit-r3-003
envoy-1          | 2026-09-23T10:13:48.911013110Z [2026-09-23 10:13:48.910][29][debug][wasm] [external/envoy/source/extensions/common/wasm/context.cc:1538] wasm log response-cache response-cache response-cache: [response-cache] [nil] [2c43b9c1-8667-40b1-9d09-595a0d5ad973] [response-cache] [CheckCacheForKey] querying cache with key: higress-audit:hit-r3-003
envoy-1          | 2026-09-23T10:13:48.911179791Z [2026-09-23 10:13:48.911][29][debug][wasm] [external/envoy/source/extensions/common/wasm/context.cc:1538] wasm log response-cache response-cache response-cache: redis call start, request-id: 41d4a27f-b229-45dc-acef-d0750f292fb1, respQuery: KjINCiQzDQpnZXQNCiQyNA0KaGlncmVzcy1hdWRpdDpoaXQtcjMtMDAzDQo=
envoy-1          | 2026-09-23T10:13:48.932247149Z [2026-09-23 10:13:48.932][29][debug][wasm] [external/envoy/source/extensions/common/wasm/context.cc:1538] wasm log response-cache response-cache response-cache: redis call end, request-id: 41d4a27f-b229-45dc-acef-d0750f292fb1, respQuery: KjINCiQzDQpnZXQNCiQyNA0KaGlncmVzcy1hdWRpdDpoaXQtcjMtMDAzDQo=, respValue: JDQxDQp7InNvdXJjZSI6ImNhY2hlIiwidmFsdWUiOiJmaXh0dXJlLW9ubHkifQ0K
envoy-1          | 2026-09-23T10:13:48.932273204Z [2026-09-23 10:13:48.932][29][info][wasm] [external/envoy/source/extensions/common/wasm/context.cc:1541] wasm log response-cache response-cache response-cache: [response-cache] [nil] [2c43b9c1-8667-40b1-9d09-595a0d5ad973] [response-cache] cache hit for key: hit-r3-003
envoy-1          | 2026-09-23T10:13:48.932319693Z [2026-09-23 10:13:48.932][29][debug][wasm] [external/envoy/source/extensions/common/wasm/context.cc:1538] wasm log response-cache response-cache response-cache: [response-cache] [nil] [2c43b9c1-8667-40b1-9d09-595a0d5ad973] [response-cache] [processCacheHit] cached response for key hit-r3-003: {"source":"cache","value":"fixture-only"}
envoy-1          | 2026-09-23T10:13:48.932608506Z [2026-09-23 10:13:48.932][29][debug][wasm] [external/envoy/source/extensions/common/wasm/context.cc:1538] wasm log response-cache response-cache response-cache: [response-cache] [nil] [2c43b9c1-8667-40b1-9d09-595a0d5ad973] SetResponseBodyBufferLimit: 10485760
envoy-1          | 2026-09-23T10:13:48.932707212Z [2026-09-23 10:13:48.932][29][debug][wasm] [external/envoy/source/extensions/common/wasm/context.cc:1538] wasm log response-cache response-cache response-cache: [response-cache] [nil] [2c43b9c1-8667-40b1-9d09-595a0d5ad973] [onHttpResponseBody] key is nil, skip cache
envoy-1          | 2026-09-23T10:13:49.061469757Z [2026-09-23 10:13:49.061][29][debug][wasm] [external/envoy/source/extensions/common/wasm/context.cc:1538] wasm log response-cache response-cache response-cache: [response-cache] [nil] [405d3569-3e30-4ea4-88b4-9b8016aa5518] [onHttpRequestHeaders] cache key from request header: x-http-cache-key, key: hit-r3-004
envoy-1          | 2026-09-23T10:13:49.061491730Z [2026-09-23 10:13:49.061][29][debug][wasm] [external/envoy/source/extensions/common/wasm/context.cc:1538] wasm log response-cache response-cache response-cache: [response-cache] [nil] [405d3569-3e30-4ea4-88b4-9b8016aa5518] [response-cache] [CheckCacheForKey] querying cache with key: higress-audit:hit-r3-004
envoy-1          | 2026-09-23T10:13:49.061582066Z [2026-09-23 10:13:49.061][29][debug][wasm] [external/envoy/source/extensions/common/wasm/context.cc:1538] wasm log response-cache response-cache response-cache: redis call start, request-id: 104efd0a-c79a-493f-9fcb-8f9443624e19, respQuery: KjINCiQzDQpnZXQNCiQyNA0KaGlncmVzcy1hdWRpdDpoaXQtcjMtMDA0DQo=
envoy-1          | 2026-09-23T10:13:49.084060136Z [2026-09-23 10:13:49.083][29][debug][wasm] [external/envoy/source/extensions/common/wasm/context.cc:1538] wasm log response-cache response-cache response-cache: redis call end, request-id: 104efd0a-c79a-493f-9fcb-8f9443624e19, respQuery: KjINCiQzDQpnZXQNCiQyNA0KaGlncmVzcy1hdWRpdDpoaXQtcjMtMDA0DQo=, respValue: JDQxDQp7InNvdXJjZSI6ImNhY2hlIiwidmFsdWUiOiJmaXh0dXJlLW9ubHkifQ0K
envoy-1          | 2026-09-23T10:13:49.084097429Z [2026-09-23 10:13:49.084][29][info][wasm] [external/envoy/source/extensions/common/wasm/context.cc:1541] wasm log response-cache response-cache response-cache: [response-cache] [nil] [405d3569-3e30-4ea4-88b4-9b8016aa5518] [response-cache] cache hit for key: hit-r3-004
envoy-1          | 2026-09-23T10:13:49.084176601Z [2026-09-23 10:13:49.084][29][debug][wasm] [external/envoy/source/extensions/common/wasm/context.cc:1538] wasm log response-cache response-cache response-cache: [response-cache] [nil] [405d3569-3e30-4ea4-88b4-9b8016aa5518] [response-cache] [processCacheHit] cached response for key hit-r3-004: {"source":"cache","value":"fixture-only"}
envoy-1          | 2026-09-23T10:13:49.084449291Z [2026-09-23 10:13:49.084][29][debug][wasm] [external/envoy/source/extensions/common/wasm/context.cc:1538] wasm log response-cache response-cache response-cache: [response-cache] [nil] [405d3569-3e30-4ea4-88b4-9b8016aa5518] SetResponseBodyBufferLimit: 10485760
envoy-1          | 2026-09-23T10:13:49.084543696Z [2026-09-23 10:13:49.084][29][debug][wasm] [external/envoy/source/extensions/common/wasm/context.cc:1538] wasm log response-cache response-cache response-cache: [response-cache] [nil] [405d3569-3e30-4ea4-88b4-9b8016aa5518] [onHttpResponseBody] key is nil, skip cache
envoy-1          | 2026-09-23T10:13:49.214459068Z [2026-09-23 10:13:49.214][29][debug][wasm] [external/envoy/source/extensions/common/wasm/context.cc:1538] wasm log response-cache response-cache response-cache: [response-cache] [nil] [7099c312-b7c2-4e79-81d9-c656fae6e061] [onHttpRequestHeaders] cache key from request header: x-http-cache-key, key: hit-r3-005
envoy-1          | 2026-09-23T10:13:49.214505396Z [2026-09-23 10:13:49.214][29][debug][wasm] [external/envoy/source/extensions/common/wasm/context.cc:1538] wasm log response-cache response-cache response-cache: [response-cache] [nil] [7099c312-b7c2-4e79-81d9-c656fae6e061] [response-cache] [CheckCacheForKey] querying cache with key: higress-audit:hit-r3-005
envoy-1          | 2026-09-23T10:13:49.214674438Z [2026-09-23 10:13:49.214][29][debug][wasm] [external/envoy/source/extensions/common/wasm/context.cc:1538] wasm log response-cache response-cache response-cache: redis call start, request-id: b9589b1c-213d-4767-9e24-ee01047bfe61, respQuery: KjINCiQzDQpnZXQNCiQyNA0KaGlncmVzcy1hdWRpdDpoaXQtcjMtMDA1DQo=
envoy-1          | 2026-09-23T10:13:49.222406054Z [2026-09-23 10:13:49.222][29][debug][wasm] [external/envoy/source/extensions/common/wasm/context.cc:1538] wasm log response-cache response-cache response-cache: redis call end, request-id: b9589b1c-213d-4767-9e24-ee01047bfe61, respQuery: KjINCiQzDQpnZXQNCiQyNA0KaGlncmVzcy1hdWRpdDpoaXQtcjMtMDA1DQo=, respValue: JDQxDQp7InNvdXJjZSI6ImNhY2hlIiwidmFsdWUiOiJmaXh0dXJlLW9ubHkifQ0K
envoy-1          | 2026-09-23T10:13:49.222445307Z [2026-09-23 10:13:49.222][29][info][wasm] [external/envoy/source/extensions/common/wasm/context.cc:1541] wasm log response-cache response-cache response-cache: [response-cache] [nil] [7099c312-b7c2-4e79-81d9-c656fae6e061] [response-cache] cache hit for key: hit-r3-005
envoy-1          | 2026-09-23T10:13:49.222498603Z [2026-09-23 10:13:49.222][29][debug][wasm] [external/envoy/source/extensions/common/wasm/context.cc:1538] wasm log response-cache response-cache response-cache: [response-cache] [nil] [7099c312-b7c2-4e79-81d9-c656fae6e061] [response-cache] [processCacheHit] cached response for key hit-r3-005: {"source":"cache","value":"fixture-only"}
envoy-1          | 2026-09-23T10:13:49.222773478Z [2026-09-23 10:13:49.222][29][debug][wasm] [external/envoy/source/extensions/common/wasm/context.cc:1538] wasm log response-cache response-cache response-cache: [response-cache] [nil] [7099c312-b7c2-4e79-81d9-c656fae6e061] SetResponseBodyBufferLimit: 10485760
envoy-1          | 2026-09-23T10:13:49.222880474Z [2026-09-23 10:13:49.222][29][debug][wasm] [external/envoy/source/extensions/common/wasm/context.cc:1538] wasm log response-cache response-cache response-cache: [response-cache] [nil] [7099c312-b7c2-4e79-81d9-c656fae6e061] [onHttpResponseBody] key is nil, skip cache
envoy-1          | 2026-09-23T10:13:49.351870108Z [2026-09-23 10:13:49.351][29][debug][wasm] [external/envoy/source/extensions/common/wasm/context.cc:1538] wasm log response-cache response-cache response-cache: [response-cache] [nil] [2bc542f1-a52d-40d2-b11c-b1a526c8681f] [onHttpRequestHeaders] cache key from request header: x-http-cache-key, key: hit-r3-006
envoy-1          | 2026-09-23T10:13:49.351906148Z [2026-09-23 10:13:49.351][29][debug][wasm] [external/envoy/source/extensions/common/wasm/context.cc:1538] wasm log response-cache response-cache response-cache: [response-cache] [nil] [2bc542f1-a52d-40d2-b11c-b1a526c8681f] [response-cache] [CheckCacheForKey] querying cache with key: higress-audit:hit-r3-006
envoy-1          | 2026-09-23T10:13:49.352055925Z [2026-09-23 10:13:49.351][29][debug][wasm] [external/envoy/source/extensions/common/wasm/context.cc:1538] wasm log response-cache response-cache response-cache: redis call start, request-id: a88dc3c8-5095-4d9f-a8dc-314465167867, respQuery: KjINCiQzDQpnZXQNCiQyNA0KaGlncmVzcy1hdWRpdDpoaXQtcjMtMDA2DQo=
envoy-1          | 2026-09-23T10:13:49.373102508Z [2026-09-23 10:13:49.372][29][debug][wasm] [external/envoy/source/extensions/common/wasm/context.cc:1538] wasm log response-cache response-cache response-cache: redis call end, request-id: a88dc3c8-5095-4d9f-a8dc-314465167867, respQuery: KjINCiQzDQpnZXQNCiQyNA0KaGlncmVzcy1hdWRpdDpoaXQtcjMtMDA2DQo=, respValue: JDQxDQp7InNvdXJjZSI6ImNhY2hlIiwidmFsdWUiOiJmaXh0dXJlLW9ubHkifQ0K
envoy-1          | 2026-09-23T10:13:49.373123466Z [2026-09-23 10:13:49.373][29][info][wasm] [external/envoy/source/extensions/common/wasm/context.cc:1541] wasm log response-cache response-cache response-cache: [response-cache] [nil] [2bc542f1-a52d-40d2-b11c-b1a526c8681f] [response-cache] cache hit for key: hit-r3-006
envoy-1          | 2026-09-23T10:13:49.373157050Z [2026-09-23 10:13:49.373][29][debug][wasm] [external/envoy/source/extensions/common/wasm/context.cc:1538] wasm log response-cache response-cache response-cache: [response-cache] [nil] [2bc542f1-a52d-40d2-b11c-b1a526c8681f] [response-cache] [processCacheHit] cached response for key hit-r3-006: {"source":"cache","value":"fixture-only"}
envoy-1          | 2026-09-23T10:13:49.373435706Z [2026-09-23 10:13:49.373][29][debug][wasm] [external/envoy/source/extensions/common/wasm/context.cc:1538] wasm log response-cache response-cache response-cache: [response-cache] [nil] [2bc542f1-a52d-40d2-b11c-b1a526c8681f] SetResponseBodyBufferLimit: 10485760
envoy-1          | 2026-09-23T10:13:49.373539299Z [2026-09-23 10:13:49.373][29][debug][wasm] [external/envoy/source/extensions/common/wasm/context.cc:1538] wasm log response-cache response-cache response-cache: [response-cache] [nil] [2bc542f1-a52d-40d2-b11c-b1a526c8681f] [onHttpResponseBody] key is nil, skip cache
envoy-1          | 2026-09-23T10:13:49.503340952Z [2026-09-23 10:13:49.503][29][debug][wasm] [external/envoy/source/extensions/common/wasm/context.cc:1538] wasm log response-cache response-cache response-cache: [response-cache] [nil] [59036722-985c-41c5-a3a5-69300999c07c] [onHttpRequestHeaders] cache key from request header: x-http-cache-key, key: hit-r3-007
envoy-1          | 2026-09-23T10:13:49.503396021Z [2026-09-23 10:13:49.503][29][debug][wasm] [external/envoy/source/extensions/common/wasm/context.cc:1538] wasm log response-cache response-cache response-cache: [response-cache] [nil] [59036722-985c-41c5-a3a5-69300999c07c] [response-cache] [CheckCacheForKey] querying cache with key: higress-audit:hit-r3-007
envoy-1          | 2026-09-23T10:13:49.503551822Z [2026-09-23 10:13:49.503][29][debug][wasm] [external/envoy/source/extensions/common/wasm/context.cc:1538] wasm log response-cache response-cache response-cache: redis call start, request-id: 288c4f82-db59-4e2d-990e-9b945abfefb0, respQuery: KjINCiQzDQpnZXQNCiQyNA0KaGlncmVzcy1hdWRpdDpoaXQtcjMtMDA3DQo=
envoy-1          | 2026-09-23T10:13:49.525544531Z [2026-09-23 10:13:49.525][29][debug][wasm] [external/envoy/source/extensions/common/wasm/context.cc:1538] wasm log response-cache response-cache response-cache: redis call end, request-id: 288c4f82-db59-4e2d-990e-9b945abfefb0, respQuery: KjINCiQzDQpnZXQNCiQyNA0KaGlncmVzcy1hdWRpdDpoaXQtcjMtMDA3DQo=, respValue: JDQxDQp7InNvdXJjZSI6ImNhY2hlIiwidmFsdWUiOiJmaXh0dXJlLW9ubHkifQ0K
envoy-1          | 2026-09-23T10:13:49.525578006Z [2026-09-23 10:13:49.525][29][info][wasm] [external/envoy/source/extensions/common/wasm/context.cc:1541] wasm log response-cache response-cache response-cache: [response-cache] [nil] [59036722-985c-41c5-a3a5-69300999c07c] [response-cache] cache hit for key: hit-r3-007
envoy-1          | 2026-09-23T10:13:49.525593371Z [2026-09-23 10:13:49.525][29][debug][wasm] [external/envoy/source/extensions/common/wasm/context.cc:1538] wasm log response-cache response-cache response-cache: [response-cache] [nil] [59036722-985c-41c5-a3a5-69300999c07c] [response-cache] [processCacheHit] cached response for key hit-r3-007: {"source":"cache","value":"fixture-only"}
envoy-1          | 2026-09-23T10:13:49.525873505Z [2026-09-23 10:13:49.525][29][debug][wasm] [external/envoy/source/extensions/common/wasm/context.cc:1538] wasm log response-cache response-cache response-cache: [response-cache] [nil] [59036722-985c-41c5-a3a5-69300999c07c] SetResponseBodyBufferLimit: 10485760
envoy-1          | 2026-09-23T10:13:49.525984657Z [2026-09-23 10:13:49.525][29][debug][wasm] [external/envoy/source/extensions/common/wasm/context.cc:1538] wasm log response-cache response-cache response-cache: [response-cache] [nil] [59036722-985c-41c5-a3a5-69300999c07c] [onHttpResponseBody] key is nil, skip cache
envoy-1          | 2026-09-23T10:13:49.655249297Z [2026-09-23 10:13:49.655][29][debug][wasm] [external/envoy/source/extensions/common/wasm/context.cc:1538] wasm log response-cache response-cache response-cache: [response-cache] [nil] [1ad65fb5-897a-4c69-aa28-59295c673c81] [onHttpRequestHeaders] cache key from request header: x-http-cache-key, key: hit-r3-008
envoy-1          | 2026-09-23T10:13:49.655302138Z [2026-09-23 10:13:49.655][29][debug][wasm] [external/envoy/source/extensions/common/wasm/context.cc:1538] wasm log response-cache response-cache response-cache: [response-cache] [nil] [1ad65fb5-897a-4c69-aa28-59295c673c81] [response-cache] [CheckCacheForKey] querying cache with key: higress-audit:hit-r3-008
envoy-1          | 2026-09-23T10:13:49.655458411Z [2026-09-23 10:13:49.655][29][debug][wasm] [external/envoy/source/extensions/common/wasm/context.cc:1538] wasm log response-cache response-cache response-cache: redis call start, request-id: 77675768-f720-4dfb-afdc-68de19bce43f, respQuery: KjINCiQzDQpnZXQNCiQyNA0KaGlncmVzcy1hdWRpdDpoaXQtcjMtMDA4DQo=
envoy-1          | 2026-09-23T10:13:49.678620267Z [2026-09-23 10:13:49.678][29][debug][wasm] [external/envoy/source/extensions/common/wasm/context.cc:1538] wasm log response-cache response-cache response-cache: redis call end, request-id: 77675768-f720-4dfb-afdc-68de19bce43f, respQuery: KjINCiQzDQpnZXQNCiQyNA0KaGlncmVzcy1hdWRpdDpoaXQtcjMtMDA4DQo=, respValue: JDQxDQp7InNvdXJjZSI6ImNhY2hlIiwidmFsdWUiOiJmaXh0dXJlLW9ubHkifQ0K
envoy-1          | 2026-09-23T10:13:49.678656164Z [2026-09-23 10:13:49.678][29][info][wasm] [external/envoy/source/extensions/common/wasm/context.cc:1541] wasm log response-cache response-cache response-cache: [response-cache] [nil] [1ad65fb5-897a-4c69-aa28-59295c673c81] [response-cache] cache hit for key: hit-r3-008
envoy-1          | 2026-09-23T10:13:49.678699056Z [2026-09-23 10:13:49.678][29][debug][wasm] [external/envoy/source/extensions/common/wasm/context.cc:1538] wasm log response-cache response-cache response-cache: [response-cache] [nil] [1ad65fb5-897a-4c69-aa28-59295c673c81] [response-cache] [processCacheHit] cached response for key hit-r3-008: {"source":"cache","value":"fixture-only"}
envoy-1          | 2026-09-23T10:13:49.678988058Z [2026-09-23 10:13:49.678][29][debug][wasm] [external/envoy/source/extensions/common/wasm/context.cc:1538] wasm log response-cache response-cache response-cache: [response-cache] [nil] [1ad65fb5-897a-4c69-aa28-59295c673c81] SetResponseBodyBufferLimit: 10485760
envoy-1          | 2026-09-23T10:13:49.679094920Z [2026-09-23 10:13:49.679][29][debug][wasm] [external/envoy/source/extensions/common/wasm/context.cc:1538] wasm log response-cache response-cache response-cache: [response-cache] [nil] [1ad65fb5-897a-4c69-aa28-59295c673c81] [onHttpResponseBody] key is nil, skip cache
envoy-1          | 2026-09-23T10:13:49.808191625Z [2026-09-23 10:13:49.808][29][debug][wasm] [external/envoy/source/extensions/common/wasm/context.cc:1538] wasm log response-cache response-cache response-cache: [response-cache] [nil] [4de9cd3e-b712-4b2a-b79c-2be8b3980192] [onHttpRequestHeaders] cache key from request header: x-http-cache-key, key: hit-r3-009
envoy-1          | 2026-09-23T10:13:49.808227689Z [2026-09-23 10:13:49.808][29][debug][wasm] [external/envoy/source/extensions/common/wasm/context.cc:1538] wasm log response-cache response-cache response-cache: [response-cache] [nil] [4de9cd3e-b712-4b2a-b79c-2be8b3980192] [response-cache] [CheckCacheForKey] querying cache with key: higress-audit:hit-r3-009
envoy-1          | 2026-09-23T10:13:49.808332186Z [2026-09-23 10:13:49.808][29][debug][wasm] [external/envoy/source/extensions/common/wasm/context.cc:1538] wasm log response-cache response-cache response-cache: redis call start, request-id: d7a9c6b3-e778-41bf-a60e-0b253f631145, respQuery: KjINCiQzDQpnZXQNCiQyNA0KaGlncmVzcy1hdWRpdDpoaXQtcjMtMDA5DQo=
envoy-1          | 2026-09-23T10:13:49.832524648Z [2026-09-23 10:13:49.832][29][debug][wasm] [external/envoy/source/extensions/common/wasm/context.cc:1538] wasm log response-cache response-cache response-cache: redis call end, request-id: d7a9c6b3-e778-41bf-a60e-0b253f631145, respQuery: KjINCiQzDQpnZXQNCiQyNA0KaGlncmVzcy1hdWRpdDpoaXQtcjMtMDA5DQo=, respValue: JDQxDQp7InNvdXJjZSI6ImNhY2hlIiwidmFsdWUiOiJmaXh0dXJlLW9ubHkifQ0K
envoy-1          | 2026-09-23T10:13:49.832577944Z [2026-09-23 10:13:49.832][29][info][wasm] [external/envoy/source/extensions/common/wasm/context.cc:1541] wasm log response-cache response-cache response-cache: [response-cache] [nil] [4de9cd3e-b712-4b2a-b79c-2be8b3980192] [response-cache] cache hit for key: hit-r3-009
envoy-1          | 2026-09-23T10:13:49.832628903Z [2026-09-23 10:13:49.832][29][debug][wasm] [external/envoy/source/extensions/common/wasm/context.cc:1538] wasm log response-cache response-cache response-cache: [response-cache] [nil] [4de9cd3e-b712-4b2a-b79c-2be8b3980192] [response-cache] [processCacheHit] cached response for key hit-r3-009: {"source":"cache","value":"fixture-only"}
envoy-1          | 2026-09-23T10:13:49.832933218Z [2026-09-23 10:13:49.832][29][debug][wasm] [external/envoy/source/extensions/common/wasm/context.cc:1538] wasm log response-cache response-cache response-cache: [response-cache] [nil] [4de9cd3e-b712-4b2a-b79c-2be8b3980192] SetResponseBodyBufferLimit: 10485760
envoy-1          | 2026-09-23T10:13:49.833040827Z [2026-09-23 10:13:49.832][29][debug][wasm] [external/envoy/source/extensions/common/wasm/context.cc:1538] wasm log response-cache response-cache response-cache: [response-cache] [nil] [4de9cd3e-b712-4b2a-b79c-2be8b3980192] [onHttpResponseBody] key is nil, skip cache
envoy-1          | 2026-09-23T10:13:49.962605757Z [2026-09-23 10:13:49.962][29][debug][wasm] [external/envoy/source/extensions/common/wasm/context.cc:1538] wasm log response-cache response-cache response-cache: [response-cache] [nil] [7db93528-a074-4d27-a8d6-b6919a956625] [onHttpRequestHeaders] cache key from request header: x-http-cache-key, key: hit-r3-010
envoy-1          | 2026-09-23T10:13:49.962629249Z [2026-09-23 10:13:49.962][29][debug][wasm] [external/envoy/source/extensions/common/wasm/context.cc:1538] wasm log response-cache response-cache response-cache: [response-cache] [nil] [7db93528-a074-4d27-a8d6-b6919a956625] [response-cache] [CheckCacheForKey] querying cache with key: higress-audit:hit-r3-010
envoy-1          | 2026-09-23T10:13:49.962835165Z [2026-09-23 10:13:49.962][29][debug][wasm] [external/envoy/source/extensions/common/wasm/context.cc:1538] wasm log response-cache response-cache response-cache: redis call start, request-id: ce4d4d1e-c14a-4fbe-bb01-f62f3f573ac9, respQuery: KjINCiQzDQpnZXQNCiQyNA0KaGlncmVzcy1hdWRpdDpoaXQtcjMtMDEwDQo=
envoy-1          | 2026-09-23T10:13:49.973524370Z [2026-09-23 10:13:49.973][29][debug][wasm] [external/envoy/source/extensions/common/wasm/context.cc:1538] wasm log response-cache response-cache response-cache: redis call end, request-id: ce4d4d1e-c14a-4fbe-bb01-f62f3f573ac9, respQuery: KjINCiQzDQpnZXQNCiQyNA0KaGlncmVzcy1hdWRpdDpoaXQtcjMtMDEwDQo=, respValue: JDQxDQp7InNvdXJjZSI6ImNhY2hlIiwidmFsdWUiOiJmaXh0dXJlLW9ubHkifQ0K
envoy-1          | 2026-09-23T10:13:49.973543542Z [2026-09-23 10:13:49.973][29][info][wasm] [external/envoy/source/extensions/common/wasm/context.cc:1541] wasm log response-cache response-cache response-cache: [response-cache] [nil] [7db93528-a074-4d27-a8d6-b6919a956625] [response-cache] cache hit for key: hit-r3-010
envoy-1          | 2026-09-23T10:13:49.973554726Z [2026-09-23 10:13:49.973][29][debug][wasm] [external/envoy/source/extensions/common/wasm/context.cc:1538] wasm log response-cache response-cache response-cache: [response-cache] [nil] [7db93528-a074-4d27-a8d6-b6919a956625] [response-cache] [processCacheHit] cached response for key hit-r3-010: {"source":"cache","value":"fixture-only"}
envoy-1          | 2026-09-23T10:13:49.973678451Z [2026-09-23 10:13:49.973][29][debug][wasm] [external/envoy/source/extensions/common/wasm/context.cc:1538] wasm log response-cache response-cache response-cache: [response-cache] [nil] [7db93528-a074-4d27-a8d6-b6919a956625] SetResponseBodyBufferLimit: 10485760
envoy-1          | 2026-09-23T10:13:49.973720452Z [2026-09-23 10:13:49.973][29][debug][wasm] [external/envoy/source/extensions/common/wasm/context.cc:1538] wasm log response-cache response-cache response-cache: [response-cache] [nil] [7db93528-a074-4d27-a8d6-b6919a956625] [onHttpResponseBody] key is nil, skip cache
envoy-1          | 2026-09-23T10:13:50.102979239Z [2026-09-23 10:13:50.102][29][debug][wasm] [external/envoy/source/extensions/common/wasm/context.cc:1538] wasm log response-cache response-cache response-cache: [response-cache] [nil] [7d66a179-026a-4295-b652-148e6007a8d6] [onHttpRequestHeaders] cache key from request header: x-http-cache-key, key: hit-r3-011
envoy-1          | 2026-09-23T10:13:50.103018123Z [2026-09-23 10:13:50.102][29][debug][wasm] [external/envoy/source/extensions/common/wasm/context.cc:1538] wasm log response-cache response-cache response-cache: [response-cache] [nil] [7d66a179-026a-4295-b652-148e6007a8d6] [response-cache] [CheckCacheForKey] querying cache with key: higress-audit:hit-r3-011
envoy-1          | 2026-09-23T10:13:50.103094556Z [2026-09-23 10:13:50.103][29][debug][wasm] [external/envoy/source/extensions/common/wasm/context.cc:1538] wasm log response-cache response-cache response-cache: redis call start, request-id: 1e1b09d0-e819-4a47-8ebf-d3f5fa5643ac, respQuery: KjINCiQzDQpnZXQNCiQyNA0KaGlncmVzcy1hdWRpdDpoaXQtcjMtMDExDQo=
envoy-1          | 2026-09-23T10:13:50.127306481Z [2026-09-23 10:13:50.127][29][debug][wasm] [external/envoy/source/extensions/common/wasm/context.cc:1538] wasm log response-cache response-cache response-cache: redis call end, request-id: 1e1b09d0-e819-4a47-8ebf-d3f5fa5643ac, respQuery: KjINCiQzDQpnZXQNCiQyNA0KaGlncmVzcy1hdWRpdDpoaXQtcjMtMDExDQo=, respValue: JDQxDQp7InNvdXJjZSI6ImNhY2hlIiwidmFsdWUiOiJmaXh0dXJlLW9ubHkifQ0K
envoy-1          | 2026-09-23T10:13:50.127346329Z [2026-09-23 10:13:50.127][29][info][wasm] [external/envoy/source/extensions/common/wasm/context.cc:1541] wasm log response-cache response-cache response-cache: [response-cache] [nil] [7d66a179-026a-4295-b652-148e6007a8d6] [response-cache] cache hit for key: hit-r3-011
envoy-1          | 2026-09-23T10:13:50.127365973Z [2026-09-23 10:13:50.127][29][debug][wasm] [external/envoy/source/extensions/common/wasm/context.cc:1538] wasm log response-cache response-cache response-cache: [response-cache] [nil] [7d66a179-026a-4295-b652-148e6007a8d6] [response-cache] [processCacheHit] cached response for key hit-r3-011: {"source":"cache","value":"fixture-only"}
envoy-1          | 2026-09-23T10:13:50.127593427Z [2026-09-23 10:13:50.127][29][debug][wasm] [external/envoy/source/extensions/common/wasm/context.cc:1538] wasm log response-cache response-cache response-cache: [response-cache] [nil] [7d66a179-026a-4295-b652-148e6007a8d6] SetResponseBodyBufferLimit: 10485760
envoy-1          | 2026-09-23T10:13:50.127696403Z [2026-09-23 10:13:50.127][29][debug][wasm] [external/envoy/source/extensions/common/wasm/context.cc:1538] wasm log response-cache response-cache response-cache: [response-cache] [nil] [7d66a179-026a-4295-b652-148e6007a8d6] [onHttpResponseBody] key is nil, skip cache
envoy-1          | 2026-09-23T10:13:50.256948847Z [2026-09-23 10:13:50.256][29][debug][wasm] [external/envoy/source/extensions/common/wasm/context.cc:1538] wasm log response-cache response-cache response-cache: [response-cache] [nil] [b6da45d2-dc89-48bf-b373-57b721a7670f] [onHttpRequestHeaders] cache key from request header: x-http-cache-key, key: hit-r3-012
envoy-1          | 2026-09-23T10:13:50.257004099Z [2026-09-23 10:13:50.256][29][debug][wasm] [external/envoy/source/extensions/common/wasm/context.cc:1538] wasm log response-cache response-cache response-cache: [response-cache] [nil] [b6da45d2-dc89-48bf-b373-57b721a7670f] [response-cache] [CheckCacheForKey] querying cache with key: higress-audit:hit-r3-012
envoy-1          | 2026-09-23T10:13:50.257099928Z [2026-09-23 10:13:50.257][29][debug][wasm] [external/envoy/source/extensions/common/wasm/context.cc:1538] wasm log response-cache response-cache response-cache: redis call start, request-id: ab547de3-3d85-4f0f-8bab-4c206d030380, respQuery: KjINCiQzDQpnZXQNCiQyNA0KaGlncmVzcy1hdWRpdDpoaXQtcjMtMDEyDQo=
envoy-1          | 2026-09-23T10:13:50.280154788Z [2026-09-23 10:13:50.279][29][debug][wasm] [external/envoy/source/extensions/common/wasm/context.cc:1538] wasm log response-cache response-cache response-cache: redis call end, request-id: ab547de3-3d85-4f0f-8bab-4c206d030380, respQuery: KjINCiQzDQpnZXQNCiQyNA0KaGlncmVzcy1hdWRpdDpoaXQtcjMtMDEyDQo=, respValue: JDQxDQp7InNvdXJjZSI6ImNhY2hlIiwidmFsdWUiOiJmaXh0dXJlLW9ubHkifQ0K
envoy-1          | 2026-09-23T10:13:50.280180801Z [2026-09-23 10:13:50.280][29][info][wasm] [external/envoy/source/extensions/common/wasm/context.cc:1541] wasm log response-cache response-cache response-cache: [response-cache] [nil] [b6da45d2-dc89-48bf-b373-57b721a7670f] [response-cache] cache hit for key: hit-r3-012
envoy-1          | 2026-09-23T10:13:50.280194165Z [2026-09-23 10:13:50.280][29][debug][wasm] [external/envoy/source/extensions/common/wasm/context.cc:1538] wasm log response-cache response-cache response-cache: [response-cache] [nil] [b6da45d2-dc89-48bf-b373-57b721a7670f] [response-cache] [processCacheHit] cached response for key hit-r3-012: {"source":"cache","value":"fixture-only"}
envoy-1          | 2026-09-23T10:13:50.280422778Z [2026-09-23 10:13:50.280][29][debug][wasm] [external/envoy/source/extensions/common/wasm/context.cc:1538] wasm log response-cache response-cache response-cache: [response-cache] [nil] [b6da45d2-dc89-48bf-b373-57b721a7670f] SetResponseBodyBufferLimit: 10485760
envoy-1          | 2026-09-23T10:13:50.280531610Z [2026-09-23 10:13:50.280][29][debug][wasm] [external/envoy/source/extensions/common/wasm/context.cc:1538] wasm log response-cache response-cache response-cache: [response-cache] [nil] [b6da45d2-dc89-48bf-b373-57b721a7670f] [onHttpResponseBody] key is nil, skip cache
envoy-1          | 2026-09-23T10:13:50.409547920Z [2026-09-23 10:13:50.409][29][debug][wasm] [external/envoy/source/extensions/common/wasm/context.cc:1538] wasm log response-cache response-cache response-cache: [response-cache] [nil] [366bd312-0c71-46b7-9be6-d119c1797435] [onHttpRequestHeaders] cache key from request header: x-http-cache-key, key: hit-r3-013
envoy-1          | 2026-09-23T10:13:50.409586920Z [2026-09-23 10:13:50.409][29][debug][wasm] [external/envoy/source/extensions/common/wasm/context.cc:1538] wasm log response-cache response-cache response-cache: [response-cache] [nil] [366bd312-0c71-46b7-9be6-d119c1797435] [response-cache] [CheckCacheForKey] querying cache with key: higress-audit:hit-r3-013
envoy-1          | 2026-09-23T10:13:50.409627809Z [2026-09-23 10:13:50.409][29][debug][wasm] [external/envoy/source/extensions/common/wasm/context.cc:1538] wasm log response-cache response-cache response-cache: redis call start, request-id: 4f4dfe2f-ea6b-4da4-83f5-eab44a0a6ab3, respQuery: KjINCiQzDQpnZXQNCiQyNA0KaGlncmVzcy1hdWRpdDpoaXQtcjMtMDEzDQo=
envoy-1          | 2026-09-23T10:13:50.432455425Z [2026-09-23 10:13:50.432][29][debug][wasm] [external/envoy/source/extensions/common/wasm/context.cc:1538] wasm log response-cache response-cache response-cache: redis call end, request-id: 4f4dfe2f-ea6b-4da4-83f5-eab44a0a6ab3, respQuery: KjINCiQzDQpnZXQNCiQyNA0KaGlncmVzcy1hdWRpdDpoaXQtcjMtMDEzDQo=, respValue: JDQxDQp7InNvdXJjZSI6ImNhY2hlIiwidmFsdWUiOiJmaXh0dXJlLW9ubHkifQ0K
envoy-1          | 2026-09-23T10:13:50.432478886Z [2026-09-23 10:13:50.432][29][info][wasm] [external/envoy/source/extensions/common/wasm/context.cc:1541] wasm log response-cache response-cache response-cache: [response-cache] [nil] [366bd312-0c71-46b7-9be6-d119c1797435] [response-cache] cache hit for key: hit-r3-013
envoy-1          | 2026-09-23T10:13:50.432484962Z [2026-09-23 10:13:50.432][29][debug][wasm] [external/envoy/source/extensions/common/wasm/context.cc:1538] wasm log response-cache response-cache response-cache: [response-cache] [nil] [366bd312-0c71-46b7-9be6-d119c1797435] [response-cache] [processCacheHit] cached response for key hit-r3-013: {"source":"cache","value":"fixture-only"}
envoy-1          | 2026-09-23T10:13:50.432798402Z [2026-09-23 10:13:50.432][29][debug][wasm] [external/envoy/source/extensions/common/wasm/context.cc:1538] wasm log response-cache response-cache response-cache: [response-cache] [nil] [366bd312-0c71-46b7-9be6-d119c1797435] SetResponseBodyBufferLimit: 10485760
envoy-1          | 2026-09-23T10:13:50.432888753Z [2026-09-23 10:13:50.432][29][debug][wasm] [external/envoy/source/extensions/common/wasm/context.cc:1538] wasm log response-cache response-cache response-cache: [response-cache] [nil] [366bd312-0c71-46b7-9be6-d119c1797435] [onHttpResponseBody] key is nil, skip cache
envoy-1          | 2026-09-23T10:13:50.563454328Z [2026-09-23 10:13:50.563][29][debug][wasm] [external/envoy/source/extensions/common/wasm/context.cc:1538] wasm log response-cache response-cache response-cache: [response-cache] [nil] [09fad6f0-db7f-496f-b080-a2738e71dbea] [onHttpRequestHeaders] cache key from request header: x-http-cache-key, key: hit-r3-014
envoy-1          | 2026-09-23T10:13:50.563489176Z [2026-09-23 10:13:50.563][29][debug][wasm] [external/envoy/source/extensions/common/wasm/context.cc:1538] wasm log response-cache response-cache response-cache: [response-cache] [nil] [09fad6f0-db7f-496f-b080-a2738e71dbea] [response-cache] [CheckCacheForKey] querying cache with key: higress-audit:hit-r3-014
envoy-1          | 2026-09-23T10:13:50.563536402Z [2026-09-23 10:13:50.563][29][debug][wasm] [external/envoy/source/extensions/common/wasm/context.cc:1538] wasm log response-cache response-cache response-cache: redis call start, request-id: b350f187-a8f2-40ae-9933-046a7f0c9669, respQuery: KjINCiQzDQpnZXQNCiQyNA0KaGlncmVzcy1hdWRpdDpoaXQtcjMtMDE0DQo=
envoy-1          | 2026-09-23T10:13:50.588966559Z [2026-09-23 10:13:50.588][29][debug][wasm] [external/envoy/source/extensions/common/wasm/context.cc:1538] wasm log response-cache response-cache response-cache: redis call end, request-id: b350f187-a8f2-40ae-9933-046a7f0c9669, respQuery: KjINCiQzDQpnZXQNCiQyNA0KaGlncmVzcy1hdWRpdDpoaXQtcjMtMDE0DQo=, respValue: JDQxDQp7InNvdXJjZSI6ImNhY2hlIiwidmFsdWUiOiJmaXh0dXJlLW9ubHkifQ0K
envoy-1          | 2026-09-23T10:13:50.588986439Z [2026-09-23 10:13:50.588][29][info][wasm] [external/envoy/source/extensions/common/wasm/context.cc:1541] wasm log response-cache response-cache response-cache: [response-cache] [nil] [09fad6f0-db7f-496f-b080-a2738e71dbea] [response-cache] cache hit for key: hit-r3-014
envoy-1          | 2026-09-23T10:13:50.588997350Z [2026-09-23 10:13:50.588][29][debug][wasm] [external/envoy/source/extensions/common/wasm/context.cc:1538] wasm log response-cache response-cache response-cache: [response-cache] [nil] [09fad6f0-db7f-496f-b080-a2738e71dbea] [response-cache] [processCacheHit] cached response for key hit-r3-014: {"source":"cache","value":"fixture-only"}
envoy-1          | 2026-09-23T10:13:50.589304169Z [2026-09-23 10:13:50.589][29][debug][wasm] [external/envoy/source/extensions/common/wasm/context.cc:1538] wasm log response-cache response-cache response-cache: [response-cache] [nil] [09fad6f0-db7f-496f-b080-a2738e71dbea] SetResponseBodyBufferLimit: 10485760
envoy-1          | 2026-09-23T10:13:50.589396062Z [2026-09-23 10:13:50.589][29][debug][wasm] [external/envoy/source/extensions/common/wasm/context.cc:1538] wasm log response-cache response-cache response-cache: [response-cache] [nil] [09fad6f0-db7f-496f-b080-a2738e71dbea] [onHttpResponseBody] key is nil, skip cache
envoy-1          | 2026-09-23T10:13:50.720120939Z [2026-09-23 10:13:50.719][29][debug][wasm] [external/envoy/source/extensions/common/wasm/context.cc:1538] wasm log response-cache response-cache response-cache: [response-cache] [nil] [d17ce8dc-f297-42e9-9405-07d4aa032623] [onHttpRequestHeaders] cache key from request header: x-http-cache-key, key: hit-r3-015
envoy-1          | 2026-09-23T10:13:50.720154916Z [2026-09-23 10:13:50.720][29][debug][wasm] [external/envoy/source/extensions/common/wasm/context.cc:1538] wasm log response-cache response-cache response-cache: [response-cache] [nil] [d17ce8dc-f297-42e9-9405-07d4aa032623] [response-cache] [CheckCacheForKey] querying cache with key: higress-audit:hit-r3-015
envoy-1          | 2026-09-23T10:13:50.720253072Z [2026-09-23 10:13:50.720][29][debug][wasm] [external/envoy/source/extensions/common/wasm/context.cc:1538] wasm log response-cache response-cache response-cache: redis call start, request-id: 4b0b4c5a-2905-43f2-b216-032f83144d27, respQuery: KjINCiQzDQpnZXQNCiQyNA0KaGlncmVzcy1hdWRpdDpoaXQtcjMtMDE1DQo=
envoy-1          | 2026-09-23T10:13:50.745824588Z [2026-09-23 10:13:50.745][29][debug][wasm] [external/envoy/source/extensions/common/wasm/context.cc:1538] wasm log response-cache response-cache response-cache: redis call end, request-id: 4b0b4c5a-2905-43f2-b216-032f83144d27, respQuery: KjINCiQzDQpnZXQNCiQyNA0KaGlncmVzcy1hdWRpdDpoaXQtcjMtMDE1DQo=, respValue: JDQxDQp7InNvdXJjZSI6ImNhY2hlIiwidmFsdWUiOiJmaXh0dXJlLW9ubHkifQ0K
envoy-1          | 2026-09-23T10:13:50.745844449Z [2026-09-23 10:13:50.745][29][info][wasm] [external/envoy/source/extensions/common/wasm/context.cc:1541] wasm log response-cache response-cache response-cache: [response-cache] [nil] [d17ce8dc-f297-42e9-9405-07d4aa032623] [response-cache] cache hit for key: hit-r3-015
envoy-1          | 2026-09-23T10:13:50.745855221Z [2026-09-23 10:13:50.745][29][debug][wasm] [external/envoy/source/extensions/common/wasm/context.cc:1538] wasm log response-cache response-cache response-cache: [response-cache] [nil] [d17ce8dc-f297-42e9-9405-07d4aa032623] [response-cache] [processCacheHit] cached response for key hit-r3-015: {"source":"cache","value":"fixture-only"}
envoy-1          | 2026-09-23T10:13:50.746139187Z [2026-09-23 10:13:50.746][29][debug][wasm] [external/envoy/source/extensions/common/wasm/context.cc:1538] wasm log response-cache response-cache response-cache: [response-cache] [nil] [d17ce8dc-f297-42e9-9405-07d4aa032623] SetResponseBodyBufferLimit: 10485760
envoy-1          | 2026-09-23T10:13:50.746242276Z [2026-09-23 10:13:50.746][29][debug][wasm] [external/envoy/source/extensions/common/wasm/context.cc:1538] wasm log response-cache response-cache response-cache: [response-cache] [nil] [d17ce8dc-f297-42e9-9405-07d4aa032623] [onHttpResponseBody] key is nil, skip cache
envoy-1          | 2026-09-23T10:13:50.876727095Z [2026-09-23 10:13:50.876][29][debug][wasm] [external/envoy/source/extensions/common/wasm/context.cc:1538] wasm log response-cache response-cache response-cache: [response-cache] [nil] [bd703b28-c0b5-458b-82a9-cde1f83b3878] [onHttpRequestHeaders] cache key from request header: x-http-cache-key, key: hit-r3-016
envoy-1          | 2026-09-23T10:13:50.876761780Z [2026-09-23 10:13:50.876][29][debug][wasm] [external/envoy/source/extensions/common/wasm/context.cc:1538] wasm log response-cache response-cache response-cache: [response-cache] [nil] [bd703b28-c0b5-458b-82a9-cde1f83b3878] [response-cache] [CheckCacheForKey] querying cache with key: higress-audit:hit-r3-016
envoy-1          | 2026-09-23T10:13:50.876826328Z [2026-09-23 10:13:50.876][29][debug][wasm] [external/envoy/source/extensions/common/wasm/context.cc:1538] wasm log response-cache response-cache response-cache: redis call start, request-id: ec75fae4-4d0c-4f84-868c-85353b43912c, respQuery: KjINCiQzDQpnZXQNCiQyNA0KaGlncmVzcy1hdWRpdDpoaXQtcjMtMDE2DQo=
envoy-1          | 2026-09-23T10:13:50.889081008Z [2026-09-23 10:13:50.888][29][debug][wasm] [external/envoy/source/extensions/common/wasm/context.cc:1538] wasm log response-cache response-cache response-cache: redis call end, request-id: ec75fae4-4d0c-4f84-868c-85353b43912c, respQuery: KjINCiQzDQpnZXQNCiQyNA0KaGlncmVzcy1hdWRpdDpoaXQtcjMtMDE2DQo=, respValue: JDQxDQp7InNvdXJjZSI6ImNhY2hlIiwidmFsdWUiOiJmaXh0dXJlLW9ubHkifQ0K
envoy-1          | 2026-09-23T10:13:50.889099024Z [2026-09-23 10:13:50.888][29][info][wasm] [external/envoy/source/extensions/common/wasm/context.cc:1541] wasm log response-cache response-cache response-cache: [response-cache] [nil] [bd703b28-c0b5-458b-82a9-cde1f83b3878] [response-cache] cache hit for key: hit-r3-016
envoy-1          | 2026-09-23T10:13:50.889110421Z [2026-09-23 10:13:50.889][29][debug][wasm] [external/envoy/source/extensions/common/wasm/context.cc:1538] wasm log response-cache response-cache response-cache: [response-cache] [nil] [bd703b28-c0b5-458b-82a9-cde1f83b3878] [response-cache] [processCacheHit] cached response for key hit-r3-016: {"source":"cache","value":"fixture-only"}
envoy-1          | 2026-09-23T10:13:50.889390510Z [2026-09-23 10:13:50.889][29][debug][wasm] [external/envoy/source/extensions/common/wasm/context.cc:1538] wasm log response-cache response-cache response-cache: [response-cache] [nil] [bd703b28-c0b5-458b-82a9-cde1f83b3878] SetResponseBodyBufferLimit: 10485760
envoy-1          | 2026-09-23T10:13:50.889468939Z [2026-09-23 10:13:50.889][29][debug][wasm] [external/envoy/source/extensions/common/wasm/context.cc:1538] wasm log response-cache response-cache response-cache: [response-cache] [nil] [bd703b28-c0b5-458b-82a9-cde1f83b3878] [onHttpResponseBody] key is nil, skip cache
envoy-1          | 2026-09-23T10:13:51.019367111Z [2026-09-23 10:13:51.019][29][debug][wasm] [external/envoy/source/extensions/common/wasm/context.cc:1538] wasm log response-cache response-cache response-cache: [response-cache] [nil] [b27dca70-a219-4c3e-8849-125fd73997e5] [onHttpRequestHeaders] cache key from request header: x-http-cache-key, key: hit-r3-017
envoy-1          | 2026-09-23T10:13:51.019400175Z [2026-09-23 10:13:51.019][29][debug][wasm] [external/envoy/source/extensions/common/wasm/context.cc:1538] wasm log response-cache response-cache response-cache: [response-cache] [nil] [b27dca70-a219-4c3e-8849-125fd73997e5] [response-cache] [CheckCacheForKey] querying cache with key: higress-audit:hit-r3-017
envoy-1          | 2026-09-23T10:13:51.019433712Z [2026-09-23 10:13:51.019][29][debug][wasm] [external/envoy/source/extensions/common/wasm/context.cc:1538] wasm log response-cache response-cache response-cache: redis call start, request-id: 86d0e81e-3458-4b62-9e58-11c824efcfb4, respQuery: KjINCiQzDQpnZXQNCiQyNA0KaGlncmVzcy1hdWRpdDpoaXQtcjMtMDE3DQo=
envoy-1          | 2026-09-23T10:13:51.031425172Z [2026-09-23 10:13:51.031][29][debug][wasm] [external/envoy/source/extensions/common/wasm/context.cc:1538] wasm log response-cache response-cache response-cache: redis call end, request-id: 86d0e81e-3458-4b62-9e58-11c824efcfb4, respQuery: KjINCiQzDQpnZXQNCiQyNA0KaGlncmVzcy1hdWRpdDpoaXQtcjMtMDE3DQo=, respValue: JDQxDQp7InNvdXJjZSI6ImNhY2hlIiwidmFsdWUiOiJmaXh0dXJlLW9ubHkifQ0K
envoy-1          | 2026-09-23T10:13:51.031443549Z [2026-09-23 10:13:51.031][29][info][wasm] [external/envoy/source/extensions/common/wasm/context.cc:1541] wasm log response-cache response-cache response-cache: [response-cache] [nil] [b27dca70-a219-4c3e-8849-125fd73997e5] [response-cache] cache hit for key: hit-r3-017
envoy-1          | 2026-09-23T10:13:51.031471365Z [2026-09-23 10:13:51.031][29][debug][wasm] [external/envoy/source/extensions/common/wasm/context.cc:1538] wasm log response-cache response-cache response-cache: [response-cache] [nil] [b27dca70-a219-4c3e-8849-125fd73997e5] [response-cache] [processCacheHit] cached response for key hit-r3-017: {"source":"cache","value":"fixture-only"}
envoy-1          | 2026-09-23T10:13:51.031707142Z [2026-09-23 10:13:51.031][29][debug][wasm] [external/envoy/source/extensions/common/wasm/context.cc:1538] wasm log response-cache response-cache response-cache: [response-cache] [nil] [b27dca70-a219-4c3e-8849-125fd73997e5] SetResponseBodyBufferLimit: 10485760
envoy-1          | 2026-09-23T10:13:51.031792075Z [2026-09-23 10:13:51.031][29][debug][wasm] [external/envoy/source/extensions/common/wasm/context.cc:1538] wasm log response-cache response-cache response-cache: [response-cache] [nil] [b27dca70-a219-4c3e-8849-125fd73997e5] [onHttpResponseBody] key is nil, skip cache
envoy-1          | 2026-09-23T10:13:51.160416838Z [2026-09-23 10:13:51.160][29][debug][wasm] [external/envoy/source/extensions/common/wasm/context.cc:1538] wasm log response-cache response-cache response-cache: [response-cache] [nil] [84c350de-c937-4139-b8fc-0adff1c1cd6f] [onHttpRequestHeaders] cache key from request header: x-http-cache-key, key: hit-r3-018
envoy-1          | 2026-09-23T10:13:51.160449354Z [2026-09-23 10:13:51.160][29][debug][wasm] [external/envoy/source/extensions/common/wasm/context.cc:1538] wasm log response-cache response-cache response-cache: [response-cache] [nil] [84c350de-c937-4139-b8fc-0adff1c1cd6f] [response-cache] [CheckCacheForKey] querying cache with key: higress-audit:hit-r3-018
envoy-1          | 2026-09-23T10:13:51.160571339Z [2026-09-23 10:13:51.160][29][debug][wasm] [external/envoy/source/extensions/common/wasm/context.cc:1538] wasm log response-cache response-cache response-cache: redis call start, request-id: bc734153-2b0b-4ac1-b175-c5b9cf433c28, respQuery: KjINCiQzDQpnZXQNCiQyNA0KaGlncmVzcy1hdWRpdDpoaXQtcjMtMDE4DQo=
envoy-1          | 2026-09-23T10:13:51.173153838Z [2026-09-23 10:13:51.172][29][debug][wasm] [external/envoy/source/extensions/common/wasm/context.cc:1538] wasm log response-cache response-cache response-cache: redis call end, request-id: bc734153-2b0b-4ac1-b175-c5b9cf433c28, respQuery: KjINCiQzDQpnZXQNCiQyNA0KaGlncmVzcy1hdWRpdDpoaXQtcjMtMDE4DQo=, respValue: JDQxDQp7InNvdXJjZSI6ImNhY2hlIiwidmFsdWUiOiJmaXh0dXJlLW9ubHkifQ0K
envoy-1          | 2026-09-23T10:13:51.173189534Z [2026-09-23 10:13:51.173][29][info][wasm] [external/envoy/source/extensions/common/wasm/context.cc:1541] wasm log response-cache response-cache response-cache: [response-cache] [nil] [84c350de-c937-4139-b8fc-0adff1c1cd6f] [response-cache] cache hit for key: hit-r3-018
envoy-1          | 2026-09-23T10:13:51.173201706Z [2026-09-23 10:13:51.173][29][debug][wasm] [external/envoy/source/extensions/common/wasm/context.cc:1538] wasm log response-cache response-cache response-cache: [response-cache] [nil] [84c350de-c937-4139-b8fc-0adff1c1cd6f] [response-cache] [processCacheHit] cached response for key hit-r3-018: {"source":"cache","value":"fixture-only"}
envoy-1          | 2026-09-23T10:13:51.173423740Z [2026-09-23 10:13:51.173][29][debug][wasm] [external/envoy/source/extensions/common/wasm/context.cc:1538] wasm log response-cache response-cache response-cache: [response-cache] [nil] [84c350de-c937-4139-b8fc-0adff1c1cd6f] SetResponseBodyBufferLimit: 10485760
envoy-1          | 2026-09-23T10:13:51.173517280Z [2026-09-23 10:13:51.173][29][debug][wasm] [external/envoy/source/extensions/common/wasm/context.cc:1538] wasm log response-cache response-cache response-cache: [response-cache] [nil] [84c350de-c937-4139-b8fc-0adff1c1cd6f] [onHttpResponseBody] key is nil, skip cache
envoy-1          | 2026-09-23T10:13:51.303998828Z [2026-09-23 10:13:51.303][29][debug][wasm] [external/envoy/source/extensions/common/wasm/context.cc:1538] wasm log response-cache response-cache response-cache: [response-cache] [nil] [e3e1a2b4-7564-47b2-80a4-d53968a42f79] [onHttpRequestHeaders] cache key from request header: x-http-cache-key, key: hit-r3-019
envoy-1          | 2026-09-23T10:13:51.304033221Z [2026-09-23 10:13:51.303][29][debug][wasm] [external/envoy/source/extensions/common/wasm/context.cc:1538] wasm log response-cache response-cache response-cache: [response-cache] [nil] [e3e1a2b4-7564-47b2-80a4-d53968a42f79] [response-cache] [CheckCacheForKey] querying cache with key: higress-audit:hit-r3-019
envoy-1          | 2026-09-23T10:13:51.304191966Z [2026-09-23 10:13:51.304][29][debug][wasm] [external/envoy/source/extensions/common/wasm/context.cc:1538] wasm log response-cache response-cache response-cache: redis call start, request-id: 01c77bf8-905b-4cb4-a0b9-d8d080d0f43b, respQuery: KjINCiQzDQpnZXQNCiQyNA0KaGlncmVzcy1hdWRpdDpoaXQtcjMtMDE5DQo=
envoy-1          | 2026-09-23T10:13:51.316487741Z [2026-09-23 10:13:51.316][29][debug][wasm] [external/envoy/source/extensions/common/wasm/context.cc:1538] wasm log response-cache response-cache response-cache: redis call end, request-id: 01c77bf8-905b-4cb4-a0b9-d8d080d0f43b, respQuery: KjINCiQzDQpnZXQNCiQyNA0KaGlncmVzcy1hdWRpdDpoaXQtcjMtMDE5DQo=, respValue: JDQxDQp7InNvdXJjZSI6ImNhY2hlIiwidmFsdWUiOiJmaXh0dXJlLW9ubHkifQ0K
envoy-1          | 2026-09-23T10:13:51.316506850Z [2026-09-23 10:13:51.316][29][info][wasm] [external/envoy/source/extensions/common/wasm/context.cc:1541] wasm log response-cache response-cache response-cache: [response-cache] [nil] [e3e1a2b4-7564-47b2-80a4-d53968a42f79] [response-cache] cache hit for key: hit-r3-019
envoy-1          | 2026-09-23T10:13:51.316517842Z [2026-09-23 10:13:51.316][29][debug][wasm] [external/envoy/source/extensions/common/wasm/context.cc:1538] wasm log response-cache response-cache response-cache: [response-cache] [nil] [e3e1a2b4-7564-47b2-80a4-d53968a42f79] [response-cache] [processCacheHit] cached response for key hit-r3-019: {"source":"cache","value":"fixture-only"}
envoy-1          | 2026-09-23T10:13:51.316804608Z [2026-09-23 10:13:51.316][29][debug][wasm] [external/envoy/source/extensions/common/wasm/context.cc:1538] wasm log response-cache response-cache response-cache: [response-cache] [nil] [e3e1a2b4-7564-47b2-80a4-d53968a42f79] SetResponseBodyBufferLimit: 10485760
envoy-1          | 2026-09-23T10:13:51.316895909Z [2026-09-23 10:13:51.316][29][debug][wasm] [external/envoy/source/extensions/common/wasm/context.cc:1538] wasm log response-cache response-cache response-cache: [response-cache] [nil] [e3e1a2b4-7564-47b2-80a4-d53968a42f79] [onHttpResponseBody] key is nil, skip cache
envoy-1          | 2026-09-23T10:13:51.447269140Z [2026-09-23 10:13:51.447][29][debug][wasm] [external/envoy/source/extensions/common/wasm/context.cc:1538] wasm log response-cache response-cache response-cache: [response-cache] [nil] [cc1e56c6-024a-4193-995b-8854fad4232a] [onHttpRequestHeaders] cache key from request header: x-http-cache-key, key: hit-r3-020
envoy-1          | 2026-09-23T10:13:51.447303992Z [2026-09-23 10:13:51.447][29][debug][wasm] [external/envoy/source/extensions/common/wasm/context.cc:1538] wasm log response-cache response-cache response-cache: [response-cache] [nil] [cc1e56c6-024a-4193-995b-8854fad4232a] [response-cache] [CheckCacheForKey] querying cache with key: higress-audit:hit-r3-020
envoy-1          | 2026-09-23T10:13:51.447451177Z [2026-09-23 10:13:51.447][29][debug][wasm] [external/envoy/source/extensions/common/wasm/context.cc:1538] wasm log response-cache response-cache response-cache: redis call start, request-id: 00ec514d-3f71-4414-b9dc-2edda289f615, respQuery: KjINCiQzDQpnZXQNCiQyNA0KaGlncmVzcy1hdWRpdDpoaXQtcjMtMDIwDQo=
envoy-1          | 2026-09-23T10:13:51.473145434Z [2026-09-23 10:13:51.472][29][debug][wasm] [external/envoy/source/extensions/common/wasm/context.cc:1538] wasm log response-cache response-cache response-cache: redis call end, request-id: 00ec514d-3f71-4414-b9dc-2edda289f615, respQuery: KjINCiQzDQpnZXQNCiQyNA0KaGlncmVzcy1hdWRpdDpoaXQtcjMtMDIwDQo=, respValue: JDQxDQp7InNvdXJjZSI6ImNhY2hlIiwidmFsdWUiOiJmaXh0dXJlLW9ubHkifQ0K
envoy-1          | 2026-09-23T10:13:51.473163914Z [2026-09-23 10:13:51.473][29][info][wasm] [external/envoy/source/extensions/common/wasm/context.cc:1541] wasm log response-cache response-cache response-cache: [response-cache] [nil] [cc1e56c6-024a-4193-995b-8854fad4232a] [response-cache] cache hit for key: hit-r3-020
envoy-1          | 2026-09-23T10:13:51.473174947Z [2026-09-23 10:13:51.473][29][debug][wasm] [external/envoy/source/extensions/common/wasm/context.cc:1538] wasm log response-cache response-cache response-cache: [response-cache] [nil] [cc1e56c6-024a-4193-995b-8854fad4232a] [response-cache] [processCacheHit] cached response for key hit-r3-020: {"source":"cache","value":"fixture-only"}
envoy-1          | 2026-09-23T10:13:51.473457640Z [2026-09-23 10:13:51.473][29][debug][wasm] [external/envoy/source/extensions/common/wasm/context.cc:1538] wasm log response-cache response-cache response-cache: [response-cache] [nil] [cc1e56c6-024a-4193-995b-8854fad4232a] SetResponseBodyBufferLimit: 10485760
envoy-1          | 2026-09-23T10:13:51.473606766Z [2026-09-23 10:13:51.473][29][debug][wasm] [external/envoy/source/extensions/common/wasm/context.cc:1538] wasm log response-cache response-cache response-cache: [response-cache] [nil] [cc1e56c6-024a-4193-995b-8854fad4232a] [onHttpResponseBody] key is nil, skip cache
envoy-1          | 2026-09-23T10:13:51.603227288Z [2026-09-23 10:13:51.602][29][debug][wasm] [external/envoy/source/extensions/common/wasm/context.cc:1538] wasm log response-cache response-cache response-cache: [response-cache] [nil] [ef064f58-0f2c-45ca-b4d9-3f73d596e992] [onHttpRequestHeaders] cache key from request header: x-http-cache-key, key: hit-r3-021
envoy-1          | 2026-09-23T10:13:51.603260839Z [2026-09-23 10:13:51.603][29][debug][wasm] [external/envoy/source/extensions/common/wasm/context.cc:1538] wasm log response-cache response-cache response-cache: [response-cache] [nil] [ef064f58-0f2c-45ca-b4d9-3f73d596e992] [response-cache] [CheckCacheForKey] querying cache with key: higress-audit:hit-r3-021
envoy-1          | 2026-09-23T10:13:51.603306744Z [2026-09-23 10:13:51.603][29][debug][wasm] [external/envoy/source/extensions/common/wasm/context.cc:1538] wasm log response-cache response-cache response-cache: redis call start, request-id: 896b8778-8b00-4b45-b2de-edd4c7dea0ad, respQuery: KjINCiQzDQpnZXQNCiQyNA0KaGlncmVzcy1hdWRpdDpoaXQtcjMtMDIxDQo=
envoy-1          | 2026-09-23T10:13:51.616322097Z [2026-09-23 10:13:51.616][29][debug][wasm] [external/envoy/source/extensions/common/wasm/context.cc:1538] wasm log response-cache response-cache response-cache: redis call end, request-id: 896b8778-8b00-4b45-b2de-edd4c7dea0ad, respQuery: KjINCiQzDQpnZXQNCiQyNA0KaGlncmVzcy1hdWRpdDpoaXQtcjMtMDIxDQo=, respValue: JDQxDQp7InNvdXJjZSI6ImNhY2hlIiwidmFsdWUiOiJmaXh0dXJlLW9ubHkifQ0K
envoy-1          | 2026-09-23T10:13:51.616341030Z [2026-09-23 10:13:51.616][29][info][wasm] [external/envoy/source/extensions/common/wasm/context.cc:1541] wasm log response-cache response-cache response-cache: [response-cache] [nil] [ef064f58-0f2c-45ca-b4d9-3f73d596e992] [response-cache] cache hit for key: hit-r3-021
envoy-1          | 2026-09-23T10:13:51.616352245Z [2026-09-23 10:13:51.616][29][debug][wasm] [external/envoy/source/extensions/common/wasm/context.cc:1538] wasm log response-cache response-cache response-cache: [response-cache] [nil] [ef064f58-0f2c-45ca-b4d9-3f73d596e992] [response-cache] [processCacheHit] cached response for key hit-r3-021: {"source":"cache","value":"fixture-only"}
envoy-1          | 2026-09-23T10:13:51.616679116Z [2026-09-23 10:13:51.616][29][debug][wasm] [external/envoy/source/extensions/common/wasm/context.cc:1538] wasm log response-cache response-cache response-cache: [response-cache] [nil] [ef064f58-0f2c-45ca-b4d9-3f73d596e992] SetResponseBodyBufferLimit: 10485760
envoy-1          | 2026-09-23T10:13:51.616772948Z [2026-09-23 10:13:51.616][29][debug][wasm] [external/envoy/source/extensions/common/wasm/context.cc:1538] wasm log response-cache response-cache response-cache: [response-cache] [nil] [ef064f58-0f2c-45ca-b4d9-3f73d596e992] [onHttpResponseBody] key is nil, skip cache
envoy-1          | 2026-09-23T10:13:51.746250654Z [2026-09-23 10:13:51.745][29][debug][wasm] [external/envoy/source/extensions/common/wasm/context.cc:1538] wasm log response-cache response-cache response-cache: [response-cache] [nil] [ce8502ff-a141-4a15-91a4-1ae710ef5ae5] [onHttpRequestHeaders] cache key from request header: x-http-cache-key, key: hit-r3-022
envoy-1          | 2026-09-23T10:13:51.746284226Z [2026-09-23 10:13:51.746][29][debug][wasm] [external/envoy/source/extensions/common/wasm/context.cc:1538] wasm log response-cache response-cache response-cache: [response-cache] [nil] [ce8502ff-a141-4a15-91a4-1ae710ef5ae5] [response-cache] [CheckCacheForKey] querying cache with key: higress-audit:hit-r3-022
envoy-1          | 2026-09-23T10:13:51.746396682Z [2026-09-23 10:13:51.746][29][debug][wasm] [external/envoy/source/extensions/common/wasm/context.cc:1538] wasm log response-cache response-cache response-cache: redis call start, request-id: 9d60c8ec-828f-4adc-abbb-fbad8ffd9fb3, respQuery: KjINCiQzDQpnZXQNCiQyNA0KaGlncmVzcy1hdWRpdDpoaXQtcjMtMDIyDQo=
envoy-1          | 2026-09-23T10:13:51.759536733Z [2026-09-23 10:13:51.759][29][debug][wasm] [external/envoy/source/extensions/common/wasm/context.cc:1538] wasm log response-cache response-cache response-cache: redis call end, request-id: 9d60c8ec-828f-4adc-abbb-fbad8ffd9fb3, respQuery: KjINCiQzDQpnZXQNCiQyNA0KaGlncmVzcy1hdWRpdDpoaXQtcjMtMDIyDQo=, respValue: JDQxDQp7InNvdXJjZSI6ImNhY2hlIiwidmFsdWUiOiJmaXh0dXJlLW9ubHkifQ0K
envoy-1          | 2026-09-23T10:13:51.759555172Z [2026-09-23 10:13:51.759][29][info][wasm] [external/envoy/source/extensions/common/wasm/context.cc:1541] wasm log response-cache response-cache response-cache: [response-cache] [nil] [ce8502ff-a141-4a15-91a4-1ae710ef5ae5] [response-cache] cache hit for key: hit-r3-022
envoy-1          | 2026-09-23T10:13:51.759565909Z [2026-09-23 10:13:51.759][29][debug][wasm] [external/envoy/source/extensions/common/wasm/context.cc:1538] wasm log response-cache response-cache response-cache: [response-cache] [nil] [ce8502ff-a141-4a15-91a4-1ae710ef5ae5] [response-cache] [processCacheHit] cached response for key hit-r3-022: {"source":"cache","value":"fixture-only"}
envoy-1          | 2026-09-23T10:13:51.759830103Z [2026-09-23 10:13:51.759][29][debug][wasm] [external/envoy/source/extensions/common/wasm/context.cc:1538] wasm log response-cache response-cache response-cache: [response-cache] [nil] [ce8502ff-a141-4a15-91a4-1ae710ef5ae5] SetResponseBodyBufferLimit: 10485760
envoy-1          | 2026-09-23T10:13:51.759904391Z [2026-09-23 10:13:51.759][29][debug][wasm] [external/envoy/source/extensions/common/wasm/context.cc:1538] wasm log response-cache response-cache response-cache: [response-cache] [nil] [ce8502ff-a141-4a15-91a4-1ae710ef5ae5] [onHttpResponseBody] key is nil, skip cache
envoy-1          | 2026-09-23T10:13:51.889236811Z [2026-09-23 10:13:51.888][29][debug][wasm] [external/envoy/source/extensions/common/wasm/context.cc:1538] wasm log response-cache response-cache response-cache: [response-cache] [nil] [6916966f-a181-454f-a76f-a39980f9fb70] [onHttpRequestHeaders] cache key from request header: x-http-cache-key, key: hit-r3-023
envoy-1          | 2026-09-23T10:13:51.889290871Z [2026-09-23 10:13:51.889][29][debug][wasm] [external/envoy/source/extensions/common/wasm/context.cc:1538] wasm log response-cache response-cache response-cache: [response-cache] [nil] [6916966f-a181-454f-a76f-a39980f9fb70] [response-cache] [CheckCacheForKey] querying cache with key: higress-audit:hit-r3-023
envoy-1          | 2026-09-23T10:13:51.889347676Z [2026-09-23 10:13:51.889][29][debug][wasm] [external/envoy/source/extensions/common/wasm/context.cc:1538] wasm log response-cache response-cache response-cache: redis call start, request-id: 500f1198-c584-462f-a49d-9f89480f44d0, respQuery: KjINCiQzDQpnZXQNCiQyNA0KaGlncmVzcy1hdWRpdDpoaXQtcjMtMDIzDQo=
envoy-1          | 2026-09-23T10:13:51.903848373Z [2026-09-23 10:13:51.903][29][debug][wasm] [external/envoy/source/extensions/common/wasm/context.cc:1538] wasm log response-cache response-cache response-cache: redis call end, request-id: 500f1198-c584-462f-a49d-9f89480f44d0, respQuery: KjINCiQzDQpnZXQNCiQyNA0KaGlncmVzcy1hdWRpdDpoaXQtcjMtMDIzDQo=, respValue: JDQxDQp7InNvdXJjZSI6ImNhY2hlIiwidmFsdWUiOiJmaXh0dXJlLW9ubHkifQ0K
envoy-1          | 2026-09-23T10:13:51.903873532Z [2026-09-23 10:13:51.903][29][info][wasm] [external/envoy/source/extensions/common/wasm/context.cc:1541] wasm log response-cache response-cache response-cache: [response-cache] [nil] [6916966f-a181-454f-a76f-a39980f9fb70] [response-cache] cache hit for key: hit-r3-023
envoy-1          | 2026-09-23T10:13:51.903884520Z [2026-09-23 10:13:51.903][29][debug][wasm] [external/envoy/source/extensions/common/wasm/context.cc:1538] wasm log response-cache response-cache response-cache: [response-cache] [nil] [6916966f-a181-454f-a76f-a39980f9fb70] [response-cache] [processCacheHit] cached response for key hit-r3-023: {"source":"cache","value":"fixture-only"}
envoy-1          | 2026-09-23T10:13:51.904159242Z [2026-09-23 10:13:51.904][29][debug][wasm] [external/envoy/source/extensions/common/wasm/context.cc:1538] wasm log response-cache response-cache response-cache: [response-cache] [nil] [6916966f-a181-454f-a76f-a39980f9fb70] SetResponseBodyBufferLimit: 10485760
envoy-1          | 2026-09-23T10:13:51.904260568Z [2026-09-23 10:13:51.904][29][debug][wasm] [external/envoy/source/extensions/common/wasm/context.cc:1538] wasm log response-cache response-cache response-cache: [response-cache] [nil] [6916966f-a181-454f-a76f-a39980f9fb70] [onHttpResponseBody] key is nil, skip cache
envoy-1          | 2026-09-23T10:13:52.032965451Z [2026-09-23 10:13:52.032][29][debug][wasm] [external/envoy/source/extensions/common/wasm/context.cc:1538] wasm log response-cache response-cache response-cache: [response-cache] [nil] [f73b4239-5c44-4323-b555-3c71f264b610] [onHttpRequestHeaders] cache key from request header: x-http-cache-key, key: hit-r3-024
envoy-1          | 2026-09-23T10:13:52.033000047Z [2026-09-23 10:13:52.032][29][debug][wasm] [external/envoy/source/extensions/common/wasm/context.cc:1538] wasm log response-cache response-cache response-cache: [response-cache] [nil] [f73b4239-5c44-4323-b555-3c71f264b610] [response-cache] [CheckCacheForKey] querying cache with key: higress-audit:hit-r3-024
envoy-1          | 2026-09-23T10:13:52.033103795Z [2026-09-23 10:13:52.033][29][debug][wasm] [external/envoy/source/extensions/common/wasm/context.cc:1538] wasm log response-cache response-cache response-cache: redis call start, request-id: 0c0c572f-35f7-4ae9-bbb4-a5de841fd86d, respQuery: KjINCiQzDQpnZXQNCiQyNA0KaGlncmVzcy1hdWRpdDpoaXQtcjMtMDI0DQo=
envoy-1          | 2026-09-23T10:13:52.046630213Z [2026-09-23 10:13:52.046][29][debug][wasm] [external/envoy/source/extensions/common/wasm/context.cc:1538] wasm log response-cache response-cache response-cache: redis call end, request-id: 0c0c572f-35f7-4ae9-bbb4-a5de841fd86d, respQuery: KjINCiQzDQpnZXQNCiQyNA0KaGlncmVzcy1hdWRpdDpoaXQtcjMtMDI0DQo=, respValue: JDQxDQp7InNvdXJjZSI6ImNhY2hlIiwidmFsdWUiOiJmaXh0dXJlLW9ubHkifQ0K
envoy-1          | 2026-09-23T10:13:52.046665761Z [2026-09-23 10:13:52.046][29][info][wasm] [external/envoy/source/extensions/common/wasm/context.cc:1541] wasm log response-cache response-cache response-cache: [response-cache] [nil] [f73b4239-5c44-4323-b555-3c71f264b610] [response-cache] cache hit for key: hit-r3-024
envoy-1          | 2026-09-23T10:13:52.046723717Z [2026-09-23 10:13:52.046][29][debug][wasm] [external/envoy/source/extensions/common/wasm/context.cc:1538] wasm log response-cache response-cache response-cache: [response-cache] [nil] [f73b4239-5c44-4323-b555-3c71f264b610] [response-cache] [processCacheHit] cached response for key hit-r3-024: {"source":"cache","value":"fixture-only"}
envoy-1          | 2026-09-23T10:13:52.046984239Z [2026-09-23 10:13:52.046][29][debug][wasm] [external/envoy/source/extensions/common/wasm/context.cc:1538] wasm log response-cache response-cache response-cache: [response-cache] [nil] [f73b4239-5c44-4323-b555-3c71f264b610] SetResponseBodyBufferLimit: 10485760
envoy-1          | 2026-09-23T10:13:52.047090888Z [2026-09-23 10:13:52.047][29][debug][wasm] [external/envoy/source/extensions/common/wasm/context.cc:1538] wasm log response-cache response-cache response-cache: [response-cache] [nil] [f73b4239-5c44-4323-b555-3c71f264b610] [onHttpResponseBody] key is nil, skip cache
envoy-1          | 2026-09-23T10:13:52.174913080Z [2026-09-23 10:13:52.174][29][debug][wasm] [external/envoy/source/extensions/common/wasm/context.cc:1538] wasm log response-cache response-cache response-cache: [response-cache] [nil] [66909748-a38b-4fc1-b6c9-bff2ea725b51] [onHttpRequestHeaders] cache key from request header: x-http-cache-key, key: hit-r3-025
envoy-1          | 2026-09-23T10:13:52.174945933Z [2026-09-23 10:13:52.174][29][debug][wasm] [external/envoy/source/extensions/common/wasm/context.cc:1538] wasm log response-cache response-cache response-cache: [response-cache] [nil] [66909748-a38b-4fc1-b6c9-bff2ea725b51] [response-cache] [CheckCacheForKey] querying cache with key: higress-audit:hit-r3-025
envoy-1          | 2026-09-23T10:13:52.175044841Z [2026-09-23 10:13:52.174][29][debug][wasm] [external/envoy/source/extensions/common/wasm/context.cc:1538] wasm log response-cache response-cache response-cache: redis call start, request-id: f2d60848-54f4-42f1-92ad-35c5ce785346, respQuery: KjINCiQzDQpnZXQNCiQyNA0KaGlncmVzcy1hdWRpdDpoaXQtcjMtMDI1DQo=
envoy-1          | 2026-09-23T10:13:52.190170160Z [2026-09-23 10:13:52.190][29][debug][wasm] [external/envoy/source/extensions/common/wasm/context.cc:1538] wasm log response-cache response-cache response-cache: redis call end, request-id: f2d60848-54f4-42f1-92ad-35c5ce785346, respQuery: KjINCiQzDQpnZXQNCiQyNA0KaGlncmVzcy1hdWRpdDpoaXQtcjMtMDI1DQo=, respValue: JDQxDQp7InNvdXJjZSI6ImNhY2hlIiwidmFsdWUiOiJmaXh0dXJlLW9ubHkifQ0K
envoy-1          | 2026-09-23T10:13:52.190207508Z [2026-09-23 10:13:52.190][29][info][wasm] [external/envoy/source/extensions/common/wasm/context.cc:1541] wasm log response-cache response-cache response-cache: [response-cache] [nil] [66909748-a38b-4fc1-b6c9-bff2ea725b51] [response-cache] cache hit for key: hit-r3-025
envoy-1          | 2026-09-23T10:13:52.190310473Z [2026-09-23 10:13:52.190][29][debug][wasm] [external/envoy/source/extensions/common/wasm/context.cc:1538] wasm log response-cache response-cache response-cache: [response-cache] [nil] [66909748-a38b-4fc1-b6c9-bff2ea725b51] [response-cache] [processCacheHit] cached response for key hit-r3-025: {"source":"cache","value":"fixture-only"}
envoy-1          | 2026-09-23T10:13:52.190540493Z [2026-09-23 10:13:52.190][29][debug][wasm] [external/envoy/source/extensions/common/wasm/context.cc:1538] wasm log response-cache response-cache response-cache: [response-cache] [nil] [66909748-a38b-4fc1-b6c9-bff2ea725b51] SetResponseBodyBufferLimit: 10485760
envoy-1          | 2026-09-23T10:13:52.190644170Z [2026-09-23 10:13:52.190][29][debug][wasm] [external/envoy/source/extensions/common/wasm/context.cc:1538] wasm log response-cache response-cache response-cache: [response-cache] [nil] [66909748-a38b-4fc1-b6c9-bff2ea725b51] [onHttpResponseBody] key is nil, skip cache
envoy-1          | 2026-09-23T10:13:52.319184664Z [2026-09-23 10:13:52.318][29][debug][wasm] [external/envoy/source/extensions/common/wasm/context.cc:1538] wasm log response-cache response-cache response-cache: [response-cache] [nil] [61efd58a-f46c-4cc5-8f05-7c75f1e7a158] [onHttpRequestHeaders] cache key from request header: x-http-cache-key, key: hit-r3-026
envoy-1          | 2026-09-23T10:13:52.319220996Z [2026-09-23 10:13:52.319][29][debug][wasm] [external/envoy/source/extensions/common/wasm/context.cc:1538] wasm log response-cache response-cache response-cache: [response-cache] [nil] [61efd58a-f46c-4cc5-8f05-7c75f1e7a158] [response-cache] [CheckCacheForKey] querying cache with key: higress-audit:hit-r3-026
envoy-1          | 2026-09-23T10:13:52.319329954Z [2026-09-23 10:13:52.319][29][debug][wasm] [external/envoy/source/extensions/common/wasm/context.cc:1538] wasm log response-cache response-cache response-cache: redis call start, request-id: 079858a4-72cf-4c82-97f6-d1032ef1a573, respQuery: KjINCiQzDQpnZXQNCiQyNA0KaGlncmVzcy1hdWRpdDpoaXQtcjMtMDI2DQo=
envoy-1          | 2026-09-23T10:13:52.334914283Z [2026-09-23 10:13:52.334][29][debug][wasm] [external/envoy/source/extensions/common/wasm/context.cc:1538] wasm log response-cache response-cache response-cache: redis call end, request-id: 079858a4-72cf-4c82-97f6-d1032ef1a573, respQuery: KjINCiQzDQpnZXQNCiQyNA0KaGlncmVzcy1hdWRpdDpoaXQtcjMtMDI2DQo=, respValue: JDQxDQp7InNvdXJjZSI6ImNhY2hlIiwidmFsdWUiOiJmaXh0dXJlLW9ubHkifQ0K
envoy-1          | 2026-09-23T10:13:52.334932873Z [2026-09-23 10:13:52.334][29][info][wasm] [external/envoy/source/extensions/common/wasm/context.cc:1541] wasm log response-cache response-cache response-cache: [response-cache] [nil] [61efd58a-f46c-4cc5-8f05-7c75f1e7a158] [response-cache] cache hit for key: hit-r3-026
envoy-1          | 2026-09-23T10:13:52.335045144Z [2026-09-23 10:13:52.334][29][debug][wasm] [external/envoy/source/extensions/common/wasm/context.cc:1538] wasm log response-cache response-cache response-cache: [response-cache] [nil] [61efd58a-f46c-4cc5-8f05-7c75f1e7a158] [response-cache] [processCacheHit] cached response for key hit-r3-026: {"source":"cache","value":"fixture-only"}
envoy-1          | 2026-09-23T10:13:52.335339147Z [2026-09-23 10:13:52.335][29][debug][wasm] [external/envoy/source/extensions/common/wasm/context.cc:1538] wasm log response-cache response-cache response-cache: [response-cache] [nil] [61efd58a-f46c-4cc5-8f05-7c75f1e7a158] SetResponseBodyBufferLimit: 10485760
envoy-1          | 2026-09-23T10:13:52.335466332Z [2026-09-23 10:13:52.335][29][debug][wasm] [external/envoy/source/extensions/common/wasm/context.cc:1538] wasm log response-cache response-cache response-cache: [response-cache] [nil] [61efd58a-f46c-4cc5-8f05-7c75f1e7a158] [onHttpResponseBody] key is nil, skip cache
envoy-1          | 2026-09-23T10:13:52.462885755Z [2026-09-23 10:13:52.462][29][debug][wasm] [external/envoy/source/extensions/common/wasm/context.cc:1538] wasm log response-cache response-cache response-cache: [response-cache] [nil] [6b5d00ec-86d1-4e7e-aad1-946fcb18afcc] [onHttpRequestHeaders] cache key from request header: x-http-cache-key, key: hit-r3-027
envoy-1          | 2026-09-23T10:13:52.462922408Z [2026-09-23 10:13:52.462][29][debug][wasm] [external/envoy/source/extensions/common/wasm/context.cc:1538] wasm log response-cache response-cache response-cache: [response-cache] [nil] [6b5d00ec-86d1-4e7e-aad1-946fcb18afcc] [response-cache] [CheckCacheForKey] querying cache with key: higress-audit:hit-r3-027
envoy-1          | 2026-09-23T10:13:52.463132088Z [2026-09-23 10:13:52.463][29][debug][wasm] [external/envoy/source/extensions/common/wasm/context.cc:1538] wasm log response-cache response-cache response-cache: redis call start, request-id: 5cf58f8e-ab0d-406e-8dbf-98beef797438, respQuery: KjINCiQzDQpnZXQNCiQyNA0KaGlncmVzcy1hdWRpdDpoaXQtcjMtMDI3DQo=
envoy-1          | 2026-09-23T10:13:52.477284445Z [2026-09-23 10:13:52.477][29][debug][wasm] [external/envoy/source/extensions/common/wasm/context.cc:1538] wasm log response-cache response-cache response-cache: redis call end, request-id: 5cf58f8e-ab0d-406e-8dbf-98beef797438, respQuery: KjINCiQzDQpnZXQNCiQyNA0KaGlncmVzcy1hdWRpdDpoaXQtcjMtMDI3DQo=, respValue: JDQxDQp7InNvdXJjZSI6ImNhY2hlIiwidmFsdWUiOiJmaXh0dXJlLW9ubHkifQ0K
envoy-1          | 2026-09-23T10:13:52.477342159Z [2026-09-23 10:13:52.477][29][info][wasm] [external/envoy/source/extensions/common/wasm/context.cc:1541] wasm log response-cache response-cache response-cache: [response-cache] [nil] [6b5d00ec-86d1-4e7e-aad1-946fcb18afcc] [response-cache] cache hit for key: hit-r3-027
envoy-1          | 2026-09-23T10:13:52.477379649Z [2026-09-23 10:13:52.477][29][debug][wasm] [external/envoy/source/extensions/common/wasm/context.cc:1538] wasm log response-cache response-cache response-cache: [response-cache] [nil] [6b5d00ec-86d1-4e7e-aad1-946fcb18afcc] [response-cache] [processCacheHit] cached response for key hit-r3-027: {"source":"cache","value":"fixture-only"}
envoy-1          | 2026-09-23T10:13:52.477712494Z [2026-09-23 10:13:52.477][29][debug][wasm] [external/envoy/source/extensions/common/wasm/context.cc:1538] wasm log response-cache response-cache response-cache: [response-cache] [nil] [6b5d00ec-86d1-4e7e-aad1-946fcb18afcc] SetResponseBodyBufferLimit: 10485760
envoy-1          | 2026-09-23T10:13:52.477821564Z [2026-09-23 10:13:52.477][29][debug][wasm] [external/envoy/source/extensions/common/wasm/context.cc:1538] wasm log response-cache response-cache response-cache: [response-cache] [nil] [6b5d00ec-86d1-4e7e-aad1-946fcb18afcc] [onHttpResponseBody] key is nil, skip cache
envoy-1          | 2026-09-23T10:13:52.608123350Z [2026-09-23 10:13:52.607][29][debug][wasm] [external/envoy/source/extensions/common/wasm/context.cc:1538] wasm log response-cache response-cache response-cache: [response-cache] [nil] [c165c310-3d6f-4674-966c-0bae153e9df4] [onHttpRequestHeaders] cache key from request header: x-http-cache-key, key: hit-r3-028
envoy-1          | 2026-09-23T10:13:52.608158163Z [2026-09-23 10:13:52.607][29][debug][wasm] [external/envoy/source/extensions/common/wasm/context.cc:1538] wasm log response-cache response-cache response-cache: [response-cache] [nil] [c165c310-3d6f-4674-966c-0bae153e9df4] [response-cache] [CheckCacheForKey] querying cache with key: higress-audit:hit-r3-028
envoy-1          | 2026-09-23T10:13:52.608242684Z [2026-09-23 10:13:52.608][29][debug][wasm] [external/envoy/source/extensions/common/wasm/context.cc:1538] wasm log response-cache response-cache response-cache: redis call start, request-id: 5be81c22-49e9-4274-939d-f54e25c8e656, respQuery: KjINCiQzDQpnZXQNCiQyNA0KaGlncmVzcy1hdWRpdDpoaXQtcjMtMDI4DQo=
envoy-1          | 2026-09-23T10:13:52.623950793Z [2026-09-23 10:13:52.623][29][debug][wasm] [external/envoy/source/extensions/common/wasm/context.cc:1538] wasm log response-cache response-cache response-cache: redis call end, request-id: 5be81c22-49e9-4274-939d-f54e25c8e656, respQuery: KjINCiQzDQpnZXQNCiQyNA0KaGlncmVzcy1hdWRpdDpoaXQtcjMtMDI4DQo=, respValue: JDQxDQp7InNvdXJjZSI6ImNhY2hlIiwidmFsdWUiOiJmaXh0dXJlLW9ubHkifQ0K
envoy-1          | 2026-09-23T10:13:52.623987409Z [2026-09-23 10:13:52.623][29][info][wasm] [external/envoy/source/extensions/common/wasm/context.cc:1541] wasm log response-cache response-cache response-cache: [response-cache] [nil] [c165c310-3d6f-4674-966c-0bae153e9df4] [response-cache] cache hit for key: hit-r3-028
envoy-1          | 2026-09-23T10:13:52.624048901Z [2026-09-23 10:13:52.623][29][debug][wasm] [external/envoy/source/extensions/common/wasm/context.cc:1538] wasm log response-cache response-cache response-cache: [response-cache] [nil] [c165c310-3d6f-4674-966c-0bae153e9df4] [response-cache] [processCacheHit] cached response for key hit-r3-028: {"source":"cache","value":"fixture-only"}
envoy-1          | 2026-09-23T10:13:52.624313192Z [2026-09-23 10:13:52.624][29][debug][wasm] [external/envoy/source/extensions/common/wasm/context.cc:1538] wasm log response-cache response-cache response-cache: [response-cache] [nil] [c165c310-3d6f-4674-966c-0bae153e9df4] SetResponseBodyBufferLimit: 10485760
envoy-1          | 2026-09-23T10:13:52.624489641Z [2026-09-23 10:13:52.624][29][debug][wasm] [external/envoy/source/extensions/common/wasm/context.cc:1538] wasm log response-cache response-cache response-cache: [response-cache] [nil] [c165c310-3d6f-4674-966c-0bae153e9df4] [onHttpResponseBody] key is nil, skip cache
envoy-1          | 2026-09-23T10:13:52.755459697Z [2026-09-23 10:13:52.755][29][debug][wasm] [external/envoy/source/extensions/common/wasm/context.cc:1538] wasm log response-cache response-cache response-cache: [response-cache] [nil] [2d11c328-6324-411e-9084-08c9c246a8b8] [onHttpRequestHeaders] cache key from request header: x-http-cache-key, key: hit-r3-029
envoy-1          | 2026-09-23T10:13:52.755496154Z [2026-09-23 10:13:52.755][29][debug][wasm] [external/envoy/source/extensions/common/wasm/context.cc:1538] wasm log response-cache response-cache response-cache: [response-cache] [nil] [2d11c328-6324-411e-9084-08c9c246a8b8] [response-cache] [CheckCacheForKey] querying cache with key: higress-audit:hit-r3-029
envoy-1          | 2026-09-23T10:13:52.755561558Z [2026-09-23 10:13:52.755][29][debug][wasm] [external/envoy/source/extensions/common/wasm/context.cc:1538] wasm log response-cache response-cache response-cache: redis call start, request-id: 37f27f79-6dd1-4c8f-b8fd-f8d63b61bbd6, respQuery: KjINCiQzDQpnZXQNCiQyNA0KaGlncmVzcy1hdWRpdDpoaXQtcjMtMDI5DQo=
envoy-1          | 2026-09-23T10:13:52.771964676Z [2026-09-23 10:13:52.771][29][debug][wasm] [external/envoy/source/extensions/common/wasm/context.cc:1538] wasm log response-cache response-cache response-cache: redis call end, request-id: 37f27f79-6dd1-4c8f-b8fd-f8d63b61bbd6, respQuery: KjINCiQzDQpnZXQNCiQyNA0KaGlncmVzcy1hdWRpdDpoaXQtcjMtMDI5DQo=, respValue: JDQxDQp7InNvdXJjZSI6ImNhY2hlIiwidmFsdWUiOiJmaXh0dXJlLW9ubHkifQ0K
envoy-1          | 2026-09-23T10:13:52.772025836Z [2026-09-23 10:13:52.771][29][info][wasm] [external/envoy/source/extensions/common/wasm/context.cc:1541] wasm log response-cache response-cache response-cache: [response-cache] [nil] [2d11c328-6324-411e-9084-08c9c246a8b8] [response-cache] cache hit for key: hit-r3-029
envoy-1          | 2026-09-23T10:13:52.772103193Z [2026-09-23 10:13:52.772][29][debug][wasm] [external/envoy/source/extensions/common/wasm/context.cc:1538] wasm log response-cache response-cache response-cache: [response-cache] [nil] [2d11c328-6324-411e-9084-08c9c246a8b8] [response-cache] [processCacheHit] cached response for key hit-r3-029: {"source":"cache","value":"fixture-only"}
envoy-1          | 2026-09-23T10:13:52.772506237Z [2026-09-23 10:13:52.772][29][debug][wasm] [external/envoy/source/extensions/common/wasm/context.cc:1538] wasm log response-cache response-cache response-cache: [response-cache] [nil] [2d11c328-6324-411e-9084-08c9c246a8b8] SetResponseBodyBufferLimit: 10485760
envoy-1          | 2026-09-23T10:13:52.772678598Z [2026-09-23 10:13:52.772][29][debug][wasm] [external/envoy/source/extensions/common/wasm/context.cc:1538] wasm log response-cache response-cache response-cache: [response-cache] [nil] [2d11c328-6324-411e-9084-08c9c246a8b8] [onHttpResponseBody] key is nil, skip cache
envoy-1          | 2026-09-23T10:13:52.904488724Z [2026-09-23 10:13:52.904][29][debug][wasm] [external/envoy/source/extensions/common/wasm/context.cc:1538] wasm log response-cache response-cache response-cache: [response-cache] [nil] [8bf3a28b-9ce1-49d8-a326-55bf86610953] [onHttpRequestHeaders] cache key from request header: x-http-cache-key, key: hit-r3-030
envoy-1          | 2026-09-23T10:13:52.904511170Z [2026-09-23 10:13:52.904][29][debug][wasm] [external/envoy/source/extensions/common/wasm/context.cc:1538] wasm log response-cache response-cache response-cache: [response-cache] [nil] [8bf3a28b-9ce1-49d8-a326-55bf86610953] [response-cache] [CheckCacheForKey] querying cache with key: higress-audit:hit-r3-030
envoy-1          | 2026-09-23T10:13:52.904598948Z [2026-09-23 10:13:52.904][29][debug][wasm] [external/envoy/source/extensions/common/wasm/context.cc:1538] wasm log response-cache response-cache response-cache: redis call start, request-id: 8bb578f5-18b2-4569-8639-81403018fa8c, respQuery: KjINCiQzDQpnZXQNCiQyNA0KaGlncmVzcy1hdWRpdDpoaXQtcjMtMDMwDQo=
envoy-1          | 2026-09-23T10:13:52.932829575Z [2026-09-23 10:13:52.932][29][debug][wasm] [external/envoy/source/extensions/common/wasm/context.cc:1538] wasm log response-cache response-cache response-cache: redis call end, request-id: 8bb578f5-18b2-4569-8639-81403018fa8c, respQuery: KjINCiQzDQpnZXQNCiQyNA0KaGlncmVzcy1hdWRpdDpoaXQtcjMtMDMwDQo=, respValue: JDQxDQp7InNvdXJjZSI6ImNhY2hlIiwidmFsdWUiOiJmaXh0dXJlLW9ubHkifQ0K
envoy-1          | 2026-09-23T10:13:52.932848510Z [2026-09-23 10:13:52.932][29][info][wasm] [external/envoy/source/extensions/common/wasm/context.cc:1541] wasm log response-cache response-cache response-cache: [response-cache] [nil] [8bf3a28b-9ce1-49d8-a326-55bf86610953] [response-cache] cache hit for key: hit-r3-030
envoy-1          | 2026-09-23T10:13:52.932910049Z [2026-09-23 10:13:52.932][29][debug][wasm] [external/envoy/source/extensions/common/wasm/context.cc:1538] wasm log response-cache response-cache response-cache: [response-cache] [nil] [8bf3a28b-9ce1-49d8-a326-55bf86610953] [response-cache] [processCacheHit] cached response for key hit-r3-030: {"source":"cache","value":"fixture-only"}
envoy-1          | 2026-09-23T10:13:52.933213466Z [2026-09-23 10:13:52.933][29][debug][wasm] [external/envoy/source/extensions/common/wasm/context.cc:1538] wasm log response-cache response-cache response-cache: [response-cache] [nil] [8bf3a28b-9ce1-49d8-a326-55bf86610953] SetResponseBodyBufferLimit: 10485760
envoy-1          | 2026-09-23T10:13:52.933339083Z [2026-09-23 10:13:52.933][29][debug][wasm] [external/envoy/source/extensions/common/wasm/context.cc:1538] wasm log response-cache response-cache response-cache: [response-cache] [nil] [8bf3a28b-9ce1-49d8-a326-55bf86610953] [onHttpResponseBody] key is nil, skip cache
envoy-1          | 2026-09-23T10:13:53.062701084Z [2026-09-23 10:13:53.062][29][debug][wasm] [external/envoy/source/extensions/common/wasm/context.cc:1538] wasm log response-cache response-cache response-cache: [response-cache] [nil] [41c1f644-bb11-42cd-8c26-83ef56a8775c] [onHttpRequestHeaders] cache key from request header: x-http-cache-key, key: hit-r3-031
envoy-1          | 2026-09-23T10:13:53.062762572Z [2026-09-23 10:13:53.062][29][debug][wasm] [external/envoy/source/extensions/common/wasm/context.cc:1538] wasm log response-cache response-cache response-cache: [response-cache] [nil] [41c1f644-bb11-42cd-8c26-83ef56a8775c] [response-cache] [CheckCacheForKey] querying cache with key: higress-audit:hit-r3-031
envoy-1          | 2026-09-23T10:13:53.062988438Z [2026-09-23 10:13:53.062][29][debug][wasm] [external/envoy/source/extensions/common/wasm/context.cc:1538] wasm log response-cache response-cache response-cache: redis call start, request-id: fd593486-9060-4be4-8957-46e42569c197, respQuery: KjINCiQzDQpnZXQNCiQyNA0KaGlncmVzcy1hdWRpdDpoaXQtcjMtMDMxDQo=
envoy-1          | 2026-09-23T10:13:53.079534534Z [2026-09-23 10:13:53.079][29][debug][wasm] [external/envoy/source/extensions/common/wasm/context.cc:1538] wasm log response-cache response-cache response-cache: redis call end, request-id: fd593486-9060-4be4-8957-46e42569c197, respQuery: KjINCiQzDQpnZXQNCiQyNA0KaGlncmVzcy1hdWRpdDpoaXQtcjMtMDMxDQo=, respValue: JDQxDQp7InNvdXJjZSI6ImNhY2hlIiwidmFsdWUiOiJmaXh0dXJlLW9ubHkifQ0K
envoy-1          | 2026-09-23T10:13:53.079567571Z [2026-09-23 10:13:53.079][29][info][wasm] [external/envoy/source/extensions/common/wasm/context.cc:1541] wasm log response-cache response-cache response-cache: [response-cache] [nil] [41c1f644-bb11-42cd-8c26-83ef56a8775c] [response-cache] cache hit for key: hit-r3-031
envoy-1          | 2026-09-23T10:13:53.079622403Z [2026-09-23 10:13:53.079][29][debug][wasm] [external/envoy/source/extensions/common/wasm/context.cc:1538] wasm log response-cache response-cache response-cache: [response-cache] [nil] [41c1f644-bb11-42cd-8c26-83ef56a8775c] [response-cache] [processCacheHit] cached response for key hit-r3-031: {"source":"cache","value":"fixture-only"}
envoy-1          | 2026-09-23T10:13:53.080005006Z [2026-09-23 10:13:53.079][29][debug][wasm] [external/envoy/source/extensions/common/wasm/context.cc:1538] wasm log response-cache response-cache response-cache: [response-cache] [nil] [41c1f644-bb11-42cd-8c26-83ef56a8775c] SetResponseBodyBufferLimit: 10485760
envoy-1          | 2026-09-23T10:13:53.080142199Z [2026-09-23 10:13:53.080][29][debug][wasm] [external/envoy/source/extensions/common/wasm/context.cc:1538] wasm log response-cache response-cache response-cache: [response-cache] [nil] [41c1f644-bb11-42cd-8c26-83ef56a8775c] [onHttpResponseBody] key is nil, skip cache
envoy-1          | 2026-09-23T10:13:53.211221208Z [2026-09-23 10:13:53.211][29][debug][wasm] [external/envoy/source/extensions/common/wasm/context.cc:1538] wasm log response-cache response-cache response-cache: [response-cache] [nil] [5eda265e-a8ea-4347-b91e-973f9e41ef39] [onHttpRequestHeaders] cache key from request header: x-http-cache-key, key: hit-r3-032
envoy-1          | 2026-09-23T10:13:53.211254031Z [2026-09-23 10:13:53.211][29][debug][wasm] [external/envoy/source/extensions/common/wasm/context.cc:1538] wasm log response-cache response-cache response-cache: [response-cache] [nil] [5eda265e-a8ea-4347-b91e-973f9e41ef39] [response-cache] [CheckCacheForKey] querying cache with key: higress-audit:hit-r3-032
envoy-1          | 2026-09-23T10:13:53.211376729Z [2026-09-23 10:13:53.211][29][debug][wasm] [external/envoy/source/extensions/common/wasm/context.cc:1538] wasm log response-cache response-cache response-cache: redis call start, request-id: 3c2647ae-7890-48ea-8e8f-4bcec04f97ae, respQuery: KjINCiQzDQpnZXQNCiQyNA0KaGlncmVzcy1hdWRpdDpoaXQtcjMtMDMyDQo=
envoy-1          | 2026-09-23T10:13:53.227560545Z [2026-09-23 10:13:53.227][29][debug][wasm] [external/envoy/source/extensions/common/wasm/context.cc:1538] wasm log response-cache response-cache response-cache: redis call end, request-id: 3c2647ae-7890-48ea-8e8f-4bcec04f97ae, respQuery: KjINCiQzDQpnZXQNCiQyNA0KaGlncmVzcy1hdWRpdDpoaXQtcjMtMDMyDQo=, respValue: JDQxDQp7InNvdXJjZSI6ImNhY2hlIiwidmFsdWUiOiJmaXh0dXJlLW9ubHkifQ0K
envoy-1          | 2026-09-23T10:13:53.227593658Z [2026-09-23 10:13:53.227][29][info][wasm] [external/envoy/source/extensions/common/wasm/context.cc:1541] wasm log response-cache response-cache response-cache: [response-cache] [nil] [5eda265e-a8ea-4347-b91e-973f9e41ef39] [response-cache] cache hit for key: hit-r3-032
envoy-1          | 2026-09-23T10:13:53.227642942Z [2026-09-23 10:13:53.227][29][debug][wasm] [external/envoy/source/extensions/common/wasm/context.cc:1538] wasm log response-cache response-cache response-cache: [response-cache] [nil] [5eda265e-a8ea-4347-b91e-973f9e41ef39] [response-cache] [processCacheHit] cached response for key hit-r3-032: {"source":"cache","value":"fixture-only"}
envoy-1          | 2026-09-23T10:13:53.227912713Z [2026-09-23 10:13:53.227][29][debug][wasm] [external/envoy/source/extensions/common/wasm/context.cc:1538] wasm log response-cache response-cache response-cache: [response-cache] [nil] [5eda265e-a8ea-4347-b91e-973f9e41ef39] SetResponseBodyBufferLimit: 10485760
envoy-1          | 2026-09-23T10:13:53.228033505Z [2026-09-23 10:13:53.227][29][debug][wasm] [external/envoy/source/extensions/common/wasm/context.cc:1538] wasm log response-cache response-cache response-cache: [response-cache] [nil] [5eda265e-a8ea-4347-b91e-973f9e41ef39] [onHttpResponseBody] key is nil, skip cache
envoy-1          | 2026-09-23T10:13:53.293752773Z RID=hit-r2-016 CODE=200 DETAIL=via_wasm::response-cache::response-cache.hit FLAGS=- UPSTREAM=172.28.0.2:8080
envoy-1          | 2026-09-23T10:13:53.293793914Z RID=hit-r2-017 CODE=200 DETAIL=via_wasm::response-cache::response-cache.hit FLAGS=- UPSTREAM=172.28.0.2:8080
envoy-1          | 2026-09-23T10:13:53.293806681Z RID=hit-r2-018 CODE=200 DETAIL=via_wasm::response-cache::response-cache.hit FLAGS=- UPSTREAM=172.28.0.2:8080
envoy-1          | 2026-09-23T10:13:53.293817354Z RID=hit-r2-019 CODE=200 DETAIL=via_wasm::response-cache::response-cache.hit FLAGS=- UPSTREAM=172.28.0.2:8080
envoy-1          | 2026-09-23T10:13:53.293827718Z RID=hit-r2-020 CODE=200 DETAIL=via_wasm::response-cache::response-cache.hit FLAGS=- UPSTREAM=172.28.0.2:8080
envoy-1          | 2026-09-23T10:13:53.293837641Z RID=hit-r2-021 CODE=200 DETAIL=via_wasm::response-cache::response-cache.hit FLAGS=- UPSTREAM=172.28.0.2:8080
envoy-1          | 2026-09-23T10:13:53.293847333Z RID=hit-r2-022 CODE=200 DETAIL=via_wasm::response-cache::response-cache.hit FLAGS=- UPSTREAM=172.28.0.2:8080
envoy-1          | 2026-09-23T10:13:53.293856969Z RID=hit-r2-023 CODE=200 DETAIL=via_wasm::response-cache::response-cache.hit FLAGS=- UPSTREAM=172.28.0.2:8080
envoy-1          | 2026-09-23T10:13:53.293866658Z RID=hit-r2-024 CODE=200 DETAIL=via_wasm::response-cache::response-cache.hit FLAGS=- UPSTREAM=172.28.0.2:8080
envoy-1          | 2026-09-23T10:13:53.293876410Z RID=hit-r2-025 CODE=200 DETAIL=via_wasm::response-cache::response-cache.hit FLAGS=- UPSTREAM=172.28.0.2:8080
envoy-1          | 2026-09-23T10:13:53.293886346Z RID=hit-r2-026 CODE=200 DETAIL=via_wasm::response-cache::response-cache.hit FLAGS=- UPSTREAM=172.28.0.2:8080
envoy-1          | 2026-09-23T10:13:53.293896142Z RID=hit-r2-027 CODE=200 DETAIL=via_wasm::response-cache::response-cache.hit FLAGS=- UPSTREAM=172.28.0.2:8080
envoy-1          | 2026-09-23T10:13:53.293905758Z RID=hit-r2-028 CODE=200 DETAIL=via_wasm::response-cache::response-cache.hit FLAGS=- UPSTREAM=172.28.0.2:8080
envoy-1          | 2026-09-23T10:13:53.293915490Z RID=hit-r2-029 CODE=200 DETAIL=via_wasm::response-cache::response-cache.hit FLAGS=- UPSTREAM=172.28.0.2:8080
envoy-1          | 2026-09-23T10:13:53.293925235Z RID=hit-r2-030 CODE=200 DETAIL=via_wasm::response-cache::response-cache.hit FLAGS=- UPSTREAM=172.28.0.2:8080
envoy-1          | 2026-09-23T10:13:53.293934814Z RID=hit-r2-031 CODE=200 DETAIL=via_wasm::response-cache::response-cache.hit FLAGS=- UPSTREAM=172.28.0.2:8080
envoy-1          | 2026-09-23T10:13:53.293944258Z RID=hit-r2-032 CODE=200 DETAIL=via_wasm::response-cache::response-cache.hit FLAGS=- UPSTREAM=172.28.0.2:8080
envoy-1          | 2026-09-23T10:13:53.293974551Z RID=hit-r2-033 CODE=200 DETAIL=via_wasm::response-cache::response-cache.hit FLAGS=- UPSTREAM=172.28.0.2:8080
envoy-1          | 2026-09-23T10:13:53.293987107Z RID=hit-r2-034 CODE=200 DETAIL=via_wasm::response-cache::response-cache.hit FLAGS=- UPSTREAM=172.28.0.2:8080
envoy-1          | 2026-09-23T10:13:53.293996863Z RID=hit-r2-035 CODE=200 DETAIL=via_wasm::response-cache::response-cache.hit FLAGS=- UPSTREAM=172.28.0.2:8080
envoy-1          | 2026-09-23T10:13:53.294006294Z RID=hit-r2-036 CODE=200 DETAIL=via_wasm::response-cache::response-cache.hit FLAGS=- UPSTREAM=172.28.0.2:8080
envoy-1          | 2026-09-23T10:13:53.294015722Z RID=hit-r2-037 CODE=200 DETAIL=via_wasm::response-cache::response-cache.hit FLAGS=- UPSTREAM=172.28.0.2:8080
envoy-1          | 2026-09-23T10:13:53.294025207Z RID=hit-r2-038 CODE=200 DETAIL=via_wasm::response-cache::response-cache.hit FLAGS=- UPSTREAM=172.28.0.2:8080
envoy-1          | 2026-09-23T10:13:53.294034631Z RID=hit-r2-039 CODE=200 DETAIL=via_wasm::response-cache::response-cache.hit FLAGS=- UPSTREAM=172.28.0.2:8080
envoy-1          | 2026-09-23T10:13:53.294044151Z RID=hit-r2-040 CODE=200 DETAIL=via_wasm::response-cache::response-cache.hit FLAGS=- UPSTREAM=172.28.0.2:8080
envoy-1          | 2026-09-23T10:13:53.294053819Z RID=hit-r2-041 CODE=200 DETAIL=via_wasm::response-cache::response-cache.hit FLAGS=- UPSTREAM=172.28.0.2:8080
envoy-1          | 2026-09-23T10:13:53.294063435Z RID=hit-r2-042 CODE=200 DETAIL=via_wasm::response-cache::response-cache.hit FLAGS=- UPSTREAM=172.28.0.2:8080
envoy-1          | 2026-09-23T10:13:53.294073008Z RID=hit-r2-043 CODE=200 DETAIL=via_wasm::response-cache::response-cache.hit FLAGS=- UPSTREAM=172.28.0.2:8080
envoy-1          | 2026-09-23T10:13:53.294082571Z RID=hit-r2-044 CODE=200 DETAIL=via_wasm::response-cache::response-cache.hit FLAGS=- UPSTREAM=172.28.0.2:8080
envoy-1          | 2026-09-23T10:13:53.294092020Z RID=hit-r2-045 CODE=200 DETAIL=via_wasm::response-cache::response-cache.hit FLAGS=- UPSTREAM=172.28.0.2:8080
envoy-1          | 2026-09-23T10:13:53.294101580Z RID=hit-r2-046 CODE=200 DETAIL=via_wasm::response-cache::response-cache.hit FLAGS=- UPSTREAM=172.28.0.2:8080
envoy-1          | 2026-09-23T10:13:53.294111120Z RID=hit-r2-047 CODE=200 DETAIL=via_wasm::response-cache::response-cache.hit FLAGS=- UPSTREAM=172.28.0.2:8080
envoy-1          | 2026-09-23T10:13:53.294120655Z RID=hit-r2-048 CODE=200 DETAIL=via_wasm::response-cache::response-cache.hit FLAGS=- UPSTREAM=172.28.0.2:8080
envoy-1          | 2026-09-23T10:13:53.294130612Z RID=hit-r2-049 CODE=200 DETAIL=via_wasm::response-cache::response-cache.hit FLAGS=- UPSTREAM=172.28.0.2:8080
envoy-1          | 2026-09-23T10:13:53.294140064Z RID=hit-r3-000 CODE=200 DETAIL=via_wasm::response-cache::response-cache.hit FLAGS=- UPSTREAM=172.28.0.2:8080
envoy-1          | 2026-09-23T10:13:53.294149431Z RID=hit-r3-001 CODE=200 DETAIL=via_wasm::response-cache::response-cache.hit FLAGS=- UPSTREAM=172.28.0.2:8080
envoy-1          | 2026-09-23T10:13:53.294158972Z RID=hit-r3-002 CODE=200 DETAIL=via_wasm::response-cache::response-cache.hit FLAGS=- UPSTREAM=172.28.0.2:8080
envoy-1          | 2026-09-23T10:13:53.294168964Z RID=hit-r3-003 CODE=200 DETAIL=via_wasm::response-cache::response-cache.hit FLAGS=- UPSTREAM=172.28.0.2:8080
envoy-1          | 2026-09-23T10:13:53.294199292Z RID=hit-r3-004 CODE=200 DETAIL=via_wasm::response-cache::response-cache.hit FLAGS=- UPSTREAM=172.28.0.2:8080
envoy-1          | 2026-09-23T10:13:53.294211696Z RID=hit-r3-005 CODE=200 DETAIL=via_wasm::response-cache::response-cache.hit FLAGS=- UPSTREAM=172.28.0.2:8080
envoy-1          | 2026-09-23T10:13:53.294230621Z RID=hit-r3-006 CODE=200 DETAIL=via_wasm::response-cache::response-cache.hit FLAGS=- UPSTREAM=172.28.0.2:8080
envoy-1          | 2026-09-23T10:13:53.294240696Z RID=hit-r3-007 CODE=200 DETAIL=via_wasm::response-cache::response-cache.hit FLAGS=- UPSTREAM=172.28.0.2:8080
envoy-1          | 2026-09-23T10:13:53.294250397Z RID=hit-r3-008 CODE=200 DETAIL=via_wasm::response-cache::response-cache.hit FLAGS=- UPSTREAM=172.28.0.2:8080
envoy-1          | 2026-09-23T10:13:53.294259736Z RID=hit-r3-009 CODE=200 DETAIL=via_wasm::response-cache::response-cache.hit FLAGS=- UPSTREAM=172.28.0.2:8080
envoy-1          | 2026-09-23T10:13:53.294269460Z RID=hit-r3-010 CODE=200 DETAIL=via_wasm::response-cache::response-cache.hit FLAGS=- UPSTREAM=172.28.0.2:8080
envoy-1          | 2026-09-23T10:13:53.294279009Z RID=hit-r3-011 CODE=200 DETAIL=via_wasm::response-cache::response-cache.hit FLAGS=- UPSTREAM=172.28.0.2:8080
envoy-1          | 2026-09-23T10:13:53.294292069Z RID=hit-r3-012 CODE=200 DETAIL=via_wasm::response-cache::response-cache.hit FLAGS=- UPSTREAM=172.28.0.2:8080
envoy-1          | 2026-09-23T10:13:53.294301621Z RID=hit-r3-013 CODE=200 DETAIL=via_wasm::response-cache::response-cache.hit FLAGS=- UPSTREAM=172.28.0.2:8080
envoy-1          | 2026-09-23T10:13:53.294311157Z RID=hit-r3-014 CODE=200 DETAIL=via_wasm::response-cache::response-cache.hit FLAGS=- UPSTREAM=172.28.0.2:8080
envoy-1          | 2026-09-23T10:13:53.294320766Z RID=hit-r3-015 CODE=200 DETAIL=via_wasm::response-cache::response-cache.hit FLAGS=- UPSTREAM=172.28.0.2:8080
envoy-1          | 2026-09-23T10:13:53.294330453Z RID=hit-r3-016 CODE=200 DETAIL=via_wasm::response-cache::response-cache.hit FLAGS=- UPSTREAM=172.28.0.2:8080
envoy-1          | 2026-09-23T10:13:53.294339950Z RID=hit-r3-017 CODE=200 DETAIL=via_wasm::response-cache::response-cache.hit FLAGS=- UPSTREAM=172.28.0.2:8080
envoy-1          | 2026-09-23T10:13:53.294349618Z RID=hit-r3-018 CODE=200 DETAIL=via_wasm::response-cache::response-cache.hit FLAGS=- UPSTREAM=172.28.0.2:8080
envoy-1          | 2026-09-23T10:13:53.294359113Z RID=hit-r3-019 CODE=200 DETAIL=via_wasm::response-cache::response-cache.hit FLAGS=- UPSTREAM=172.28.0.2:8080
envoy-1          | 2026-09-23T10:13:53.294368766Z RID=hit-r3-020 CODE=200 DETAIL=via_wasm::response-cache::response-cache.hit FLAGS=- UPSTREAM=172.28.0.2:8080
envoy-1          | 2026-09-23T10:13:53.294378246Z RID=hit-r3-021 CODE=200 DETAIL=via_wasm::response-cache::response-cache.hit FLAGS=- UPSTREAM=172.28.0.2:8080
envoy-1          | 2026-09-23T10:13:53.294388985Z RID=hit-r3-022 CODE=200 DETAIL=via_wasm::response-cache::response-cache.hit FLAGS=- UPSTREAM=172.28.0.2:8080
envoy-1          | 2026-09-23T10:13:53.294398677Z RID=hit-r3-023 CODE=200 DETAIL=via_wasm::response-cache::response-cache.hit FLAGS=- UPSTREAM=172.28.0.2:8080
envoy-1          | 2026-09-23T10:13:53.294408206Z RID=hit-r3-024 CODE=200 DETAIL=via_wasm::response-cache::response-cache.hit FLAGS=- UPSTREAM=172.28.0.2:8080
envoy-1          | 2026-09-23T10:13:53.294417657Z RID=hit-r3-025 CODE=200 DETAIL=via_wasm::response-cache::response-cache.hit FLAGS=- UPSTREAM=172.28.0.2:8080
envoy-1          | 2026-09-23T10:13:53.294427206Z RID=hit-r3-026 CODE=200 DETAIL=via_wasm::response-cache::response-cache.hit FLAGS=- UPSTREAM=172.28.0.2:8080
envoy-1          | 2026-09-23T10:13:53.294436722Z RID=hit-r3-027 CODE=200 DETAIL=via_wasm::response-cache::response-cache.hit FLAGS=- UPSTREAM=172.28.0.2:8080
envoy-1          | 2026-09-23T10:13:53.294446174Z RID=hit-r3-028 CODE=200 DETAIL=via_wasm::response-cache::response-cache.hit FLAGS=- UPSTREAM=172.28.0.2:8080
envoy-1          | 2026-09-23T10:13:53.294463743Z RID=hit-r3-029 CODE=200 DETAIL=via_wasm::response-cache::response-cache.hit FLAGS=- UPSTREAM=172.28.0.2:8080
envoy-1          | 2026-09-23T10:13:53.294473406Z RID=hit-r3-030 CODE=200 DETAIL=via_wasm::response-cache::response-cache.hit FLAGS=- UPSTREAM=172.28.0.2:8080
envoy-1          | 2026-09-23T10:13:53.294483011Z RID=hit-r3-031 CODE=200 DETAIL=via_wasm::response-cache::response-cache.hit FLAGS=- UPSTREAM=172.28.0.2:8080
envoy-1          | 2026-09-23T10:13:53.294492491Z RID=hit-r3-032 CODE=200 DETAIL=via_wasm::response-cache::response-cache.hit FLAGS=- UPSTREAM=172.28.0.2:8080
envoy-1          | 2026-09-23T10:13:53.357673311Z [2026-09-23 10:13:53.357][29][debug][wasm] [external/envoy/source/extensions/common/wasm/context.cc:1538] wasm log response-cache response-cache response-cache: [response-cache] [nil] [b7d3f47e-e72a-4533-a1b8-bb1701409e06] [onHttpRequestHeaders] cache key from request header: x-http-cache-key, key: hit-r3-033
envoy-1          | 2026-09-23T10:13:53.357706151Z [2026-09-23 10:13:53.357][29][debug][wasm] [external/envoy/source/extensions/common/wasm/context.cc:1538] wasm log response-cache response-cache response-cache: [response-cache] [nil] [b7d3f47e-e72a-4533-a1b8-bb1701409e06] [response-cache] [CheckCacheForKey] querying cache with key: higress-audit:hit-r3-033
envoy-1          | 2026-09-23T10:13:53.357829705Z [2026-09-23 10:13:53.357][29][debug][wasm] [external/envoy/source/extensions/common/wasm/context.cc:1538] wasm log response-cache response-cache response-cache: redis call start, request-id: ae2f44fa-f351-4cc4-bdcb-6af72b5666b8, respQuery: KjINCiQzDQpnZXQNCiQyNA0KaGlncmVzcy1hdWRpdDpoaXQtcjMtMDMzDQo=
envoy-1          | 2026-09-23T10:13:53.376909996Z [2026-09-23 10:13:53.376][29][debug][wasm] [external/envoy/source/extensions/common/wasm/context.cc:1538] wasm log response-cache response-cache response-cache: redis call end, request-id: ae2f44fa-f351-4cc4-bdcb-6af72b5666b8, respQuery: KjINCiQzDQpnZXQNCiQyNA0KaGlncmVzcy1hdWRpdDpoaXQtcjMtMDMzDQo=, respValue: JDQxDQp7InNvdXJjZSI6ImNhY2hlIiwidmFsdWUiOiJmaXh0dXJlLW9ubHkifQ0K
envoy-1          | 2026-09-23T10:13:53.376930383Z [2026-09-23 10:13:53.376][29][info][wasm] [external/envoy/source/extensions/common/wasm/context.cc:1541] wasm log response-cache response-cache response-cache: [response-cache] [nil] [b7d3f47e-e72a-4533-a1b8-bb1701409e06] [response-cache] cache hit for key: hit-r3-033
envoy-1          | 2026-09-23T10:13:53.377073036Z [2026-09-23 10:13:53.376][29][debug][wasm] [external/envoy/source/extensions/common/wasm/context.cc:1538] wasm log response-cache response-cache response-cache: [response-cache] [nil] [b7d3f47e-e72a-4533-a1b8-bb1701409e06] [response-cache] [processCacheHit] cached response for key hit-r3-033: {"source":"cache","value":"fixture-only"}
envoy-1          | 2026-09-23T10:13:53.377240458Z [2026-09-23 10:13:53.377][29][debug][wasm] [external/envoy/source/extensions/common/wasm/context.cc:1538] wasm log response-cache response-cache response-cache: [response-cache] [nil] [b7d3f47e-e72a-4533-a1b8-bb1701409e06] SetResponseBodyBufferLimit: 10485760
envoy-1          | 2026-09-23T10:13:53.377347803Z [2026-09-23 10:13:53.377][29][debug][wasm] [external/envoy/source/extensions/common/wasm/context.cc:1538] wasm log response-cache response-cache response-cache: [response-cache] [nil] [b7d3f47e-e72a-4533-a1b8-bb1701409e06] [onHttpResponseBody] key is nil, skip cache
envoy-1          | 2026-09-23T10:13:53.507073210Z [2026-09-23 10:13:53.506][29][debug][wasm] [external/envoy/source/extensions/common/wasm/context.cc:1538] wasm log response-cache response-cache response-cache: [response-cache] [nil] [ca63e3d7-3a64-4928-a034-9e31be0f6d76] [onHttpRequestHeaders] cache key from request header: x-http-cache-key, key: hit-r3-034
envoy-1          | 2026-09-23T10:13:53.507122286Z [2026-09-23 10:13:53.506][29][debug][wasm] [external/envoy/source/extensions/common/wasm/context.cc:1538] wasm log response-cache response-cache response-cache: [response-cache] [nil] [ca63e3d7-3a64-4928-a034-9e31be0f6d76] [response-cache] [CheckCacheForKey] querying cache with key: higress-audit:hit-r3-034
envoy-1          | 2026-09-23T10:13:53.507235699Z [2026-09-23 10:13:53.507][29][debug][wasm] [external/envoy/source/extensions/common/wasm/context.cc:1538] wasm log response-cache response-cache response-cache: redis call start, request-id: c1e2d3e8-6f7b-4561-be54-8e9237695b76, respQuery: KjINCiQzDQpnZXQNCiQyNA0KaGlncmVzcy1hdWRpdDpoaXQtcjMtMDM0DQo=
envoy-1          | 2026-09-23T10:13:53.525167801Z [2026-09-23 10:13:53.525][29][debug][wasm] [external/envoy/source/extensions/common/wasm/context.cc:1538] wasm log response-cache response-cache response-cache: redis call end, request-id: c1e2d3e8-6f7b-4561-be54-8e9237695b76, respQuery: KjINCiQzDQpnZXQNCiQyNA0KaGlncmVzcy1hdWRpdDpoaXQtcjMtMDM0DQo=, respValue: JDQxDQp7InNvdXJjZSI6ImNhY2hlIiwidmFsdWUiOiJmaXh0dXJlLW9ubHkifQ0K
envoy-1          | 2026-09-23T10:13:53.525192405Z [2026-09-23 10:13:53.525][29][info][wasm] [external/envoy/source/extensions/common/wasm/context.cc:1541] wasm log response-cache response-cache response-cache: [response-cache] [nil] [ca63e3d7-3a64-4928-a034-9e31be0f6d76] [response-cache] cache hit for key: hit-r3-034
envoy-1          | 2026-09-23T10:13:53.525256549Z [2026-09-23 10:13:53.525][29][debug][wasm] [external/envoy/source/extensions/common/wasm/context.cc:1538] wasm log response-cache response-cache response-cache: [response-cache] [nil] [ca63e3d7-3a64-4928-a034-9e31be0f6d76] [response-cache] [processCacheHit] cached response for key hit-r3-034: {"source":"cache","value":"fixture-only"}
envoy-1          | 2026-09-23T10:13:53.525481887Z [2026-09-23 10:13:53.525][29][debug][wasm] [external/envoy/source/extensions/common/wasm/context.cc:1538] wasm log response-cache response-cache response-cache: [response-cache] [nil] [ca63e3d7-3a64-4928-a034-9e31be0f6d76] SetResponseBodyBufferLimit: 10485760
envoy-1          | 2026-09-23T10:13:53.525575011Z [2026-09-23 10:13:53.525][29][debug][wasm] [external/envoy/source/extensions/common/wasm/context.cc:1538] wasm log response-cache response-cache response-cache: [response-cache] [nil] [ca63e3d7-3a64-4928-a034-9e31be0f6d76] [onHttpResponseBody] key is nil, skip cache
envoy-1          | 2026-09-23T10:13:53.654665574Z [2026-09-23 10:13:53.654][29][debug][wasm] [external/envoy/source/extensions/common/wasm/context.cc:1538] wasm log response-cache response-cache response-cache: [response-cache] [nil] [95407256-2146-4a69-88ca-3f4e4dce8dbf] [onHttpRequestHeaders] cache key from request header: x-http-cache-key, key: hit-r3-035
envoy-1          | 2026-09-23T10:13:53.654725715Z [2026-09-23 10:13:53.654][29][debug][wasm] [external/envoy/source/extensions/common/wasm/context.cc:1538] wasm log response-cache response-cache response-cache: [response-cache] [nil] [95407256-2146-4a69-88ca-3f4e4dce8dbf] [response-cache] [CheckCacheForKey] querying cache with key: higress-audit:hit-r3-035
envoy-1          | 2026-09-23T10:13:53.654858767Z [2026-09-23 10:13:53.654][29][debug][wasm] [external/envoy/source/extensions/common/wasm/context.cc:1538] wasm log response-cache response-cache response-cache: redis call start, request-id: 0fba2fbd-3090-4ffa-8c44-eb03114b4fb2, respQuery: KjINCiQzDQpnZXQNCiQyNA0KaGlncmVzcy1hdWRpdDpoaXQtcjMtMDM1DQo=
envoy-1          | 2026-09-23T10:13:53.672620728Z [2026-09-23 10:13:53.672][29][debug][wasm] [external/envoy/source/extensions/common/wasm/context.cc:1538] wasm log response-cache response-cache response-cache: redis call end, request-id: 0fba2fbd-3090-4ffa-8c44-eb03114b4fb2, respQuery: KjINCiQzDQpnZXQNCiQyNA0KaGlncmVzcy1hdWRpdDpoaXQtcjMtMDM1DQo=, respValue: JDQxDQp7InNvdXJjZSI6ImNhY2hlIiwidmFsdWUiOiJmaXh0dXJlLW9ubHkifQ0K
envoy-1          | 2026-09-23T10:13:53.672668869Z [2026-09-23 10:13:53.672][29][info][wasm] [external/envoy/source/extensions/common/wasm/context.cc:1541] wasm log response-cache response-cache response-cache: [response-cache] [nil] [95407256-2146-4a69-88ca-3f4e4dce8dbf] [response-cache] cache hit for key: hit-r3-035
envoy-1          | 2026-09-23T10:13:53.672684641Z [2026-09-23 10:13:53.672][29][debug][wasm] [external/envoy/source/extensions/common/wasm/context.cc:1538] wasm log response-cache response-cache response-cache: [response-cache] [nil] [95407256-2146-4a69-88ca-3f4e4dce8dbf] [response-cache] [processCacheHit] cached response for key hit-r3-035: {"source":"cache","value":"fixture-only"}
envoy-1          | 2026-09-23T10:13:53.672919131Z [2026-09-23 10:13:53.672][29][debug][wasm] [external/envoy/source/extensions/common/wasm/context.cc:1538] wasm log response-cache response-cache response-cache: [response-cache] [nil] [95407256-2146-4a69-88ca-3f4e4dce8dbf] SetResponseBodyBufferLimit: 10485760
envoy-1          | 2026-09-23T10:13:53.673036772Z [2026-09-23 10:13:53.672][29][debug][wasm] [external/envoy/source/extensions/common/wasm/context.cc:1538] wasm log response-cache response-cache response-cache: [response-cache] [nil] [95407256-2146-4a69-88ca-3f4e4dce8dbf] [onHttpResponseBody] key is nil, skip cache
envoy-1          | 2026-09-23T10:13:53.803947199Z [2026-09-23 10:13:53.803][29][debug][wasm] [external/envoy/source/extensions/common/wasm/context.cc:1538] wasm log response-cache response-cache response-cache: [response-cache] [nil] [37519410-87d9-4d46-bc16-40723f0cadcc] [onHttpRequestHeaders] cache key from request header: x-http-cache-key, key: hit-r3-036
envoy-1          | 2026-09-23T10:13:53.803979620Z [2026-09-23 10:13:53.803][29][debug][wasm] [external/envoy/source/extensions/common/wasm/context.cc:1538] wasm log response-cache response-cache response-cache: [response-cache] [nil] [37519410-87d9-4d46-bc16-40723f0cadcc] [response-cache] [CheckCacheForKey] querying cache with key: higress-audit:hit-r3-036
envoy-1          | 2026-09-23T10:13:53.804081644Z [2026-09-23 10:13:53.804][29][debug][wasm] [external/envoy/source/extensions/common/wasm/context.cc:1538] wasm log response-cache response-cache response-cache: redis call start, request-id: c9c38298-c18a-4b8b-baa7-9ec48940b8ae, respQuery: KjINCiQzDQpnZXQNCiQyNA0KaGlncmVzcy1hdWRpdDpoaXQtcjMtMDM2DQo=
envoy-1          | 2026-09-23T10:13:53.823206567Z [2026-09-23 10:13:53.823][29][debug][wasm] [external/envoy/source/extensions/common/wasm/context.cc:1538] wasm log response-cache response-cache response-cache: redis call end, request-id: c9c38298-c18a-4b8b-baa7-9ec48940b8ae, respQuery: KjINCiQzDQpnZXQNCiQyNA0KaGlncmVzcy1hdWRpdDpoaXQtcjMtMDM2DQo=, respValue: JDQxDQp7InNvdXJjZSI6ImNhY2hlIiwidmFsdWUiOiJmaXh0dXJlLW9ubHkifQ0K
envoy-1          | 2026-09-23T10:13:53.823239828Z [2026-09-23 10:13:53.823][29][info][wasm] [external/envoy/source/extensions/common/wasm/context.cc:1541] wasm log response-cache response-cache response-cache: [response-cache] [nil] [37519410-87d9-4d46-bc16-40723f0cadcc] [response-cache] cache hit for key: hit-r3-036
envoy-1          | 2026-09-23T10:13:53.823252104Z [2026-09-23 10:13:53.823][29][debug][wasm] [external/envoy/source/extensions/common/wasm/context.cc:1538] wasm log response-cache response-cache response-cache: [response-cache] [nil] [37519410-87d9-4d46-bc16-40723f0cadcc] [response-cache] [processCacheHit] cached response for key hit-r3-036: {"source":"cache","value":"fixture-only"}
envoy-1          | 2026-09-23T10:13:53.823461029Z [2026-09-23 10:13:53.823][29][debug][wasm] [external/envoy/source/extensions/common/wasm/context.cc:1538] wasm log response-cache response-cache response-cache: [response-cache] [nil] [37519410-87d9-4d46-bc16-40723f0cadcc] SetResponseBodyBufferLimit: 10485760
envoy-1          | 2026-09-23T10:13:53.823540850Z [2026-09-23 10:13:53.823][29][debug][wasm] [external/envoy/source/extensions/common/wasm/context.cc:1538] wasm log response-cache response-cache response-cache: [response-cache] [nil] [37519410-87d9-4d46-bc16-40723f0cadcc] [onHttpResponseBody] key is nil, skip cache
envoy-1          | 2026-09-23T10:13:53.955298356Z [2026-09-23 10:13:53.955][29][debug][wasm] [external/envoy/source/extensions/common/wasm/context.cc:1538] wasm log response-cache response-cache response-cache: [response-cache] [nil] [e880b130-48a3-44a5-b5db-67f557bba84e] [onHttpRequestHeaders] cache key from request header: x-http-cache-key, key: hit-r3-037
envoy-1          | 2026-09-23T10:13:53.955336392Z [2026-09-23 10:13:53.955][29][debug][wasm] [external/envoy/source/extensions/common/wasm/context.cc:1538] wasm log response-cache response-cache response-cache: [response-cache] [nil] [e880b130-48a3-44a5-b5db-67f557bba84e] [response-cache] [CheckCacheForKey] querying cache with key: higress-audit:hit-r3-037
envoy-1          | 2026-09-23T10:13:53.955370040Z [2026-09-23 10:13:53.955][29][debug][wasm] [external/envoy/source/extensions/common/wasm/context.cc:1538] wasm log response-cache response-cache response-cache: redis call start, request-id: 1f8d97e5-3217-4119-98f7-2492612a16fa, respQuery: KjINCiQzDQpnZXQNCiQyNA0KaGlncmVzcy1hdWRpdDpoaXQtcjMtMDM3DQo=
envoy-1          | 2026-09-23T10:13:53.971922084Z [2026-09-23 10:13:53.971][29][debug][wasm] [external/envoy/source/extensions/common/wasm/context.cc:1538] wasm log response-cache response-cache response-cache: redis call end, request-id: 1f8d97e5-3217-4119-98f7-2492612a16fa, respQuery: KjINCiQzDQpnZXQNCiQyNA0KaGlncmVzcy1hdWRpdDpoaXQtcjMtMDM3DQo=, respValue: JDQxDQp7InNvdXJjZSI6ImNhY2hlIiwidmFsdWUiOiJmaXh0dXJlLW9ubHkifQ0K
envoy-1          | 2026-09-23T10:13:53.971939336Z [2026-09-23 10:13:53.971][29][info][wasm] [external/envoy/source/extensions/common/wasm/context.cc:1541] wasm log response-cache response-cache response-cache: [response-cache] [nil] [e880b130-48a3-44a5-b5db-67f557bba84e] [response-cache] cache hit for key: hit-r3-037
envoy-1          | 2026-09-23T10:13:53.972015576Z [2026-09-23 10:13:53.971][29][debug][wasm] [external/envoy/source/extensions/common/wasm/context.cc:1538] wasm log response-cache response-cache response-cache: [response-cache] [nil] [e880b130-48a3-44a5-b5db-67f557bba84e] [response-cache] [processCacheHit] cached response for key hit-r3-037: {"source":"cache","value":"fixture-only"}
envoy-1          | 2026-09-23T10:13:53.972275215Z [2026-09-23 10:13:53.972][29][debug][wasm] [external/envoy/source/extensions/common/wasm/context.cc:1538] wasm log response-cache response-cache response-cache: [response-cache] [nil] [e880b130-48a3-44a5-b5db-67f557bba84e] SetResponseBodyBufferLimit: 10485760
envoy-1          | 2026-09-23T10:13:53.972384875Z [2026-09-23 10:13:53.972][29][debug][wasm] [external/envoy/source/extensions/common/wasm/context.cc:1538] wasm log response-cache response-cache response-cache: [response-cache] [nil] [e880b130-48a3-44a5-b5db-67f557bba84e] [onHttpResponseBody] key is nil, skip cache
envoy-1          | 2026-09-23T10:13:54.103506885Z [2026-09-23 10:13:54.103][29][debug][wasm] [external/envoy/source/extensions/common/wasm/context.cc:1538] wasm log response-cache response-cache response-cache: [response-cache] [nil] [80c456e2-dd17-412c-ae25-50d720716fa9] [onHttpRequestHeaders] cache key from request header: x-http-cache-key, key: hit-r3-038
envoy-1          | 2026-09-23T10:13:54.103542633Z [2026-09-23 10:13:54.103][29][debug][wasm] [external/envoy/source/extensions/common/wasm/context.cc:1538] wasm log response-cache response-cache response-cache: [response-cache] [nil] [80c456e2-dd17-412c-ae25-50d720716fa9] [response-cache] [CheckCacheForKey] querying cache with key: higress-audit:hit-r3-038
envoy-1          | 2026-09-23T10:13:54.103647602Z [2026-09-23 10:13:54.103][29][debug][wasm] [external/envoy/source/extensions/common/wasm/context.cc:1538] wasm log response-cache response-cache response-cache: redis call start, request-id: 3e6e955a-d575-4c90-83ae-85a33b23d237, respQuery: KjINCiQzDQpnZXQNCiQyNA0KaGlncmVzcy1hdWRpdDpoaXQtcjMtMDM4DQo=
envoy-1          | 2026-09-23T10:13:54.123479847Z [2026-09-23 10:13:54.123][29][debug][wasm] [external/envoy/source/extensions/common/wasm/context.cc:1538] wasm log response-cache response-cache response-cache: redis call end, request-id: 3e6e955a-d575-4c90-83ae-85a33b23d237, respQuery: KjINCiQzDQpnZXQNCiQyNA0KaGlncmVzcy1hdWRpdDpoaXQtcjMtMDM4DQo=, respValue: JDQxDQp7InNvdXJjZSI6ImNhY2hlIiwidmFsdWUiOiJmaXh0dXJlLW9ubHkifQ0K
envoy-1          | 2026-09-23T10:13:54.123521510Z [2026-09-23 10:13:54.123][29][info][wasm] [external/envoy/source/extensions/common/wasm/context.cc:1541] wasm log response-cache response-cache response-cache: [response-cache] [nil] [80c456e2-dd17-412c-ae25-50d720716fa9] [response-cache] cache hit for key: hit-r3-038
envoy-1          | 2026-09-23T10:13:54.123646916Z [2026-09-23 10:13:54.123][29][debug][wasm] [external/envoy/source/extensions/common/wasm/context.cc:1538] wasm log response-cache response-cache response-cache: [response-cache] [nil] [80c456e2-dd17-412c-ae25-50d720716fa9] [response-cache] [processCacheHit] cached response for key hit-r3-038: {"source":"cache","value":"fixture-only"}
envoy-1          | 2026-09-23T10:13:54.123940745Z [2026-09-23 10:13:54.123][29][debug][wasm] [external/envoy/source/extensions/common/wasm/context.cc:1538] wasm log response-cache response-cache response-cache: [response-cache] [nil] [80c456e2-dd17-412c-ae25-50d720716fa9] SetResponseBodyBufferLimit: 10485760
envoy-1          | 2026-09-23T10:13:54.124036234Z [2026-09-23 10:13:54.123][29][debug][wasm] [external/envoy/source/extensions/common/wasm/context.cc:1538] wasm log response-cache response-cache response-cache: [response-cache] [nil] [80c456e2-dd17-412c-ae25-50d720716fa9] [onHttpResponseBody] key is nil, skip cache
envoy-1          | 2026-09-23T10:13:54.256238811Z [2026-09-23 10:13:54.255][29][debug][wasm] [external/envoy/source/extensions/common/wasm/context.cc:1538] wasm log response-cache response-cache response-cache: [response-cache] [nil] [07a8de9c-227d-4fec-aeb5-9f32de5d89f7] [onHttpRequestHeaders] cache key from request header: x-http-cache-key, key: hit-r3-039
envoy-1          | 2026-09-23T10:13:54.256268442Z [2026-09-23 10:13:54.256][29][debug][wasm] [external/envoy/source/extensions/common/wasm/context.cc:1538] wasm log response-cache response-cache response-cache: [response-cache] [nil] [07a8de9c-227d-4fec-aeb5-9f32de5d89f7] [response-cache] [CheckCacheForKey] querying cache with key: higress-audit:hit-r3-039
envoy-1          | 2026-09-23T10:13:54.256336379Z [2026-09-23 10:13:54.256][29][debug][wasm] [external/envoy/source/extensions/common/wasm/context.cc:1538] wasm log response-cache response-cache response-cache: redis call start, request-id: cd3b41f2-32df-4900-b51a-ac6888d6baa8, respQuery: KjINCiQzDQpnZXQNCiQyNA0KaGlncmVzcy1hdWRpdDpoaXQtcjMtMDM5DQo=
envoy-1          | 2026-09-23T10:13:54.275156021Z [2026-09-23 10:13:54.275][29][debug][wasm] [external/envoy/source/extensions/common/wasm/context.cc:1538] wasm log response-cache response-cache response-cache: redis call end, request-id: cd3b41f2-32df-4900-b51a-ac6888d6baa8, respQuery: KjINCiQzDQpnZXQNCiQyNA0KaGlncmVzcy1hdWRpdDpoaXQtcjMtMDM5DQo=, respValue: JDQxDQp7InNvdXJjZSI6ImNhY2hlIiwidmFsdWUiOiJmaXh0dXJlLW9ubHkifQ0K
envoy-1          | 2026-09-23T10:13:54.275194038Z [2026-09-23 10:13:54.275][29][info][wasm] [external/envoy/source/extensions/common/wasm/context.cc:1541] wasm log response-cache response-cache response-cache: [response-cache] [nil] [07a8de9c-227d-4fec-aeb5-9f32de5d89f7] [response-cache] cache hit for key: hit-r3-039
envoy-1          | 2026-09-23T10:13:54.275237191Z [2026-09-23 10:13:54.275][29][debug][wasm] [external/envoy/source/extensions/common/wasm/context.cc:1538] wasm log response-cache response-cache response-cache: [response-cache] [nil] [07a8de9c-227d-4fec-aeb5-9f32de5d89f7] [response-cache] [processCacheHit] cached response for key hit-r3-039: {"source":"cache","value":"fixture-only"}
envoy-1          | 2026-09-23T10:13:54.275564724Z [2026-09-23 10:13:54.275][29][debug][wasm] [external/envoy/source/extensions/common/wasm/context.cc:1538] wasm log response-cache response-cache response-cache: [response-cache] [nil] [07a8de9c-227d-4fec-aeb5-9f32de5d89f7] SetResponseBodyBufferLimit: 10485760
envoy-1          | 2026-09-23T10:13:54.275688674Z [2026-09-23 10:13:54.275][29][debug][wasm] [external/envoy/source/extensions/common/wasm/context.cc:1538] wasm log response-cache response-cache response-cache: [response-cache] [nil] [07a8de9c-227d-4fec-aeb5-9f32de5d89f7] [onHttpResponseBody] key is nil, skip cache
envoy-1          | 2026-09-23T10:13:54.405603321Z [2026-09-23 10:13:54.405][29][debug][wasm] [external/envoy/source/extensions/common/wasm/context.cc:1538] wasm log response-cache response-cache response-cache: [response-cache] [nil] [94d65dba-6181-4432-9204-d98832f253df] [onHttpRequestHeaders] cache key from request header: x-http-cache-key, key: hit-r3-040
envoy-1          | 2026-09-23T10:13:54.405641862Z [2026-09-23 10:13:54.405][29][debug][wasm] [external/envoy/source/extensions/common/wasm/context.cc:1538] wasm log response-cache response-cache response-cache: [response-cache] [nil] [94d65dba-6181-4432-9204-d98832f253df] [response-cache] [CheckCacheForKey] querying cache with key: higress-audit:hit-r3-040
envoy-1          | 2026-09-23T10:13:54.405798541Z [2026-09-23 10:13:54.405][29][debug][wasm] [external/envoy/source/extensions/common/wasm/context.cc:1538] wasm log response-cache response-cache response-cache: redis call start, request-id: 215a9c6f-ffb4-406c-af47-7e8298a7b7a5, respQuery: KjINCiQzDQpnZXQNCiQyNA0KaGlncmVzcy1hdWRpdDpoaXQtcjMtMDQwDQo=
envoy-1          | 2026-09-23T10:13:54.426832386Z [2026-09-23 10:13:54.426][29][debug][wasm] [external/envoy/source/extensions/common/wasm/context.cc:1538] wasm log response-cache response-cache response-cache: redis call end, request-id: 215a9c6f-ffb4-406c-af47-7e8298a7b7a5, respQuery: KjINCiQzDQpnZXQNCiQyNA0KaGlncmVzcy1hdWRpdDpoaXQtcjMtMDQwDQo=, respValue: JDQxDQp7InNvdXJjZSI6ImNhY2hlIiwidmFsdWUiOiJmaXh0dXJlLW9ubHkifQ0K
envoy-1          | 2026-09-23T10:13:54.426866143Z [2026-09-23 10:13:54.426][29][info][wasm] [external/envoy/source/extensions/common/wasm/context.cc:1541] wasm log response-cache response-cache response-cache: [response-cache] [nil] [94d65dba-6181-4432-9204-d98832f253df] [response-cache] cache hit for key: hit-r3-040
envoy-1          | 2026-09-23T10:13:54.426922853Z [2026-09-23 10:13:54.426][29][debug][wasm] [external/envoy/source/extensions/common/wasm/context.cc:1538] wasm log response-cache response-cache response-cache: [response-cache] [nil] [94d65dba-6181-4432-9204-d98832f253df] [response-cache] [processCacheHit] cached response for key hit-r3-040: {"source":"cache","value":"fixture-only"}
envoy-1          | 2026-09-23T10:13:54.427215993Z [2026-09-23 10:13:54.427][29][debug][wasm] [external/envoy/source/extensions/common/wasm/context.cc:1538] wasm log response-cache response-cache response-cache: [response-cache] [nil] [94d65dba-6181-4432-9204-d98832f253df] SetResponseBodyBufferLimit: 10485760
envoy-1          | 2026-09-23T10:13:54.427333767Z [2026-09-23 10:13:54.427][29][debug][wasm] [external/envoy/source/extensions/common/wasm/context.cc:1538] wasm log response-cache response-cache response-cache: [response-cache] [nil] [94d65dba-6181-4432-9204-d98832f253df] [onHttpResponseBody] key is nil, skip cache
envoy-1          | 2026-09-23T10:13:54.556425589Z [2026-09-23 10:13:54.556][29][debug][wasm] [external/envoy/source/extensions/common/wasm/context.cc:1538] wasm log response-cache response-cache response-cache: [response-cache] [nil] [d6404a4b-5b6c-4abb-9959-32aac7709e70] [onHttpRequestHeaders] cache key from request header: x-http-cache-key, key: hit-r3-041
envoy-1          | 2026-09-23T10:13:54.556445268Z [2026-09-23 10:13:54.556][29][debug][wasm] [external/envoy/source/extensions/common/wasm/context.cc:1538] wasm log response-cache response-cache response-cache: [response-cache] [nil] [d6404a4b-5b6c-4abb-9959-32aac7709e70] [response-cache] [CheckCacheForKey] querying cache with key: higress-audit:hit-r3-041
envoy-1          | 2026-09-23T10:13:54.556528314Z [2026-09-23 10:13:54.556][29][debug][wasm] [external/envoy/source/extensions/common/wasm/context.cc:1538] wasm log response-cache response-cache response-cache: redis call start, request-id: 08c27970-6b0a-4cb9-b09e-a33b0df5fa4f, respQuery: KjINCiQzDQpnZXQNCiQyNA0KaGlncmVzcy1hdWRpdDpoaXQtcjMtMDQxDQo=
envoy-1          | 2026-09-23T10:13:54.575770479Z [2026-09-23 10:13:54.575][29][debug][wasm] [external/envoy/source/extensions/common/wasm/context.cc:1538] wasm log response-cache response-cache response-cache: redis call end, request-id: 08c27970-6b0a-4cb9-b09e-a33b0df5fa4f, respQuery: KjINCiQzDQpnZXQNCiQyNA0KaGlncmVzcy1hdWRpdDpoaXQtcjMtMDQxDQo=, respValue: JDQxDQp7InNvdXJjZSI6ImNhY2hlIiwidmFsdWUiOiJmaXh0dXJlLW9ubHkifQ0K
envoy-1          | 2026-09-23T10:13:54.575812135Z [2026-09-23 10:13:54.575][29][info][wasm] [external/envoy/source/extensions/common/wasm/context.cc:1541] wasm log response-cache response-cache response-cache: [response-cache] [nil] [d6404a4b-5b6c-4abb-9959-32aac7709e70] [response-cache] cache hit for key: hit-r3-041
envoy-1          | 2026-09-23T10:13:54.575921445Z [2026-09-23 10:13:54.575][29][debug][wasm] [external/envoy/source/extensions/common/wasm/context.cc:1538] wasm log response-cache response-cache response-cache: [response-cache] [nil] [d6404a4b-5b6c-4abb-9959-32aac7709e70] [response-cache] [processCacheHit] cached response for key hit-r3-041: {"source":"cache","value":"fixture-only"}
envoy-1          | 2026-09-23T10:13:54.576257507Z [2026-09-23 10:13:54.576][29][debug][wasm] [external/envoy/source/extensions/common/wasm/context.cc:1538] wasm log response-cache response-cache response-cache: [response-cache] [nil] [d6404a4b-5b6c-4abb-9959-32aac7709e70] SetResponseBodyBufferLimit: 10485760
envoy-1          | 2026-09-23T10:13:54.576395532Z [2026-09-23 10:13:54.576][29][debug][wasm] [external/envoy/source/extensions/common/wasm/context.cc:1538] wasm log response-cache response-cache response-cache: [response-cache] [nil] [d6404a4b-5b6c-4abb-9959-32aac7709e70] [onHttpResponseBody] key is nil, skip cache
envoy-1          | 2026-09-23T10:13:54.706895572Z [2026-09-23 10:13:54.706][29][debug][wasm] [external/envoy/source/extensions/common/wasm/context.cc:1538] wasm log response-cache response-cache response-cache: [response-cache] [nil] [a83ec0a3-a1af-4eab-a980-81338686d3f9] [onHttpRequestHeaders] cache key from request header: x-http-cache-key, key: hit-r3-042
envoy-1          | 2026-09-23T10:13:54.706928148Z [2026-09-23 10:13:54.706][29][debug][wasm] [external/envoy/source/extensions/common/wasm/context.cc:1538] wasm log response-cache response-cache response-cache: [response-cache] [nil] [a83ec0a3-a1af-4eab-a980-81338686d3f9] [response-cache] [CheckCacheForKey] querying cache with key: higress-audit:hit-r3-042
envoy-1          | 2026-09-23T10:13:54.707028326Z [2026-09-23 10:13:54.706][29][debug][wasm] [external/envoy/source/extensions/common/wasm/context.cc:1538] wasm log response-cache response-cache response-cache: redis call start, request-id: cb2651a0-a8ca-4e3b-ad0e-95ea1df8b252, respQuery: KjINCiQzDQpnZXQNCiQyNA0KaGlncmVzcy1hdWRpdDpoaXQtcjMtMDQyDQo=
envoy-1          | 2026-09-23T10:13:54.725294734Z [2026-09-23 10:13:54.725][29][debug][wasm] [external/envoy/source/extensions/common/wasm/context.cc:1538] wasm log response-cache response-cache response-cache: redis call end, request-id: cb2651a0-a8ca-4e3b-ad0e-95ea1df8b252, respQuery: KjINCiQzDQpnZXQNCiQyNA0KaGlncmVzcy1hdWRpdDpoaXQtcjMtMDQyDQo=, respValue: JDQxDQp7InNvdXJjZSI6ImNhY2hlIiwidmFsdWUiOiJmaXh0dXJlLW9ubHkifQ0K
envoy-1          | 2026-09-23T10:13:54.725315367Z [2026-09-23 10:13:54.725][29][info][wasm] [external/envoy/source/extensions/common/wasm/context.cc:1541] wasm log response-cache response-cache response-cache: [response-cache] [nil] [a83ec0a3-a1af-4eab-a980-81338686d3f9] [response-cache] cache hit for key: hit-r3-042
envoy-1          | 2026-09-23T10:13:54.725367423Z [2026-09-23 10:13:54.725][29][debug][wasm] [external/envoy/source/extensions/common/wasm/context.cc:1538] wasm log response-cache response-cache response-cache: [response-cache] [nil] [a83ec0a3-a1af-4eab-a980-81338686d3f9] [response-cache] [processCacheHit] cached response for key hit-r3-042: {"source":"cache","value":"fixture-only"}
envoy-1          | 2026-09-23T10:13:54.725679605Z [2026-09-23 10:13:54.725][29][debug][wasm] [external/envoy/source/extensions/common/wasm/context.cc:1538] wasm log response-cache response-cache response-cache: [response-cache] [nil] [a83ec0a3-a1af-4eab-a980-81338686d3f9] SetResponseBodyBufferLimit: 10485760
envoy-1          | 2026-09-23T10:13:54.725792501Z [2026-09-23 10:13:54.725][29][debug][wasm] [external/envoy/source/extensions/common/wasm/context.cc:1538] wasm log response-cache response-cache response-cache: [response-cache] [nil] [a83ec0a3-a1af-4eab-a980-81338686d3f9] [onHttpResponseBody] key is nil, skip cache
envoy-1          | 2026-09-23T10:13:54.855843768Z [2026-09-23 10:13:54.855][29][debug][wasm] [external/envoy/source/extensions/common/wasm/context.cc:1538] wasm log response-cache response-cache response-cache: [response-cache] [nil] [832280c5-455b-4bcf-a342-0a39a52d3364] [onHttpRequestHeaders] cache key from request header: x-http-cache-key, key: hit-r3-043
envoy-1          | 2026-09-23T10:13:54.855876376Z [2026-09-23 10:13:54.855][29][debug][wasm] [external/envoy/source/extensions/common/wasm/context.cc:1538] wasm log response-cache response-cache response-cache: [response-cache] [nil] [832280c5-455b-4bcf-a342-0a39a52d3364] [response-cache] [CheckCacheForKey] querying cache with key: higress-audit:hit-r3-043
envoy-1          | 2026-09-23T10:13:54.856031513Z [2026-09-23 10:13:54.855][29][debug][wasm] [external/envoy/source/extensions/common/wasm/context.cc:1538] wasm log response-cache response-cache response-cache: redis call start, request-id: 81552f3c-095b-4e7d-a4bd-e6c6d1622a3b, respQuery: KjINCiQzDQpnZXQNCiQyNA0KaGlncmVzcy1hdWRpdDpoaXQtcjMtMDQzDQo=
envoy-1          | 2026-09-23T10:13:54.875620752Z [2026-09-23 10:13:54.875][29][debug][wasm] [external/envoy/source/extensions/common/wasm/context.cc:1538] wasm log response-cache response-cache response-cache: redis call end, request-id: 81552f3c-095b-4e7d-a4bd-e6c6d1622a3b, respQuery: KjINCiQzDQpnZXQNCiQyNA0KaGlncmVzcy1hdWRpdDpoaXQtcjMtMDQzDQo=, respValue: JDQxDQp7InNvdXJjZSI6ImNhY2hlIiwidmFsdWUiOiJmaXh0dXJlLW9ubHkifQ0K
envoy-1          | 2026-09-23T10:13:54.875640595Z [2026-09-23 10:13:54.875][29][info][wasm] [external/envoy/source/extensions/common/wasm/context.cc:1541] wasm log response-cache response-cache response-cache: [response-cache] [nil] [832280c5-455b-4bcf-a342-0a39a52d3364] [response-cache] cache hit for key: hit-r3-043
envoy-1          | 2026-09-23T10:13:54.875697688Z [2026-09-23 10:13:54.875][29][debug][wasm] [external/envoy/source/extensions/common/wasm/context.cc:1538] wasm log response-cache response-cache response-cache: [response-cache] [nil] [832280c5-455b-4bcf-a342-0a39a52d3364] [response-cache] [processCacheHit] cached response for key hit-r3-043: {"source":"cache","value":"fixture-only"}
envoy-1          | 2026-09-23T10:13:54.876049267Z [2026-09-23 10:13:54.875][29][debug][wasm] [external/envoy/source/extensions/common/wasm/context.cc:1538] wasm log response-cache response-cache response-cache: [response-cache] [nil] [832280c5-455b-4bcf-a342-0a39a52d3364] SetResponseBodyBufferLimit: 10485760
envoy-1          | 2026-09-23T10:13:54.876157571Z [2026-09-23 10:13:54.876][29][debug][wasm] [external/envoy/source/extensions/common/wasm/context.cc:1538] wasm log response-cache response-cache response-cache: [response-cache] [nil] [832280c5-455b-4bcf-a342-0a39a52d3364] [onHttpResponseBody] key is nil, skip cache
envoy-1          | 2026-09-23T10:13:55.007993698Z [2026-09-23 10:13:55.007][29][debug][wasm] [external/envoy/source/extensions/common/wasm/context.cc:1538] wasm log response-cache response-cache response-cache: [response-cache] [nil] [7b2ed2bf-567f-4cbe-9bb5-820802d19414] [onHttpRequestHeaders] cache key from request header: x-http-cache-key, key: hit-r3-044
envoy-1          | 2026-09-23T10:13:55.008026630Z [2026-09-23 10:13:55.007][29][debug][wasm] [external/envoy/source/extensions/common/wasm/context.cc:1538] wasm log response-cache response-cache response-cache: [response-cache] [nil] [7b2ed2bf-567f-4cbe-9bb5-820802d19414] [response-cache] [CheckCacheForKey] querying cache with key: higress-audit:hit-r3-044
envoy-1          | 2026-09-23T10:13:55.008066426Z [2026-09-23 10:13:55.008][29][debug][wasm] [external/envoy/source/extensions/common/wasm/context.cc:1538] wasm log response-cache response-cache response-cache: redis call start, request-id: 699eb51e-302a-428b-a17c-c23ff9bc4422, respQuery: KjINCiQzDQpnZXQNCiQyNA0KaGlncmVzcy1hdWRpdDpoaXQtcjMtMDQ0DQo=
envoy-1          | 2026-09-23T10:13:55.028755057Z [2026-09-23 10:13:55.028][29][debug][wasm] [external/envoy/source/extensions/common/wasm/context.cc:1538] wasm log response-cache response-cache response-cache: redis call end, request-id: 699eb51e-302a-428b-a17c-c23ff9bc4422, respQuery: KjINCiQzDQpnZXQNCiQyNA0KaGlncmVzcy1hdWRpdDpoaXQtcjMtMDQ0DQo=, respValue: JDQxDQp7InNvdXJjZSI6ImNhY2hlIiwidmFsdWUiOiJmaXh0dXJlLW9ubHkifQ0K
envoy-1          | 2026-09-23T10:13:55.028787881Z [2026-09-23 10:13:55.028][29][info][wasm] [external/envoy/source/extensions/common/wasm/context.cc:1541] wasm log response-cache response-cache response-cache: [response-cache] [nil] [7b2ed2bf-567f-4cbe-9bb5-820802d19414] [response-cache] cache hit for key: hit-r3-044
envoy-1          | 2026-09-23T10:13:55.028807718Z [2026-09-23 10:13:55.028][29][debug][wasm] [external/envoy/source/extensions/common/wasm/context.cc:1538] wasm log response-cache response-cache response-cache: [response-cache] [nil] [7b2ed2bf-567f-4cbe-9bb5-820802d19414] [response-cache] [processCacheHit] cached response for key hit-r3-044: {"source":"cache","value":"fixture-only"}
envoy-1          | 2026-09-23T10:13:55.029107980Z [2026-09-23 10:13:55.029][29][debug][wasm] [external/envoy/source/extensions/common/wasm/context.cc:1538] wasm log response-cache response-cache response-cache: [response-cache] [nil] [7b2ed2bf-567f-4cbe-9bb5-820802d19414] SetResponseBodyBufferLimit: 10485760
envoy-1          | 2026-09-23T10:13:55.029214957Z [2026-09-23 10:13:55.029][29][debug][wasm] [external/envoy/source/extensions/common/wasm/context.cc:1538] wasm log response-cache response-cache response-cache: [response-cache] [nil] [7b2ed2bf-567f-4cbe-9bb5-820802d19414] [onHttpResponseBody] key is nil, skip cache
envoy-1          | 2026-09-23T10:13:55.160221801Z [2026-09-23 10:13:55.160][29][debug][wasm] [external/envoy/source/extensions/common/wasm/context.cc:1538] wasm log response-cache response-cache response-cache: [response-cache] [nil] [b18b0d65-cff6-455d-95d2-36446d739c10] [onHttpRequestHeaders] cache key from request header: x-http-cache-key, key: hit-r3-045
envoy-1          | 2026-09-23T10:13:55.160270249Z [2026-09-23 10:13:55.160][29][debug][wasm] [external/envoy/source/extensions/common/wasm/context.cc:1538] wasm log response-cache response-cache response-cache: [response-cache] [nil] [b18b0d65-cff6-455d-95d2-36446d739c10] [response-cache] [CheckCacheForKey] querying cache with key: higress-audit:hit-r3-045
envoy-1          | 2026-09-23T10:13:55.160304370Z [2026-09-23 10:13:55.160][29][debug][wasm] [external/envoy/source/extensions/common/wasm/context.cc:1538] wasm log response-cache response-cache response-cache: redis call start, request-id: a96c570a-4ec4-4a0f-8aff-264c8598c335, respQuery: KjINCiQzDQpnZXQNCiQyNA0KaGlncmVzcy1hdWRpdDpoaXQtcjMtMDQ1DQo=
envoy-1          | 2026-09-23T10:13:55.181756066Z [2026-09-23 10:13:55.181][29][debug][wasm] [external/envoy/source/extensions/common/wasm/context.cc:1538] wasm log response-cache response-cache response-cache: redis call end, request-id: a96c570a-4ec4-4a0f-8aff-264c8598c335, respQuery: KjINCiQzDQpnZXQNCiQyNA0KaGlncmVzcy1hdWRpdDpoaXQtcjMtMDQ1DQo=, respValue: JDQxDQp7InNvdXJjZSI6ImNhY2hlIiwidmFsdWUiOiJmaXh0dXJlLW9ubHkifQ0K
envoy-1          | 2026-09-23T10:13:55.181788935Z [2026-09-23 10:13:55.181][29][info][wasm] [external/envoy/source/extensions/common/wasm/context.cc:1541] wasm log response-cache response-cache response-cache: [response-cache] [nil] [b18b0d65-cff6-455d-95d2-36446d739c10] [response-cache] cache hit for key: hit-r3-045
envoy-1          | 2026-09-23T10:13:55.181841718Z [2026-09-23 10:13:55.181][29][debug][wasm] [external/envoy/source/extensions/common/wasm/context.cc:1538] wasm log response-cache response-cache response-cache: [response-cache] [nil] [b18b0d65-cff6-455d-95d2-36446d739c10] [response-cache] [processCacheHit] cached response for key hit-r3-045: {"source":"cache","value":"fixture-only"}
envoy-1          | 2026-09-23T10:13:55.182135309Z [2026-09-23 10:13:55.182][29][debug][wasm] [external/envoy/source/extensions/common/wasm/context.cc:1538] wasm log response-cache response-cache response-cache: [response-cache] [nil] [b18b0d65-cff6-455d-95d2-36446d739c10] SetResponseBodyBufferLimit: 10485760
envoy-1          | 2026-09-23T10:13:55.182259587Z [2026-09-23 10:13:55.182][29][debug][wasm] [external/envoy/source/extensions/common/wasm/context.cc:1538] wasm log response-cache response-cache response-cache: [response-cache] [nil] [b18b0d65-cff6-455d-95d2-36446d739c10] [onHttpResponseBody] key is nil, skip cache
envoy-1          | 2026-09-23T10:13:55.313201499Z [2026-09-23 10:13:55.312][29][debug][wasm] [external/envoy/source/extensions/common/wasm/context.cc:1538] wasm log response-cache response-cache response-cache: [response-cache] [nil] [6eaee1dd-14ad-47fa-a291-013e30f2fd2d] [onHttpRequestHeaders] cache key from request header: x-http-cache-key, key: hit-r3-046
envoy-1          | 2026-09-23T10:13:55.313233799Z [2026-09-23 10:13:55.313][29][debug][wasm] [external/envoy/source/extensions/common/wasm/context.cc:1538] wasm log response-cache response-cache response-cache: [response-cache] [nil] [6eaee1dd-14ad-47fa-a291-013e30f2fd2d] [response-cache] [CheckCacheForKey] querying cache with key: higress-audit:hit-r3-046
envoy-1          | 2026-09-23T10:13:55.313266086Z [2026-09-23 10:13:55.313][29][debug][wasm] [external/envoy/source/extensions/common/wasm/context.cc:1538] wasm log response-cache response-cache response-cache: redis call start, request-id: b41d5ff6-ccd1-460d-8697-1ca91c156fd0, respQuery: KjINCiQzDQpnZXQNCiQyNA0KaGlncmVzcy1hdWRpdDpoaXQtcjMtMDQ2DQo=
envoy-1          | 2026-09-23T10:13:55.334059618Z [2026-09-23 10:13:55.333][29][debug][wasm] [external/envoy/source/extensions/common/wasm/context.cc:1538] wasm log response-cache response-cache response-cache: redis call end, request-id: b41d5ff6-ccd1-460d-8697-1ca91c156fd0, respQuery: KjINCiQzDQpnZXQNCiQyNA0KaGlncmVzcy1hdWRpdDpoaXQtcjMtMDQ2DQo=, respValue: JDQxDQp7InNvdXJjZSI6ImNhY2hlIiwidmFsdWUiOiJmaXh0dXJlLW9ubHkifQ0K
envoy-1          | 2026-09-23T10:13:55.334110883Z [2026-09-23 10:13:55.334][29][info][wasm] [external/envoy/source/extensions/common/wasm/context.cc:1541] wasm log response-cache response-cache response-cache: [response-cache] [nil] [6eaee1dd-14ad-47fa-a291-013e30f2fd2d] [response-cache] cache hit for key: hit-r3-046
envoy-1          | 2026-09-23T10:13:55.334127842Z [2026-09-23 10:13:55.334][29][debug][wasm] [external/envoy/source/extensions/common/wasm/context.cc:1538] wasm log response-cache response-cache response-cache: [response-cache] [nil] [6eaee1dd-14ad-47fa-a291-013e30f2fd2d] [response-cache] [processCacheHit] cached response for key hit-r3-046: {"source":"cache","value":"fixture-only"}
envoy-1          | 2026-09-23T10:13:55.334411988Z [2026-09-23 10:13:55.334][29][debug][wasm] [external/envoy/source/extensions/common/wasm/context.cc:1538] wasm log response-cache response-cache response-cache: [response-cache] [nil] [6eaee1dd-14ad-47fa-a291-013e30f2fd2d] SetResponseBodyBufferLimit: 10485760
envoy-1          | 2026-09-23T10:13:55.334518882Z [2026-09-23 10:13:55.334][29][debug][wasm] [external/envoy/source/extensions/common/wasm/context.cc:1538] wasm log response-cache response-cache response-cache: [response-cache] [nil] [6eaee1dd-14ad-47fa-a291-013e30f2fd2d] [onHttpResponseBody] key is nil, skip cache
envoy-1          | 2026-09-23T10:13:55.465244432Z [2026-09-23 10:13:55.465][29][debug][wasm] [external/envoy/source/extensions/common/wasm/context.cc:1538] wasm log response-cache response-cache response-cache: [response-cache] [nil] [774d6c52-33c2-49b5-8484-89d0599c26c0] [onHttpRequestHeaders] cache key from request header: x-http-cache-key, key: hit-r3-047
envoy-1          | 2026-09-23T10:13:55.465267551Z [2026-09-23 10:13:55.465][29][debug][wasm] [external/envoy/source/extensions/common/wasm/context.cc:1538] wasm log response-cache response-cache response-cache: [response-cache] [nil] [774d6c52-33c2-49b5-8484-89d0599c26c0] [response-cache] [CheckCacheForKey] querying cache with key: higress-audit:hit-r3-047
envoy-1          | 2026-09-23T10:13:55.465408409Z [2026-09-23 10:13:55.465][29][debug][wasm] [external/envoy/source/extensions/common/wasm/context.cc:1538] wasm log response-cache response-cache response-cache: redis call start, request-id: 19e952fc-bc8d-4be6-84e1-ebada64a2764, respQuery: KjINCiQzDQpnZXQNCiQyNA0KaGlncmVzcy1hdWRpdDpoaXQtcjMtMDQ3DQo=
envoy-1          | 2026-09-23T10:13:55.485666809Z [2026-09-23 10:13:55.485][29][debug][wasm] [external/envoy/source/extensions/common/wasm/context.cc:1538] wasm log response-cache response-cache response-cache: redis call end, request-id: 19e952fc-bc8d-4be6-84e1-ebada64a2764, respQuery: KjINCiQzDQpnZXQNCiQyNA0KaGlncmVzcy1hdWRpdDpoaXQtcjMtMDQ3DQo=, respValue: JDQxDQp7InNvdXJjZSI6ImNhY2hlIiwidmFsdWUiOiJmaXh0dXJlLW9ubHkifQ0K
envoy-1          | 2026-09-23T10:13:55.485736494Z [2026-09-23 10:13:55.485][29][info][wasm] [external/envoy/source/extensions/common/wasm/context.cc:1541] wasm log response-cache response-cache response-cache: [response-cache] [nil] [774d6c52-33c2-49b5-8484-89d0599c26c0] [response-cache] cache hit for key: hit-r3-047
envoy-1          | 2026-09-23T10:13:55.485806158Z [2026-09-23 10:13:55.485][29][debug][wasm] [external/envoy/source/extensions/common/wasm/context.cc:1538] wasm log response-cache response-cache response-cache: [response-cache] [nil] [774d6c52-33c2-49b5-8484-89d0599c26c0] [response-cache] [processCacheHit] cached response for key hit-r3-047: {"source":"cache","value":"fixture-only"}
envoy-1          | 2026-09-23T10:13:55.486213025Z [2026-09-23 10:13:55.486][29][debug][wasm] [external/envoy/source/extensions/common/wasm/context.cc:1538] wasm log response-cache response-cache response-cache: [response-cache] [nil] [774d6c52-33c2-49b5-8484-89d0599c26c0] SetResponseBodyBufferLimit: 10485760
envoy-1          | 2026-09-23T10:13:55.486321061Z [2026-09-23 10:13:55.486][29][debug][wasm] [external/envoy/source/extensions/common/wasm/context.cc:1538] wasm log response-cache response-cache response-cache: [response-cache] [nil] [774d6c52-33c2-49b5-8484-89d0599c26c0] [onHttpResponseBody] key is nil, skip cache
envoy-1          | 2026-09-23T10:13:55.618324558Z [2026-09-23 10:13:55.618][29][debug][wasm] [external/envoy/source/extensions/common/wasm/context.cc:1538] wasm log response-cache response-cache response-cache: [response-cache] [nil] [c1375725-7dce-4c4e-9d67-0df6b85dfe30] [onHttpRequestHeaders] cache key from request header: x-http-cache-key, key: hit-r3-048
envoy-1          | 2026-09-23T10:13:55.618359618Z [2026-09-23 10:13:55.618][29][debug][wasm] [external/envoy/source/extensions/common/wasm/context.cc:1538] wasm log response-cache response-cache response-cache: [response-cache] [nil] [c1375725-7dce-4c4e-9d67-0df6b85dfe30] [response-cache] [CheckCacheForKey] querying cache with key: higress-audit:hit-r3-048
envoy-1          | 2026-09-23T10:13:55.618540055Z [2026-09-23 10:13:55.618][29][debug][wasm] [external/envoy/source/extensions/common/wasm/context.cc:1538] wasm log response-cache response-cache response-cache: redis call start, request-id: a3c6663e-e366-474d-b600-4d1bdd525779, respQuery: KjINCiQzDQpnZXQNCiQyNA0KaGlncmVzcy1hdWRpdDpoaXQtcjMtMDQ4DQo=
envoy-1          | 2026-09-23T10:13:55.637775622Z [2026-09-23 10:13:55.637][29][debug][wasm] [external/envoy/source/extensions/common/wasm/context.cc:1538] wasm log response-cache response-cache response-cache: redis call end, request-id: a3c6663e-e366-474d-b600-4d1bdd525779, respQuery: KjINCiQzDQpnZXQNCiQyNA0KaGlncmVzcy1hdWRpdDpoaXQtcjMtMDQ4DQo=, respValue: JDQxDQp7InNvdXJjZSI6ImNhY2hlIiwidmFsdWUiOiJmaXh0dXJlLW9ubHkifQ0K
envoy-1          | 2026-09-23T10:13:55.637795006Z [2026-09-23 10:13:55.637][29][info][wasm] [external/envoy/source/extensions/common/wasm/context.cc:1541] wasm log response-cache response-cache response-cache: [response-cache] [nil] [c1375725-7dce-4c4e-9d67-0df6b85dfe30] [response-cache] cache hit for key: hit-r3-048
envoy-1          | 2026-09-23T10:13:55.637801668Z [2026-09-23 10:13:55.637][29][debug][wasm] [external/envoy/source/extensions/common/wasm/context.cc:1538] wasm log response-cache response-cache response-cache: [response-cache] [nil] [c1375725-7dce-4c4e-9d67-0df6b85dfe30] [response-cache] [processCacheHit] cached response for key hit-r3-048: {"source":"cache","value":"fixture-only"}
envoy-1          | 2026-09-23T10:13:55.638093969Z [2026-09-23 10:13:55.638][29][debug][wasm] [external/envoy/source/extensions/common/wasm/context.cc:1538] wasm log response-cache response-cache response-cache: [response-cache] [nil] [c1375725-7dce-4c4e-9d67-0df6b85dfe30] SetResponseBodyBufferLimit: 10485760
envoy-1          | 2026-09-23T10:13:55.638186801Z [2026-09-23 10:13:55.638][29][debug][wasm] [external/envoy/source/extensions/common/wasm/context.cc:1538] wasm log response-cache response-cache response-cache: [response-cache] [nil] [c1375725-7dce-4c4e-9d67-0df6b85dfe30] [onHttpResponseBody] key is nil, skip cache
envoy-1          | 2026-09-23T10:13:55.770651815Z [2026-09-23 10:13:55.770][29][debug][wasm] [external/envoy/source/extensions/common/wasm/context.cc:1538] wasm log response-cache response-cache response-cache: [response-cache] [nil] [16736cf1-c1b0-4909-97a7-34ff2b24a498] [onHttpRequestHeaders] cache key from request header: x-http-cache-key, key: hit-r3-049
envoy-1          | 2026-09-23T10:13:55.770680225Z [2026-09-23 10:13:55.770][29][debug][wasm] [external/envoy/source/extensions/common/wasm/context.cc:1538] wasm log response-cache response-cache response-cache: [response-cache] [nil] [16736cf1-c1b0-4909-97a7-34ff2b24a498] [response-cache] [CheckCacheForKey] querying cache with key: higress-audit:hit-r3-049
envoy-1          | 2026-09-23T10:13:55.770849489Z [2026-09-23 10:13:55.770][29][debug][wasm] [external/envoy/source/extensions/common/wasm/context.cc:1538] wasm log response-cache response-cache response-cache: redis call start, request-id: 2ad0c73b-9b16-4b0b-bebf-e8db4c9da35f, respQuery: KjINCiQzDQpnZXQNCiQyNA0KaGlncmVzcy1hdWRpdDpoaXQtcjMtMDQ5DQo=
envoy-1          | 2026-09-23T10:13:55.790084336Z [2026-09-23 10:13:55.789][29][debug][wasm] [external/envoy/source/extensions/common/wasm/context.cc:1538] wasm log response-cache response-cache response-cache: redis call end, request-id: 2ad0c73b-9b16-4b0b-bebf-e8db4c9da35f, respQuery: KjINCiQzDQpnZXQNCiQyNA0KaGlncmVzcy1hdWRpdDpoaXQtcjMtMDQ5DQo=, respValue: JDQxDQp7InNvdXJjZSI6ImNhY2hlIiwidmFsdWUiOiJmaXh0dXJlLW9ubHkifQ0K
envoy-1          | 2026-09-23T10:13:55.790100133Z [2026-09-23 10:13:55.790][29][info][wasm] [external/envoy/source/extensions/common/wasm/context.cc:1541] wasm log response-cache response-cache response-cache: [response-cache] [nil] [16736cf1-c1b0-4909-97a7-34ff2b24a498] [response-cache] cache hit for key: hit-r3-049
envoy-1          | 2026-09-23T10:13:55.790227769Z [2026-09-23 10:13:55.790][29][debug][wasm] [external/envoy/source/extensions/common/wasm/context.cc:1538] wasm log response-cache response-cache response-cache: [response-cache] [nil] [16736cf1-c1b0-4909-97a7-34ff2b24a498] [response-cache] [processCacheHit] cached response for key hit-r3-049: {"source":"cache","value":"fixture-only"}
envoy-1          | 2026-09-23T10:13:55.790540203Z [2026-09-23 10:13:55.790][29][debug][wasm] [external/envoy/source/extensions/common/wasm/context.cc:1538] wasm log response-cache response-cache response-cache: [response-cache] [nil] [16736cf1-c1b0-4909-97a7-34ff2b24a498] SetResponseBodyBufferLimit: 10485760
envoy-1          | 2026-09-23T10:13:55.790652819Z [2026-09-23 10:13:55.790][29][debug][wasm] [external/envoy/source/extensions/common/wasm/context.cc:1538] wasm log response-cache response-cache response-cache: [response-cache] [nil] [16736cf1-c1b0-4909-97a7-34ff2b24a498] [onHttpResponseBody] key is nil, skip cache
