2026-08-29T16:32:00.327456194Z 2026-08-29T16:32:00.327238Z	info	FLAG: --automaticHttpsEmail=""
2026-08-29T16:32:00.327490464Z 2026-08-29T16:32:00.327288Z	info	FLAG: --certHttpAddress=":8889"
2026-08-29T16:32:00.327494666Z 2026-08-29T16:32:00.327309Z	info	FLAG: --clusterAliases="[]"
2026-08-29T16:32:00.327498227Z 2026-08-29T16:32:00.327312Z	info	FLAG: --clusterID="Kubernetes"
2026-08-29T16:32:00.327502045Z 2026-08-29T16:32:00.327315Z	info	FLAG: --clusterRegistriesNamespace=""
2026-08-29T16:32:00.327505831Z 2026-08-29T16:32:00.327319Z	info	FLAG: --debug="true"
2026-08-29T16:32:00.327509092Z 2026-08-29T16:32:00.327323Z	info	FLAG: --domain="cluster.local"
2026-08-29T16:32:00.327512772Z 2026-08-29T16:32:00.327326Z	info	FLAG: --enableAutomaticHttps="true"
2026-08-29T16:32:00.327515965Z 2026-08-29T16:32:00.327329Z	info	FLAG: --enableStatus="true"
2026-08-29T16:32:00.327519155Z 2026-08-29T16:32:00.327332Z	info	FLAG: --gatewayClass="higress"
2026-08-29T16:32:00.327522531Z 2026-08-29T16:32:00.327336Z	info	FLAG: --gatewayHttpPort="80"
2026-08-29T16:32:00.327534085Z 2026-08-29T16:32:00.327339Z	info	FLAG: --gatewayHttpsPort="443"
2026-08-29T16:32:00.327537489Z 2026-08-29T16:32:00.327342Z	info	FLAG: --gatewaySelectorKey="higress"
2026-08-29T16:32:00.327541210Z 2026-08-29T16:32:00.327345Z	info	FLAG: --gatewaySelectorValue="higress-system-higress-gateway"
2026-08-29T16:32:00.327545373Z 2026-08-29T16:32:00.327348Z	info	FLAG: --grpcAddress=":15051"
2026-08-29T16:32:00.327549366Z 2026-08-29T16:32:00.327351Z	info	FLAG: --help="false"
2026-08-29T16:32:00.327552639Z 2026-08-29T16:32:00.327354Z	info	FLAG: --httpAddress=":8888"
2026-08-29T16:32:00.327556012Z 2026-08-29T16:32:00.327357Z	info	FLAG: --ingressClass="higress"
2026-08-29T16:32:00.327559309Z 2026-08-29T16:32:00.327360Z	info	FLAG: --keepStaleWhenEmpty="false"
2026-08-29T16:32:00.327562629Z 2026-08-29T16:32:00.327365Z	info	FLAG: --keepaliveInterval="30s"
2026-08-29T16:32:00.327566094Z 2026-08-29T16:32:00.327369Z	info	FLAG: --keepaliveMaxServerConnectionAge="2562047h47m16.854775807s"
2026-08-29T16:32:00.327569961Z 2026-08-29T16:32:00.327372Z	info	FLAG: --keepaliveTimeout="10s"
2026-08-29T16:32:00.327573244Z 2026-08-29T16:32:00.327375Z	info	FLAG: --kubeconfig=""
2026-08-29T16:32:00.327576501Z 2026-08-29T16:32:00.327379Z	info	FLAG: --kubernetesApiBurst="160"
2026-08-29T16:32:00.327579862Z 2026-08-29T16:32:00.327384Z	info	FLAG: --kubernetesApiQPS="80"
2026-08-29T16:32:00.327583239Z 2026-08-29T16:32:00.327387Z	info	FLAG: --log_as_json="false"
2026-08-29T16:32:00.327586390Z 2026-08-29T16:32:00.327391Z	info	FLAG: --log_caller=""
2026-08-29T16:32:00.327589573Z 2026-08-29T16:32:00.327394Z	info	FLAG: --log_output_level=""
2026-08-29T16:32:00.327592995Z 2026-08-29T16:32:00.327397Z	info	FLAG: --log_stacktrace_level="default:none"
2026-08-29T16:32:00.327596212Z 2026-08-29T16:32:00.327407Z	info	FLAG: --log_target="[stdout]"
2026-08-29T16:32:00.327599479Z 2026-08-29T16:32:00.327412Z	info	FLAG: --vklog="0"
2026-08-29T16:32:00.327602694Z 2026-08-29T16:32:00.327415Z	info	FLAG: --watchNamespace=""
2026-08-29T16:32:00.380300894Z 2026-08-29T16:32:00.380116Z	info	init xds server
2026-08-29T16:32:00.417712101Z 2026-08-29T16:32:00.417353Z	info	krt	gateway/InferenceExtension synced (uid 59)	owner=gateway/InferenceExtension
2026-08-29T16:32:00.418049026Z 2026-08-29T16:32:00.417873Z	info	krt	gateway/BackendTrafficPolicy synced (uid 91)	owner=gateway/BackendTrafficPolicy
2026-08-29T16:32:00.419474012Z 2026-08-29T16:32:00.419313Z	info	initializing registry event handlers
2026-08-29T16:32:00.419496192Z 2026-08-29T16:32:00.419363Z	info	ingress	register resource networking.istio.io/v1/DestinationRule
2026-08-29T16:32:00.419505272Z 2026-08-29T16:32:00.419379Z	info	ingress	register resource networking.istio.io/v1alpha3/EnvoyFilter
2026-08-29T16:32:00.419540596Z 2026-08-29T16:32:00.419390Z	info	ingress	register resource networking.istio.io/v1/Gateway
2026-08-29T16:32:00.419549243Z 2026-08-29T16:32:00.419399Z	info	ingress	register resource networking.istio.io/v1/ServiceEntry
2026-08-29T16:32:00.419557212Z 2026-08-29T16:32:00.419415Z	info	ingress	register resource networking.istio.io/v1/VirtualService
2026-08-29T16:32:00.419566115Z 2026-08-29T16:32:00.419424Z	info	ingress	register resource extensions.istio.io/v1alpha1/WasmPlugin
2026-08-29T16:32:00.419593656Z 2026-08-29T16:32:00.419437Z	info	init cert default config
2026-08-29T16:32:00.426180834Z 2026-08-29T16:32:00.425987Z	info	cert	certmgr init config: &{AutomaticHttps:true FallbackForInvalidSecret:false RenewBeforeDays:30 CredentialConfig:[] ACMEIssuer:[{Name:letsencrypt Email:your74799@yours80301.com AK: SK:}] Version:20260829041724}
2026-08-29T16:32:00.426262408Z 2026-08-29T16:32:00.426196Z	info	cert	Setting up configmap informer event handlers
2026-08-29T16:32:00.426302497Z 2026-08-29T16:32:00.426227Z	info	cert	server init http server
2026-08-29T16:32:00.426329232Z 2026-08-29T16:32:00.426279Z	info	Checking CRD versions...
2026-08-29T16:32:00.426427675Z 2026-08-29T16:32:00.426302Z	info	maintenance	started background certificate maintenance	{"cache": "0x3f8ff0da4090"}
2026-08-29T16:32:00.476410123Z 2026-08-29T16:32:00.476146Z	info	✅ All required CRDs are up-to-date
2026-08-29T16:32:00.476450019Z 2026-08-29T16:32:00.476190Z	info	Starting ADS server
2026-08-29T16:32:00.476482403Z 2026-08-29T16:32:00.476411Z	info	cluster "higress" kube client started
2026-08-29T16:32:00.476906123Z 2026-08-29T16:32:00.476747Z	info	status	Starting status manager
2026-08-29T16:32:00.476951190Z 2026-08-29T16:32:00.476896Z	info	kube	Starting Pilot K8S CRD controller	controller=gateway-controller
2026-08-29T16:32:00.477022875Z 2026-08-29T16:32:00.476940Z	info	kube	controller "gateway.networking.k8s.io/v1/BackendTLSPolicy" is syncing...	controller=gateway-controller
2026-08-29T16:32:00.477450341Z 2026-08-29T16:32:00.477273Z	info	controllers	starting	controller=inference pool shadow service reconciler
2026-08-29T16:32:00.479787671Z 2026-08-29T16:32:00.479489Z	info	kube	controller "gateway.networking.k8s.io/v1/BackendTLSPolicy" is syncing...	controller=gateway-controller
2026-08-29T16:32:00.485686567Z 2026-08-29T16:32:00.485427Z	info	kube	controller "gateway.networking.k8s.io/v1/BackendTLSPolicy" is syncing...	controller=gateway-controller
2026-08-29T16:32:00.485712554Z 2026-08-29T16:32:00.485453Z	info	sync complete	name=tag watcher attempt=3 time=8.202505ms
2026-08-29T16:32:00.485728739Z 2026-08-29T16:32:00.485660Z	info	controllers	starting	controller=tag
2026-08-29T16:32:00.494493633Z 2026-08-29T16:32:00.494245Z	info	kube	controller "gateway.networking.k8s.io/v1/TCPRoute" is syncing...	controller=gateway-controller
2026-08-29T16:32:00.494518133Z 2026-08-29T16:32:00.494275Z	info	sync complete	name=gateway tag watcher attempt=4 time=17.009097ms
2026-08-29T16:32:00.511195757Z 2026-08-29T16:32:00.510975Z	info	kube	controller "gateway.networking.k8s.io/v1/HTTPRoute" is syncing...	controller=gateway-controller
2026-08-29T16:32:00.540649830Z 2026-08-29T16:32:00.540311Z	info	sync complete	name=crd watcher attempt=6 time=63.85982ms
2026-08-29T16:32:00.540682250Z 2026-08-29T16:32:00.540410Z	info	controllers	starting	controller=crd watcher
2026-08-29T16:32:00.540693358Z 2026-08-29T16:32:00.540584Z	info	backendtlspolicies.gateway.networking.k8s.io is now ready, building client
2026-08-29T16:32:00.540726859Z 2026-08-29T16:32:00.540677Z	info	backendtlspolicies.gateway.networking.k8s.io is now ready, building client
2026-08-29T16:32:00.540778095Z 2026-08-29T16:32:00.540727Z	info	gatewayclasses.gateway.networking.k8s.io is now ready, building client
2026-08-29T16:32:00.540869291Z 2026-08-29T16:32:00.540771Z	info	gatewayclasses.gateway.networking.k8s.io is now ready, building client
2026-08-29T16:32:00.540914312Z 2026-08-29T16:32:00.540817Z	info	gateways.gateway.networking.k8s.io is now ready, building client
2026-08-29T16:32:00.540941637Z 2026-08-29T16:32:00.540859Z	info	gateways.gateway.networking.k8s.io is now ready, building client
2026-08-29T16:32:00.541031189Z 2026-08-29T16:32:00.540965Z	info	grpcroutes.gateway.networking.k8s.io is now ready, building client
2026-08-29T16:32:00.541442604Z 2026-08-29T16:32:00.541201Z	info	grpcroutes.gateway.networking.k8s.io is now ready, building client
2026-08-29T16:32:00.541470151Z 2026-08-29T16:32:00.541345Z	info	httproutes.gateway.networking.k8s.io is now ready, building client
2026-08-29T16:32:00.541500892Z 2026-08-29T16:32:00.541396Z	info	httproutes.gateway.networking.k8s.io is now ready, building client
2026-08-29T16:32:00.541524328Z 2026-08-29T16:32:00.541448Z	info	listenersets.gateway.networking.k8s.io is now ready, building client
2026-08-29T16:32:00.541545384Z 2026-08-29T16:32:00.541489Z	info	listenersets.gateway.networking.k8s.io is now ready, building client
2026-08-29T16:32:00.541602909Z 2026-08-29T16:32:00.541524Z	info	referencegrants.gateway.networking.k8s.io is now ready, building client
2026-08-29T16:32:00.541629644Z 2026-08-29T16:32:00.541563Z	info	referencegrants.gateway.networking.k8s.io is now ready, building client
2026-08-29T16:32:00.541645352Z 2026-08-29T16:32:00.541594Z	info	tcproutes.gateway.networking.k8s.io is now ready, building client
2026-08-29T16:32:00.541662393Z 2026-08-29T16:32:00.541628Z	info	tcproutes.gateway.networking.k8s.io is now ready, building client
2026-08-29T16:32:00.541719082Z 2026-08-29T16:32:00.541657Z	info	tlsroutes.gateway.networking.k8s.io is now ready, building client
2026-08-29T16:32:00.541744110Z 2026-08-29T16:32:00.541692Z	info	tlsroutes.gateway.networking.k8s.io is now ready, building client
2026-08-29T16:32:00.543396405Z 2026-08-29T16:32:00.543077Z	info	kube	controller "gateway.networking.k8s.io/v1/HTTPRoute" is syncing...	controller=gateway-controller
2026-08-29T16:32:00.543425978Z 2026-08-29T16:32:00.543104Z	info	sync complete	name=crd watcher attempt=2 time=2.030561ms
2026-08-29T16:32:00.544120598Z 2026-08-29T16:32:00.543908Z	info	ads	full push happen, reason:map[config:1]
2026-08-29T16:32:00.544137670Z 2026-08-29T16:32:00.543879Z	info	sync complete	name=gateway/informer/Namespaces attempt=7 time=127.26401ms
2026-08-29T16:32:00.544147698Z 2026-08-29T16:32:00.543952Z	info	ads	full push happen, reason:map[config:1]
2026-08-29T16:32:00.544156058Z 2026-08-29T16:32:00.543954Z	info	krt	gateway/informer/Namespaces synced	owner=gateway/informer/Namespaces
2026-08-29T16:32:00.544164723Z 2026-08-29T16:32:00.543885Z	info	sync complete	name=gateway/informer/BackendTLSPolicies attempt=7 time=127.104733ms
2026-08-29T16:32:00.544172786Z 2026-08-29T16:32:00.543905Z	info	sync complete	name=gateway/informer/Services attempt=7 time=127.228186ms
2026-08-29T16:32:00.544180934Z 2026-08-29T16:32:00.544009Z	info	krt	gateway/informer/BackendTLSPolicies synced	owner=gateway/informer/BackendTLSPolicies
2026-08-29T16:32:00.544189075Z 2026-08-29T16:32:00.544019Z	info	krt	gateway/informer/Services synced	owner=gateway/informer/Services
2026-08-29T16:32:00.544235811Z 2026-08-29T16:32:00.544093Z	info	sync complete	name=gateway/informer/Secrets attempt=7 time=127.46552ms
2026-08-29T16:32:00.544410229Z 2026-08-29T16:32:00.544069Z	info	sync complete	name=gateway/informer/ConfigMaps attempt=7 time=127.414163ms
2026-08-29T16:32:00.544452498Z 2026-08-29T16:32:00.544128Z	info	sync complete	name=gateway/informer/BackendTLSPolicies handler attempt=1 time=1.32µs
2026-08-29T16:32:00.544458962Z 2026-08-29T16:32:00.544159Z	info	krt	gateway/informer/Secrets synced	owner=gateway/informer/Secrets
2026-08-29T16:32:00.544481036Z 2026-08-29T16:32:00.544179Z	info	krt	gateway/informer/ConfigMaps synced	owner=gateway/informer/ConfigMaps
2026-08-29T16:32:00.544515258Z 2026-08-29T16:32:00.544199Z	info	krt	gateway/BackendTLSPolicy synced (uid 94)	owner=gateway/BackendTLSPolicy
2026-08-29T16:32:00.544528728Z 2026-08-29T16:32:00.544216Z	info	sync complete	name=gateway/informer/GatewayClasses attempt=7 time=127.547455ms
2026-08-29T16:32:00.544534667Z 2026-08-29T16:32:00.544223Z	info	sync complete	name=crdclient/informer/GatewayClass attempt=7 time=127.980746ms
2026-08-29T16:32:00.544539609Z 2026-08-29T16:32:00.544259Z	info	krt	gateway/informer/GatewayClasses synced	owner=gateway/informer/GatewayClasses
2026-08-29T16:32:00.544543965Z 2026-08-29T16:32:00.544268Z	info	krt	crdclient/informer/GatewayClass synced	owner=crdclient/informer/GatewayClass
2026-08-29T16:32:00.544548871Z 2026-08-29T16:32:00.544258Z	info	krt	Join[istio.BackendPolicy] synced
2026-08-29T16:32:00.544553328Z 2026-08-29T16:32:00.544286Z	info	sync complete	name=crdclient/informer/BackendTLSPolicy attempt=7 time=128.108515ms
2026-08-29T16:32:00.544557691Z 2026-08-29T16:32:00.544349Z	info	krt	crdclient/informer/BackendTLSPolicy synced	owner=crdclient/informer/BackendTLSPolicy
2026-08-29T16:32:00.544562194Z 2026-08-29T16:32:00.544357Z	info	sync complete	name=gateway/informer/ServiceEntries attempt=7 time=127.457153ms
2026-08-29T16:32:00.544566755Z 2026-08-29T16:32:00.544420Z	info	krt	gateway/informer/ServiceEntries synced	owner=gateway/informer/ServiceEntries
2026-08-29T16:32:00.544757359Z 2026-08-29T16:32:00.544564Z	info	sync complete	name=gateway/informer/GatewayClasses handler attempt=1 time=1.568µs
2026-08-29T16:32:00.544889312Z 2026-08-29T16:32:00.544806Z	info	krt	gateway/GatewayClasses synced (uid 50)	owner=gateway/GatewayClasses
2026-08-29T16:32:00.545568220Z 2026-08-29T16:32:00.544809Z	info	krt	gateway/BackendPolicyMerged synced (uid 98)	owner=gateway/BackendPolicyMerged
2026-08-29T16:32:00.546110923Z 2026-08-29T16:32:00.546019Z	info	ads	full push happen, reason:map[config:1]
2026-08-29T16:32:00.546394606Z 2026-08-29T16:32:00.546078Z	info	ads	full push happen, reason:map[config:1]
2026-08-29T16:32:00.548964711Z 2026-08-29T16:32:00.548742Z	info	ads	full push happen, reason:map[config:1]
2026-08-29T16:32:00.548994536Z 2026-08-29T16:32:00.548876Z	info	ads	full push happen, reason:map[config:1]
2026-08-29T16:32:00.576935586Z 2026-08-29T16:32:00.576551Z	info	controllers	starting	controller=higressConfig
2026-08-29T16:32:00.576963687Z 2026-08-29T16:32:00.576707Z	info	controllers	starting	controller=secret
2026-08-29T16:32:00.576973903Z 2026-08-29T16:32:00.576800Z	info	controllers	starting	controller=ingressv1
2026-08-29T16:32:00.576983162Z 2026-08-29T16:32:00.576815Z	info	ingress	configmapMgr AddOrUpdateHigressConfig
2026-08-29T16:32:00.578093186Z 2026-08-29T16:32:00.577899Z	info	ingress	configmapMgr oldHigressConfig: {"tracing":{"sampling":100,"timeout":500},"gzip":{"enable":true,"minContentLength":1024,"contentType":["text/html","text/css","text/plain","text/xml","application/json","application/javascript","application/xhtml+xml","image/svg+xml"],"disableOnEtagHeader":true,"memoryLevel":5,"windowBits":12,"chunkSize":4096,"compressionLevel":"BEST_COMPRESSION","compressionStrategy":"DEFAULT_STRATEGY"},"downstream":{"idleTimeout":180,"maxRequestHeadersKb":60,"connectionBufferLimits":32768,"http2":{"maxConcurrentStreams":100,"initialStreamWindowSize":65535,"initialConnectionWindowSize":1048576},"routeTimeout":0},"upstream":{"idleTimeout":10,"connectionBufferLimits":10485760},"mcpServer":{}}
2026-08-29T16:32:00.578119456Z 2026-08-29T16:32:00.577928Z	info	ingress	configmapMgr newHigressConfig: {"tracing":{"sampling":100,"timeout":500},"gzip":{"enable":true,"minContentLength":1024,"contentType":["text/html","text/css","text/plain","text/xml","application/json","application/javascript","application/xhtml+xml","image/svg+xml"],"disableOnEtagHeader":true,"memoryLevel":5,"windowBits":12,"chunkSize":4096,"compressionLevel":"BEST_COMPRESSION","compressionStrategy":"DEFAULT_STRATEGY"},"downstream":{"idleTimeout":180,"maxRequestHeadersKb":60,"connectionBufferLimits":32768,"http2":{"maxConcurrentStreams":100,"initialStreamWindowSize":65535,"initialConnectionWindowSize":1048576},"routeTimeout":0},"upstream":{"idleTimeout":10,"connectionBufferLimits":10485760},"mcpServer":{}}
2026-08-29T16:32:00.578148831Z 2026-08-29T16:32:00.577955Z	info	ingress	configmapMgr CompareHigressConfig result is 0
2026-08-29T16:32:00.605459968Z 2026-08-29T16:32:00.605202Z	info	sync complete	name=crd watcher attempt=7 time=128.77191ms
2026-08-29T16:32:00.607506490Z 2026-08-29T16:32:00.607218Z	info	kube	controller "gateway.networking.k8s.io/v1/TCPRoute" is syncing...	controller=gateway-controller
2026-08-29T16:32:00.643582550Z 2026-08-29T16:32:00.643314Z	info	controllers	starting	controller=gateway class
2026-08-29T16:32:00.644843267Z 2026-08-29T16:32:00.644561Z	info	sync complete	name=gateway/informer/TLSRoutes attempt=8 time=227.764867ms
2026-08-29T16:32:00.644868159Z 2026-08-29T16:32:00.644632Z	info	krt	gateway/informer/TLSRoutes synced	owner=gateway/informer/TLSRoutes
2026-08-29T16:32:00.644877178Z 2026-08-29T16:32:00.644659Z	info	sync complete	name=gateway/informer/HTTPRoutes attempt=8 time=227.962198ms
2026-08-29T16:32:00.644886139Z 2026-08-29T16:32:00.644754Z	info	krt	gateway/informer/HTTPRoutes synced	owner=gateway/informer/HTTPRoutes
2026-08-29T16:32:00.644912471Z 2026-08-29T16:32:00.644763Z	info	sync complete	name=gateway/informer/ReferenceGrants attempt=8 time=227.946175ms
2026-08-29T16:32:00.644921571Z 2026-08-29T16:32:00.644829Z	info	krt	gateway/informer/ReferenceGrants synced	owner=gateway/informer/ReferenceGrants
2026-08-29T16:32:00.644965948Z 2026-08-29T16:32:00.644814Z	info	sync complete	name=gateway/informer/TLSRoutes handler attempt=1 time=2.501µs
2026-08-29T16:32:00.645022395Z 2026-08-29T16:32:00.644870Z	info	sync complete	name=crdclient/informer/GRPCRoute attempt=8 time=228.663078ms
2026-08-29T16:32:00.645043652Z 2026-08-29T16:32:00.644956Z	info	krt	crdclient/informer/GRPCRoute synced	owner=crdclient/informer/GRPCRoute
2026-08-29T16:32:00.645053336Z 2026-08-29T16:32:00.644958Z	info	krt	gateway/TLSRoute synced (uid 71)	owner=gateway/TLSRoute
2026-08-29T16:32:00.645077969Z 2026-08-29T16:32:00.644977Z	info	sync complete	name=crdclient/informer/ReferenceGrant attempt=8 time=228.710955ms
2026-08-29T16:32:00.645091405Z 2026-08-29T16:32:00.644758Z	info	sync complete	name=gateway/informer/TLSRoutes handler attempt=1 time=1.796µs
2026-08-29T16:32:00.645100116Z 2026-08-29T16:32:00.645017Z	info	krt	crdclient/informer/ReferenceGrant synced	owner=crdclient/informer/ReferenceGrant
2026-08-29T16:32:00.645108369Z 2026-08-29T16:32:00.644949Z	info	sync complete	name=gateway/informer/TLSRoutes handler attempt=1 time=1.148µs
2026-08-29T16:32:00.645125745Z 2026-08-29T16:32:00.645067Z	info	krt	gateway/TLSAncestors synced (uid 69)	owner=gateway/TLSAncestors
2026-08-29T16:32:00.645134264Z 2026-08-29T16:32:00.645062Z	info	krt	gateway/TLSRoute/count synced (uid 68)	owner=gateway/TLSRoute/count
2026-08-29T16:32:00.645142349Z 2026-08-29T16:32:00.644968Z	info	sync complete	name=gateway/informer/ReferenceGrants handler attempt=1 time=1.615µs
2026-08-29T16:32:00.645163345Z 2026-08-29T16:32:00.645110Z	info	krt	gateway/ReferenceGrants synced (uid 51)	owner=gateway/ReferenceGrants
2026-08-29T16:32:00.645175129Z 2026-08-29T16:32:00.645103Z	info	sync complete	name=gateway/informer/TCPRoutes attempt=8 time=228.334334ms
2026-08-29T16:32:00.645183337Z 2026-08-29T16:32:00.645107Z	info	sync complete	name=crdclient/informer/TLSRoute attempt=8 time=228.745925ms
2026-08-29T16:32:00.645212521Z 2026-08-29T16:32:00.645147Z	info	krt	crdclient/informer/TLSRoute synced	owner=crdclient/informer/TLSRoute
2026-08-29T16:32:00.645252954Z 2026-08-29T16:32:00.645127Z	info	sync complete	name=crdclient/informer/ListenerSet attempt=8 time=228.868041ms
2026-08-29T16:32:00.645261370Z 2026-08-29T16:32:00.645125Z	info	sync complete	name=crdclient/informer/HTTPRoute attempt=8 time=228.88158ms
2026-08-29T16:32:00.645269658Z 2026-08-29T16:32:00.645180Z	info	krt	crdclient/informer/ListenerSet synced	owner=crdclient/informer/ListenerSet
2026-08-29T16:32:00.645290134Z 2026-08-29T16:32:00.645121Z	info	sync complete	name=crdclient/informer/TCPRoute attempt=8 time=228.838359ms
2026-08-29T16:32:00.645298354Z 2026-08-29T16:32:00.645190Z	info	krt	crdclient/informer/HTTPRoute synced	owner=crdclient/informer/HTTPRoute
2026-08-29T16:32:00.645306702Z 2026-08-29T16:32:00.645230Z	info	krt	crdclient/informer/TCPRoute synced	owner=crdclient/informer/TCPRoute
2026-08-29T16:32:00.645328670Z 2026-08-29T16:32:00.645170Z	info	sync complete	name=gateway/informer/ListenerSet attempt=8 time=228.344585ms
2026-08-29T16:32:00.645348182Z 2026-08-29T16:32:00.645134Z	info	krt	gateway/informer/TCPRoutes synced	owner=gateway/informer/TCPRoutes
2026-08-29T16:32:00.645360198Z 2026-08-29T16:32:00.645273Z	info	krt	gateway/informer/ListenerSet synced	owner=gateway/informer/ListenerSet
2026-08-29T16:32:00.645368626Z 2026-08-29T16:32:00.645275Z	info	sync complete	name=crdclient/informer/Gateway attempt=8 time=228.999567ms
2026-08-29T16:32:00.645398295Z 2026-08-29T16:32:00.645305Z	info	krt	crdclient/informer/Gateway synced	owner=crdclient/informer/Gateway
2026-08-29T16:32:00.645407062Z 2026-08-29T16:32:00.645214Z	info	sync complete	name=gateway/informer/Gateways attempt=8 time=228.541187ms
2026-08-29T16:32:00.645425507Z 2026-08-29T16:32:00.645266Z	info	sync complete	name=gateway/informer/GRPCRoutes attempt=8 time=228.552467ms
2026-08-29T16:32:00.645439967Z 2026-08-29T16:32:00.645337Z	info	krt	gateway/informer/Gateways synced	owner=gateway/informer/Gateways
2026-08-29T16:32:00.645448098Z 2026-08-29T16:32:00.645388Z	info	krt	gateway/informer/GRPCRoutes synced	owner=gateway/informer/GRPCRoutes
2026-08-29T16:32:00.645497360Z 2026-08-29T16:32:00.645381Z	info	sync complete	name=gateway/informer/TCPRoutes handler attempt=1 time=113.132µs
2026-08-29T16:32:00.645523619Z 2026-08-29T16:32:00.645444Z	info	krt	gateway/TCPRoute synced (uid 64)	owner=gateway/TCPRoute
2026-08-29T16:32:00.645532856Z 2026-08-29T16:32:00.645400Z	info	sync complete	name=gateway/informer/ListenerSet handler attempt=1 time=1.96µs
2026-08-29T16:32:00.645586075Z 2026-08-29T16:32:00.645495Z	info	krt	gateway/ListenerSets synced (uid 54)	owner=gateway/ListenerSets
2026-08-29T16:32:00.645601888Z 2026-08-29T16:32:00.645462Z	info	sync complete	name=gateway/informer/TCPRoutes handler attempt=1 time=214.7µs
2026-08-29T16:32:00.645611451Z 2026-08-29T16:32:00.645307Z	info	sync complete	name=gateway/informer/TCPRoutes handler attempt=1 time=2.564µs
2026-08-29T16:32:00.645697296Z 2026-08-29T16:32:00.645544Z	info	krt	gateway/TCPRoute/count synced (uid 61)	owner=gateway/TCPRoute/count
2026-08-29T16:32:00.645709201Z 2026-08-29T16:32:00.645601Z	info	krt	gateway/TCPAncestors synced (uid 62)	owner=gateway/TCPAncestors
2026-08-29T16:32:00.645868645Z 2026-08-29T16:32:00.645736Z	info	sync complete	name=gateway/informer/GRPCRoutes handler attempt=1 time=209.585µs
2026-08-29T16:32:00.645882765Z 2026-08-29T16:32:00.645786Z	info	krt	gateway/GRPCRoute/count synced (uid 79)	owner=gateway/GRPCRoute/count
2026-08-29T16:32:00.645891082Z 2026-08-29T16:32:00.645744Z	info	sync complete	name=gateway/informer/GRPCRoutes handler attempt=1 time=1.217µs
2026-08-29T16:32:00.645927918Z 2026-08-29T16:32:00.645765Z	info	krt	gateway/TCPRouteSelected synced (uid 67)	owner=gateway/TCPRouteSelected
2026-08-29T16:32:00.645958707Z 2026-08-29T16:32:00.645873Z	info	krt	gateway/GRPCRoute synced (uid 82)	owner=gateway/GRPCRoute
2026-08-29T16:32:00.646003538Z 2026-08-29T16:32:00.645933Z	info	krt	gateway/GRPCRouteMerged synced (uid 85)	owner=gateway/GRPCRouteMerged
2026-08-29T16:32:00.646016830Z 2026-08-29T16:32:00.645898Z	info	sync complete	name=gateway/informer/GRPCRoutes handler attempt=1 time=1.028µs
2026-08-29T16:32:00.646026671Z 2026-08-29T16:32:00.645969Z	info	krt	gateway/GRPCAncestors synced (uid 80)	owner=gateway/GRPCAncestors
2026-08-29T16:32:00.647772371Z 2026-08-29T16:32:00.647581Z	info	sync complete	name=gateway/informer/HTTPRoutes handler attempt=2 time=2.528317ms
2026-08-29T16:32:00.647787051Z 2026-08-29T16:32:00.647618Z	info	sync complete	name=gateway/informer/HTTPRoutes handler attempt=2 time=2.758667ms
2026-08-29T16:32:00.647805015Z 2026-08-29T16:32:00.647743Z	info	krt	gateway/Ancestors synced
2026-08-29T16:32:00.647813612Z 2026-08-29T16:32:00.647700Z	info	krt	gateway/HTTPAncestors synced (uid 73)	owner=gateway/HTTPAncestors
2026-08-29T16:32:00.647932360Z 2026-08-29T16:32:00.647823Z	info	sync complete	name=gateway/informer/Gateways handler attempt=2 time=2.294408ms
2026-08-29T16:32:00.647942128Z 2026-08-29T16:32:00.647751Z	info	sync complete	name=gateway/informer/HTTPRoutes handler attempt=2 time=2.792119ms
2026-08-29T16:32:00.649345605Z 2026-08-29T16:32:00.649049Z	info	ads	Push debounce stable[1] 6 for config Gateway//gateway-api-gateway and 3 more configs: 100.077364ms since last change, 105.021753ms since last push, full=true
2026-08-29T16:32:00.649371402Z 2026-08-29T16:32:00.649275Z	info	ingress	Found 0 number of basic auth
2026-08-29T16:32:00.649380686Z 2026-08-29T16:32:00.649288Z	info	ingress	Found 0 number of envoyFilters
2026-08-29T16:32:00.649389419Z 2026-08-29T16:32:00.649301Z	info	ingress	resource type networking.istio.io/v1/VirtualService, ingress number 0, convert configs number 0
2026-08-29T16:32:00.649419826Z 2026-08-29T16:32:00.649347Z	info	ingress	resource type networking.istio.io/v1/DestinationRule, ingress number 0, convert configs number 0
2026-08-29T16:32:00.649485282Z 2026-08-29T16:32:00.649426Z	info	ingress	resource type extensions.istio.io/v1alpha1/WasmPlugin, ingress number 0, convert configs number 0
2026-08-29T16:32:00.649498843Z 2026-08-29T16:32:00.649440Z	info	ingress	controller tracing ConstructEnvoyFilters
2026-08-29T16:32:00.649507971Z 2026-08-29T16:32:00.649448Z	info	ingress	controller gzip ConstructEnvoyFilters
2026-08-29T16:32:00.650204236Z 2026-08-29T16:32:00.650015Z	info	ingress	controller global-option ConstructEnvoyFilters
2026-08-29T16:32:00.650241716Z 2026-08-29T16:32:00.650154Z	info	sync complete	name=gateway/gatewayContext attempt=2 time=2.214275ms
2026-08-29T16:32:00.650251365Z 2026-08-29T16:32:00.650188Z	info	sync complete	name=gateway/gatewayContext attempt=1 time=287ns
2026-08-29T16:32:00.650259469Z 2026-08-29T16:32:00.650212Z	info	sync complete	name=gateway/tagWatcher attempt=1 time=147ns
2026-08-29T16:32:00.650276825Z 2026-08-29T16:32:00.650224Z	info	sync complete	name=gateway/tagWatcher attempt=1 time=140ns
2026-08-29T16:32:00.650285057Z 2026-08-29T16:32:00.650228Z	info	ingress	controller mcpServer ConstructEnvoyFilters
2026-08-29T16:32:00.650293148Z 2026-08-29T16:32:00.650244Z	info	ingress	Append 2 configmap EnvoyFilters
2026-08-29T16:32:00.650301308Z 2026-08-29T16:32:00.650253Z	info	ingress	resource type networking.istio.io/v1alpha3/EnvoyFilter, configs number 2
2026-08-29T16:32:00.652868959Z 2026-08-29T16:32:00.652697Z	info	sync complete	name=gateway/informer/Services handler attempt=2 time=2.282911ms
2026-08-29T16:32:00.656715445Z 2026-08-29T16:32:00.656458Z	info	krt	gateway/KubernetesGateway synced (uid 57)	owner=gateway/KubernetesGateway
2026-08-29T16:32:00.656790494Z 2026-08-29T16:32:00.656705Z	info	ads	full push happen, reason:map[config:1]
2026-08-29T16:32:00.656839161Z 2026-08-29T16:32:00.656726Z	info	krt	gateway/HTTPRoute synced (uid 75)	owner=gateway/HTTPRoute
2026-08-29T16:32:00.656861914Z 2026-08-29T16:32:00.656769Z	info	krt	gateway/HTTPRoute/count synced (uid 72)	owner=gateway/HTTPRoute/count
2026-08-29T16:32:00.656903343Z 2026-08-29T16:32:00.656840Z	info	krt	gateway/RouteAttachments synced
2026-08-29T16:32:00.657381998Z 2026-08-29T16:32:00.657095Z	info	krt	gateway/HTTPRouteMerged synced (uid 78)	owner=gateway/HTTPRouteMerged
2026-08-29T16:32:00.657412961Z 2026-08-29T16:32:00.657118Z	info	krt	gateway/DerivedVirtualServices synced
2026-08-29T16:32:00.657422902Z 2026-08-29T16:32:00.657162Z	info	ads	full push happen, reason:map[config:1]
2026-08-29T16:32:00.657449142Z 2026-08-29T16:32:00.657286Z	info	krt	gateway/GatewayFinalStatus synced (uid 99)	owner=gateway/GatewayFinalStatus
2026-08-29T16:32:00.660915239Z 2026-08-29T16:32:00.660701Z	info	ingress	resource type networking.istio.io/v1/Gateway, ingress number 0, convert configs number 0
2026-08-29T16:32:00.661154295Z 2026-08-29T16:32:00.661066Z	info	ads	XDS: Pushing Services:0 ConnectedEndpoints:0 Version:2026-08-29T16:32:00Z/1
2026-08-29T16:32:00.677546062Z 2026-08-29T16:32:00.677337Z	info	controllers	starting	controller=http2rpc
2026-08-29T16:32:00.677578329Z 2026-08-29T16:32:00.677396Z	info	controllers	starting	controller=wasmplugin
2026-08-29T16:32:00.677587254Z 2026-08-29T16:32:00.677435Z	info	controllers	starting	controller=mcpbridge
2026-08-29T16:32:00.677608782Z 2026-08-29T16:32:00.677511Z	info	ReconcileRegistries, toBeCreated: 1, toBeUpdated: 0, toBeDeleted: 0
2026-08-29T16:32:00.677691787Z 2026-08-29T16:32:00.677614Z	info	ServiceEntry updated, host: pr4231-echo.dns
2026-08-29T16:32:00.677702070Z 2026-08-29T16:32:00.677647Z	info	ads	full push happen, reason:map[config:1]
2026-08-29T16:32:00.677710038Z 2026-08-29T16:32:00.677661Z	info	ads	full push happen, reason:map[config:1]
2026-08-29T16:32:00.677718262Z 2026-08-29T16:32:00.677669Z	info	ads	full push happen, reason:map[config:1]
2026-08-29T16:32:00.677735503Z 2026-08-29T16:32:00.677677Z	info	ads	full push happen, reason:map[config:1]
2026-08-29T16:32:00.677744107Z 2026-08-29T16:32:00.677684Z	info	ads	full push happen, reason:map[config:1]
2026-08-29T16:32:00.677752239Z 2026-08-29T16:32:00.677691Z	info	Registry Watcher is ready, type:dns, name:pr4231-echo
2026-08-29T16:32:00.677761640Z 2026-08-29T16:32:00.677701Z	info	Registries is reconciled
2026-08-29T16:32:00.677769732Z 2026-08-29T16:32:00.677707Z	info	ReconcileProxies, toBeUpdated: 0, toBeDeleted: 0
2026-08-29T16:32:00.677777588Z 2026-08-29T16:32:00.677711Z	info	Proxies are reconciled
2026-08-29T16:32:00.677827184Z 2026-08-29T16:32:00.677720Z	info	ingress	Mcpbridge reconciled
2026-08-29T16:32:00.678296110Z 2026-08-29T16:32:00.678200Z	info	ads	full push happen, reason:map[config:1]
2026-08-29T16:32:00.678307411Z 2026-08-29T16:32:00.678233Z	info	ads	full push happen, reason:map[config:1]
2026-08-29T16:32:00.697338792Z 2026-08-29T16:32:00.697151Z	info	ads	full push happen, reason:map[config:1]
2026-08-29T16:32:00.697372567Z 2026-08-29T16:32:00.697194Z	info	ads	full push happen, reason:map[config:1]
2026-08-29T16:32:00.705938716Z 2026-08-29T16:32:00.705711Z	info	Waiting for caches to be synced
2026-08-29T16:32:00.705969512Z 2026-08-29T16:32:00.705787Z	info	ingress	Ingress config controller synced.
2026-08-29T16:32:00.705980304Z 2026-08-29T16:32:00.705803Z	info	All controller caches have been synced up in 90.254µs
2026-08-29T16:32:00.708493554Z 2026-08-29T16:32:00.708276Z	info	sync complete	name=crdclient attempt=8 time=231.34789ms
2026-08-29T16:32:00.708521889Z 2026-08-29T16:32:00.708317Z	info	kube	Pilot K8S CRD controller synced in 231.417458ms	controller=gateway-controller
2026-08-29T16:32:00.713056973Z 2026-08-29T16:32:00.712847Z	info	ads	full push happen, reason:map[config:1]
2026-08-29T16:32:00.713094085Z 2026-08-29T16:32:00.712877Z	info	ads	full push happen, reason:map[config:1]
2026-08-29T16:32:00.724231586Z 2026-08-29T16:32:00.724009Z	info	ads	full push happen, reason:map[config:1]
2026-08-29T16:32:00.724273126Z 2026-08-29T16:32:00.724041Z	info	ads	full push happen, reason:map[config:1]
2026-08-29T16:32:00.736080159Z 2026-08-29T16:32:00.735966Z	info	ads	full push happen, reason:map[config:1]
2026-08-29T16:32:00.736103004Z 2026-08-29T16:32:00.735995Z	info	ads	full push happen, reason:map[config:1]
2026-08-29T16:32:00.753205466Z 2026-08-29T16:32:00.753071Z	info	ads	full push happen, reason:map[config:1]
2026-08-29T16:32:00.753227634Z 2026-08-29T16:32:00.753109Z	info	ads	full push happen, reason:map[config:1]
2026-08-29T16:32:00.760724712Z 2026-08-29T16:32:00.760569Z	info	ads	full push happen, reason:map[config:1]
2026-08-29T16:32:00.760744069Z 2026-08-29T16:32:00.760594Z	info	ads	full push happen, reason:map[config:1]
2026-08-29T16:32:00.773440041Z 2026-08-29T16:32:00.773292Z	info	ads	full push happen, reason:map[config:1]
2026-08-29T16:32:00.773456435Z 2026-08-29T16:32:00.773324Z	info	ads	full push happen, reason:map[config:1]
2026-08-29T16:32:00.781146956Z 2026-08-29T16:32:00.781030Z	info	ads	full push happen, reason:map[config:1]
2026-08-29T16:32:00.781172434Z 2026-08-29T16:32:00.781059Z	info	ads	full push happen, reason:map[config:1]
2026-08-29T16:32:00.791543200Z 2026-08-29T16:32:00.791401Z	info	ads	full push happen, reason:map[config:1]
2026-08-29T16:32:00.791564535Z 2026-08-29T16:32:00.791438Z	info	ads	full push happen, reason:map[config:1]
2026-08-29T16:32:00.803613522Z 2026-08-29T16:32:00.803500Z	info	ads	full push happen, reason:map[config:1]
2026-08-29T16:32:00.803633344Z 2026-08-29T16:32:00.803533Z	info	ads	full push happen, reason:map[config:1]
2026-08-29T16:32:00.811468265Z 2026-08-29T16:32:00.811363Z	info	ads	full push happen, reason:map[config:1]
2026-08-29T16:32:00.811485686Z 2026-08-29T16:32:00.811393Z	info	ads	full push happen, reason:map[config:1]
2026-08-29T16:32:00.827326181Z 2026-08-29T16:32:00.827218Z	info	ads	full push happen, reason:map[config:1]
2026-08-29T16:32:00.827345099Z 2026-08-29T16:32:00.827240Z	info	ads	full push happen, reason:map[config:1]
2026-08-29T16:32:00.840756985Z 2026-08-29T16:32:00.840616Z	info	ads	full push happen, reason:map[config:1]
2026-08-29T16:32:00.840775104Z 2026-08-29T16:32:00.840633Z	info	ads	full push happen, reason:map[config:1]
2026-08-29T16:32:00.847752582Z 2026-08-29T16:32:00.847685Z	info	ads	full push happen, reason:map[config:1]
2026-08-29T16:32:00.847766045Z 2026-08-29T16:32:00.847708Z	info	ads	full push happen, reason:map[config:1]
2026-08-29T16:32:00.858535218Z 2026-08-29T16:32:00.858464Z	info	ads	full push happen, reason:map[config:1]
2026-08-29T16:32:00.858551855Z 2026-08-29T16:32:00.858483Z	info	ads	full push happen, reason:map[config:1]
2026-08-29T16:32:00.870682929Z 2026-08-29T16:32:00.870581Z	info	ads	full push happen, reason:map[config:1]
2026-08-29T16:32:00.870691226Z 2026-08-29T16:32:00.870605Z	info	ads	full push happen, reason:map[config:1]
2026-08-29T16:32:00.879657260Z 2026-08-29T16:32:00.879512Z	info	ads	full push happen, reason:map[config:1]
2026-08-29T16:32:00.879671839Z 2026-08-29T16:32:00.879529Z	info	ads	full push happen, reason:map[config:1]
2026-08-29T16:32:00.893694613Z 2026-08-29T16:32:00.893573Z	info	ads	full push happen, reason:map[config:1]
2026-08-29T16:32:00.893713953Z 2026-08-29T16:32:00.893605Z	info	ads	full push happen, reason:map[config:1]
2026-08-29T16:32:00.904533107Z 2026-08-29T16:32:00.904409Z	info	ads	full push happen, reason:map[config:1]
2026-08-29T16:32:00.904559478Z 2026-08-29T16:32:00.904447Z	info	ads	full push happen, reason:map[config:1]
2026-08-29T16:32:00.917401228Z 2026-08-29T16:32:00.917261Z	info	ads	full push happen, reason:map[config:1]
2026-08-29T16:32:00.917419691Z 2026-08-29T16:32:00.917304Z	info	ads	full push happen, reason:map[config:1]
2026-08-29T16:32:00.932508212Z 2026-08-29T16:32:00.932283Z	info	ads	full push happen, reason:map[config:1]
2026-08-29T16:32:00.932525533Z 2026-08-29T16:32:00.932318Z	info	ads	full push happen, reason:map[config:1]
2026-08-29T16:32:00.942408051Z 2026-08-29T16:32:00.942254Z	info	ads	full push happen, reason:map[config:1]
2026-08-29T16:32:00.942434747Z 2026-08-29T16:32:00.942286Z	info	ads	full push happen, reason:map[config:1]
2026-08-29T16:32:00.956918565Z 2026-08-29T16:32:00.956770Z	info	ads	full push happen, reason:map[config:1]
2026-08-29T16:32:00.956949597Z 2026-08-29T16:32:00.956807Z	info	ads	full push happen, reason:map[config:1]
2026-08-29T16:32:00.970682632Z 2026-08-29T16:32:00.970441Z	info	ads	full push happen, reason:map[config:1]
2026-08-29T16:32:00.970716909Z 2026-08-29T16:32:00.970483Z	info	ads	full push happen, reason:map[config:1]
2026-08-29T16:32:00.981118413Z 2026-08-29T16:32:00.980931Z	info	ads	full push happen, reason:map[config:1]
2026-08-29T16:32:00.981146465Z 2026-08-29T16:32:00.980949Z	info	ads	full push happen, reason:map[config:1]
2026-08-29T16:32:00.994908376Z 2026-08-29T16:32:00.994709Z	info	ads	full push happen, reason:map[config:1]
2026-08-29T16:32:00.994935436Z 2026-08-29T16:32:00.994751Z	info	ads	full push happen, reason:map[config:1]
2026-08-29T16:32:01.010361746Z 2026-08-29T16:32:01.010196Z	info	ads	full push happen, reason:map[config:1]
2026-08-29T16:32:01.010380979Z 2026-08-29T16:32:01.010214Z	info	ads	full push happen, reason:map[config:1]
2026-08-29T16:32:01.023894538Z 2026-08-29T16:32:01.023733Z	info	ads	full push happen, reason:map[config:1]
2026-08-29T16:32:01.023909551Z 2026-08-29T16:32:01.023763Z	info	ads	full push happen, reason:map[config:1]
2026-08-29T16:32:01.038499551Z 2026-08-29T16:32:01.038286Z	info	ads	full push happen, reason:map[config:1]
2026-08-29T16:32:01.038530384Z 2026-08-29T16:32:01.038318Z	info	ads	full push happen, reason:map[config:1]
2026-08-29T16:32:01.049336977Z 2026-08-29T16:32:01.049213Z	info	ads	full push happen, reason:map[config:1]
2026-08-29T16:32:01.049358702Z 2026-08-29T16:32:01.049235Z	info	ads	full push happen, reason:map[config:1]
2026-08-29T16:32:01.063739227Z 2026-08-29T16:32:01.063622Z	info	ads	full push happen, reason:map[config:1]
2026-08-29T16:32:01.063757277Z 2026-08-29T16:32:01.063652Z	info	ads	full push happen, reason:map[config:1]
2026-08-29T16:32:01.076845266Z 2026-08-29T16:32:01.076665Z	info	ads	full push happen, reason:map[config:1]
2026-08-29T16:32:01.076874587Z 2026-08-29T16:32:01.076697Z	info	ads	full push happen, reason:map[config:1]
2026-08-29T16:32:01.088323975Z 2026-08-29T16:32:01.088049Z	info	ads	full push happen, reason:map[config:1]
2026-08-29T16:32:01.088352062Z 2026-08-29T16:32:01.088099Z	info	ads	full push happen, reason:map[config:1]
2026-08-29T16:32:01.104175628Z 2026-08-29T16:32:01.103852Z	info	ads	full push happen, reason:map[config:1]
2026-08-29T16:32:01.104206349Z 2026-08-29T16:32:01.103896Z	info	ads	full push happen, reason:map[config:1]
2026-08-29T16:32:01.119885201Z 2026-08-29T16:32:01.119546Z	info	ads	full push happen, reason:map[config:1]
2026-08-29T16:32:01.119921294Z 2026-08-29T16:32:01.119584Z	info	ads	full push happen, reason:map[config:1]
2026-08-29T16:32:01.130386694Z 2026-08-29T16:32:01.130163Z	info	ads	full push happen, reason:map[config:1]
2026-08-29T16:32:01.130414306Z 2026-08-29T16:32:01.130193Z	info	ads	full push happen, reason:map[config:1]
2026-08-29T16:32:01.146690708Z 2026-08-29T16:32:01.146501Z	info	ads	full push happen, reason:map[config:1]
2026-08-29T16:32:01.146744188Z 2026-08-29T16:32:01.146541Z	info	ads	full push happen, reason:map[config:1]
2026-08-29T16:32:01.161963890Z 2026-08-29T16:32:01.161664Z	info	ads	full push happen, reason:map[config:1]
2026-08-29T16:32:01.162001535Z 2026-08-29T16:32:01.161765Z	info	ads	full push happen, reason:map[config:1]
2026-08-29T16:32:01.174138775Z 2026-08-29T16:32:01.173825Z	info	ads	full push happen, reason:map[config:1]
2026-08-29T16:32:01.174167255Z 2026-08-29T16:32:01.173871Z	info	ads	full push happen, reason:map[config:1]
2026-08-29T16:32:01.189302266Z 2026-08-29T16:32:01.189135Z	info	ads	full push happen, reason:map[config:1]
2026-08-29T16:32:01.189326891Z 2026-08-29T16:32:01.189156Z	info	ads	full push happen, reason:map[config:1]
2026-08-29T16:32:01.199991327Z 2026-08-29T16:32:01.199791Z	info	ads	full push happen, reason:map[config:1]
2026-08-29T16:32:01.200031178Z 2026-08-29T16:32:01.199835Z	info	ads	full push happen, reason:map[config:1]
2026-08-29T16:32:01.214252146Z 2026-08-29T16:32:01.214117Z	info	ads	full push happen, reason:map[config:1]
2026-08-29T16:32:01.214279619Z 2026-08-29T16:32:01.214150Z	info	ads	full push happen, reason:map[config:1]
2026-08-29T16:32:01.228757425Z 2026-08-29T16:32:01.228608Z	info	ads	full push happen, reason:map[config:1]
2026-08-29T16:32:01.228777360Z 2026-08-29T16:32:01.228658Z	info	ads	full push happen, reason:map[config:1]
2026-08-29T16:32:01.241617155Z 2026-08-29T16:32:01.241411Z	info	ads	full push happen, reason:map[config:1]
2026-08-29T16:32:01.241625699Z 2026-08-29T16:32:01.241441Z	info	ads	full push happen, reason:map[config:1]
2026-08-29T16:32:01.256489588Z 2026-08-29T16:32:01.256307Z	info	ads	full push happen, reason:map[config:1]
2026-08-29T16:32:01.256510756Z 2026-08-29T16:32:01.256347Z	info	ads	full push happen, reason:map[config:1]
2026-08-29T16:32:01.268087387Z 2026-08-29T16:32:01.267894Z	info	ads	full push happen, reason:map[config:1]
2026-08-29T16:32:01.268106350Z 2026-08-29T16:32:01.267939Z	info	ads	full push happen, reason:map[config:1]
2026-08-29T16:32:01.284954470Z 2026-08-29T16:32:01.284758Z	info	ads	full push happen, reason:map[config:1]
2026-08-29T16:32:01.284975134Z 2026-08-29T16:32:01.284791Z	info	ads	full push happen, reason:map[config:1]
2026-08-29T16:32:01.300433649Z 2026-08-29T16:32:01.300205Z	info	ads	full push happen, reason:map[config:1]
2026-08-29T16:32:01.300454913Z 2026-08-29T16:32:01.300239Z	info	ads	full push happen, reason:map[config:1]
2026-08-29T16:32:01.311301281Z 2026-08-29T16:32:01.311113Z	info	ads	full push happen, reason:map[config:1]
2026-08-29T16:32:01.311335149Z 2026-08-29T16:32:01.311138Z	info	ads	full push happen, reason:map[config:1]
2026-08-29T16:32:01.327655486Z 2026-08-29T16:32:01.327521Z	info	ads	full push happen, reason:map[config:1]
2026-08-29T16:32:01.327670614Z 2026-08-29T16:32:01.327564Z	info	ads	full push happen, reason:map[config:1]
2026-08-29T16:32:01.340425014Z 2026-08-29T16:32:01.340257Z	info	ads	full push happen, reason:map[config:1]
2026-08-29T16:32:01.340438802Z 2026-08-29T16:32:01.340285Z	info	ads	full push happen, reason:map[config:1]
2026-08-29T16:32:01.351636193Z 2026-08-29T16:32:01.351441Z	info	ads	full push happen, reason:map[config:1]
2026-08-29T16:32:01.351658109Z 2026-08-29T16:32:01.351472Z	info	ads	full push happen, reason:map[config:1]
2026-08-29T16:32:01.366558425Z 2026-08-29T16:32:01.366369Z	info	ads	full push happen, reason:map[config:1]
2026-08-29T16:32:01.366587641Z 2026-08-29T16:32:01.366412Z	info	ads	full push happen, reason:map[config:1]
2026-08-29T16:32:01.376467037Z 2026-08-29T16:32:01.376305Z	info	ads	full push happen, reason:map[config:1]
2026-08-29T16:32:01.376499842Z 2026-08-29T16:32:01.376344Z	info	ads	full push happen, reason:map[config:1]
2026-08-29T16:32:01.389255535Z 2026-08-29T16:32:01.388973Z	info	ads	full push happen, reason:map[config:1]
2026-08-29T16:32:01.389286359Z 2026-08-29T16:32:01.389026Z	info	ads	full push happen, reason:map[config:1]
2026-08-29T16:32:01.403545017Z 2026-08-29T16:32:01.403450Z	info	ads	full push happen, reason:map[config:1]
2026-08-29T16:32:01.403558329Z 2026-08-29T16:32:01.403475Z	info	ads	full push happen, reason:map[config:1]
2026-08-29T16:32:01.417504748Z 2026-08-29T16:32:01.417331Z	info	ads	full push happen, reason:map[config:1]
2026-08-29T16:32:01.417523600Z 2026-08-29T16:32:01.417368Z	info	ads	full push happen, reason:map[config:1]
2026-08-29T16:32:01.435054961Z 2026-08-29T16:32:01.434803Z	info	ads	full push happen, reason:map[config:1]
2026-08-29T16:32:01.435096750Z 2026-08-29T16:32:01.434840Z	info	ads	full push happen, reason:map[config:1]
2026-08-29T16:32:01.453591759Z 2026-08-29T16:32:01.453368Z	info	ads	full push happen, reason:map[config:1]
2026-08-29T16:32:01.453610947Z 2026-08-29T16:32:01.453424Z	info	ads	full push happen, reason:map[config:1]
2026-08-29T16:32:01.464542281Z 2026-08-29T16:32:01.464371Z	info	ads	full push happen, reason:map[config:1]
2026-08-29T16:32:01.464562841Z 2026-08-29T16:32:01.464394Z	info	ads	full push happen, reason:map[config:1]
2026-08-29T16:32:01.479019338Z 2026-08-29T16:32:01.478813Z	info	ads	full push happen, reason:map[config:1]
2026-08-29T16:32:01.479062203Z 2026-08-29T16:32:01.478846Z	info	ads	full push happen, reason:map[config:1]
2026-08-29T16:32:01.494525101Z 2026-08-29T16:32:01.494372Z	info	ads	full push happen, reason:map[config:1]
2026-08-29T16:32:01.494534559Z 2026-08-29T16:32:01.494408Z	info	ads	full push happen, reason:map[config:1]
2026-08-29T16:32:01.505063693Z 2026-08-29T16:32:01.504967Z	info	ads	full push happen, reason:map[config:1]
2026-08-29T16:32:01.505071233Z 2026-08-29T16:32:01.505003Z	info	ads	full push happen, reason:map[config:1]
2026-08-29T16:32:01.520314031Z 2026-08-29T16:32:01.520197Z	info	ads	full push happen, reason:map[config:1]
2026-08-29T16:32:01.520357589Z 2026-08-29T16:32:01.520233Z	info	ads	full push happen, reason:map[config:1]
2026-08-29T16:32:01.535617480Z 2026-08-29T16:32:01.535465Z	info	ads	full push happen, reason:map[config:1]
2026-08-29T16:32:01.535649460Z 2026-08-29T16:32:01.535502Z	info	ads	full push happen, reason:map[config:1]
2026-08-29T16:32:01.547756312Z 2026-08-29T16:32:01.547645Z	info	ads	full push happen, reason:map[config:1]
2026-08-29T16:32:01.547775812Z 2026-08-29T16:32:01.547680Z	info	ads	full push happen, reason:map[config:1]
2026-08-29T16:32:01.563150503Z 2026-08-29T16:32:01.563006Z	info	ads	full push happen, reason:map[config:1]
2026-08-29T16:32:01.563186607Z 2026-08-29T16:32:01.563044Z	info	ads	full push happen, reason:map[config:1]
2026-08-29T16:32:01.578513202Z 2026-08-29T16:32:01.578321Z	info	ads	full push happen, reason:map[config:1]
2026-08-29T16:32:01.578545799Z 2026-08-29T16:32:01.578363Z	info	ads	full push happen, reason:map[config:1]
2026-08-29T16:32:01.588861666Z 2026-08-29T16:32:01.588689Z	info	ads	full push happen, reason:map[config:1]
2026-08-29T16:32:01.588889907Z 2026-08-29T16:32:01.588728Z	info	ads	full push happen, reason:map[config:1]
2026-08-29T16:32:01.604249473Z 2026-08-29T16:32:01.604091Z	info	ads	full push happen, reason:map[config:1]
2026-08-29T16:32:01.604262829Z 2026-08-29T16:32:01.604125Z	info	ads	full push happen, reason:map[config:1]
2026-08-29T16:32:01.615097561Z 2026-08-29T16:32:01.614919Z	info	ads	full push happen, reason:map[config:1]
2026-08-29T16:32:01.615130868Z 2026-08-29T16:32:01.614980Z	info	ads	full push happen, reason:map[config:1]
2026-08-29T16:32:01.630416171Z 2026-08-29T16:32:01.630269Z	info	ads	full push happen, reason:map[config:1]
2026-08-29T16:32:01.630449639Z 2026-08-29T16:32:01.630318Z	info	ads	full push happen, reason:map[config:1]
2026-08-29T16:32:01.645679245Z 2026-08-29T16:32:01.645521Z	info	ads	full push happen, reason:map[config:1]
2026-08-29T16:32:01.645709418Z 2026-08-29T16:32:01.645559Z	info	ads	full push happen, reason:map[config:1]
2026-08-29T16:32:01.656726606Z 2026-08-29T16:32:01.656516Z	info	ads	full push happen, reason:map[config:1]
2026-08-29T16:32:01.656757111Z 2026-08-29T16:32:01.656558Z	info	ads	full push happen, reason:map[config:1]
2026-08-29T16:32:01.671996316Z 2026-08-29T16:32:01.671693Z	info	ads	full push happen, reason:map[config:1]
2026-08-29T16:32:01.672026816Z 2026-08-29T16:32:01.671727Z	info	ads	full push happen, reason:map[config:1]
2026-08-29T16:32:01.687722566Z 2026-08-29T16:32:01.687553Z	info	ads	full push happen, reason:map[config:1]
2026-08-29T16:32:01.687750281Z 2026-08-29T16:32:01.687594Z	info	ads	full push happen, reason:map[config:1]
2026-08-29T16:32:01.698080633Z 2026-08-29T16:32:01.697940Z	info	ads	full push happen, reason:map[config:1]
2026-08-29T16:32:01.698106581Z 2026-08-29T16:32:01.697981Z	info	ads	full push happen, reason:map[config:1]
2026-08-29T16:32:01.712972665Z 2026-08-29T16:32:01.712769Z	info	ads	full push happen, reason:map[config:1]
2026-08-29T16:32:01.712985777Z 2026-08-29T16:32:01.712805Z	info	ads	full push happen, reason:map[config:1]
2026-08-29T16:32:01.727680307Z 2026-08-29T16:32:01.727492Z	info	ads	full push happen, reason:map[config:1]
2026-08-29T16:32:01.727692927Z 2026-08-29T16:32:01.727592Z	info	ads	full push happen, reason:map[config:1]
2026-08-29T16:32:01.738104919Z 2026-08-29T16:32:01.737913Z	info	ads	full push happen, reason:map[config:1]
2026-08-29T16:32:01.738130675Z 2026-08-29T16:32:01.737941Z	info	ads	full push happen, reason:map[config:1]
2026-08-29T16:32:01.752993555Z 2026-08-29T16:32:01.752799Z	info	ads	full push happen, reason:map[config:1]
2026-08-29T16:32:01.753022919Z 2026-08-29T16:32:01.752838Z	info	ads	full push happen, reason:map[config:1]
2026-08-29T16:32:01.763617572Z 2026-08-29T16:32:01.763399Z	info	ads	full push happen, reason:map[config:1]
2026-08-29T16:32:01.763644261Z 2026-08-29T16:32:01.763443Z	info	ads	full push happen, reason:map[config:1]
2026-08-29T16:32:01.778240518Z 2026-08-29T16:32:01.778027Z	info	ads	full push happen, reason:map[config:1]
2026-08-29T16:32:01.778270228Z 2026-08-29T16:32:01.778062Z	info	ads	full push happen, reason:map[config:1]
2026-08-29T16:32:01.793092086Z 2026-08-29T16:32:01.792909Z	info	ads	full push happen, reason:map[config:1]
2026-08-29T16:32:01.793120790Z 2026-08-29T16:32:01.792946Z	info	ads	full push happen, reason:map[config:1]
2026-08-29T16:32:01.804040038Z 2026-08-29T16:32:01.803806Z	info	ads	full push happen, reason:map[config:1]
2026-08-29T16:32:01.804065574Z 2026-08-29T16:32:01.803841Z	info	ads	full push happen, reason:map[config:1]
2026-08-29T16:32:01.818756301Z 2026-08-29T16:32:01.818546Z	info	ads	full push happen, reason:map[config:1]
2026-08-29T16:32:01.818785552Z 2026-08-29T16:32:01.818581Z	info	ads	full push happen, reason:map[config:1]
2026-08-29T16:32:01.834263360Z 2026-08-29T16:32:01.833995Z	info	ads	full push happen, reason:map[config:1]
2026-08-29T16:32:01.834297533Z 2026-08-29T16:32:01.834025Z	info	ads	full push happen, reason:map[config:1]
2026-08-29T16:32:01.844717453Z 2026-08-29T16:32:01.844557Z	info	ads	full push happen, reason:map[config:1]
2026-08-29T16:32:01.844735970Z 2026-08-29T16:32:01.844593Z	info	ads	full push happen, reason:map[config:1]
2026-08-29T16:32:01.859511848Z 2026-08-29T16:32:01.859313Z	info	ads	full push happen, reason:map[config:1]
2026-08-29T16:32:01.859540480Z 2026-08-29T16:32:01.859341Z	info	ads	full push happen, reason:map[config:1]
2026-08-29T16:32:01.875064924Z 2026-08-29T16:32:01.874709Z	info	ads	full push happen, reason:map[config:1]
2026-08-29T16:32:01.875120317Z 2026-08-29T16:32:01.875043Z	info	ads	full push happen, reason:map[config:1]
2026-08-29T16:32:01.885216528Z 2026-08-29T16:32:01.885026Z	info	ads	full push happen, reason:map[config:1]
2026-08-29T16:32:01.885232427Z 2026-08-29T16:32:01.885084Z	info	ads	full push happen, reason:map[config:1]
2026-08-29T16:32:01.900866399Z 2026-08-29T16:32:01.900711Z	info	ads	full push happen, reason:map[config:1]
2026-08-29T16:32:01.900876855Z 2026-08-29T16:32:01.900754Z	info	ads	full push happen, reason:map[config:1]
2026-08-29T16:32:01.912616649Z 2026-08-29T16:32:01.912429Z	info	ads	full push happen, reason:map[config:1]
2026-08-29T16:32:01.912642497Z 2026-08-29T16:32:01.912471Z	info	ads	full push happen, reason:map[config:1]
2026-08-29T16:32:01.928169198Z 2026-08-29T16:32:01.927908Z	info	ads	full push happen, reason:map[config:1]
2026-08-29T16:32:01.928198274Z 2026-08-29T16:32:01.927951Z	info	ads	full push happen, reason:map[config:1]
2026-08-29T16:32:01.944359610Z 2026-08-29T16:32:01.944103Z	info	ads	full push happen, reason:map[config:1]
2026-08-29T16:32:01.944371953Z 2026-08-29T16:32:01.944139Z	info	ads	full push happen, reason:map[config:1]
2026-08-29T16:32:01.954579668Z 2026-08-29T16:32:01.954333Z	info	ads	full push happen, reason:map[config:1]
2026-08-29T16:32:01.954612701Z 2026-08-29T16:32:01.954369Z	info	ads	full push happen, reason:map[config:1]
2026-08-29T16:32:01.971059967Z 2026-08-29T16:32:01.970891Z	info	ads	full push happen, reason:map[config:1]
2026-08-29T16:32:01.971089108Z 2026-08-29T16:32:01.970935Z	info	ads	full push happen, reason:map[config:1]
2026-08-29T16:32:01.986134692Z 2026-08-29T16:32:01.985945Z	info	ads	full push happen, reason:map[config:1]
2026-08-29T16:32:01.986164325Z 2026-08-29T16:32:01.985972Z	info	ads	full push happen, reason:map[config:1]
2026-08-29T16:32:01.996702921Z 2026-08-29T16:32:01.996514Z	info	ads	full push happen, reason:map[config:1]
2026-08-29T16:32:01.996729437Z 2026-08-29T16:32:01.996545Z	info	ads	full push happen, reason:map[config:1]
2026-08-29T16:32:02.017155861Z 2026-08-29T16:32:02.016862Z	info	ads	full push happen, reason:map[config:1]
2026-08-29T16:32:02.017171559Z 2026-08-29T16:32:02.016895Z	info	ads	full push happen, reason:map[config:1]
2026-08-29T16:32:02.032585515Z 2026-08-29T16:32:02.032351Z	info	ads	full push happen, reason:map[config:1]
2026-08-29T16:32:02.032598159Z 2026-08-29T16:32:02.032400Z	info	ads	full push happen, reason:map[config:1]
2026-08-29T16:32:02.040592454Z 2026-08-29T16:32:02.040413Z	info	ads	full push happen, reason:map[config:1]
2026-08-29T16:32:02.040607451Z 2026-08-29T16:32:02.040450Z	info	ads	full push happen, reason:map[config:1]
2026-08-29T16:32:02.057741502Z 2026-08-29T16:32:02.057604Z	info	ads	full push happen, reason:map[config:1]
2026-08-29T16:32:02.057770663Z 2026-08-29T16:32:02.057635Z	info	ads	full push happen, reason:map[config:1]
2026-08-29T16:32:02.077521851Z 2026-08-29T16:32:02.077360Z	info	ads	full push happen, reason:map[config:1]
2026-08-29T16:32:02.077549975Z 2026-08-29T16:32:02.077420Z	info	ads	full push happen, reason:map[config:1]
2026-08-29T16:32:02.114084052Z 2026-08-29T16:32:02.113841Z	info	ads	full push happen, reason:map[config:1]
2026-08-29T16:32:02.114111292Z 2026-08-29T16:32:02.113899Z	info	ads	full push happen, reason:map[config:1]
2026-08-29T16:32:02.128981318Z 2026-08-29T16:32:02.128747Z	info	ads	full push happen, reason:map[config:1]
2026-08-29T16:32:02.129002494Z 2026-08-29T16:32:02.128786Z	info	ads	full push happen, reason:map[config:1]
2026-08-29T16:32:02.138772283Z 2026-08-29T16:32:02.138573Z	info	ads	full push happen, reason:map[config:1]
2026-08-29T16:32:02.138799252Z 2026-08-29T16:32:02.138615Z	info	ads	full push happen, reason:map[config:1]
2026-08-29T16:32:02.149587579Z 2026-08-29T16:32:02.149440Z	info	ads	full push happen, reason:map[config:1]
2026-08-29T16:32:02.149618174Z 2026-08-29T16:32:02.149495Z	info	ads	full push happen, reason:map[config:1]
2026-08-29T16:32:02.166230348Z 2026-08-29T16:32:02.165951Z	info	ads	full push happen, reason:map[config:1]
2026-08-29T16:32:02.166257657Z 2026-08-29T16:32:02.165982Z	info	ads	full push happen, reason:map[config:1]
2026-08-29T16:32:02.182511634Z 2026-08-29T16:32:02.182323Z	info	ads	full push happen, reason:map[config:1]
2026-08-29T16:32:02.182526789Z 2026-08-29T16:32:02.182357Z	info	ads	full push happen, reason:map[config:1]
2026-08-29T16:32:02.192966142Z 2026-08-29T16:32:02.192806Z	info	ads	full push happen, reason:map[config:1]
2026-08-29T16:32:02.192992165Z 2026-08-29T16:32:02.192851Z	info	ads	full push happen, reason:map[config:1]
2026-08-29T16:32:02.208193656Z 2026-08-29T16:32:02.207973Z	info	ads	full push happen, reason:map[config:1]
2026-08-29T16:32:02.208224268Z 2026-08-29T16:32:02.208007Z	info	ads	full push happen, reason:map[config:1]
2026-08-29T16:32:02.227683015Z 2026-08-29T16:32:02.227441Z	info	ads	full push happen, reason:map[config:1]
2026-08-29T16:32:02.227710856Z 2026-08-29T16:32:02.227482Z	info	ads	full push happen, reason:map[config:1]
2026-08-29T16:32:02.242459874Z 2026-08-29T16:32:02.242346Z	info	ads	full push happen, reason:map[config:1]
2026-08-29T16:32:02.242477726Z 2026-08-29T16:32:02.242377Z	info	ads	full push happen, reason:map[config:1]
2026-08-29T16:32:02.252374714Z 2026-08-29T16:32:02.252247Z	info	ads	full push happen, reason:map[config:1]
2026-08-29T16:32:02.252400791Z 2026-08-29T16:32:02.252275Z	info	ads	full push happen, reason:map[config:1]
2026-08-29T16:32:02.267484583Z 2026-08-29T16:32:02.267347Z	info	ads	full push happen, reason:map[config:1]
2026-08-29T16:32:02.267514856Z 2026-08-29T16:32:02.267379Z	info	ads	full push happen, reason:map[config:1]
2026-08-29T16:32:02.282430912Z 2026-08-29T16:32:02.282185Z	info	ads	full push happen, reason:map[config:1]
2026-08-29T16:32:02.282462953Z 2026-08-29T16:32:02.282218Z	info	ads	full push happen, reason:map[config:1]
2026-08-29T16:32:02.293523621Z 2026-08-29T16:32:02.293316Z	info	ads	full push happen, reason:map[config:1]
2026-08-29T16:32:02.293559017Z 2026-08-29T16:32:02.293348Z	info	ads	full push happen, reason:map[config:1]
2026-08-29T16:32:02.308857332Z 2026-08-29T16:32:02.308735Z	info	ads	full push happen, reason:map[config:1]
2026-08-29T16:32:02.308874768Z 2026-08-29T16:32:02.308783Z	info	ads	full push happen, reason:map[config:1]
2026-08-29T16:32:02.324172750Z 2026-08-29T16:32:02.323907Z	info	ads	full push happen, reason:map[config:1]
2026-08-29T16:32:02.324201295Z 2026-08-29T16:32:02.323939Z	info	ads	full push happen, reason:map[config:1]
2026-08-29T16:32:02.334827892Z 2026-08-29T16:32:02.334694Z	info	ads	full push happen, reason:map[config:1]
2026-08-29T16:32:02.334862485Z 2026-08-29T16:32:02.334743Z	info	ads	full push happen, reason:map[config:1]
2026-08-29T16:32:02.350640381Z 2026-08-29T16:32:02.350438Z	info	ads	full push happen, reason:map[config:1]
2026-08-29T16:32:02.350666198Z 2026-08-29T16:32:02.350482Z	info	ads	full push happen, reason:map[config:1]
2026-08-29T16:32:02.365621791Z 2026-08-29T16:32:02.365413Z	info	ads	full push happen, reason:map[config:1]
2026-08-29T16:32:02.365654047Z 2026-08-29T16:32:02.365452Z	info	ads	full push happen, reason:map[config:1]
2026-08-29T16:32:02.375155665Z 2026-08-29T16:32:02.374999Z	info	ads	full push happen, reason:map[config:1]
2026-08-29T16:32:02.375183257Z 2026-08-29T16:32:02.375055Z	info	ads	full push happen, reason:map[config:1]
2026-08-29T16:32:02.390869741Z 2026-08-29T16:32:02.390683Z	info	ads	full push happen, reason:map[config:1]
2026-08-29T16:32:02.390921726Z 2026-08-29T16:32:02.390722Z	info	ads	full push happen, reason:map[config:1]
2026-08-29T16:32:02.401625096Z 2026-08-29T16:32:02.401411Z	info	ads	full push happen, reason:map[config:1]
2026-08-29T16:32:02.401651957Z 2026-08-29T16:32:02.401468Z	info	ads	full push happen, reason:map[config:1]
2026-08-29T16:32:02.417739744Z 2026-08-29T16:32:02.417432Z	info	ads	full push happen, reason:map[config:1]
2026-08-29T16:32:02.417769200Z 2026-08-29T16:32:02.417470Z	info	ads	full push happen, reason:map[config:1]
2026-08-29T16:32:02.436932570Z 2026-08-29T16:32:02.436667Z	info	ads	full push happen, reason:map[config:1]
2026-08-29T16:32:02.436962459Z 2026-08-29T16:32:02.436708Z	info	ads	full push happen, reason:map[config:1]
2026-08-29T16:32:02.452419338Z 2026-08-29T16:32:02.452178Z	info	ads	full push happen, reason:map[config:1]
2026-08-29T16:32:02.452432218Z 2026-08-29T16:32:02.452216Z	info	ads	full push happen, reason:map[config:1]
2026-08-29T16:32:02.463021596Z 2026-08-29T16:32:02.462639Z	info	ads	full push happen, reason:map[config:1]
2026-08-29T16:32:02.463049943Z 2026-08-29T16:32:02.462676Z	info	ads	full push happen, reason:map[config:1]
2026-08-29T16:32:02.478353762Z 2026-08-29T16:32:02.478082Z	info	ads	full push happen, reason:map[config:1]
2026-08-29T16:32:02.478383026Z 2026-08-29T16:32:02.478113Z	info	ads	full push happen, reason:map[config:1]
2026-08-29T16:32:02.489303570Z 2026-08-29T16:32:02.489139Z	info	ads	full push happen, reason:map[config:1]
2026-08-29T16:32:02.489331706Z 2026-08-29T16:32:02.489173Z	info	ads	full push happen, reason:map[config:1]
2026-08-29T16:32:02.505481139Z 2026-08-29T16:32:02.505278Z	info	ads	full push happen, reason:map[config:1]
2026-08-29T16:32:02.505512463Z 2026-08-29T16:32:02.505317Z	info	ads	full push happen, reason:map[config:1]
2026-08-29T16:32:02.521077931Z 2026-08-29T16:32:02.520866Z	info	ads	full push happen, reason:map[config:1]
2026-08-29T16:32:02.521109319Z 2026-08-29T16:32:02.520902Z	info	ads	full push happen, reason:map[config:1]
2026-08-29T16:32:02.533580554Z 2026-08-29T16:32:02.533464Z	info	ads	full push happen, reason:map[config:1]
2026-08-29T16:32:02.533594954Z 2026-08-29T16:32:02.533502Z	info	ads	full push happen, reason:map[config:1]
2026-08-29T16:32:02.549089270Z 2026-08-29T16:32:02.548903Z	info	ads	full push happen, reason:map[config:1]
2026-08-29T16:32:02.549118206Z 2026-08-29T16:32:02.548940Z	info	ads	full push happen, reason:map[config:1]
2026-08-29T16:32:02.564156799Z 2026-08-29T16:32:02.563916Z	info	ads	full push happen, reason:map[config:1]
2026-08-29T16:32:02.564189051Z 2026-08-29T16:32:02.563955Z	info	ads	full push happen, reason:map[config:1]
2026-08-29T16:32:02.574714804Z 2026-08-29T16:32:02.574567Z	info	ads	full push happen, reason:map[config:1]
2026-08-29T16:32:02.574726731Z 2026-08-29T16:32:02.574606Z	info	ads	full push happen, reason:map[config:1]
2026-08-29T16:32:02.590121047Z 2026-08-29T16:32:02.589840Z	info	ads	full push happen, reason:map[config:1]
2026-08-29T16:32:02.590153092Z 2026-08-29T16:32:02.589873Z	info	ads	full push happen, reason:map[config:1]
2026-08-29T16:32:02.605437434Z 2026-08-29T16:32:02.605192Z	info	ads	full push happen, reason:map[config:1]
2026-08-29T16:32:02.605466498Z 2026-08-29T16:32:02.605230Z	info	ads	full push happen, reason:map[config:1]
2026-08-29T16:32:02.616021091Z 2026-08-29T16:32:02.615851Z	info	ads	full push happen, reason:map[config:1]
2026-08-29T16:32:02.616035215Z 2026-08-29T16:32:02.615887Z	info	ads	full push happen, reason:map[config:1]
2026-08-29T16:32:02.631695880Z 2026-08-29T16:32:02.631493Z	info	ads	full push happen, reason:map[config:1]
2026-08-29T16:32:02.631710820Z 2026-08-29T16:32:02.631531Z	info	ads	full push happen, reason:map[config:1]
2026-08-29T16:32:02.647920720Z 2026-08-29T16:32:02.647728Z	info	ads	full push happen, reason:map[config:1]
2026-08-29T16:32:02.647970353Z 2026-08-29T16:32:02.647763Z	info	ads	full push happen, reason:map[config:1]
2026-08-29T16:32:02.658777656Z 2026-08-29T16:32:02.658550Z	info	ads	full push happen, reason:map[config:1]
2026-08-29T16:32:02.658807872Z 2026-08-29T16:32:02.658583Z	info	ads	full push happen, reason:map[config:1]
2026-08-29T16:32:02.674357977Z 2026-08-29T16:32:02.674086Z	info	ads	full push happen, reason:map[config:1]
2026-08-29T16:32:02.674387553Z 2026-08-29T16:32:02.674126Z	info	ads	full push happen, reason:map[config:1]
2026-08-29T16:32:02.685291792Z 2026-08-29T16:32:02.685043Z	info	ads	full push happen, reason:map[config:1]
2026-08-29T16:32:02.685320324Z 2026-08-29T16:32:02.685075Z	info	ads	full push happen, reason:map[config:1]
2026-08-29T16:32:02.701690599Z 2026-08-29T16:32:02.701540Z	info	ads	full push happen, reason:map[config:1]
2026-08-29T16:32:02.701703887Z 2026-08-29T16:32:02.701576Z	info	ads	full push happen, reason:map[config:1]
2026-08-29T16:32:02.717306795Z 2026-08-29T16:32:02.717112Z	info	ads	full push happen, reason:map[config:1]
2026-08-29T16:32:02.717336203Z 2026-08-29T16:32:02.717149Z	info	ads	full push happen, reason:map[config:1]
2026-08-29T16:32:02.728251454Z 2026-08-29T16:32:02.727988Z	info	ads	full push happen, reason:map[config:1]
2026-08-29T16:32:02.728287976Z 2026-08-29T16:32:02.728031Z	info	ads	full push happen, reason:map[config:1]
2026-08-29T16:32:02.743793136Z 2026-08-29T16:32:02.743620Z	info	ads	full push happen, reason:map[config:1]
2026-08-29T16:32:02.743821900Z 2026-08-29T16:32:02.743660Z	info	ads	full push happen, reason:map[config:1]
2026-08-29T16:32:02.759456973Z 2026-08-29T16:32:02.759290Z	info	ads	full push happen, reason:map[config:1]
2026-08-29T16:32:02.759472785Z 2026-08-29T16:32:02.759324Z	info	ads	full push happen, reason:map[config:1]
2026-08-29T16:32:02.771024832Z 2026-08-29T16:32:02.770774Z	info	ads	full push happen, reason:map[config:1]
2026-08-29T16:32:02.771057845Z 2026-08-29T16:32:02.770812Z	info	ads	full push happen, reason:map[config:1]
2026-08-29T16:32:02.786620541Z 2026-08-29T16:32:02.786349Z	info	ads	full push happen, reason:map[config:1]
2026-08-29T16:32:02.786658901Z 2026-08-29T16:32:02.786408Z	info	ads	full push happen, reason:map[config:1]
2026-08-29T16:32:02.801947836Z 2026-08-29T16:32:02.801721Z	info	ads	full push happen, reason:map[config:1]
2026-08-29T16:32:02.801982856Z 2026-08-29T16:32:02.801758Z	info	ads	full push happen, reason:map[config:1]
2026-08-29T16:32:02.813267302Z 2026-08-29T16:32:02.813014Z	info	ads	full push happen, reason:map[config:1]
2026-08-29T16:32:02.813279706Z 2026-08-29T16:32:02.813049Z	info	ads	full push happen, reason:map[config:1]
2026-08-29T16:32:02.829319206Z 2026-08-29T16:32:02.829142Z	info	ads	full push happen, reason:map[config:1]
2026-08-29T16:32:02.829335110Z 2026-08-29T16:32:02.829188Z	info	ads	full push happen, reason:map[config:1]
2026-08-29T16:32:02.840062460Z 2026-08-29T16:32:02.839796Z	info	ads	full push happen, reason:map[config:1]
2026-08-29T16:32:02.840098493Z 2026-08-29T16:32:02.839828Z	info	ads	full push happen, reason:map[config:1]
2026-08-29T16:32:02.860347590Z 2026-08-29T16:32:02.860080Z	info	ads	full push happen, reason:map[config:1]
2026-08-29T16:32:02.860377945Z 2026-08-29T16:32:02.860137Z	info	ads	full push happen, reason:map[config:1]
2026-08-29T16:32:02.875814101Z 2026-08-29T16:32:02.875597Z	info	ads	full push happen, reason:map[config:1]
2026-08-29T16:32:02.875846001Z 2026-08-29T16:32:02.875642Z	info	ads	full push happen, reason:map[config:1]
2026-08-29T16:32:02.886768601Z 2026-08-29T16:32:02.886557Z	info	ads	full push happen, reason:map[config:1]
2026-08-29T16:32:02.886795929Z 2026-08-29T16:32:02.886596Z	info	ads	full push happen, reason:map[config:1]
2026-08-29T16:32:02.902536970Z 2026-08-29T16:32:02.902298Z	info	ads	full push happen, reason:map[config:1]
2026-08-29T16:32:02.902569139Z 2026-08-29T16:32:02.902336Z	info	ads	full push happen, reason:map[config:1]
2026-08-29T16:32:02.918225155Z 2026-08-29T16:32:02.917969Z	info	ads	full push happen, reason:map[config:1]
2026-08-29T16:32:02.918256872Z 2026-08-29T16:32:02.918003Z	info	ads	full push happen, reason:map[config:1]
2026-08-29T16:32:02.928733456Z 2026-08-29T16:32:02.928491Z	info	ads	full push happen, reason:map[config:1]
2026-08-29T16:32:02.928761505Z 2026-08-29T16:32:02.928522Z	info	ads	full push happen, reason:map[config:1]
2026-08-29T16:32:02.944021011Z 2026-08-29T16:32:02.943865Z	info	ads	full push happen, reason:map[config:1]
2026-08-29T16:32:02.944034095Z 2026-08-29T16:32:02.943904Z	info	ads	full push happen, reason:map[config:1]
2026-08-29T16:32:02.963577859Z 2026-08-29T16:32:02.963368Z	info	ads	full push happen, reason:map[config:1]
2026-08-29T16:32:02.963618539Z 2026-08-29T16:32:02.963414Z	info	ads	full push happen, reason:map[config:1]
2026-08-29T16:32:02.973984204Z 2026-08-29T16:32:02.973827Z	info	ads	full push happen, reason:map[config:1]
2026-08-29T16:32:02.974010747Z 2026-08-29T16:32:02.973858Z	info	ads	full push happen, reason:map[config:1]
2026-08-29T16:32:02.989138609Z 2026-08-29T16:32:02.988907Z	info	ads	full push happen, reason:map[config:1]
2026-08-29T16:32:02.989176617Z 2026-08-29T16:32:02.988942Z	info	ads	full push happen, reason:map[config:1]
2026-08-29T16:32:02.999746575Z 2026-08-29T16:32:02.999567Z	info	ads	full push happen, reason:map[config:1]
2026-08-29T16:32:02.999764099Z 2026-08-29T16:32:02.999607Z	info	ads	full push happen, reason:map[config:1]
2026-08-29T16:32:03.015294323Z 2026-08-29T16:32:03.015071Z	info	ads	full push happen, reason:map[config:1]
2026-08-29T16:32:03.015324658Z 2026-08-29T16:32:03.015113Z	info	ads	full push happen, reason:map[config:1]
2026-08-29T16:32:03.030516388Z 2026-08-29T16:32:03.030307Z	info	ads	full push happen, reason:map[config:1]
2026-08-29T16:32:03.030562040Z 2026-08-29T16:32:03.030338Z	info	ads	full push happen, reason:map[config:1]
2026-08-29T16:32:03.041013345Z 2026-08-29T16:32:03.040794Z	info	ads	full push happen, reason:map[config:1]
2026-08-29T16:32:03.041043486Z 2026-08-29T16:32:03.040840Z	info	ads	full push happen, reason:map[config:1]
2026-08-29T16:32:03.056068418Z 2026-08-29T16:32:03.055901Z	info	ads	full push happen, reason:map[config:1]
2026-08-29T16:32:03.056104255Z 2026-08-29T16:32:03.055935Z	info	ads	full push happen, reason:map[config:1]
2026-08-29T16:32:03.070009323Z 2026-08-29T16:32:03.069877Z	info	ads	full push happen, reason:map[config:1]
2026-08-29T16:32:03.070022727Z 2026-08-29T16:32:03.069920Z	info	ads	full push happen, reason:map[config:1]
2026-08-29T16:32:03.080726126Z 2026-08-29T16:32:03.080466Z	info	ads	full push happen, reason:map[config:1]
2026-08-29T16:32:03.080754046Z 2026-08-29T16:32:03.080501Z	info	ads	full push happen, reason:map[config:1]
2026-08-29T16:32:03.097128896Z 2026-08-29T16:32:03.096883Z	info	ads	full push happen, reason:map[config:1]
2026-08-29T16:32:03.097160503Z 2026-08-29T16:32:03.096926Z	info	ads	full push happen, reason:map[config:1]
2026-08-29T16:32:03.112563931Z 2026-08-29T16:32:03.112321Z	info	ads	full push happen, reason:map[config:1]
2026-08-29T16:32:03.112585339Z 2026-08-29T16:32:03.112362Z	info	ads	full push happen, reason:map[config:1]
2026-08-29T16:32:03.123075800Z 2026-08-29T16:32:03.122813Z	info	ads	full push happen, reason:map[config:1]
2026-08-29T16:32:03.123105351Z 2026-08-29T16:32:03.122857Z	info	ads	full push happen, reason:map[config:1]
2026-08-29T16:32:03.138496239Z 2026-08-29T16:32:03.138213Z	info	ads	full push happen, reason:map[config:1]
2026-08-29T16:32:03.138525544Z 2026-08-29T16:32:03.138255Z	info	ads	full push happen, reason:map[config:1]
2026-08-29T16:32:03.149983302Z 2026-08-29T16:32:03.149709Z	info	ads	full push happen, reason:map[config:1]
2026-08-29T16:32:03.150012039Z 2026-08-29T16:32:03.149747Z	info	ads	full push happen, reason:map[config:1]
2026-08-29T16:32:03.165435558Z 2026-08-29T16:32:03.165317Z	info	ads	full push happen, reason:map[config:1]
2026-08-29T16:32:03.165449751Z 2026-08-29T16:32:03.165354Z	info	ads	full push happen, reason:map[config:1]
2026-08-29T16:32:03.180602396Z 2026-08-29T16:32:03.180345Z	info	ads	full push happen, reason:map[config:1]
2026-08-29T16:32:03.180633680Z 2026-08-29T16:32:03.180391Z	info	ads	full push happen, reason:map[config:1]
2026-08-29T16:32:03.190637466Z 2026-08-29T16:32:03.190405Z	info	ads	full push happen, reason:map[config:1]
2026-08-29T16:32:03.190664970Z 2026-08-29T16:32:03.190443Z	info	ads	full push happen, reason:map[config:1]
2026-08-29T16:32:03.205920272Z 2026-08-29T16:32:03.205724Z	info	ads	full push happen, reason:map[config:1]
2026-08-29T16:32:03.205952039Z 2026-08-29T16:32:03.205763Z	info	ads	full push happen, reason:map[config:1]
2026-08-29T16:32:03.229217701Z 2026-08-29T16:32:03.228994Z	info	ads	full push happen, reason:map[config:1]
2026-08-29T16:32:03.229248194Z 2026-08-29T16:32:03.229028Z	info	ads	full push happen, reason:map[config:1]
2026-08-29T16:32:03.245715304Z 2026-08-29T16:32:03.245432Z	info	ads	full push happen, reason:map[config:1]
2026-08-29T16:32:03.245745581Z 2026-08-29T16:32:03.245463Z	info	ads	full push happen, reason:map[config:1]
2026-08-29T16:32:03.256365386Z 2026-08-29T16:32:03.256143Z	info	ads	full push happen, reason:map[config:1]
2026-08-29T16:32:03.256403722Z 2026-08-29T16:32:03.256189Z	info	ads	full push happen, reason:map[config:1]
2026-08-29T16:32:03.271752301Z 2026-08-29T16:32:03.271466Z	info	ads	full push happen, reason:map[config:1]
2026-08-29T16:32:03.271788161Z 2026-08-29T16:32:03.271499Z	info	ads	full push happen, reason:map[config:1]
2026-08-29T16:32:03.286876730Z 2026-08-29T16:32:03.286689Z	info	ads	full push happen, reason:map[config:1]
2026-08-29T16:32:03.286908734Z 2026-08-29T16:32:03.286732Z	info	ads	full push happen, reason:map[config:1]
2026-08-29T16:32:03.297053361Z 2026-08-29T16:32:03.296760Z	info	ads	full push happen, reason:map[config:1]
2026-08-29T16:32:03.297093333Z 2026-08-29T16:32:03.296799Z	info	ads	full push happen, reason:map[config:1]
2026-08-29T16:32:03.312084817Z 2026-08-29T16:32:03.311807Z	info	ads	full push happen, reason:map[config:1]
2026-08-29T16:32:03.312116922Z 2026-08-29T16:32:03.311838Z	info	ads	full push happen, reason:map[config:1]
2026-08-29T16:32:03.327200762Z 2026-08-29T16:32:03.326992Z	info	ads	full push happen, reason:map[config:1]
2026-08-29T16:32:03.327230630Z 2026-08-29T16:32:03.327023Z	info	ads	full push happen, reason:map[config:1]
2026-08-29T16:32:03.338126067Z 2026-08-29T16:32:03.337947Z	info	ads	full push happen, reason:map[config:1]
2026-08-29T16:32:03.338153162Z 2026-08-29T16:32:03.337985Z	info	ads	full push happen, reason:map[config:1]
2026-08-29T16:32:03.354327219Z 2026-08-29T16:32:03.354149Z	info	ads	full push happen, reason:map[config:1]
2026-08-29T16:32:03.354348944Z 2026-08-29T16:32:03.354183Z	info	ads	full push happen, reason:map[config:1]
2026-08-29T16:32:03.369036246Z 2026-08-29T16:32:03.368777Z	info	ads	full push happen, reason:map[config:1]
2026-08-29T16:32:03.369073226Z 2026-08-29T16:32:03.368815Z	info	ads	full push happen, reason:map[config:1]
2026-08-29T16:32:03.383562130Z 2026-08-29T16:32:03.383388Z	info	ads	full push happen, reason:map[config:1]
2026-08-29T16:32:03.383594151Z 2026-08-29T16:32:03.383426Z	info	ads	full push happen, reason:map[config:1]
2026-08-29T16:32:03.398699624Z 2026-08-29T16:32:03.398587Z	info	ads	full push happen, reason:map[config:1]
2026-08-29T16:32:03.398733108Z 2026-08-29T16:32:03.398624Z	info	ads	full push happen, reason:map[config:1]
2026-08-29T16:32:03.413532083Z 2026-08-29T16:32:03.413360Z	info	ads	full push happen, reason:map[config:1]
2026-08-29T16:32:03.413569427Z 2026-08-29T16:32:03.413402Z	info	ads	full push happen, reason:map[config:1]
2026-08-29T16:32:03.423646441Z 2026-08-29T16:32:03.423342Z	info	ads	full push happen, reason:map[config:1]
2026-08-29T16:32:03.423680821Z 2026-08-29T16:32:03.423374Z	info	ads	full push happen, reason:map[config:1]
2026-08-29T16:32:03.438913495Z 2026-08-29T16:32:03.438741Z	info	ads	full push happen, reason:map[config:1]
2026-08-29T16:32:03.438928747Z 2026-08-29T16:32:03.438785Z	info	ads	full push happen, reason:map[config:1]
2026-08-29T16:32:03.454043068Z 2026-08-29T16:32:03.453732Z	info	ads	full push happen, reason:map[config:1]
2026-08-29T16:32:03.454079092Z 2026-08-29T16:32:03.453769Z	info	ads	full push happen, reason:map[config:1]
2026-08-29T16:32:03.466060552Z 2026-08-29T16:32:03.465856Z	info	ads	full push happen, reason:map[config:1]
2026-08-29T16:32:03.466089151Z 2026-08-29T16:32:03.465886Z	info	ads	full push happen, reason:map[config:1]
2026-08-29T16:32:03.481532972Z 2026-08-29T16:32:03.481238Z	info	ads	full push happen, reason:map[config:1]
2026-08-29T16:32:03.481563080Z 2026-08-29T16:32:03.481273Z	info	ads	full push happen, reason:map[config:1]
2026-08-29T16:32:03.491998948Z 2026-08-29T16:32:03.491873Z	info	ads	full push happen, reason:map[config:1]
2026-08-29T16:32:03.492013832Z 2026-08-29T16:32:03.491916Z	info	ads	full push happen, reason:map[config:1]
2026-08-29T16:32:03.506813419Z 2026-08-29T16:32:03.506669Z	info	ads	full push happen, reason:map[config:1]
2026-08-29T16:32:03.506844708Z 2026-08-29T16:32:03.506699Z	info	ads	full push happen, reason:map[config:1]
2026-08-29T16:32:03.521634302Z 2026-08-29T16:32:03.521475Z	info	ads	full push happen, reason:map[config:1]
2026-08-29T16:32:03.521646950Z 2026-08-29T16:32:03.521504Z	info	ads	full push happen, reason:map[config:1]
2026-08-29T16:32:03.532480349Z 2026-08-29T16:32:03.532220Z	info	ads	full push happen, reason:map[config:1]
2026-08-29T16:32:03.532508905Z 2026-08-29T16:32:03.532259Z	info	ads	full push happen, reason:map[config:1]
2026-08-29T16:32:03.548556557Z 2026-08-29T16:32:03.548387Z	info	ads	full push happen, reason:map[config:1]
2026-08-29T16:32:03.548570749Z 2026-08-29T16:32:03.548425Z	info	ads	full push happen, reason:map[config:1]
2026-08-29T16:32:03.563810328Z 2026-08-29T16:32:03.563657Z	info	ads	full push happen, reason:map[config:1]
2026-08-29T16:32:03.563823276Z 2026-08-29T16:32:03.563696Z	info	ads	full push happen, reason:map[config:1]
2026-08-29T16:32:03.574130323Z 2026-08-29T16:32:03.573891Z	info	ads	full push happen, reason:map[config:1]
2026-08-29T16:32:03.574161135Z 2026-08-29T16:32:03.573921Z	info	ads	full push happen, reason:map[config:1]
2026-08-29T16:32:03.592838929Z 2026-08-29T16:32:03.592616Z	info	ads	full push happen, reason:map[config:1]
2026-08-29T16:32:03.592868993Z 2026-08-29T16:32:03.592647Z	info	ads	full push happen, reason:map[config:1]
2026-08-29T16:32:03.608394549Z 2026-08-29T16:32:03.608158Z	info	ads	full push happen, reason:map[config:1]
2026-08-29T16:32:03.608428385Z 2026-08-29T16:32:03.608187Z	info	ads	full push happen, reason:map[config:1]
2026-08-29T16:32:03.618762129Z 2026-08-29T16:32:03.618616Z	info	ads	full push happen, reason:map[config:1]
2026-08-29T16:32:03.618791342Z 2026-08-29T16:32:03.618650Z	info	ads	full push happen, reason:map[config:1]
2026-08-29T16:32:03.633598872Z 2026-08-29T16:32:03.633461Z	info	ads	full push happen, reason:map[config:1]
2026-08-29T16:32:03.633640976Z 2026-08-29T16:32:03.633493Z	info	ads	full push happen, reason:map[config:1]
2026-08-29T16:32:03.644253242Z 2026-08-29T16:32:03.644040Z	info	ads	full push happen, reason:map[config:1]
2026-08-29T16:32:03.644265547Z 2026-08-29T16:32:03.644076Z	info	ads	full push happen, reason:map[config:1]
2026-08-29T16:32:03.659278103Z 2026-08-29T16:32:03.659201Z	info	ads	full push happen, reason:map[config:1]
2026-08-29T16:32:03.659290827Z 2026-08-29T16:32:03.659238Z	info	ads	full push happen, reason:map[config:1]
2026-08-29T16:32:03.674369627Z 2026-08-29T16:32:03.674097Z	info	ads	full push happen, reason:map[config:1]
2026-08-29T16:32:03.674400276Z 2026-08-29T16:32:03.674139Z	info	ads	full push happen, reason:map[config:1]
2026-08-29T16:32:03.684991774Z 2026-08-29T16:32:03.684673Z	info	ads	full push happen, reason:map[config:1]
2026-08-29T16:32:03.685026861Z 2026-08-29T16:32:03.684714Z	info	ads	full push happen, reason:map[config:1]
2026-08-29T16:32:03.698824101Z 2026-08-29T16:32:03.698610Z	info	ads	full push happen, reason:map[config:1]
2026-08-29T16:32:03.698859865Z 2026-08-29T16:32:03.698644Z	info	ads	full push happen, reason:map[config:1]
2026-08-29T16:32:03.713924298Z 2026-08-29T16:32:03.713691Z	info	ads	full push happen, reason:map[config:1]
2026-08-29T16:32:03.713955775Z 2026-08-29T16:32:03.713726Z	info	ads	full push happen, reason:map[config:1]
2026-08-29T16:32:03.725485010Z 2026-08-29T16:32:03.725288Z	info	ads	full push happen, reason:map[config:1]
2026-08-29T16:32:03.725505019Z 2026-08-29T16:32:03.725325Z	info	ads	full push happen, reason:map[config:1]
2026-08-29T16:32:03.740050233Z 2026-08-29T16:32:03.739887Z	info	ads	full push happen, reason:map[config:1]
2026-08-29T16:32:03.740066080Z 2026-08-29T16:32:03.739918Z	info	ads	full push happen, reason:map[config:1]
2026-08-29T16:32:03.755256086Z 2026-08-29T16:32:03.755041Z	info	ads	full push happen, reason:map[config:1]
2026-08-29T16:32:03.755295175Z 2026-08-29T16:32:03.755071Z	info	ads	full push happen, reason:map[config:1]
2026-08-29T16:32:03.765987100Z 2026-08-29T16:32:03.765854Z	info	ads	full push happen, reason:map[config:1]
2026-08-29T16:32:03.766014913Z 2026-08-29T16:32:03.765891Z	info	ads	full push happen, reason:map[config:1]
2026-08-29T16:32:03.781117741Z 2026-08-29T16:32:03.780998Z	info	ads	full push happen, reason:map[config:1]
2026-08-29T16:32:03.781133001Z 2026-08-29T16:32:03.781037Z	info	ads	full push happen, reason:map[config:1]
2026-08-29T16:32:03.791194955Z 2026-08-29T16:32:03.790875Z	info	ads	full push happen, reason:map[config:1]
2026-08-29T16:32:03.791226523Z 2026-08-29T16:32:03.790907Z	info	ads	full push happen, reason:map[config:1]
2026-08-29T16:32:03.805353886Z 2026-08-29T16:32:03.805133Z	info	ads	full push happen, reason:map[config:1]
2026-08-29T16:32:03.805391151Z 2026-08-29T16:32:03.805167Z	info	ads	full push happen, reason:map[config:1]
2026-08-29T16:32:03.820867678Z 2026-08-29T16:32:03.820579Z	info	ads	full push happen, reason:map[config:1]
2026-08-29T16:32:03.820900814Z 2026-08-29T16:32:03.820615Z	info	ads	full push happen, reason:map[config:1]
2026-08-29T16:32:03.830615962Z 2026-08-29T16:32:03.830389Z	info	ads	full push happen, reason:map[config:1]
2026-08-29T16:32:03.830644590Z 2026-08-29T16:32:03.830421Z	info	ads	full push happen, reason:map[config:1]
2026-08-29T16:32:03.845493994Z 2026-08-29T16:32:03.845295Z	info	ads	full push happen, reason:map[config:1]
2026-08-29T16:32:03.845525781Z 2026-08-29T16:32:03.845350Z	info	ads	full push happen, reason:map[config:1]
2026-08-29T16:32:03.860807531Z 2026-08-29T16:32:03.860611Z	info	ads	full push happen, reason:map[config:1]
2026-08-29T16:32:03.860837455Z 2026-08-29T16:32:03.860651Z	info	ads	full push happen, reason:map[config:1]
2026-08-29T16:32:03.871233780Z 2026-08-29T16:32:03.871091Z	info	ads	full push happen, reason:map[config:1]
2026-08-29T16:32:03.871261845Z 2026-08-29T16:32:03.871131Z	info	ads	full push happen, reason:map[config:1]
2026-08-29T16:32:03.886282028Z 2026-08-29T16:32:03.886117Z	info	ads	full push happen, reason:map[config:1]
2026-08-29T16:32:03.886295516Z 2026-08-29T16:32:03.886158Z	info	ads	full push happen, reason:map[config:1]
2026-08-29T16:32:03.901609495Z 2026-08-29T16:32:03.901315Z	info	ads	full push happen, reason:map[config:1]
2026-08-29T16:32:03.901641376Z 2026-08-29T16:32:03.901355Z	info	ads	full push happen, reason:map[config:1]
2026-08-29T16:32:03.911745994Z 2026-08-29T16:32:03.911592Z	info	ads	full push happen, reason:map[config:1]
2026-08-29T16:32:03.911774166Z 2026-08-29T16:32:03.911643Z	info	ads	full push happen, reason:map[config:1]
2026-08-29T16:32:03.927231493Z 2026-08-29T16:32:03.927003Z	info	ads	full push happen, reason:map[config:1]
2026-08-29T16:32:03.927264190Z 2026-08-29T16:32:03.927044Z	info	ads	full push happen, reason:map[config:1]
2026-08-29T16:32:03.937718947Z 2026-08-29T16:32:03.937472Z	info	ads	full push happen, reason:map[config:1]
2026-08-29T16:32:03.937731011Z 2026-08-29T16:32:03.937505Z	info	ads	full push happen, reason:map[config:1]
2026-08-29T16:32:03.953113382Z 2026-08-29T16:32:03.952834Z	info	ads	full push happen, reason:map[config:1]
2026-08-29T16:32:03.953143453Z 2026-08-29T16:32:03.952873Z	info	ads	full push happen, reason:map[config:1]
2026-08-29T16:32:03.967909096Z 2026-08-29T16:32:03.967669Z	info	ads	full push happen, reason:map[config:1]
2026-08-29T16:32:03.967940948Z 2026-08-29T16:32:03.967704Z	info	ads	full push happen, reason:map[config:1]
2026-08-29T16:32:03.978098559Z 2026-08-29T16:32:03.977966Z	info	ads	full push happen, reason:map[config:1]
2026-08-29T16:32:03.978131159Z 2026-08-29T16:32:03.977997Z	info	ads	full push happen, reason:map[config:1]
2026-08-29T16:32:03.993087084Z 2026-08-29T16:32:03.992943Z	info	ads	full push happen, reason:map[config:1]
2026-08-29T16:32:03.993128491Z 2026-08-29T16:32:03.992978Z	info	ads	full push happen, reason:map[config:1]
2026-08-29T16:32:04.009148243Z 2026-08-29T16:32:04.009026Z	info	ads	full push happen, reason:map[config:1]
2026-08-29T16:32:04.009163119Z 2026-08-29T16:32:04.009067Z	info	ads	full push happen, reason:map[config:1]
2026-08-29T16:32:04.019422351Z 2026-08-29T16:32:04.019261Z	info	ads	full push happen, reason:map[config:1]
2026-08-29T16:32:04.019455899Z 2026-08-29T16:32:04.019300Z	info	ads	full push happen, reason:map[config:1]
2026-08-29T16:32:04.036759187Z 2026-08-29T16:32:04.036586Z	info	ads	full push happen, reason:map[config:1]
2026-08-29T16:32:04.036772622Z 2026-08-29T16:32:04.036616Z	info	ads	full push happen, reason:map[config:1]
2026-08-29T16:32:04.052162794Z 2026-08-29T16:32:04.051965Z	info	ads	full push happen, reason:map[config:1]
2026-08-29T16:32:04.052194326Z 2026-08-29T16:32:04.051997Z	info	ads	full push happen, reason:map[config:1]
2026-08-29T16:32:04.062514553Z 2026-08-29T16:32:04.062366Z	info	ads	full push happen, reason:map[config:1]
2026-08-29T16:32:04.062548221Z 2026-08-29T16:32:04.062405Z	info	ads	full push happen, reason:map[config:1]
2026-08-29T16:32:04.077770696Z 2026-08-29T16:32:04.077477Z	info	ads	full push happen, reason:map[config:1]
2026-08-29T16:32:04.077800696Z 2026-08-29T16:32:04.077512Z	info	ads	full push happen, reason:map[config:1]
2026-08-29T16:32:04.087932646Z 2026-08-29T16:32:04.087751Z	info	ads	full push happen, reason:map[config:1]
2026-08-29T16:32:04.087961114Z 2026-08-29T16:32:04.087783Z	info	ads	full push happen, reason:map[config:1]
2026-08-29T16:32:04.103029519Z 2026-08-29T16:32:04.102813Z	info	ads	full push happen, reason:map[config:1]
2026-08-29T16:32:04.103061167Z 2026-08-29T16:32:04.102849Z	info	ads	full push happen, reason:map[config:1]
2026-08-29T16:32:04.119847384Z 2026-08-29T16:32:04.119614Z	info	ads	full push happen, reason:map[config:1]
2026-08-29T16:32:04.119897636Z 2026-08-29T16:32:04.119656Z	info	ads	full push happen, reason:map[config:1]
2026-08-29T16:32:04.129917618Z 2026-08-29T16:32:04.129774Z	info	ads	full push happen, reason:map[config:1]
2026-08-29T16:32:04.129945335Z 2026-08-29T16:32:04.129827Z	info	ads	full push happen, reason:map[config:1]
2026-08-29T16:32:04.145887929Z 2026-08-29T16:32:04.145767Z	info	ads	full push happen, reason:map[config:1]
2026-08-29T16:32:04.145903681Z 2026-08-29T16:32:04.145818Z	info	ads	full push happen, reason:map[config:1]
2026-08-29T16:32:04.161632899Z 2026-08-29T16:32:04.161400Z	info	ads	full push happen, reason:map[config:1]
2026-08-29T16:32:04.161664251Z 2026-08-29T16:32:04.161454Z	info	ads	full push happen, reason:map[config:1]
2026-08-29T16:32:04.171800105Z 2026-08-29T16:32:04.171598Z	info	ads	full push happen, reason:map[config:1]
2026-08-29T16:32:04.171828877Z 2026-08-29T16:32:04.171632Z	info	ads	full push happen, reason:map[config:1]
2026-08-29T16:32:04.187473607Z 2026-08-29T16:32:04.187337Z	info	ads	full push happen, reason:map[config:1]
2026-08-29T16:32:04.187503439Z 2026-08-29T16:32:04.187384Z	info	ads	full push happen, reason:map[config:1]
2026-08-29T16:32:04.202483274Z 2026-08-29T16:32:04.202372Z	info	ads	full push happen, reason:map[config:1]
2026-08-29T16:32:04.202498610Z 2026-08-29T16:32:04.202407Z	info	ads	full push happen, reason:map[config:1]
2026-08-29T16:32:04.213166553Z 2026-08-29T16:32:04.213037Z	info	ads	full push happen, reason:map[config:1]
2026-08-29T16:32:04.213193749Z 2026-08-29T16:32:04.213092Z	info	ads	full push happen, reason:map[config:1]
2026-08-29T16:32:04.229642523Z 2026-08-29T16:32:04.229547Z	info	ads	full push happen, reason:map[config:1]
2026-08-29T16:32:04.229655659Z 2026-08-29T16:32:04.229583Z	info	ads	full push happen, reason:map[config:1]
2026-08-29T16:32:04.240536202Z 2026-08-29T16:32:04.240382Z	info	ads	full push happen, reason:map[config:1]
2026-08-29T16:32:04.240564719Z 2026-08-29T16:32:04.240414Z	info	ads	full push happen, reason:map[config:1]
2026-08-29T16:32:04.256307440Z 2026-08-29T16:32:04.256094Z	info	ads	full push happen, reason:map[config:1]
2026-08-29T16:32:04.256338157Z 2026-08-29T16:32:04.256127Z	info	ads	full push happen, reason:map[config:1]
2026-08-29T16:32:04.272256699Z 2026-08-29T16:32:04.272133Z	info	ads	full push happen, reason:map[config:1]
2026-08-29T16:32:04.272272044Z 2026-08-29T16:32:04.272171Z	info	ads	full push happen, reason:map[config:1]
2026-08-29T16:32:04.282058952Z 2026-08-29T16:32:04.281903Z	info	ads	full push happen, reason:map[config:1]
2026-08-29T16:32:04.282094124Z 2026-08-29T16:32:04.281942Z	info	ads	full push happen, reason:map[config:1]
2026-08-29T16:32:04.297949874Z 2026-08-29T16:32:04.297706Z	info	ads	full push happen, reason:map[config:1]
2026-08-29T16:32:04.297981879Z 2026-08-29T16:32:04.297735Z	info	ads	full push happen, reason:map[config:1]
2026-08-29T16:32:04.313217680Z 2026-08-29T16:32:04.312992Z	info	ads	full push happen, reason:map[config:1]
2026-08-29T16:32:04.313258189Z 2026-08-29T16:32:04.313041Z	info	ads	full push happen, reason:map[config:1]
2026-08-29T16:32:04.328878444Z 2026-08-29T16:32:04.328613Z	info	ads	full push happen, reason:map[config:1]
2026-08-29T16:32:04.328908221Z 2026-08-29T16:32:04.328644Z	info	ads	full push happen, reason:map[config:1]
2026-08-29T16:32:04.344513329Z 2026-08-29T16:32:04.344352Z	info	ads	full push happen, reason:map[config:1]
2026-08-29T16:32:04.344545778Z 2026-08-29T16:32:04.344388Z	info	ads	full push happen, reason:map[config:1]
2026-08-29T16:32:04.360287283Z 2026-08-29T16:32:04.360121Z	info	ads	full push happen, reason:map[config:1]
2026-08-29T16:32:04.360325116Z 2026-08-29T16:32:04.360156Z	info	ads	full push happen, reason:map[config:1]
2026-08-29T16:32:04.372119893Z 2026-08-29T16:32:04.371941Z	info	ads	full push happen, reason:map[config:1]
2026-08-29T16:32:04.372147950Z 2026-08-29T16:32:04.371978Z	info	ads	full push happen, reason:map[config:1]
2026-08-29T16:32:04.387213839Z 2026-08-29T16:32:04.387075Z	info	ads	full push happen, reason:map[config:1]
2026-08-29T16:32:04.387228862Z 2026-08-29T16:32:04.387128Z	info	ads	full push happen, reason:map[config:1]
2026-08-29T16:32:04.402062322Z 2026-08-29T16:32:04.401841Z	info	ads	full push happen, reason:map[config:1]
2026-08-29T16:32:04.402094349Z 2026-08-29T16:32:04.401895Z	info	ads	full push happen, reason:map[config:1]
2026-08-29T16:32:04.413547266Z 2026-08-29T16:32:04.413378Z	info	ads	full push happen, reason:map[config:1]
2026-08-29T16:32:04.413574402Z 2026-08-29T16:32:04.413406Z	info	ads	full push happen, reason:map[config:1]
2026-08-29T16:32:04.433407396Z 2026-08-29T16:32:04.433306Z	info	ads	full push happen, reason:map[config:1]
2026-08-29T16:32:04.433437764Z 2026-08-29T16:32:04.433371Z	info	ads	full push happen, reason:map[config:1]
2026-08-29T16:32:04.444119438Z 2026-08-29T16:32:04.443897Z	info	ads	full push happen, reason:map[config:1]
2026-08-29T16:32:04.444147518Z 2026-08-29T16:32:04.443936Z	info	ads	full push happen, reason:map[config:1]
2026-08-29T16:32:04.457545135Z 2026-08-29T16:32:04.457415Z	info	ads	full push happen, reason:map[config:1]
2026-08-29T16:32:04.457560399Z 2026-08-29T16:32:04.457454Z	info	ads	full push happen, reason:map[config:1]
2026-08-29T16:32:04.473349273Z 2026-08-29T16:32:04.473063Z	info	ads	full push happen, reason:map[config:1]
2026-08-29T16:32:04.473379710Z 2026-08-29T16:32:04.473099Z	info	ads	full push happen, reason:map[config:1]
2026-08-29T16:32:04.488393453Z 2026-08-29T16:32:04.488183Z	info	ads	full push happen, reason:map[config:1]
2026-08-29T16:32:04.488459690Z 2026-08-29T16:32:04.488214Z	info	ads	full push happen, reason:map[config:1]
2026-08-29T16:32:04.498773674Z 2026-08-29T16:32:04.498552Z	info	ads	full push happen, reason:map[config:1]
2026-08-29T16:32:04.498802421Z 2026-08-29T16:32:04.498596Z	info	ads	full push happen, reason:map[config:1]
2026-08-29T16:32:04.513803826Z 2026-08-29T16:32:04.513640Z	info	ads	full push happen, reason:map[config:1]
2026-08-29T16:32:04.513835486Z 2026-08-29T16:32:04.513669Z	info	ads	full push happen, reason:map[config:1]
2026-08-29T16:32:04.524185682Z 2026-08-29T16:32:04.523956Z	info	ads	full push happen, reason:map[config:1]
2026-08-29T16:32:04.524213842Z 2026-08-29T16:32:04.523988Z	info	ads	full push happen, reason:map[config:1]
2026-08-29T16:32:04.538762915Z 2026-08-29T16:32:04.538566Z	info	ads	full push happen, reason:map[config:1]
2026-08-29T16:32:04.538775956Z 2026-08-29T16:32:04.538597Z	info	ads	full push happen, reason:map[config:1]
2026-08-29T16:32:04.554416508Z 2026-08-29T16:32:04.554289Z	info	ads	full push happen, reason:map[config:1]
2026-08-29T16:32:04.554445248Z 2026-08-29T16:32:04.554333Z	info	ads	full push happen, reason:map[config:1]
2026-08-29T16:32:04.565108339Z 2026-08-29T16:32:04.564932Z	info	ads	full push happen, reason:map[config:1]
2026-08-29T16:32:04.565121083Z 2026-08-29T16:32:04.564974Z	info	ads	full push happen, reason:map[config:1]
2026-08-29T16:32:04.580251976Z 2026-08-29T16:32:04.579964Z	info	ads	full push happen, reason:map[config:1]
2026-08-29T16:32:04.580283385Z 2026-08-29T16:32:04.580000Z	info	ads	full push happen, reason:map[config:1]
2026-08-29T16:32:04.595615710Z 2026-08-29T16:32:04.595413Z	info	ads	full push happen, reason:map[config:1]
2026-08-29T16:32:04.595655795Z 2026-08-29T16:32:04.595449Z	info	ads	full push happen, reason:map[config:1]
2026-08-29T16:32:04.606065688Z 2026-08-29T16:32:04.605888Z	info	ads	full push happen, reason:map[config:1]
2026-08-29T16:32:04.606080075Z 2026-08-29T16:32:04.605918Z	info	ads	full push happen, reason:map[config:1]
2026-08-29T16:32:04.621217300Z 2026-08-29T16:32:04.620901Z	info	ads	full push happen, reason:map[config:1]
2026-08-29T16:32:04.621247445Z 2026-08-29T16:32:04.620948Z	info	ads	full push happen, reason:map[config:1]
2026-08-29T16:32:04.636255509Z 2026-08-29T16:32:04.636051Z	info	ads	full push happen, reason:map[config:1]
2026-08-29T16:32:04.636269069Z 2026-08-29T16:32:04.636101Z	info	ads	full push happen, reason:map[config:1]
2026-08-29T16:32:04.646426192Z 2026-08-29T16:32:04.646262Z	info	ads	full push happen, reason:map[config:1]
2026-08-29T16:32:04.646438792Z 2026-08-29T16:32:04.646300Z	info	ads	full push happen, reason:map[config:1]
2026-08-29T16:32:04.661564769Z 2026-08-29T16:32:04.661350Z	info	ads	full push happen, reason:map[config:1]
2026-08-29T16:32:04.661595050Z 2026-08-29T16:32:04.661384Z	info	ads	full push happen, reason:map[config:1]
2026-08-29T16:32:04.672350876Z 2026-08-29T16:32:04.672182Z	info	ads	full push happen, reason:map[config:1]
2026-08-29T16:32:04.672365441Z 2026-08-29T16:32:04.672219Z	info	ads	full push happen, reason:map[config:1]
2026-08-29T16:32:04.687711923Z 2026-08-29T16:32:04.687465Z	info	ads	full push happen, reason:map[config:1]
2026-08-29T16:32:04.687750192Z 2026-08-29T16:32:04.687502Z	info	ads	full push happen, reason:map[config:1]
2026-08-29T16:32:04.702633947Z 2026-08-29T16:32:04.702317Z	info	ads	full push happen, reason:map[config:1]
2026-08-29T16:32:04.702664791Z 2026-08-29T16:32:04.702347Z	info	ads	full push happen, reason:map[config:1]
2026-08-29T16:32:04.712866110Z 2026-08-29T16:32:04.712627Z	info	ads	full push happen, reason:map[config:1]
2026-08-29T16:32:04.712894017Z 2026-08-29T16:32:04.712659Z	info	ads	full push happen, reason:map[config:1]
2026-08-29T16:32:04.728016631Z 2026-08-29T16:32:04.727831Z	info	ads	full push happen, reason:map[config:1]
2026-08-29T16:32:04.728051955Z 2026-08-29T16:32:04.727899Z	info	ads	full push happen, reason:map[config:1]
2026-08-29T16:32:04.743412610Z 2026-08-29T16:32:04.743187Z	info	ads	full push happen, reason:map[config:1]
2026-08-29T16:32:04.743442530Z 2026-08-29T16:32:04.743238Z	info	ads	full push happen, reason:map[config:1]
2026-08-29T16:32:04.753873831Z 2026-08-29T16:32:04.753712Z	info	ads	full push happen, reason:map[config:1]
2026-08-29T16:32:04.753909471Z 2026-08-29T16:32:04.753752Z	info	ads	full push happen, reason:map[config:1]
2026-08-29T16:32:04.768986207Z 2026-08-29T16:32:04.768716Z	info	ads	full push happen, reason:map[config:1]
2026-08-29T16:32:04.769017840Z 2026-08-29T16:32:04.768749Z	info	ads	full push happen, reason:map[config:1]
2026-08-29T16:32:04.806890611Z 2026-08-29T16:32:04.806704Z	info	ads	full push happen, reason:map[config:1]
2026-08-29T16:32:04.806914260Z 2026-08-29T16:32:04.806750Z	info	ads	full push happen, reason:map[config:1]
2026-08-29T16:32:04.817084445Z 2026-08-29T16:32:04.816831Z	info	ads	full push happen, reason:map[config:1]
2026-08-29T16:32:04.817111214Z 2026-08-29T16:32:04.816858Z	info	ads	full push happen, reason:map[config:1]
2026-08-29T16:32:04.830089152Z 2026-08-29T16:32:04.829936Z	info	ads	full push happen, reason:map[config:1]
2026-08-29T16:32:04.830118660Z 2026-08-29T16:32:04.829979Z	info	ads	full push happen, reason:map[config:1]
2026-08-29T16:32:04.840412712Z 2026-08-29T16:32:04.840197Z	info	ads	full push happen, reason:map[config:1]
2026-08-29T16:32:04.840438628Z 2026-08-29T16:32:04.840233Z	info	ads	full push happen, reason:map[config:1]
2026-08-29T16:32:04.853373274Z 2026-08-29T16:32:04.853192Z	info	ads	full push happen, reason:map[config:1]
2026-08-29T16:32:04.853402838Z 2026-08-29T16:32:04.853219Z	info	ads	full push happen, reason:map[config:1]
2026-08-29T16:32:04.869322466Z 2026-08-29T16:32:04.869139Z	info	ads	full push happen, reason:map[config:1]
2026-08-29T16:32:04.872230763Z 2026-08-29T16:32:04.872128Z	info	ads	full push happen, reason:map[config:1]
2026-08-29T16:32:04.882347318Z 2026-08-29T16:32:04.882191Z	info	ads	full push happen, reason:map[config:1]
2026-08-29T16:32:04.882362081Z 2026-08-29T16:32:04.882232Z	info	ads	full push happen, reason:map[config:1]
2026-08-29T16:32:04.893781534Z 2026-08-29T16:32:04.893714Z	info	ads	full push happen, reason:map[config:1]
2026-08-29T16:32:04.893789674Z 2026-08-29T16:32:04.893730Z	info	ads	full push happen, reason:map[config:1]
2026-08-29T16:32:04.904809461Z 2026-08-29T16:32:04.904574Z	info	ads	full push happen, reason:map[config:1]
2026-08-29T16:32:04.904832709Z 2026-08-29T16:32:04.904623Z	info	ads	full push happen, reason:map[config:1]
2026-08-29T16:32:04.912530928Z 2026-08-29T16:32:04.912416Z	info	ads	full push happen, reason:map[config:1]
2026-08-29T16:32:04.912544169Z 2026-08-29T16:32:04.912444Z	info	ads	full push happen, reason:map[config:1]
2026-08-29T16:32:04.925326011Z 2026-08-29T16:32:04.925135Z	info	ads	full push happen, reason:map[config:1]
2026-08-29T16:32:04.925343818Z 2026-08-29T16:32:04.925165Z	info	ads	full push happen, reason:map[config:1]
2026-08-29T16:32:04.935986901Z 2026-08-29T16:32:04.935892Z	info	ads	full push happen, reason:map[config:1]
2026-08-29T16:32:04.935994212Z 2026-08-29T16:32:04.935917Z	info	ads	full push happen, reason:map[config:1]
2026-08-29T16:32:04.942241343Z 2026-08-29T16:32:04.942135Z	info	ads	full push happen, reason:map[config:1]
2026-08-29T16:32:04.942257494Z 2026-08-29T16:32:04.942162Z	info	ads	full push happen, reason:map[config:1]
2026-08-29T16:32:04.958021380Z 2026-08-29T16:32:04.957845Z	info	ads	full push happen, reason:map[config:1]
2026-08-29T16:32:04.958047413Z 2026-08-29T16:32:04.957892Z	info	ads	full push happen, reason:map[config:1]
2026-08-29T16:32:04.969399556Z 2026-08-29T16:32:04.969178Z	info	ads	full push happen, reason:map[config:1]
2026-08-29T16:32:04.969434145Z 2026-08-29T16:32:04.969197Z	info	ads	full push happen, reason:map[config:1]
2026-08-29T16:32:04.979385554Z 2026-08-29T16:32:04.979277Z	info	ads	full push happen, reason:map[config:1]
2026-08-29T16:32:04.979409160Z 2026-08-29T16:32:04.979320Z	info	ads	full push happen, reason:map[config:1]
2026-08-29T16:32:04.994541071Z 2026-08-29T16:32:04.994309Z	info	ads	full push happen, reason:map[config:1]
2026-08-29T16:32:04.994570619Z 2026-08-29T16:32:04.994348Z	info	ads	full push happen, reason:map[config:1]
2026-08-29T16:32:05.009636304Z 2026-08-29T16:32:05.009372Z	info	ads	full push happen, reason:map[config:1]
2026-08-29T16:32:05.009675632Z 2026-08-29T16:32:05.009415Z	info	ads	full push happen, reason:map[config:1]
2026-08-29T16:32:05.020350159Z 2026-08-29T16:32:05.020089Z	info	ads	full push happen, reason:map[config:1]
2026-08-29T16:32:05.020387255Z 2026-08-29T16:32:05.020130Z	info	ads	full push happen, reason:map[config:1]
2026-08-29T16:32:05.035209597Z 2026-08-29T16:32:05.034934Z	info	ads	full push happen, reason:map[config:1]
2026-08-29T16:32:05.035248469Z 2026-08-29T16:32:05.034980Z	info	ads	full push happen, reason:map[config:1]
2026-08-29T16:32:05.045821467Z 2026-08-29T16:32:05.045585Z	info	ads	full push happen, reason:map[config:1]
2026-08-29T16:32:05.045853480Z 2026-08-29T16:32:05.045622Z	info	ads	full push happen, reason:map[config:1]
2026-08-29T16:32:05.064609042Z 2026-08-29T16:32:05.064437Z	info	ads	full push happen, reason:map[config:1]
2026-08-29T16:32:05.064631214Z 2026-08-29T16:32:05.064469Z	info	ads	full push happen, reason:map[config:1]
2026-08-29T16:32:05.079471577Z 2026-08-29T16:32:05.079280Z	info	ads	full push happen, reason:map[config:1]
2026-08-29T16:32:05.079503758Z 2026-08-29T16:32:05.079318Z	info	ads	full push happen, reason:map[config:1]
2026-08-29T16:32:05.090099023Z 2026-08-29T16:32:05.089910Z	info	ads	full push happen, reason:map[config:1]
2026-08-29T16:32:05.090127568Z 2026-08-29T16:32:05.089950Z	info	ads	full push happen, reason:map[config:1]
2026-08-29T16:32:05.106205428Z 2026-08-29T16:32:05.106022Z	info	ads	full push happen, reason:map[config:1]
2026-08-29T16:32:05.106223743Z 2026-08-29T16:32:05.106054Z	info	ads	full push happen, reason:map[config:1]
2026-08-29T16:32:05.121167103Z 2026-08-29T16:32:05.120998Z	info	ads	full push happen, reason:map[config:1]
2026-08-29T16:32:05.121206384Z 2026-08-29T16:32:05.121031Z	info	ads	full push happen, reason:map[config:1]
2026-08-29T16:32:05.131858381Z 2026-08-29T16:32:05.131631Z	info	ads	full push happen, reason:map[config:1]
2026-08-29T16:32:05.131887349Z 2026-08-29T16:32:05.131672Z	info	ads	full push happen, reason:map[config:1]
2026-08-29T16:32:05.146839478Z 2026-08-29T16:32:05.146590Z	info	ads	full push happen, reason:map[config:1]
2026-08-29T16:32:05.146862618Z 2026-08-29T16:32:05.146649Z	info	ads	full push happen, reason:map[config:1]
2026-08-29T16:32:05.162083396Z 2026-08-29T16:32:05.161865Z	info	ads	full push happen, reason:map[config:1]
2026-08-29T16:32:05.162115512Z 2026-08-29T16:32:05.161905Z	info	ads	full push happen, reason:map[config:1]
2026-08-29T16:32:05.173584331Z 2026-08-29T16:32:05.173351Z	info	ads	full push happen, reason:map[config:1]
2026-08-29T16:32:05.173612524Z 2026-08-29T16:32:05.173383Z	info	ads	full push happen, reason:map[config:1]
2026-08-29T16:32:05.188779222Z 2026-08-29T16:32:05.188607Z	info	ads	full push happen, reason:map[config:1]
2026-08-29T16:32:05.188818241Z 2026-08-29T16:32:05.188647Z	info	ads	full push happen, reason:map[config:1]
2026-08-29T16:32:05.199330851Z 2026-08-29T16:32:05.199205Z	info	ads	full push happen, reason:map[config:1]
2026-08-29T16:32:05.199365695Z 2026-08-29T16:32:05.199238Z	info	ads	full push happen, reason:map[config:1]
2026-08-29T16:32:05.215824405Z 2026-08-29T16:32:05.215622Z	info	ads	full push happen, reason:map[config:1]
2026-08-29T16:32:05.215855202Z 2026-08-29T16:32:05.215670Z	info	ads	full push happen, reason:map[config:1]
2026-08-29T16:32:05.232347951Z 2026-08-29T16:32:05.231969Z	info	ads	full push happen, reason:map[config:1]
2026-08-29T16:32:05.232380128Z 2026-08-29T16:32:05.232016Z	info	ads	full push happen, reason:map[config:1]
2026-08-29T16:32:05.243227964Z 2026-08-29T16:32:05.243002Z	info	ads	full push happen, reason:map[config:1]
2026-08-29T16:32:05.243258039Z 2026-08-29T16:32:05.243047Z	info	ads	full push happen, reason:map[config:1]
2026-08-29T16:32:05.258791352Z 2026-08-29T16:32:05.258616Z	info	ads	full push happen, reason:map[config:1]
2026-08-29T16:32:05.258823587Z 2026-08-29T16:32:05.258657Z	info	ads	full push happen, reason:map[config:1]
2026-08-29T16:32:05.276652904Z 2026-08-29T16:32:05.276454Z	info	ads	full push happen, reason:map[config:1]
2026-08-29T16:32:05.276670940Z 2026-08-29T16:32:05.276495Z	info	ads	full push happen, reason:map[config:1]
2026-08-29T16:32:05.287373451Z 2026-08-29T16:32:05.287137Z	info	ads	full push happen, reason:map[config:1]
2026-08-29T16:32:05.287406306Z 2026-08-29T16:32:05.287176Z	info	ads	full push happen, reason:map[config:1]
2026-08-29T16:32:05.303497315Z 2026-08-29T16:32:05.303355Z	info	ads	full push happen, reason:map[config:1]
2026-08-29T16:32:05.303515395Z 2026-08-29T16:32:05.303399Z	info	ads	full push happen, reason:map[config:1]
2026-08-29T16:32:05.319315673Z 2026-08-29T16:32:05.319044Z	info	ads	full push happen, reason:map[config:1]
2026-08-29T16:32:05.319348380Z 2026-08-29T16:32:05.319090Z	info	ads	full push happen, reason:map[config:1]
2026-08-29T16:32:05.331025098Z 2026-08-29T16:32:05.330854Z	info	ads	full push happen, reason:map[config:1]
2026-08-29T16:32:05.331039333Z 2026-08-29T16:32:05.330915Z	info	ads	full push happen, reason:map[config:1]
2026-08-29T16:32:05.346431216Z 2026-08-29T16:32:05.346186Z	info	ads	full push happen, reason:map[config:1]
2026-08-29T16:32:05.346463789Z 2026-08-29T16:32:05.346228Z	info	ads	full push happen, reason:map[config:1]
2026-08-29T16:32:05.357268499Z 2026-08-29T16:32:05.356967Z	info	ads	full push happen, reason:map[config:1]
2026-08-29T16:32:05.357301124Z 2026-08-29T16:32:05.357008Z	info	ads	full push happen, reason:map[config:1]
2026-08-29T16:32:05.373505328Z 2026-08-29T16:32:05.373303Z	info	ads	full push happen, reason:map[config:1]
2026-08-29T16:32:05.373537725Z 2026-08-29T16:32:05.373356Z	info	ads	full push happen, reason:map[config:1]
2026-08-29T16:32:05.389194418Z 2026-08-29T16:32:05.389020Z	info	ads	full push happen, reason:map[config:1]
2026-08-29T16:32:05.389226967Z 2026-08-29T16:32:05.389064Z	info	ads	full push happen, reason:map[config:1]
2026-08-29T16:32:05.402115844Z 2026-08-29T16:32:05.401912Z	info	ads	full push happen, reason:map[config:1]
2026-08-29T16:32:05.402157044Z 2026-08-29T16:32:05.402063Z	info	ads	full push happen, reason:map[config:1]
2026-08-29T16:32:05.415756211Z 2026-08-29T16:32:05.415599Z	info	ads	full push happen, reason:map[config:1]
2026-08-29T16:32:05.415785587Z 2026-08-29T16:32:05.415636Z	info	ads	full push happen, reason:map[config:1]
2026-08-29T16:32:05.433211356Z 2026-08-29T16:32:05.433045Z	info	ads	full push happen, reason:map[config:1]
2026-08-29T16:32:05.433250916Z 2026-08-29T16:32:05.433082Z	info	ads	full push happen, reason:map[config:1]
2026-08-29T16:32:05.444410213Z 2026-08-29T16:32:05.444200Z	info	ads	full push happen, reason:map[config:1]
2026-08-29T16:32:05.444438938Z 2026-08-29T16:32:05.444238Z	info	ads	full push happen, reason:map[config:1]
2026-08-29T16:32:05.461056665Z 2026-08-29T16:32:05.460674Z	info	ads	full push happen, reason:map[config:1]
2026-08-29T16:32:05.461088774Z 2026-08-29T16:32:05.460717Z	info	ads	full push happen, reason:map[config:1]
2026-08-29T16:32:05.476838667Z 2026-08-29T16:32:05.476627Z	info	ads	full push happen, reason:map[config:1]
2026-08-29T16:32:05.476873354Z 2026-08-29T16:32:05.476666Z	info	ads	full push happen, reason:map[config:1]
2026-08-29T16:32:05.491287735Z 2026-08-29T16:32:05.491057Z	info	ads	full push happen, reason:map[config:1]
2026-08-29T16:32:05.491319940Z 2026-08-29T16:32:05.491108Z	info	ads	full push happen, reason:map[config:1]
2026-08-29T16:32:05.510812592Z 2026-08-29T16:32:05.510667Z	info	ads	full push happen, reason:map[config:1]
2026-08-29T16:32:05.510831867Z 2026-08-29T16:32:05.510722Z	info	ads	full push happen, reason:map[config:1]
2026-08-29T16:32:05.526827527Z 2026-08-29T16:32:05.526668Z	info	ads	full push happen, reason:map[config:1]
2026-08-29T16:32:05.526858779Z 2026-08-29T16:32:05.526708Z	info	ads	full push happen, reason:map[config:1]
2026-08-29T16:32:05.537787655Z 2026-08-29T16:32:05.537606Z	info	ads	full push happen, reason:map[config:1]
2026-08-29T16:32:05.537802363Z 2026-08-29T16:32:05.537656Z	info	ads	full push happen, reason:map[config:1]
2026-08-29T16:32:05.553444203Z 2026-08-29T16:32:05.553208Z	info	ads	full push happen, reason:map[config:1]
2026-08-29T16:32:05.553480343Z 2026-08-29T16:32:05.553258Z	info	ads	full push happen, reason:map[config:1]
2026-08-29T16:32:05.568942503Z 2026-08-29T16:32:05.568691Z	info	ads	full push happen, reason:map[config:1]
2026-08-29T16:32:05.568977259Z 2026-08-29T16:32:05.568725Z	info	ads	full push happen, reason:map[config:1]
2026-08-29T16:32:05.579871555Z 2026-08-29T16:32:05.579686Z	info	ads	full push happen, reason:map[config:1]
2026-08-29T16:32:05.579884035Z 2026-08-29T16:32:05.579727Z	info	ads	full push happen, reason:map[config:1]
2026-08-29T16:32:05.596831861Z 2026-08-29T16:32:05.596619Z	info	ads	full push happen, reason:map[config:1]
2026-08-29T16:32:05.596868325Z 2026-08-29T16:32:05.596653Z	info	ads	full push happen, reason:map[config:1]
2026-08-29T16:32:05.609107019Z 2026-08-29T16:32:05.608937Z	info	ads	full push happen, reason:map[config:1]
2026-08-29T16:32:05.609119185Z 2026-08-29T16:32:05.608974Z	info	ads	full push happen, reason:map[config:1]
2026-08-29T16:32:05.624317222Z 2026-08-29T16:32:05.624180Z	info	ads	full push happen, reason:map[config:1]
2026-08-29T16:32:05.624342224Z 2026-08-29T16:32:05.624211Z	info	ads	full push happen, reason:map[config:1]
2026-08-29T16:32:05.640384121Z 2026-08-29T16:32:05.640229Z	info	ads	full push happen, reason:map[config:1]
2026-08-29T16:32:05.640394386Z 2026-08-29T16:32:05.640252Z	info	ads	full push happen, reason:map[config:1]
2026-08-29T16:32:05.651017286Z 2026-08-29T16:32:05.650842Z	info	ads	full push happen, reason:map[config:1]
2026-08-29T16:32:05.651052817Z 2026-08-29T16:32:05.650865Z	info	ads	full push happen, reason:map[config:1]
2026-08-29T16:32:05.667030344Z 2026-08-29T16:32:05.666765Z	info	ads	full push happen, reason:map[config:1]
2026-08-29T16:32:05.667065804Z 2026-08-29T16:32:05.666806Z	info	ads	full push happen, reason:map[config:1]
2026-08-29T16:32:05.683007680Z 2026-08-29T16:32:05.682820Z	info	ads	full push happen, reason:map[config:1]
2026-08-29T16:32:05.683043832Z 2026-08-29T16:32:05.682861Z	info	ads	full push happen, reason:map[config:1]
2026-08-29T16:32:05.694799842Z 2026-08-29T16:32:05.694689Z	info	ads	full push happen, reason:map[config:1]
2026-08-29T16:32:05.694814545Z 2026-08-29T16:32:05.694713Z	info	ads	full push happen, reason:map[config:1]
2026-08-29T16:32:05.710800968Z 2026-08-29T16:32:05.710638Z	info	ads	full push happen, reason:map[config:1]
2026-08-29T16:32:05.710842288Z 2026-08-29T16:32:05.710659Z	info	ads	full push happen, reason:map[config:1]
2026-08-29T16:32:05.726488222Z 2026-08-29T16:32:05.726286Z	info	ads	full push happen, reason:map[config:1]
2026-08-29T16:32:05.726524290Z 2026-08-29T16:32:05.726321Z	info	ads	full push happen, reason:map[config:1]
2026-08-29T16:32:05.736761373Z 2026-08-29T16:32:05.736537Z	info	ads	full push happen, reason:map[config:1]
2026-08-29T16:32:05.736797718Z 2026-08-29T16:32:05.736599Z	info	ads	full push happen, reason:map[config:1]
2026-08-29T16:32:05.751790777Z 2026-08-29T16:32:05.751566Z	info	ads	full push happen, reason:map[config:1]
2026-08-29T16:32:05.751824778Z 2026-08-29T16:32:05.751617Z	info	ads	full push happen, reason:map[config:1]
2026-08-29T16:32:05.762712626Z 2026-08-29T16:32:05.762433Z	info	ads	full push happen, reason:map[config:1]
2026-08-29T16:32:05.762746445Z 2026-08-29T16:32:05.762488Z	info	ads	full push happen, reason:map[config:1]
2026-08-29T16:32:05.778757573Z 2026-08-29T16:32:05.778510Z	info	ads	full push happen, reason:map[config:1]
2026-08-29T16:32:05.778792485Z 2026-08-29T16:32:05.778560Z	info	ads	full push happen, reason:map[config:1]
2026-08-29T16:32:05.798909128Z 2026-08-29T16:32:05.798686Z	info	ads	full push happen, reason:map[config:1]
2026-08-29T16:32:05.798977861Z 2026-08-29T16:32:05.798733Z	info	ads	full push happen, reason:map[config:1]
2026-08-29T16:32:05.809472386Z 2026-08-29T16:32:05.809230Z	info	ads	full push happen, reason:map[config:1]
2026-08-29T16:32:05.809503167Z 2026-08-29T16:32:05.809259Z	info	ads	full push happen, reason:map[config:1]
2026-08-29T16:32:05.825623386Z 2026-08-29T16:32:05.825445Z	info	ads	full push happen, reason:map[config:1]
2026-08-29T16:32:05.825667459Z 2026-08-29T16:32:05.825482Z	info	ads	full push happen, reason:map[config:1]
2026-08-29T16:32:05.840814333Z 2026-08-29T16:32:05.840592Z	info	ads	full push happen, reason:map[config:1]
2026-08-29T16:32:05.840855080Z 2026-08-29T16:32:05.840639Z	info	ads	full push happen, reason:map[config:1]
2026-08-29T16:32:05.850401115Z 2026-08-29T16:32:05.850184Z	info	ads	full push happen, reason:map[config:1]
2026-08-29T16:32:05.850415763Z 2026-08-29T16:32:05.850236Z	info	ads	full push happen, reason:map[config:1]
2026-08-29T16:32:05.864225347Z 2026-08-29T16:32:05.864066Z	info	ads	full push happen, reason:map[config:1]
2026-08-29T16:32:05.864240811Z 2026-08-29T16:32:05.864122Z	info	ads	full push happen, reason:map[config:1]
2026-08-29T16:32:05.881047356Z 2026-08-29T16:32:05.880801Z	info	ads	full push happen, reason:map[config:1]
2026-08-29T16:32:05.881082264Z 2026-08-29T16:32:05.880846Z	info	ads	full push happen, reason:map[config:1]
2026-08-29T16:32:05.893531843Z 2026-08-29T16:32:05.893278Z	info	ads	full push happen, reason:map[config:1]
2026-08-29T16:32:05.893564342Z 2026-08-29T16:32:05.893334Z	info	ads	full push happen, reason:map[config:1]
2026-08-29T16:32:05.911261602Z 2026-08-29T16:32:05.911122Z	info	ads	full push happen, reason:map[config:1]
2026-08-29T16:32:05.911284494Z 2026-08-29T16:32:05.911177Z	info	ads	full push happen, reason:map[config:1]
2026-08-29T16:32:05.921444957Z 2026-08-29T16:32:05.921287Z	info	ads	full push happen, reason:map[config:1]
2026-08-29T16:32:05.921474021Z 2026-08-29T16:32:05.921326Z	info	ads	full push happen, reason:map[config:1]
2026-08-29T16:32:05.938159216Z 2026-08-29T16:32:05.938015Z	info	ads	full push happen, reason:map[config:1]
2026-08-29T16:32:05.938192757Z 2026-08-29T16:32:05.938057Z	info	ads	full push happen, reason:map[config:1]
2026-08-29T16:32:05.953468451Z 2026-08-29T16:32:05.953185Z	info	ads	full push happen, reason:map[config:1]
2026-08-29T16:32:05.953503508Z 2026-08-29T16:32:05.953229Z	info	ads	full push happen, reason:map[config:1]
2026-08-29T16:32:05.965309334Z 2026-08-29T16:32:05.965192Z	info	ads	full push happen, reason:map[config:1]
2026-08-29T16:32:05.965325857Z 2026-08-29T16:32:05.965228Z	info	ads	full push happen, reason:map[config:1]
2026-08-29T16:32:05.982860816Z 2026-08-29T16:32:05.982662Z	info	ads	full push happen, reason:map[config:1]
2026-08-29T16:32:05.982894723Z 2026-08-29T16:32:05.982718Z	info	ads	full push happen, reason:map[config:1]
2026-08-29T16:32:05.997055830Z 2026-08-29T16:32:05.996630Z	info	ads	full push happen, reason:map[config:1]
2026-08-29T16:32:05.997089599Z 2026-08-29T16:32:05.996667Z	info	ads	full push happen, reason:map[config:1]
2026-08-29T16:32:06.009507280Z 2026-08-29T16:32:06.009270Z	info	ads	full push happen, reason:map[config:1]
2026-08-29T16:32:06.009539940Z 2026-08-29T16:32:06.009304Z	info	ads	full push happen, reason:map[config:1]
2026-08-29T16:32:06.025717749Z 2026-08-29T16:32:06.025498Z	info	ads	full push happen, reason:map[config:1]
2026-08-29T16:32:06.025749573Z 2026-08-29T16:32:06.025539Z	info	ads	full push happen, reason:map[config:1]
2026-08-29T16:32:06.040854770Z 2026-08-29T16:32:06.040624Z	info	ads	full push happen, reason:map[config:1]
2026-08-29T16:32:06.040897843Z 2026-08-29T16:32:06.040675Z	info	ads	full push happen, reason:map[config:1]
2026-08-29T16:32:06.052301126Z 2026-08-29T16:32:06.052113Z	info	ads	full push happen, reason:map[config:1]
2026-08-29T16:32:06.052340530Z 2026-08-29T16:32:06.052163Z	info	ads	full push happen, reason:map[config:1]
2026-08-29T16:32:06.067263134Z 2026-08-29T16:32:06.067151Z	info	ads	full push happen, reason:map[config:1]
2026-08-29T16:32:06.067278190Z 2026-08-29T16:32:06.067190Z	info	ads	full push happen, reason:map[config:1]
2026-08-29T16:32:06.078025913Z 2026-08-29T16:32:06.077847Z	info	ads	full push happen, reason:map[config:1]
2026-08-29T16:32:06.078041425Z 2026-08-29T16:32:06.077881Z	info	ads	full push happen, reason:map[config:1]
2026-08-29T16:32:06.093427631Z 2026-08-29T16:32:06.093204Z	info	ads	full push happen, reason:map[config:1]
2026-08-29T16:32:06.093459640Z 2026-08-29T16:32:06.093238Z	info	ads	full push happen, reason:map[config:1]
2026-08-29T16:32:06.114300620Z 2026-08-29T16:32:06.114100Z	info	ads	full push happen, reason:map[config:1]
2026-08-29T16:32:06.114367890Z 2026-08-29T16:32:06.114142Z	info	ads	full push happen, reason:map[config:1]
2026-08-29T16:32:06.124316142Z 2026-08-29T16:32:06.124191Z	info	ads	full push happen, reason:map[config:1]
2026-08-29T16:32:06.124330163Z 2026-08-29T16:32:06.124228Z	info	ads	full push happen, reason:map[config:1]
2026-08-29T16:32:06.139721837Z 2026-08-29T16:32:06.139620Z	info	ads	full push happen, reason:map[config:1]
2026-08-29T16:32:06.139755029Z 2026-08-29T16:32:06.139657Z	info	ads	full push happen, reason:map[config:1]
2026-08-29T16:32:06.155179881Z 2026-08-29T16:32:06.155009Z	info	ads	full push happen, reason:map[config:1]
2026-08-29T16:32:06.155219280Z 2026-08-29T16:32:06.155059Z	info	ads	full push happen, reason:map[config:1]
2026-08-29T16:32:06.165879603Z 2026-08-29T16:32:06.165638Z	info	ads	full push happen, reason:map[config:1]
2026-08-29T16:32:06.165915671Z 2026-08-29T16:32:06.165670Z	info	ads	full push happen, reason:map[config:1]
2026-08-29T16:32:06.182715992Z 2026-08-29T16:32:06.182522Z	info	ads	full push happen, reason:map[config:1]
2026-08-29T16:32:06.182745560Z 2026-08-29T16:32:06.182564Z	info	ads	full push happen, reason:map[config:1]
2026-08-29T16:32:06.199055509Z 2026-08-29T16:32:06.198796Z	info	ads	full push happen, reason:map[config:1]
2026-08-29T16:32:06.199102326Z 2026-08-29T16:32:06.198836Z	info	ads	full push happen, reason:map[config:1]
2026-08-29T16:32:06.215118037Z 2026-08-29T16:32:06.214962Z	info	ads	full push happen, reason:map[config:1]
2026-08-29T16:32:06.215149917Z 2026-08-29T16:32:06.215002Z	info	ads	full push happen, reason:map[config:1]
2026-08-29T16:32:06.231785421Z 2026-08-29T16:32:06.231550Z	info	ads	full push happen, reason:map[config:1]
2026-08-29T16:32:06.231800237Z 2026-08-29T16:32:06.231598Z	info	ads	full push happen, reason:map[config:1]
2026-08-29T16:32:06.247637052Z 2026-08-29T16:32:06.247528Z	info	ads	full push happen, reason:map[config:1]
2026-08-29T16:32:06.247650256Z 2026-08-29T16:32:06.247569Z	info	ads	full push happen, reason:map[config:1]
2026-08-29T16:32:06.264261063Z 2026-08-29T16:32:06.264045Z	info	ads	full push happen, reason:map[config:1]
2026-08-29T16:32:06.264301171Z 2026-08-29T16:32:06.264083Z	info	ads	full push happen, reason:map[config:1]
2026-08-29T16:32:06.275129766Z 2026-08-29T16:32:06.274902Z	info	ads	full push happen, reason:map[config:1]
2026-08-29T16:32:06.275161203Z 2026-08-29T16:32:06.274969Z	info	ads	full push happen, reason:map[config:1]
2026-08-29T16:32:06.290821967Z 2026-08-29T16:32:06.290535Z	info	ads	full push happen, reason:map[config:1]
2026-08-29T16:32:06.290854216Z 2026-08-29T16:32:06.290571Z	info	ads	full push happen, reason:map[config:1]
2026-08-29T16:32:06.306189365Z 2026-08-29T16:32:06.305949Z	info	ads	full push happen, reason:map[config:1]
2026-08-29T16:32:06.306224382Z 2026-08-29T16:32:06.305999Z	info	ads	full push happen, reason:map[config:1]
2026-08-29T16:32:06.317016941Z 2026-08-29T16:32:06.316799Z	info	ads	full push happen, reason:map[config:1]
2026-08-29T16:32:06.317035630Z 2026-08-29T16:32:06.316837Z	info	ads	full push happen, reason:map[config:1]
2026-08-29T16:32:06.332538253Z 2026-08-29T16:32:06.332342Z	info	ads	full push happen, reason:map[config:1]
2026-08-29T16:32:06.332575181Z 2026-08-29T16:32:06.332383Z	info	ads	full push happen, reason:map[config:1]
2026-08-29T16:32:06.348391743Z 2026-08-29T16:32:06.348131Z	info	ads	full push happen, reason:map[config:1]
2026-08-29T16:32:06.348408248Z 2026-08-29T16:32:06.348182Z	info	ads	full push happen, reason:map[config:1]
2026-08-29T16:32:06.358863801Z 2026-08-29T16:32:06.358683Z	info	ads	full push happen, reason:map[config:1]
2026-08-29T16:32:06.358930564Z 2026-08-29T16:32:06.358723Z	info	ads	full push happen, reason:map[config:1]
2026-08-29T16:32:06.374373412Z 2026-08-29T16:32:06.374122Z	info	ads	full push happen, reason:map[config:1]
2026-08-29T16:32:06.374411716Z 2026-08-29T16:32:06.374154Z	info	ads	full push happen, reason:map[config:1]
2026-08-29T16:32:06.385012690Z 2026-08-29T16:32:06.384815Z	info	ads	full push happen, reason:map[config:1]
2026-08-29T16:32:06.385025998Z 2026-08-29T16:32:06.384860Z	info	ads	full push happen, reason:map[config:1]
2026-08-29T16:32:06.400908460Z 2026-08-29T16:32:06.400585Z	info	ads	full push happen, reason:map[config:1]
2026-08-29T16:32:06.400940740Z 2026-08-29T16:32:06.400622Z	info	ads	full push happen, reason:map[config:1]
2026-08-29T16:32:06.416402559Z 2026-08-29T16:32:06.416165Z	info	ads	full push happen, reason:map[config:1]
2026-08-29T16:32:06.416435647Z 2026-08-29T16:32:06.416203Z	info	ads	full push happen, reason:map[config:1]
2026-08-29T16:32:06.428167666Z 2026-08-29T16:32:06.427830Z	info	ads	full push happen, reason:map[config:1]
2026-08-29T16:32:06.428197706Z 2026-08-29T16:32:06.427886Z	info	ads	full push happen, reason:map[config:1]
2026-08-29T16:32:06.445288420Z 2026-08-29T16:32:06.445017Z	info	ads	full push happen, reason:map[config:1]
2026-08-29T16:32:06.445324524Z 2026-08-29T16:32:06.445050Z	info	ads	full push happen, reason:map[config:1]
2026-08-29T16:32:06.461064387Z 2026-08-29T16:32:06.460887Z	info	ads	full push happen, reason:map[config:1]
2026-08-29T16:32:06.461080979Z 2026-08-29T16:32:06.460932Z	info	ads	full push happen, reason:map[config:1]
2026-08-29T16:32:06.471780868Z 2026-08-29T16:32:06.471631Z	info	ads	full push happen, reason:map[config:1]
2026-08-29T16:32:06.471815217Z 2026-08-29T16:32:06.471667Z	info	ads	full push happen, reason:map[config:1]
2026-08-29T16:32:06.487146716Z 2026-08-29T16:32:06.486910Z	info	ads	full push happen, reason:map[config:1]
2026-08-29T16:32:06.487180219Z 2026-08-29T16:32:06.486993Z	info	ads	full push happen, reason:map[config:1]
2026-08-29T16:32:06.502908441Z 2026-08-29T16:32:06.502649Z	info	ads	full push happen, reason:map[config:1]
2026-08-29T16:32:06.502973121Z 2026-08-29T16:32:06.502684Z	info	ads	full push happen, reason:map[config:1]
2026-08-29T16:32:06.514092310Z 2026-08-29T16:32:06.513867Z	info	ads	full push happen, reason:map[config:1]
2026-08-29T16:32:06.514110356Z 2026-08-29T16:32:06.513904Z	info	ads	full push happen, reason:map[config:1]
2026-08-29T16:32:06.533000354Z 2026-08-29T16:32:06.532765Z	info	ads	full push happen, reason:map[config:1]
2026-08-29T16:32:06.533035322Z 2026-08-29T16:32:06.532801Z	info	ads	full push happen, reason:map[config:1]
2026-08-29T16:32:06.549612894Z 2026-08-29T16:32:06.549293Z	info	ads	full push happen, reason:map[config:1]
2026-08-29T16:32:06.549648198Z 2026-08-29T16:32:06.549344Z	info	ads	full push happen, reason:map[config:1]
2026-08-29T16:32:06.559510750Z 2026-08-29T16:32:06.559287Z	info	ads	full push happen, reason:map[config:1]
2026-08-29T16:32:06.559538855Z 2026-08-29T16:32:06.559336Z	info	ads	full push happen, reason:map[config:1]
2026-08-29T16:32:06.575821903Z 2026-08-29T16:32:06.575645Z	info	ads	full push happen, reason:map[config:1]
2026-08-29T16:32:06.575837652Z 2026-08-29T16:32:06.575680Z	info	ads	full push happen, reason:map[config:1]
2026-08-29T16:32:06.591774847Z 2026-08-29T16:32:06.591501Z	info	ads	full push happen, reason:map[config:1]
2026-08-29T16:32:06.591805886Z 2026-08-29T16:32:06.591532Z	info	ads	full push happen, reason:map[config:1]
2026-08-29T16:32:06.602263536Z 2026-08-29T16:32:06.602136Z	info	ads	full push happen, reason:map[config:1]
2026-08-29T16:32:06.602291999Z 2026-08-29T16:32:06.602178Z	info	ads	full push happen, reason:map[config:1]
2026-08-29T16:32:06.617374784Z 2026-08-29T16:32:06.617065Z	info	ads	full push happen, reason:map[config:1]
2026-08-29T16:32:06.617408861Z 2026-08-29T16:32:06.617102Z	info	ads	full push happen, reason:map[config:1]
2026-08-29T16:32:06.628650603Z 2026-08-29T16:32:06.628432Z	info	ads	full push happen, reason:map[config:1]
2026-08-29T16:32:06.628679510Z 2026-08-29T16:32:06.628474Z	info	ads	full push happen, reason:map[config:1]
2026-08-29T16:32:06.645486323Z 2026-08-29T16:32:06.645284Z	info	ads	full push happen, reason:map[config:1]
2026-08-29T16:32:06.645518811Z 2026-08-29T16:32:06.645322Z	info	ads	full push happen, reason:map[config:1]
2026-08-29T16:32:06.661285182Z 2026-08-29T16:32:06.661076Z	info	ads	full push happen, reason:map[config:1]
2026-08-29T16:32:06.661317821Z 2026-08-29T16:32:06.661127Z	info	ads	full push happen, reason:map[config:1]
2026-08-29T16:32:06.672445063Z 2026-08-29T16:32:06.672220Z	info	ads	full push happen, reason:map[config:1]
2026-08-29T16:32:06.672473563Z 2026-08-29T16:32:06.672254Z	info	ads	full push happen, reason:map[config:1]
2026-08-29T16:32:06.687276849Z 2026-08-29T16:32:06.687074Z	info	ads	full push happen, reason:map[config:1]
2026-08-29T16:32:06.687309082Z 2026-08-29T16:32:06.687113Z	info	ads	full push happen, reason:map[config:1]
2026-08-29T16:32:06.702466736Z 2026-08-29T16:32:06.702283Z	info	ads	full push happen, reason:map[config:1]
2026-08-29T16:32:06.702500036Z 2026-08-29T16:32:06.702345Z	info	ads	full push happen, reason:map[config:1]
2026-08-29T16:32:06.712870228Z 2026-08-29T16:32:06.712610Z	info	ads	full push happen, reason:map[config:1]
2026-08-29T16:32:06.712902601Z 2026-08-29T16:32:06.712650Z	info	ads	full push happen, reason:map[config:1]
2026-08-29T16:32:06.728301559Z 2026-08-29T16:32:06.728082Z	info	ads	full push happen, reason:map[config:1]
2026-08-29T16:32:06.728334576Z 2026-08-29T16:32:06.728119Z	info	ads	full push happen, reason:map[config:1]
2026-08-29T16:32:06.746448514Z 2026-08-29T16:32:06.746259Z	info	ads	full push happen, reason:map[config:1]
2026-08-29T16:32:06.746479793Z 2026-08-29T16:32:06.746299Z	info	ads	full push happen, reason:map[config:1]
2026-08-29T16:32:06.759061912Z 2026-08-29T16:32:06.758871Z	info	ads	full push happen, reason:map[config:1]
2026-08-29T16:32:06.759088937Z 2026-08-29T16:32:06.758914Z	info	ads	full push happen, reason:map[config:1]
2026-08-29T16:32:06.773495829Z 2026-08-29T16:32:06.773336Z	info	ads	full push happen, reason:map[config:1]
2026-08-29T16:32:06.773528253Z 2026-08-29T16:32:06.773368Z	info	ads	full push happen, reason:map[config:1]
2026-08-29T16:32:06.784044834Z 2026-08-29T16:32:06.783846Z	info	ads	full push happen, reason:map[config:1]
2026-08-29T16:32:06.784075506Z 2026-08-29T16:32:06.783869Z	info	ads	full push happen, reason:map[config:1]
2026-08-29T16:32:06.798448962Z 2026-08-29T16:32:06.798233Z	info	ads	full push happen, reason:map[config:1]
2026-08-29T16:32:06.798484142Z 2026-08-29T16:32:06.798280Z	info	ads	full push happen, reason:map[config:1]
2026-08-29T16:32:06.813582959Z 2026-08-29T16:32:06.813355Z	info	ads	full push happen, reason:map[config:1]
2026-08-29T16:32:06.813617620Z 2026-08-29T16:32:06.813393Z	info	ads	full push happen, reason:map[config:1]
2026-08-29T16:32:06.825723451Z 2026-08-29T16:32:06.825465Z	info	ads	full push happen, reason:map[config:1]
2026-08-29T16:32:06.825759260Z 2026-08-29T16:32:06.825506Z	info	ads	full push happen, reason:map[config:1]
2026-08-29T16:32:06.840835305Z 2026-08-29T16:32:06.840692Z	info	ads	full push happen, reason:map[config:1]
2026-08-29T16:32:06.840867901Z 2026-08-29T16:32:06.840728Z	info	ads	full push happen, reason:map[config:1]
2026-08-29T16:32:06.855444706Z 2026-08-29T16:32:06.855293Z	info	ads	full push happen, reason:map[config:1]
2026-08-29T16:32:06.855485519Z 2026-08-29T16:32:06.855324Z	info	ads	full push happen, reason:map[config:1]
2026-08-29T16:32:06.865684986Z 2026-08-29T16:32:06.865485Z	info	ads	full push happen, reason:map[config:1]
2026-08-29T16:32:06.865715214Z 2026-08-29T16:32:06.865527Z	info	ads	full push happen, reason:map[config:1]
2026-08-29T16:32:06.882239525Z 2026-08-29T16:32:06.882061Z	info	ads	full push happen, reason:map[config:1]
2026-08-29T16:32:06.882275305Z 2026-08-29T16:32:06.882102Z	info	ads	full push happen, reason:map[config:1]
2026-08-29T16:32:06.897094064Z 2026-08-29T16:32:06.896862Z	info	ads	full push happen, reason:map[config:1]
2026-08-29T16:32:06.897124568Z 2026-08-29T16:32:06.896905Z	info	ads	full push happen, reason:map[config:1]
2026-08-29T16:32:06.908308398Z 2026-08-29T16:32:06.908060Z	info	ads	full push happen, reason:map[config:1]
2026-08-29T16:32:06.908326654Z 2026-08-29T16:32:06.908098Z	info	ads	full push happen, reason:map[config:1]
2026-08-29T16:32:06.922985864Z 2026-08-29T16:32:06.922664Z	info	ads	full push happen, reason:map[config:1]
2026-08-29T16:32:06.923015083Z 2026-08-29T16:32:06.922701Z	info	ads	full push happen, reason:map[config:1]
2026-08-29T16:32:06.933044486Z 2026-08-29T16:32:06.932835Z	info	ads	full push happen, reason:map[config:1]
2026-08-29T16:32:06.933073389Z 2026-08-29T16:32:06.932865Z	info	ads	full push happen, reason:map[config:1]
2026-08-29T16:32:06.952042193Z 2026-08-29T16:32:06.951762Z	info	ads	full push happen, reason:map[config:1]
2026-08-29T16:32:06.952075405Z 2026-08-29T16:32:06.951800Z	info	ads	full push happen, reason:map[config:1]
2026-08-29T16:32:06.968514560Z 2026-08-29T16:32:06.968337Z	info	ads	full push happen, reason:map[config:1]
2026-08-29T16:32:06.968553749Z 2026-08-29T16:32:06.968371Z	info	ads	full push happen, reason:map[config:1]
2026-08-29T16:32:06.979032913Z 2026-08-29T16:32:06.978776Z	info	ads	full push happen, reason:map[config:1]
2026-08-29T16:32:06.979060989Z 2026-08-29T16:32:06.978810Z	info	ads	full push happen, reason:map[config:1]
2026-08-29T16:32:06.995082113Z 2026-08-29T16:32:06.994855Z	info	ads	full push happen, reason:map[config:1]
2026-08-29T16:32:06.995114509Z 2026-08-29T16:32:06.994887Z	info	ads	full push happen, reason:map[config:1]
2026-08-29T16:32:07.011325925Z 2026-08-29T16:32:07.011143Z	info	ads	full push happen, reason:map[config:1]
2026-08-29T16:32:07.011365898Z 2026-08-29T16:32:07.011184Z	info	ads	full push happen, reason:map[config:1]
2026-08-29T16:32:07.022002684Z 2026-08-29T16:32:07.021714Z	info	ads	full push happen, reason:map[config:1]
2026-08-29T16:32:07.022037184Z 2026-08-29T16:32:07.021766Z	info	ads	full push happen, reason:map[config:1]
2026-08-29T16:32:07.036948839Z 2026-08-29T16:32:07.036719Z	info	ads	full push happen, reason:map[config:1]
2026-08-29T16:32:07.036979643Z 2026-08-29T16:32:07.036771Z	info	ads	full push happen, reason:map[config:1]
2026-08-29T16:32:07.059557693Z 2026-08-29T16:32:07.059433Z	info	ads	full push happen, reason:map[config:1]
2026-08-29T16:32:07.059586840Z 2026-08-29T16:32:07.059466Z	info	ads	full push happen, reason:map[config:1]
2026-08-29T16:32:07.070709522Z 2026-08-29T16:32:07.070560Z	info	ads	full push happen, reason:map[config:1]
2026-08-29T16:32:07.070739091Z 2026-08-29T16:32:07.070601Z	info	ads	full push happen, reason:map[config:1]
2026-08-29T16:32:07.086935651Z 2026-08-29T16:32:07.086720Z	info	ads	full push happen, reason:map[config:1]
2026-08-29T16:32:07.086978671Z 2026-08-29T16:32:07.086766Z	info	ads	full push happen, reason:map[config:1]
2026-08-29T16:32:07.097247414Z 2026-08-29T16:32:07.096956Z	info	ads	full push happen, reason:map[config:1]
2026-08-29T16:32:07.097276667Z 2026-08-29T16:32:07.096991Z	info	ads	full push happen, reason:map[config:1]
2026-08-29T16:32:07.112419591Z 2026-08-29T16:32:07.112269Z	info	ads	full push happen, reason:map[config:1]
2026-08-29T16:32:07.112473672Z 2026-08-29T16:32:07.112311Z	info	ads	full push happen, reason:map[config:1]
2026-08-29T16:32:07.127091210Z 2026-08-29T16:32:07.126874Z	info	ads	full push happen, reason:map[config:1]
2026-08-29T16:32:07.127121803Z 2026-08-29T16:32:07.126912Z	info	ads	full push happen, reason:map[config:1]
2026-08-29T16:32:07.137738592Z 2026-08-29T16:32:07.137546Z	info	ads	full push happen, reason:map[config:1]
2026-08-29T16:32:07.137752389Z 2026-08-29T16:32:07.137577Z	info	ads	full push happen, reason:map[config:1]
2026-08-29T16:32:07.152720565Z 2026-08-29T16:32:07.152509Z	info	ads	full push happen, reason:map[config:1]
2026-08-29T16:32:07.152752028Z 2026-08-29T16:32:07.152547Z	info	ads	full push happen, reason:map[config:1]
2026-08-29T16:32:07.166388167Z 2026-08-29T16:32:07.166174Z	info	ads	full push happen, reason:map[config:1]
2026-08-29T16:32:07.166419476Z 2026-08-29T16:32:07.166221Z	info	ads	full push happen, reason:map[config:1]
2026-08-29T16:32:07.176663754Z 2026-08-29T16:32:07.176404Z	info	ads	full push happen, reason:map[config:1]
2026-08-29T16:32:07.176691822Z 2026-08-29T16:32:07.176435Z	info	ads	full push happen, reason:map[config:1]
2026-08-29T16:32:07.192668393Z 2026-08-29T16:32:07.192428Z	info	ads	full push happen, reason:map[config:1]
2026-08-29T16:32:07.192681833Z 2026-08-29T16:32:07.192469Z	info	ads	full push happen, reason:map[config:1]
2026-08-29T16:32:07.208442943Z 2026-08-29T16:32:07.208217Z	info	ads	full push happen, reason:map[config:1]
2026-08-29T16:32:07.208474231Z 2026-08-29T16:32:07.208266Z	info	ads	full push happen, reason:map[config:1]
2026-08-29T16:32:07.219299418Z 2026-08-29T16:32:07.219185Z	info	ads	full push happen, reason:map[config:1]
2026-08-29T16:32:07.219315430Z 2026-08-29T16:32:07.219217Z	info	ads	full push happen, reason:map[config:1]
2026-08-29T16:32:07.235167464Z 2026-08-29T16:32:07.234907Z	info	ads	full push happen, reason:map[config:1]
2026-08-29T16:32:07.235204885Z 2026-08-29T16:32:07.234979Z	info	ads	full push happen, reason:map[config:1]
2026-08-29T16:32:07.250325526Z 2026-08-29T16:32:07.250143Z	info	ads	full push happen, reason:map[config:1]
2026-08-29T16:32:07.250360471Z 2026-08-29T16:32:07.250178Z	info	ads	full push happen, reason:map[config:1]
2026-08-29T16:32:07.260699274Z 2026-08-29T16:32:07.260452Z	info	ads	full push happen, reason:map[config:1]
2026-08-29T16:32:07.260726998Z 2026-08-29T16:32:07.260491Z	info	ads	full push happen, reason:map[config:1]
2026-08-29T16:32:07.276388859Z 2026-08-29T16:32:07.276237Z	info	ads	full push happen, reason:map[config:1]
2026-08-29T16:32:07.276420911Z 2026-08-29T16:32:07.276270Z	info	ads	full push happen, reason:map[config:1]
2026-08-29T16:32:07.287151242Z 2026-08-29T16:32:07.287051Z	info	ads	full push happen, reason:map[config:1]
2026-08-29T16:32:07.287164915Z 2026-08-29T16:32:07.287083Z	info	ads	full push happen, reason:map[config:1]
2026-08-29T16:32:07.303014269Z 2026-08-29T16:32:07.302760Z	info	ads	full push happen, reason:map[config:1]
2026-08-29T16:32:07.303027564Z 2026-08-29T16:32:07.302799Z	info	ads	full push happen, reason:map[config:1]
2026-08-29T16:32:07.317805647Z 2026-08-29T16:32:07.317543Z	info	ads	full push happen, reason:map[config:1]
2026-08-29T16:32:07.317836603Z 2026-08-29T16:32:07.317573Z	info	ads	full push happen, reason:map[config:1]
2026-08-29T16:32:07.328098119Z 2026-08-29T16:32:07.327877Z	info	ads	full push happen, reason:map[config:1]
2026-08-29T16:32:07.328126982Z 2026-08-29T16:32:07.327926Z	info	ads	full push happen, reason:map[config:1]
2026-08-29T16:32:07.342785728Z 2026-08-29T16:32:07.342611Z	info	ads	full push happen, reason:map[config:1]
2026-08-29T16:32:07.342816701Z 2026-08-29T16:32:07.342649Z	info	ads	full push happen, reason:map[config:1]
2026-08-29T16:32:07.358146423Z 2026-08-29T16:32:07.358026Z	info	ads	full push happen, reason:map[config:1]
2026-08-29T16:32:07.358161895Z 2026-08-29T16:32:07.358066Z	info	ads	full push happen, reason:map[config:1]
2026-08-29T16:32:07.368619024Z 2026-08-29T16:32:07.368473Z	info	ads	full push happen, reason:map[config:1]
2026-08-29T16:32:07.368654421Z 2026-08-29T16:32:07.368516Z	info	ads	full push happen, reason:map[config:1]
2026-08-29T16:32:07.383549664Z 2026-08-29T16:32:07.383377Z	info	ads	full push happen, reason:map[config:1]
2026-08-29T16:32:07.383581180Z 2026-08-29T16:32:07.383419Z	info	ads	full push happen, reason:map[config:1]
2026-08-29T16:32:07.398637245Z 2026-08-29T16:32:07.398459Z	info	ads	full push happen, reason:map[config:1]
2026-08-29T16:32:07.398653744Z 2026-08-29T16:32:07.398494Z	info	ads	full push happen, reason:map[config:1]
2026-08-29T16:32:07.414306946Z 2026-08-29T16:32:07.413721Z	info	ads	full push happen, reason:map[config:1]
2026-08-29T16:32:07.414409653Z 2026-08-29T16:32:07.413854Z	info	ads	full push happen, reason:map[config:1]
2026-08-29T16:32:07.437604341Z 2026-08-29T16:32:07.437246Z	info	ads	full push happen, reason:map[config:1]
2026-08-29T16:32:07.437919120Z 2026-08-29T16:32:07.437709Z	info	ads	full push happen, reason:map[config:1]
2026-08-29T16:32:07.456697064Z 2026-08-29T16:32:07.456482Z	info	ads	full push happen, reason:map[config:1]
2026-08-29T16:32:07.456733633Z 2026-08-29T16:32:07.456544Z	info	ads	full push happen, reason:map[config:1]
2026-08-29T16:32:07.469334077Z 2026-08-29T16:32:07.469161Z	info	ads	full push happen, reason:map[config:1]
2026-08-29T16:32:07.469353076Z 2026-08-29T16:32:07.469198Z	info	ads	full push happen, reason:map[config:1]
2026-08-29T16:32:07.484529049Z 2026-08-29T16:32:07.484395Z	info	ads	full push happen, reason:map[config:1]
2026-08-29T16:32:07.484564786Z 2026-08-29T16:32:07.484438Z	info	ads	full push happen, reason:map[config:1]
2026-08-29T16:32:07.500219463Z 2026-08-29T16:32:07.499995Z	info	ads	full push happen, reason:map[config:1]
2026-08-29T16:32:07.500233859Z 2026-08-29T16:32:07.500037Z	info	ads	full push happen, reason:map[config:1]
2026-08-29T16:32:07.512553248Z 2026-08-29T16:32:07.512324Z	info	ads	full push happen, reason:map[config:1]
2026-08-29T16:32:07.512582861Z 2026-08-29T16:32:07.512371Z	info	ads	full push happen, reason:map[config:1]
2026-08-29T16:32:07.529293640Z 2026-08-29T16:32:07.529052Z	info	ads	full push happen, reason:map[config:1]
2026-08-29T16:32:07.529329252Z 2026-08-29T16:32:07.529099Z	info	ads	full push happen, reason:map[config:1]
2026-08-29T16:32:07.540693867Z 2026-08-29T16:32:07.540521Z	info	ads	full push happen, reason:map[config:1]
2026-08-29T16:32:07.540721088Z 2026-08-29T16:32:07.540562Z	info	ads	full push happen, reason:map[config:1]
2026-08-29T16:32:07.556325432Z 2026-08-29T16:32:07.556159Z	info	ads	full push happen, reason:map[config:1]
2026-08-29T16:32:07.556355632Z 2026-08-29T16:32:07.556211Z	info	ads	full push happen, reason:map[config:1]
2026-08-29T16:32:07.573059825Z 2026-08-29T16:32:07.572892Z	info	ads	full push happen, reason:map[config:1]
2026-08-29T16:32:07.573082929Z 2026-08-29T16:32:07.572929Z	info	ads	full push happen, reason:map[config:1]
2026-08-29T16:32:07.585104243Z 2026-08-29T16:32:07.584894Z	info	ads	full push happen, reason:map[config:1]
2026-08-29T16:32:07.585132648Z 2026-08-29T16:32:07.584917Z	info	ads	full push happen, reason:map[config:1]
2026-08-29T16:32:07.601019179Z 2026-08-29T16:32:07.600746Z	info	ads	full push happen, reason:map[config:1]
2026-08-29T16:32:07.601054407Z 2026-08-29T16:32:07.600795Z	info	ads	full push happen, reason:map[config:1]
2026-08-29T16:32:07.616032968Z 2026-08-29T16:32:07.615871Z	info	ads	full push happen, reason:map[config:1]
2026-08-29T16:32:07.616048912Z 2026-08-29T16:32:07.615910Z	info	ads	full push happen, reason:map[config:1]
2026-08-29T16:32:07.626203962Z 2026-08-29T16:32:07.625982Z	info	ads	full push happen, reason:map[config:1]
2026-08-29T16:32:07.626241278Z 2026-08-29T16:32:07.626011Z	info	ads	full push happen, reason:map[config:1]
2026-08-29T16:32:07.644958992Z 2026-08-29T16:32:07.644817Z	info	ads	full push happen, reason:map[config:1]
2026-08-29T16:32:07.644994025Z 2026-08-29T16:32:07.644848Z	info	ads	full push happen, reason:map[config:1]
2026-08-29T16:32:07.660332435Z 2026-08-29T16:32:07.660139Z	info	ads	full push happen, reason:map[config:1]
2026-08-29T16:32:07.660367951Z 2026-08-29T16:32:07.660185Z	info	ads	full push happen, reason:map[config:1]
2026-08-29T16:32:07.671394999Z 2026-08-29T16:32:07.671232Z	info	ads	full push happen, reason:map[config:1]
2026-08-29T16:32:07.671425607Z 2026-08-29T16:32:07.671264Z	info	ads	full push happen, reason:map[config:1]
2026-08-29T16:32:07.690807954Z 2026-08-29T16:32:07.690633Z	info	ads	full push happen, reason:map[config:1]
2026-08-29T16:32:07.690829602Z 2026-08-29T16:32:07.690671Z	info	ads	full push happen, reason:map[config:1]
2026-08-29T16:32:07.701542017Z 2026-08-29T16:32:07.701370Z	info	ads	full push happen, reason:map[config:1]
2026-08-29T16:32:07.701576634Z 2026-08-29T16:32:07.701423Z	info	ads	full push happen, reason:map[config:1]
2026-08-29T16:32:07.717176106Z 2026-08-29T16:32:07.716869Z	info	ads	full push happen, reason:map[config:1]
2026-08-29T16:32:07.717207710Z 2026-08-29T16:32:07.716907Z	info	ads	full push happen, reason:map[config:1]
2026-08-29T16:32:07.732182906Z 2026-08-29T16:32:07.731920Z	info	ads	full push happen, reason:map[config:1]
2026-08-29T16:32:07.732216801Z 2026-08-29T16:32:07.731957Z	info	ads	full push happen, reason:map[config:1]
2026-08-29T16:32:07.742688567Z 2026-08-29T16:32:07.742510Z	info	ads	full push happen, reason:map[config:1]
2026-08-29T16:32:07.742727379Z 2026-08-29T16:32:07.742547Z	info	ads	full push happen, reason:map[config:1]
2026-08-29T16:32:07.757955781Z 2026-08-29T16:32:07.757649Z	info	ads	full push happen, reason:map[config:1]
2026-08-29T16:32:07.757985930Z 2026-08-29T16:32:07.757695Z	info	ads	full push happen, reason:map[config:1]
2026-08-29T16:32:07.774581329Z 2026-08-29T16:32:07.774458Z	info	ads	full push happen, reason:map[config:1]
2026-08-29T16:32:07.774598097Z 2026-08-29T16:32:07.774504Z	info	ads	full push happen, reason:map[config:1]
2026-08-29T16:32:07.785589345Z 2026-08-29T16:32:07.785305Z	info	ads	full push happen, reason:map[config:1]
2026-08-29T16:32:07.785623905Z 2026-08-29T16:32:07.785349Z	info	ads	full push happen, reason:map[config:1]
2026-08-29T16:32:07.802040508Z 2026-08-29T16:32:07.801822Z	info	ads	full push happen, reason:map[config:1]
2026-08-29T16:32:07.802073428Z 2026-08-29T16:32:07.801869Z	info	ads	full push happen, reason:map[config:1]
2026-08-29T16:32:07.820119025Z 2026-08-29T16:32:07.819768Z	info	ads	full push happen, reason:map[config:1]
2026-08-29T16:32:07.820156254Z 2026-08-29T16:32:07.819944Z	info	ads	full push happen, reason:map[config:1]
2026-08-29T16:32:07.828826258Z 2026-08-29T16:32:07.828528Z	info	ads	full push happen, reason:map[config:1]
2026-08-29T16:32:07.828858014Z 2026-08-29T16:32:07.828590Z	info	ads	full push happen, reason:map[config:1]
2026-08-29T16:32:07.844332397Z 2026-08-29T16:32:07.844114Z	info	ads	full push happen, reason:map[config:1]
2026-08-29T16:32:07.844350353Z 2026-08-29T16:32:07.844176Z	info	ads	full push happen, reason:map[config:1]
2026-08-29T16:32:07.854556988Z 2026-08-29T16:32:07.854335Z	info	ads	full push happen, reason:map[config:1]
2026-08-29T16:32:07.854583965Z 2026-08-29T16:32:07.854394Z	info	ads	full push happen, reason:map[config:1]
2026-08-29T16:32:07.869895390Z 2026-08-29T16:32:07.869726Z	info	ads	full push happen, reason:map[config:1]
2026-08-29T16:32:07.869933198Z 2026-08-29T16:32:07.869753Z	info	ads	full push happen, reason:map[config:1]
2026-08-29T16:32:07.886024546Z 2026-08-29T16:32:07.885742Z	info	ads	full push happen, reason:map[config:1]
2026-08-29T16:32:07.886055922Z 2026-08-29T16:32:07.885798Z	info	ads	full push happen, reason:map[config:1]
2026-08-29T16:32:07.899806638Z 2026-08-29T16:32:07.899664Z	info	ads	full push happen, reason:map[config:1]
2026-08-29T16:32:07.899820198Z 2026-08-29T16:32:07.899700Z	info	ads	full push happen, reason:map[config:1]
2026-08-29T16:32:07.915639626Z 2026-08-29T16:32:07.915397Z	info	ads	full push happen, reason:map[config:1]
2026-08-29T16:32:07.915659718Z 2026-08-29T16:32:07.915439Z	info	ads	full push happen, reason:map[config:1]
2026-08-29T16:32:07.930837411Z 2026-08-29T16:32:07.930574Z	info	ads	full push happen, reason:map[config:1]
2026-08-29T16:32:07.930850110Z 2026-08-29T16:32:07.930626Z	info	ads	full push happen, reason:map[config:1]
2026-08-29T16:32:07.942431523Z 2026-08-29T16:32:07.942168Z	info	ads	full push happen, reason:map[config:1]
2026-08-29T16:32:07.942460715Z 2026-08-29T16:32:07.942209Z	info	ads	full push happen, reason:map[config:1]
2026-08-29T16:32:07.960111298Z 2026-08-29T16:32:07.959849Z	info	ads	full push happen, reason:map[config:1]
2026-08-29T16:32:07.960142710Z 2026-08-29T16:32:07.959882Z	info	ads	full push happen, reason:map[config:1]
2026-08-29T16:32:07.975682786Z 2026-08-29T16:32:07.975403Z	info	ads	full push happen, reason:map[config:1]
2026-08-29T16:32:07.975713253Z 2026-08-29T16:32:07.975437Z	info	ads	full push happen, reason:map[config:1]
2026-08-29T16:32:07.987678629Z 2026-08-29T16:32:07.987432Z	info	ads	full push happen, reason:map[config:1]
2026-08-29T16:32:07.987706418Z 2026-08-29T16:32:07.987473Z	info	ads	full push happen, reason:map[config:1]
2026-08-29T16:32:08.005593238Z 2026-08-29T16:32:08.005295Z	info	ads	full push happen, reason:map[config:1]
2026-08-29T16:32:08.005630990Z 2026-08-29T16:32:08.005330Z	info	ads	full push happen, reason:map[config:1]
2026-08-29T16:32:08.016239543Z 2026-08-29T16:32:08.015977Z	info	ads	full push happen, reason:map[config:1]
2026-08-29T16:32:08.016268844Z 2026-08-29T16:32:08.016017Z	info	ads	full push happen, reason:map[config:1]
2026-08-29T16:32:08.031910141Z 2026-08-29T16:32:08.031764Z	info	ads	full push happen, reason:map[config:1]
2026-08-29T16:32:08.031942689Z 2026-08-29T16:32:08.031796Z	info	ads	full push happen, reason:map[config:1]
2026-08-29T16:32:08.047769490Z 2026-08-29T16:32:08.047563Z	info	ads	full push happen, reason:map[config:1]
2026-08-29T16:32:08.047805926Z 2026-08-29T16:32:08.047601Z	info	ads	full push happen, reason:map[config:1]
2026-08-29T16:32:08.057956713Z 2026-08-29T16:32:08.057827Z	info	ads	full push happen, reason:map[config:1]
2026-08-29T16:32:08.057984402Z 2026-08-29T16:32:08.057868Z	info	ads	full push happen, reason:map[config:1]
2026-08-29T16:32:08.073393492Z 2026-08-29T16:32:08.073061Z	info	ads	full push happen, reason:map[config:1]
2026-08-29T16:32:08.073422648Z 2026-08-29T16:32:08.073101Z	info	ads	full push happen, reason:map[config:1]
2026-08-29T16:32:08.088585762Z 2026-08-29T16:32:08.088302Z	info	ads	full push happen, reason:map[config:1]
2026-08-29T16:32:08.088626130Z 2026-08-29T16:32:08.088350Z	info	ads	full push happen, reason:map[config:1]
2026-08-29T16:32:08.100671562Z 2026-08-29T16:32:08.100527Z	info	ads	full push happen, reason:map[config:1]
2026-08-29T16:32:08.100699478Z 2026-08-29T16:32:08.100580Z	info	ads	full push happen, reason:map[config:1]
2026-08-29T16:32:08.117138333Z 2026-08-29T16:32:08.116935Z	info	ads	full push happen, reason:map[config:1]
2026-08-29T16:32:08.117169645Z 2026-08-29T16:32:08.116995Z	info	ads	full push happen, reason:map[config:1]
2026-08-29T16:32:08.132043496Z 2026-08-29T16:32:08.131797Z	info	ads	full push happen, reason:map[config:1]
2026-08-29T16:32:08.132079228Z 2026-08-29T16:32:08.131830Z	info	ads	full push happen, reason:map[config:1]
2026-08-29T16:32:08.142389047Z 2026-08-29T16:32:08.142216Z	info	ads	full push happen, reason:map[config:1]
2026-08-29T16:32:08.142405488Z 2026-08-29T16:32:08.142262Z	info	ads	full push happen, reason:map[config:1]
2026-08-29T16:32:08.157234671Z 2026-08-29T16:32:08.157000Z	info	ads	full push happen, reason:map[config:1]
2026-08-29T16:32:08.157260376Z 2026-08-29T16:32:08.157041Z	info	ads	full push happen, reason:map[config:1]
2026-08-29T16:32:08.173051473Z 2026-08-29T16:32:08.172820Z	info	ads	full push happen, reason:map[config:1]
2026-08-29T16:32:08.173083101Z 2026-08-29T16:32:08.172859Z	info	ads	full push happen, reason:map[config:1]
2026-08-29T16:32:08.183679199Z 2026-08-29T16:32:08.183468Z	info	ads	full push happen, reason:map[config:1]
2026-08-29T16:32:08.183714263Z 2026-08-29T16:32:08.183511Z	info	ads	full push happen, reason:map[config:1]
2026-08-29T16:32:08.198719007Z 2026-08-29T16:32:08.198467Z	info	ads	full push happen, reason:map[config:1]
2026-08-29T16:32:08.198750547Z 2026-08-29T16:32:08.198506Z	info	ads	full push happen, reason:map[config:1]
2026-08-29T16:32:08.216317974Z 2026-08-29T16:32:08.216103Z	info	ads	full push happen, reason:map[config:1]
2026-08-29T16:32:08.216347113Z 2026-08-29T16:32:08.216135Z	info	ads	full push happen, reason:map[config:1]
2026-08-29T16:32:08.232205092Z 2026-08-29T16:32:08.232000Z	info	ads	full push happen, reason:map[config:1]
2026-08-29T16:32:08.232237543Z 2026-08-29T16:32:08.232038Z	info	ads	full push happen, reason:map[config:1]
2026-08-29T16:32:08.247484045Z 2026-08-29T16:32:08.247361Z	info	ads	full push happen, reason:map[config:1]
2026-08-29T16:32:08.247500017Z 2026-08-29T16:32:08.247398Z	info	ads	full push happen, reason:map[config:1]
2026-08-29T16:32:08.257259089Z 2026-08-29T16:32:08.257119Z	info	ads	full push happen, reason:map[config:1]
2026-08-29T16:32:08.257286318Z 2026-08-29T16:32:08.257150Z	info	ads	full push happen, reason:map[config:1]
2026-08-29T16:32:08.273741108Z 2026-08-29T16:32:08.273533Z	info	ads	full push happen, reason:map[config:1]
2026-08-29T16:32:08.273773041Z 2026-08-29T16:32:08.273588Z	info	ads	full push happen, reason:map[config:1]
2026-08-29T16:32:08.289577302Z 2026-08-29T16:32:08.289466Z	info	ads	full push happen, reason:map[config:1]
2026-08-29T16:32:08.289592206Z 2026-08-29T16:32:08.289504Z	info	ads	full push happen, reason:map[config:1]
2026-08-29T16:32:08.300388606Z 2026-08-29T16:32:08.300197Z	info	ads	full push happen, reason:map[config:1]
2026-08-29T16:32:08.300400645Z 2026-08-29T16:32:08.300238Z	info	ads	full push happen, reason:map[config:1]
2026-08-29T16:32:08.315185192Z 2026-08-29T16:32:08.314917Z	info	ads	full push happen, reason:map[config:1]
2026-08-29T16:32:08.315214988Z 2026-08-29T16:32:08.314986Z	info	ads	full push happen, reason:map[config:1]
2026-08-29T16:32:08.328701859Z 2026-08-29T16:32:08.328520Z	info	ads	full push happen, reason:map[config:1]
2026-08-29T16:32:08.328731770Z 2026-08-29T16:32:08.328568Z	info	ads	full push happen, reason:map[config:1]
2026-08-29T16:32:08.343741566Z 2026-08-29T16:32:08.343467Z	info	ads	full push happen, reason:map[config:1]
2026-08-29T16:32:08.343773131Z 2026-08-29T16:32:08.343517Z	info	ads	full push happen, reason:map[config:1]
2026-08-29T16:32:08.358784051Z 2026-08-29T16:32:08.358603Z	info	ads	full push happen, reason:map[config:1]
2026-08-29T16:32:08.358816008Z 2026-08-29T16:32:08.358641Z	info	ads	full push happen, reason:map[config:1]
2026-08-29T16:32:08.369590306Z 2026-08-29T16:32:08.369420Z	info	ads	full push happen, reason:map[config:1]
2026-08-29T16:32:08.369627019Z 2026-08-29T16:32:08.369456Z	info	ads	full push happen, reason:map[config:1]
2026-08-29T16:32:08.384545730Z 2026-08-29T16:32:08.384300Z	info	ads	full push happen, reason:map[config:1]
2026-08-29T16:32:08.384587595Z 2026-08-29T16:32:08.384345Z	info	ads	full push happen, reason:map[config:1]
2026-08-29T16:32:08.405369463Z 2026-08-29T16:32:08.405209Z	info	ads	full push happen, reason:map[config:1]
2026-08-29T16:32:08.405403483Z 2026-08-29T16:32:08.405251Z	info	ads	full push happen, reason:map[config:1]
2026-08-29T16:32:08.417723597Z 2026-08-29T16:32:08.417543Z	info	ads	full push happen, reason:map[config:1]
2026-08-29T16:32:08.417751345Z 2026-08-29T16:32:08.417582Z	info	ads	full push happen, reason:map[config:1]
2026-08-29T16:32:08.434616825Z 2026-08-29T16:32:08.434455Z	info	ads	full push happen, reason:map[config:1]
2026-08-29T16:32:08.434649649Z 2026-08-29T16:32:08.434495Z	info	ads	full push happen, reason:map[config:1]
2026-08-29T16:32:08.449864863Z 2026-08-29T16:32:08.449576Z	info	ads	full push happen, reason:map[config:1]
2026-08-29T16:32:08.449894955Z 2026-08-29T16:32:08.449614Z	info	ads	full push happen, reason:map[config:1]
2026-08-29T16:32:08.460064555Z 2026-08-29T16:32:08.459732Z	info	ads	full push happen, reason:map[config:1]
2026-08-29T16:32:08.460102775Z 2026-08-29T16:32:08.459767Z	info	ads	full push happen, reason:map[config:1]
2026-08-29T16:32:08.476803346Z 2026-08-29T16:32:08.476582Z	info	ads	full push happen, reason:map[config:1]
2026-08-29T16:32:08.476819478Z 2026-08-29T16:32:08.476617Z	info	ads	full push happen, reason:map[config:1]
2026-08-29T16:32:08.492265806Z 2026-08-29T16:32:08.492082Z	info	ads	full push happen, reason:map[config:1]
2026-08-29T16:32:08.492280526Z 2026-08-29T16:32:08.492119Z	info	ads	full push happen, reason:map[config:1]
2026-08-29T16:32:08.502751443Z 2026-08-29T16:32:08.502489Z	info	ads	full push happen, reason:map[config:1]
2026-08-29T16:32:08.502779316Z 2026-08-29T16:32:08.502541Z	info	ads	full push happen, reason:map[config:1]
2026-08-29T16:32:08.518993485Z 2026-08-29T16:32:08.518771Z	info	ads	full push happen, reason:map[config:1]
2026-08-29T16:32:08.519026037Z 2026-08-29T16:32:08.518806Z	info	ads	full push happen, reason:map[config:1]
2026-08-29T16:32:08.534917463Z 2026-08-29T16:32:08.534589Z	info	ads	full push happen, reason:map[config:1]
2026-08-29T16:32:08.534978819Z 2026-08-29T16:32:08.534629Z	info	ads	full push happen, reason:map[config:1]
2026-08-29T16:32:08.545349203Z 2026-08-29T16:32:08.545146Z	info	ads	full push happen, reason:map[config:1]
2026-08-29T16:32:08.545377231Z 2026-08-29T16:32:08.545182Z	info	ads	full push happen, reason:map[config:1]
2026-08-29T16:32:08.561208737Z 2026-08-29T16:32:08.560990Z	info	ads	full push happen, reason:map[config:1]
2026-08-29T16:32:08.561222306Z 2026-08-29T16:32:08.561030Z	info	ads	full push happen, reason:map[config:1]
2026-08-29T16:32:08.576657317Z 2026-08-29T16:32:08.576400Z	info	ads	full push happen, reason:map[config:1]
2026-08-29T16:32:08.576671400Z 2026-08-29T16:32:08.576451Z	info	ads	full push happen, reason:map[config:1]
2026-08-29T16:32:08.586796043Z 2026-08-29T16:32:08.586534Z	info	ads	full push happen, reason:map[config:1]
2026-08-29T16:32:08.586824375Z 2026-08-29T16:32:08.586591Z	info	ads	full push happen, reason:map[config:1]
2026-08-29T16:32:08.602353171Z 2026-08-29T16:32:08.602044Z	info	ads	full push happen, reason:map[config:1]
2026-08-29T16:32:08.602390132Z 2026-08-29T16:32:08.602126Z	info	ads	full push happen, reason:map[config:1]
2026-08-29T16:32:08.613144838Z 2026-08-29T16:32:08.612962Z	info	ads	full push happen, reason:map[config:1]
2026-08-29T16:32:08.613160782Z 2026-08-29T16:32:08.613010Z	info	ads	full push happen, reason:map[config:1]
2026-08-29T16:32:08.628453117Z 2026-08-29T16:32:08.628167Z	info	ads	full push happen, reason:map[config:1]
2026-08-29T16:32:08.628511452Z 2026-08-29T16:32:08.628215Z	info	ads	full push happen, reason:map[config:1]
2026-08-29T16:32:08.643258919Z 2026-08-29T16:32:08.643088Z	info	ads	full push happen, reason:map[config:1]
2026-08-29T16:32:08.643271576Z 2026-08-29T16:32:08.643126Z	info	ads	full push happen, reason:map[config:1]
2026-08-29T16:32:08.653690763Z 2026-08-29T16:32:08.653480Z	info	ads	full push happen, reason:map[config:1]
2026-08-29T16:32:08.653720220Z 2026-08-29T16:32:08.653513Z	info	ads	full push happen, reason:map[config:1]
2026-08-29T16:32:08.671291617Z 2026-08-29T16:32:08.671176Z	info	ads	full push happen, reason:map[config:1]
2026-08-29T16:32:08.671305306Z 2026-08-29T16:32:08.671212Z	info	ads	full push happen, reason:map[config:1]
2026-08-29T16:32:08.687445134Z 2026-08-29T16:32:08.687345Z	info	ads	full push happen, reason:map[config:1]
2026-08-29T16:32:08.687460866Z 2026-08-29T16:32:08.687376Z	info	ads	full push happen, reason:map[config:1]
2026-08-29T16:32:08.700107482Z 2026-08-29T16:32:08.699930Z	info	ads	full push happen, reason:map[config:1]
2026-08-29T16:32:08.700122606Z 2026-08-29T16:32:08.699964Z	info	ads	full push happen, reason:map[config:1]
2026-08-29T16:32:08.714467894Z 2026-08-29T16:32:08.714234Z	info	ads	full push happen, reason:map[config:1]
2026-08-29T16:32:08.714497774Z 2026-08-29T16:32:08.714269Z	info	ads	full push happen, reason:map[config:1]
2026-08-29T16:32:08.729479358Z 2026-08-29T16:32:08.729223Z	info	ads	full push happen, reason:map[config:1]
2026-08-29T16:32:08.729492227Z 2026-08-29T16:32:08.729260Z	info	ads	full push happen, reason:map[config:1]
2026-08-29T16:32:08.740812845Z 2026-08-29T16:32:08.740465Z	info	ads	full push happen, reason:map[config:1]
2026-08-29T16:32:08.740841010Z 2026-08-29T16:32:08.740502Z	info	ads	full push happen, reason:map[config:1]
2026-08-29T16:32:08.756451510Z 2026-08-29T16:32:08.756167Z	info	ads	full push happen, reason:map[config:1]
2026-08-29T16:32:08.756484018Z 2026-08-29T16:32:08.756215Z	info	ads	full push happen, reason:map[config:1]
2026-08-29T16:32:08.767466862Z 2026-08-29T16:32:08.767308Z	info	ads	full push happen, reason:map[config:1]
2026-08-29T16:32:08.767495914Z 2026-08-29T16:32:08.767352Z	info	ads	full push happen, reason:map[config:1]
2026-08-29T16:32:08.783210752Z 2026-08-29T16:32:08.782925Z	info	ads	full push happen, reason:map[config:1]
2026-08-29T16:32:08.783240463Z 2026-08-29T16:32:08.782990Z	info	ads	full push happen, reason:map[config:1]
2026-08-29T16:32:08.796961499Z 2026-08-29T16:32:08.796783Z	info	ads	full push happen, reason:map[config:1]
2026-08-29T16:32:08.796992539Z 2026-08-29T16:32:08.796834Z	info	ads	full push happen, reason:map[config:1]
2026-08-29T16:32:08.807235910Z 2026-08-29T16:32:08.807081Z	info	ads	full push happen, reason:map[config:1]
2026-08-29T16:32:08.807265003Z 2026-08-29T16:32:08.807130Z	info	ads	full push happen, reason:map[config:1]
2026-08-29T16:32:08.824163396Z 2026-08-29T16:32:08.823879Z	info	ads	full push happen, reason:map[config:1]
2026-08-29T16:32:08.824196176Z 2026-08-29T16:32:08.823918Z	info	ads	full push happen, reason:map[config:1]
2026-08-29T16:32:08.842146252Z 2026-08-29T16:32:08.841939Z	info	ads	full push happen, reason:map[config:1]
2026-08-29T16:32:08.842175932Z 2026-08-29T16:32:08.841975Z	info	ads	full push happen, reason:map[config:1]
2026-08-29T16:32:08.854628244Z 2026-08-29T16:32:08.854458Z	info	ads	full push happen, reason:map[config:1]
2026-08-29T16:32:08.854662195Z 2026-08-29T16:32:08.854488Z	info	ads	full push happen, reason:map[config:1]
2026-08-29T16:32:08.869937445Z 2026-08-29T16:32:08.869698Z	info	ads	full push happen, reason:map[config:1]
2026-08-29T16:32:08.869968954Z 2026-08-29T16:32:08.869729Z	info	ads	full push happen, reason:map[config:1]
2026-08-29T16:32:08.884823057Z 2026-08-29T16:32:08.884594Z	info	ads	full push happen, reason:map[config:1]
2026-08-29T16:32:08.884854854Z 2026-08-29T16:32:08.884638Z	info	ads	full push happen, reason:map[config:1]
2026-08-29T16:32:08.897295295Z 2026-08-29T16:32:08.897074Z	info	ads	full push happen, reason:map[config:1]
2026-08-29T16:32:08.897324051Z 2026-08-29T16:32:08.897112Z	info	ads	full push happen, reason:map[config:1]
2026-08-29T16:32:08.912507293Z 2026-08-29T16:32:08.912321Z	info	ads	full push happen, reason:map[config:1]
2026-08-29T16:32:08.912521666Z 2026-08-29T16:32:08.912355Z	info	ads	full push happen, reason:map[config:1]
2026-08-29T16:32:08.923567286Z 2026-08-29T16:32:08.923433Z	info	ads	full push happen, reason:map[config:1]
2026-08-29T16:32:08.923581294Z 2026-08-29T16:32:08.923488Z	info	ads	full push happen, reason:map[config:1]
2026-08-29T16:32:08.938176156Z 2026-08-29T16:32:08.937913Z	info	ads	full push happen, reason:map[config:1]
2026-08-29T16:32:08.938207057Z 2026-08-29T16:32:08.937950Z	info	ads	full push happen, reason:map[config:1]
2026-08-29T16:32:08.954829192Z 2026-08-29T16:32:08.954661Z	info	ads	full push happen, reason:map[config:1]
2026-08-29T16:32:08.954843291Z 2026-08-29T16:32:08.954706Z	info	ads	full push happen, reason:map[config:1]
2026-08-29T16:32:08.968432263Z 2026-08-29T16:32:08.968167Z	info	ads	full push happen, reason:map[config:1]
2026-08-29T16:32:08.968450227Z 2026-08-29T16:32:08.968199Z	info	ads	full push happen, reason:map[config:1]
2026-08-29T16:32:08.985165822Z 2026-08-29T16:32:08.984936Z	info	ads	full push happen, reason:map[config:1]
2026-08-29T16:32:08.985201438Z 2026-08-29T16:32:08.984973Z	info	ads	full push happen, reason:map[config:1]
2026-08-29T16:32:09.000681179Z 2026-08-29T16:32:09.000403Z	info	ads	full push happen, reason:map[config:1]
2026-08-29T16:32:09.000714163Z 2026-08-29T16:32:09.000440Z	info	ads	full push happen, reason:map[config:1]
2026-08-29T16:32:09.011316512Z 2026-08-29T16:32:09.011106Z	info	ads	full push happen, reason:map[config:1]
2026-08-29T16:32:09.011335536Z 2026-08-29T16:32:09.011144Z	info	ads	full push happen, reason:map[config:1]
2026-08-29T16:32:09.025872957Z 2026-08-29T16:32:09.025662Z	info	ads	full push happen, reason:map[config:1]
2026-08-29T16:32:09.025905133Z 2026-08-29T16:32:09.025708Z	info	ads	full push happen, reason:map[config:1]
2026-08-29T16:32:09.040855357Z 2026-08-29T16:32:09.040648Z	info	ads	full push happen, reason:map[config:1]
2026-08-29T16:32:09.040886886Z 2026-08-29T16:32:09.040684Z	info	ads	full push happen, reason:map[config:1]
2026-08-29T16:32:09.052322944Z 2026-08-29T16:32:09.052080Z	info	ads	full push happen, reason:map[config:1]
2026-08-29T16:32:09.052336513Z 2026-08-29T16:32:09.052112Z	info	ads	full push happen, reason:map[config:1]
2026-08-29T16:32:09.067238428Z 2026-08-29T16:32:09.067077Z	info	ads	full push happen, reason:map[config:1]
2026-08-29T16:32:09.067270048Z 2026-08-29T16:32:09.067117Z	info	ads	full push happen, reason:map[config:1]
2026-08-29T16:32:09.077802481Z 2026-08-29T16:32:09.077520Z	info	ads	full push happen, reason:map[config:1]
2026-08-29T16:32:09.077831121Z 2026-08-29T16:32:09.077556Z	info	ads	full push happen, reason:map[config:1]
2026-08-29T16:32:09.094876092Z 2026-08-29T16:32:09.094675Z	info	ads	full push happen, reason:map[config:1]
2026-08-29T16:32:09.094908345Z 2026-08-29T16:32:09.094712Z	info	ads	full push happen, reason:map[config:1]
2026-08-29T16:32:09.110135891Z 2026-08-29T16:32:09.109908Z	info	ads	full push happen, reason:map[config:1]
2026-08-29T16:32:09.110167899Z 2026-08-29T16:32:09.109952Z	info	ads	full push happen, reason:map[config:1]
2026-08-29T16:32:09.120322097Z 2026-08-29T16:32:09.120167Z	info	ads	full push happen, reason:map[config:1]
2026-08-29T16:32:09.120335225Z 2026-08-29T16:32:09.120206Z	info	ads	full push happen, reason:map[config:1]
2026-08-29T16:32:09.135090000Z 2026-08-29T16:32:09.134869Z	info	ads	full push happen, reason:map[config:1]
2026-08-29T16:32:09.135124003Z 2026-08-29T16:32:09.134906Z	info	ads	full push happen, reason:map[config:1]
2026-08-29T16:32:09.150355446Z 2026-08-29T16:32:09.150162Z	info	ads	full push happen, reason:map[config:1]
2026-08-29T16:32:09.150368567Z 2026-08-29T16:32:09.150195Z	info	ads	full push happen, reason:map[config:1]
2026-08-29T16:32:09.160802782Z 2026-08-29T16:32:09.160585Z	info	ads	full push happen, reason:map[config:1]
2026-08-29T16:32:09.160831638Z 2026-08-29T16:32:09.160634Z	info	ads	full push happen, reason:map[config:1]
2026-08-29T16:32:09.175620914Z 2026-08-29T16:32:09.175482Z	info	ads	full push happen, reason:map[config:1]
2026-08-29T16:32:09.175654054Z 2026-08-29T16:32:09.175518Z	info	ads	full push happen, reason:map[config:1]
2026-08-29T16:32:09.191723777Z 2026-08-29T16:32:09.191498Z	info	ads	full push happen, reason:map[config:1]
2026-08-29T16:32:09.191756478Z 2026-08-29T16:32:09.191541Z	info	ads	full push happen, reason:map[config:1]
2026-08-29T16:32:09.201819580Z 2026-08-29T16:32:09.201606Z	info	ads	full push happen, reason:map[config:1]
2026-08-29T16:32:09.201844704Z 2026-08-29T16:32:09.201638Z	info	ads	full push happen, reason:map[config:1]
2026-08-29T16:32:09.218001191Z 2026-08-29T16:32:09.217851Z	info	ads	full push happen, reason:map[config:1]
2026-08-29T16:32:09.218032136Z 2026-08-29T16:32:09.217886Z	info	ads	full push happen, reason:map[config:1]
2026-08-29T16:32:09.233318039Z 2026-08-29T16:32:09.233075Z	info	ads	full push happen, reason:map[config:1]
2026-08-29T16:32:09.233348774Z 2026-08-29T16:32:09.233132Z	info	ads	full push happen, reason:map[config:1]
2026-08-29T16:32:09.249007851Z 2026-08-29T16:32:09.248839Z	info	ads	full push happen, reason:map[config:1]
2026-08-29T16:32:09.249023708Z 2026-08-29T16:32:09.248877Z	info	ads	full push happen, reason:map[config:1]
2026-08-29T16:32:09.262650294Z 2026-08-29T16:32:09.262372Z	info	ads	full push happen, reason:map[config:1]
2026-08-29T16:32:09.262678906Z 2026-08-29T16:32:09.262411Z	info	ads	full push happen, reason:map[config:1]
2026-08-29T16:32:09.277842271Z 2026-08-29T16:32:09.277643Z	info	ads	full push happen, reason:map[config:1]
2026-08-29T16:32:09.277874076Z 2026-08-29T16:32:09.277698Z	info	ads	full push happen, reason:map[config:1]
2026-08-29T16:32:09.295768019Z 2026-08-29T16:32:09.295541Z	info	ads	full push happen, reason:map[config:1]
2026-08-29T16:32:09.295803752Z 2026-08-29T16:32:09.295584Z	info	ads	full push happen, reason:map[config:1]
2026-08-29T16:32:09.306126435Z 2026-08-29T16:32:09.305900Z	info	ads	full push happen, reason:map[config:1]
2026-08-29T16:32:09.306140115Z 2026-08-29T16:32:09.305937Z	info	ads	full push happen, reason:map[config:1]
2026-08-29T16:32:09.324071329Z 2026-08-29T16:32:09.323905Z	info	ads	full push happen, reason:map[config:1]
2026-08-29T16:32:09.324085161Z 2026-08-29T16:32:09.323936Z	info	ads	full push happen, reason:map[config:1]
2026-08-29T16:32:09.334808023Z 2026-08-29T16:32:09.334555Z	info	ads	full push happen, reason:map[config:1]
2026-08-29T16:32:09.334836703Z 2026-08-29T16:32:09.334592Z	info	ads	full push happen, reason:map[config:1]
2026-08-29T16:32:09.349788331Z 2026-08-29T16:32:09.349577Z	info	ads	full push happen, reason:map[config:1]
2026-08-29T16:32:09.349821831Z 2026-08-29T16:32:09.349611Z	info	ads	full push happen, reason:map[config:1]
2026-08-29T16:32:09.368195282Z 2026-08-29T16:32:09.368042Z	info	ads	full push happen, reason:map[config:1]
2026-08-29T16:32:09.368226415Z 2026-08-29T16:32:09.368084Z	info	ads	full push happen, reason:map[config:1]
2026-08-29T16:32:09.378048996Z 2026-08-29T16:32:09.377935Z	info	ads	full push happen, reason:map[config:1]
2026-08-29T16:32:09.378086855Z 2026-08-29T16:32:09.377969Z	info	ads	full push happen, reason:map[config:1]
2026-08-29T16:32:09.393574343Z 2026-08-29T16:32:09.393409Z	info	ads	full push happen, reason:map[config:1]
2026-08-29T16:32:09.393588983Z 2026-08-29T16:32:09.393450Z	info	ads	full push happen, reason:map[config:1]
2026-08-29T16:32:09.408403218Z 2026-08-29T16:32:09.408271Z	info	ads	full push happen, reason:map[config:1]
2026-08-29T16:32:09.408436470Z 2026-08-29T16:32:09.408306Z	info	ads	full push happen, reason:map[config:1]
2026-08-29T16:32:09.418484236Z 2026-08-29T16:32:09.418322Z	info	ads	full push happen, reason:map[config:1]
2026-08-29T16:32:09.418511972Z 2026-08-29T16:32:09.418367Z	info	ads	full push happen, reason:map[config:1]
2026-08-29T16:32:09.434162985Z 2026-08-29T16:32:09.434003Z	info	ads	full push happen, reason:map[config:1]
2026-08-29T16:32:09.434192982Z 2026-08-29T16:32:09.434051Z	info	ads	full push happen, reason:map[config:1]
2026-08-29T16:32:09.450083460Z 2026-08-29T16:32:09.449964Z	info	ads	full push happen, reason:map[config:1]
2026-08-29T16:32:09.450097920Z 2026-08-29T16:32:09.450018Z	info	ads	full push happen, reason:map[config:1]
2026-08-29T16:32:09.460416515Z 2026-08-29T16:32:09.460287Z	info	ads	full push happen, reason:map[config:1]
2026-08-29T16:32:09.460433484Z 2026-08-29T16:32:09.460320Z	info	ads	full push happen, reason:map[config:1]
2026-08-29T16:32:09.473666808Z 2026-08-29T16:32:09.473492Z	info	ads	full push happen, reason:map[config:1]
2026-08-29T16:32:09.473690639Z 2026-08-29T16:32:09.473532Z	info	ads	full push happen, reason:map[config:1]
2026-08-29T16:32:09.489022495Z 2026-08-29T16:32:09.488798Z	info	ads	full push happen, reason:map[config:1]
2026-08-29T16:32:09.489054551Z 2026-08-29T16:32:09.488849Z	info	ads	full push happen, reason:map[config:1]
2026-08-29T16:32:09.499658681Z 2026-08-29T16:32:09.499548Z	info	ads	full push happen, reason:map[config:1]
2026-08-29T16:32:09.499672476Z 2026-08-29T16:32:09.499580Z	info	ads	full push happen, reason:map[config:1]
2026-08-29T16:32:09.515926805Z 2026-08-29T16:32:09.515711Z	info	ads	full push happen, reason:map[config:1]
2026-08-29T16:32:09.515956258Z 2026-08-29T16:32:09.515749Z	info	ads	full push happen, reason:map[config:1]
2026-08-29T16:32:09.529570704Z 2026-08-29T16:32:09.529372Z	info	ads	full push happen, reason:map[config:1]
2026-08-29T16:32:09.529590680Z 2026-08-29T16:32:09.529422Z	info	ads	full push happen, reason:map[config:1]
2026-08-29T16:32:09.540280306Z 2026-08-29T16:32:09.540157Z	info	ads	full push happen, reason:map[config:1]
2026-08-29T16:32:09.540304198Z 2026-08-29T16:32:09.540192Z	info	ads	full push happen, reason:map[config:1]
2026-08-29T16:32:09.555585204Z 2026-08-29T16:32:09.555454Z	info	ads	full push happen, reason:map[config:1]
2026-08-29T16:32:09.555622133Z 2026-08-29T16:32:09.555497Z	info	ads	full push happen, reason:map[config:1]
2026-08-29T16:32:09.565568673Z 2026-08-29T16:32:09.565409Z	info	ads	full push happen, reason:map[config:1]
2026-08-29T16:32:09.565584390Z 2026-08-29T16:32:09.565439Z	info	ads	full push happen, reason:map[config:1]
2026-08-29T16:32:09.579768660Z 2026-08-29T16:32:09.579485Z	info	ads	full push happen, reason:map[config:1]
2026-08-29T16:32:09.579803281Z 2026-08-29T16:32:09.579520Z	info	ads	full push happen, reason:map[config:1]
2026-08-29T16:32:09.594144936Z 2026-08-29T16:32:09.593917Z	info	ads	full push happen, reason:map[config:1]
2026-08-29T16:32:09.594178433Z 2026-08-29T16:32:09.593957Z	info	ads	full push happen, reason:map[config:1]
2026-08-29T16:32:09.605636484Z 2026-08-29T16:32:09.605370Z	info	ads	full push happen, reason:map[config:1]
2026-08-29T16:32:09.605670465Z 2026-08-29T16:32:09.605406Z	info	ads	full push happen, reason:map[config:1]
2026-08-29T16:32:09.620268282Z 2026-08-29T16:32:09.620001Z	info	ads	full push happen, reason:map[config:1]
2026-08-29T16:32:09.620308338Z 2026-08-29T16:32:09.620035Z	info	ads	full push happen, reason:map[config:1]
2026-08-29T16:32:09.636486730Z 2026-08-29T16:32:09.636313Z	info	ads	full push happen, reason:map[config:1]
2026-08-29T16:32:09.636500598Z 2026-08-29T16:32:09.636362Z	info	ads	full push happen, reason:map[config:1]
2026-08-29T16:32:09.649332296Z 2026-08-29T16:32:09.649118Z	info	ads	full push happen, reason:map[config:1]
2026-08-29T16:32:09.649369771Z 2026-08-29T16:32:09.649164Z	info	ads	full push happen, reason:map[config:1]
2026-08-29T16:32:09.662552484Z 2026-08-29T16:32:09.662383Z	info	ads	full push happen, reason:map[config:1]
2026-08-29T16:32:09.662587816Z 2026-08-29T16:32:09.662426Z	info	ads	full push happen, reason:map[config:1]
2026-08-29T16:32:09.676961268Z 2026-08-29T16:32:09.676785Z	info	ads	full push happen, reason:map[config:1]
2026-08-29T16:32:09.676999596Z 2026-08-29T16:32:09.676821Z	info	ads	full push happen, reason:map[config:1]
2026-08-29T16:32:09.692615216Z 2026-08-29T16:32:09.692465Z	info	ads	full push happen, reason:map[config:1]
2026-08-29T16:32:09.692651636Z 2026-08-29T16:32:09.692503Z	info	ads	full push happen, reason:map[config:1]
2026-08-29T16:32:09.702868216Z 2026-08-29T16:32:09.702716Z	info	ads	full push happen, reason:map[config:1]
2026-08-29T16:32:09.702896840Z 2026-08-29T16:32:09.702754Z	info	ads	full push happen, reason:map[config:1]
2026-08-29T16:32:09.717058383Z 2026-08-29T16:32:09.716825Z	info	ads	full push happen, reason:map[config:1]
2026-08-29T16:32:09.717087030Z 2026-08-29T16:32:09.716886Z	info	ads	full push happen, reason:map[config:1]
2026-08-29T16:32:09.730711353Z 2026-08-29T16:32:09.730468Z	info	ads	full push happen, reason:map[config:1]
2026-08-29T16:32:09.730741549Z 2026-08-29T16:32:09.730501Z	info	ads	full push happen, reason:map[config:1]
2026-08-29T16:32:09.740767843Z 2026-08-29T16:32:09.740607Z	info	ads	full push happen, reason:map[config:1]
2026-08-29T16:32:09.740789724Z 2026-08-29T16:32:09.740641Z	info	ads	full push happen, reason:map[config:1]
2026-08-29T16:32:09.755922988Z 2026-08-29T16:32:09.755702Z	info	ads	full push happen, reason:map[config:1]
2026-08-29T16:32:09.755955709Z 2026-08-29T16:32:09.755760Z	info	ads	full push happen, reason:map[config:1]
2026-08-29T16:32:09.766280692Z 2026-08-29T16:32:09.766079Z	info	ads	full push happen, reason:map[config:1]
2026-08-29T16:32:09.766306568Z 2026-08-29T16:32:09.766105Z	info	ads	full push happen, reason:map[config:1]
2026-08-29T16:32:09.780789753Z 2026-08-29T16:32:09.780496Z	info	ads	full push happen, reason:map[config:1]
2026-08-29T16:32:09.780828090Z 2026-08-29T16:32:09.780522Z	info	ads	full push happen, reason:map[config:1]
2026-08-29T16:32:09.795566791Z 2026-08-29T16:32:09.795312Z	info	ads	full push happen, reason:map[config:1]
2026-08-29T16:32:09.795597703Z 2026-08-29T16:32:09.795358Z	info	ads	full push happen, reason:map[config:1]
2026-08-29T16:32:09.806186710Z 2026-08-29T16:32:09.806003Z	info	ads	full push happen, reason:map[config:1]
2026-08-29T16:32:09.806211946Z 2026-08-29T16:32:09.806031Z	info	ads	full push happen, reason:map[config:1]
2026-08-29T16:32:09.822937258Z 2026-08-29T16:32:09.822751Z	info	ads	full push happen, reason:map[config:1]
2026-08-29T16:32:09.822988570Z 2026-08-29T16:32:09.822791Z	info	ads	full push happen, reason:map[config:1]
2026-08-29T16:32:09.837352530Z 2026-08-29T16:32:09.837189Z	info	ads	full push happen, reason:map[config:1]
2026-08-29T16:32:09.837379002Z 2026-08-29T16:32:09.837226Z	info	ads	full push happen, reason:map[config:1]
2026-08-29T16:32:09.849144444Z 2026-08-29T16:32:09.848961Z	info	ads	full push happen, reason:map[config:1]
2026-08-29T16:32:09.849170820Z 2026-08-29T16:32:09.848988Z	info	ads	full push happen, reason:map[config:1]
2026-08-29T16:32:09.864568118Z 2026-08-29T16:32:09.864369Z	info	ads	full push happen, reason:map[config:1]
2026-08-29T16:32:09.864598299Z 2026-08-29T16:32:09.864408Z	info	ads	full push happen, reason:map[config:1]
2026-08-29T16:32:09.881224603Z 2026-08-29T16:32:09.881078Z	info	ads	full push happen, reason:map[config:1]
2026-08-29T16:32:09.881255234Z 2026-08-29T16:32:09.881112Z	info	ads	full push happen, reason:map[config:1]
2026-08-29T16:32:09.893645825Z 2026-08-29T16:32:09.893390Z	info	ads	full push happen, reason:map[config:1]
2026-08-29T16:32:09.893674076Z 2026-08-29T16:32:09.893420Z	info	ads	full push happen, reason:map[config:1]
2026-08-29T16:32:09.909559415Z 2026-08-29T16:32:09.909435Z	info	ads	full push happen, reason:map[config:1]
2026-08-29T16:32:09.909588587Z 2026-08-29T16:32:09.909465Z	info	ads	full push happen, reason:map[config:1]
2026-08-29T16:32:09.919701994Z 2026-08-29T16:32:09.919518Z	info	ads	full push happen, reason:map[config:1]
2026-08-29T16:32:09.919714974Z 2026-08-29T16:32:09.919556Z	info	ads	full push happen, reason:map[config:1]
2026-08-29T16:32:09.935285538Z 2026-08-29T16:32:09.935158Z	info	ads	full push happen, reason:map[config:1]
2026-08-29T16:32:09.935304490Z 2026-08-29T16:32:09.935195Z	info	ads	full push happen, reason:map[config:1]
2026-08-29T16:32:09.950109008Z 2026-08-29T16:32:09.949960Z	info	ads	full push happen, reason:map[config:1]
2026-08-29T16:32:09.950140248Z 2026-08-29T16:32:09.949997Z	info	ads	full push happen, reason:map[config:1]
2026-08-29T16:32:09.962282993Z 2026-08-29T16:32:09.962043Z	info	ads	full push happen, reason:map[config:1]
2026-08-29T16:32:09.962311602Z 2026-08-29T16:32:09.962078Z	info	ads	full push happen, reason:map[config:1]
2026-08-29T16:32:09.975197602Z 2026-08-29T16:32:09.975012Z	info	ads	full push happen, reason:map[config:1]
2026-08-29T16:32:09.975228563Z 2026-08-29T16:32:09.975065Z	info	ads	full push happen, reason:map[config:1]
2026-08-29T16:32:09.990302288Z 2026-08-29T16:32:09.990085Z	info	ads	full push happen, reason:map[config:1]
2026-08-29T16:32:09.990341873Z 2026-08-29T16:32:09.990121Z	info	ads	full push happen, reason:map[config:1]
2026-08-29T16:32:10.006213034Z 2026-08-29T16:32:10.005938Z	info	ads	full push happen, reason:map[config:1]
2026-08-29T16:32:10.006245575Z 2026-08-29T16:32:10.005974Z	info	ads	full push happen, reason:map[config:1]
2026-08-29T16:32:10.017145762Z 2026-08-29T16:32:10.016888Z	info	ads	full push happen, reason:map[config:1]
2026-08-29T16:32:10.017175779Z 2026-08-29T16:32:10.016924Z	info	ads	full push happen, reason:map[config:1]
2026-08-29T16:32:10.035780252Z 2026-08-29T16:32:10.035622Z	info	ads	full push happen, reason:map[config:1]
2026-08-29T16:32:10.035812816Z 2026-08-29T16:32:10.035662Z	info	ads	full push happen, reason:map[config:1]
2026-08-29T16:32:10.046427782Z 2026-08-29T16:32:10.046218Z	info	ads	full push happen, reason:map[config:1]
2026-08-29T16:32:10.046455450Z 2026-08-29T16:32:10.046260Z	info	ads	full push happen, reason:map[config:1]
2026-08-29T16:32:10.061206776Z 2026-08-29T16:32:10.060945Z	info	ads	full push happen, reason:map[config:1]
2026-08-29T16:32:10.061240373Z 2026-08-29T16:32:10.060987Z	info	ads	full push happen, reason:map[config:1]
2026-08-29T16:32:10.077013211Z 2026-08-29T16:32:10.076740Z	info	ads	full push happen, reason:map[config:1]
2026-08-29T16:32:10.077026726Z 2026-08-29T16:32:10.076781Z	info	ads	full push happen, reason:map[config:1]
2026-08-29T16:32:10.093831408Z 2026-08-29T16:32:10.093261Z	info	ads	full push happen, reason:map[config:1]
2026-08-29T16:32:10.093901355Z 2026-08-29T16:32:10.093490Z	info	ads	full push happen, reason:map[config:1]
2026-08-29T16:32:10.121648357Z 2026-08-29T16:32:10.121381Z	info	ads	full push happen, reason:map[config:1]
2026-08-29T16:32:10.121716720Z 2026-08-29T16:32:10.121445Z	info	ads	full push happen, reason:map[config:1]
2026-08-29T16:32:10.137591335Z 2026-08-29T16:32:10.137313Z	info	ads	full push happen, reason:map[config:1]
2026-08-29T16:32:10.137624508Z 2026-08-29T16:32:10.137353Z	info	ads	full push happen, reason:map[config:1]
2026-08-29T16:32:10.146362104Z 2026-08-29T16:32:10.146232Z	info	ads	full push happen, reason:map[config:1]
2026-08-29T16:32:10.146374252Z 2026-08-29T16:32:10.146279Z	info	ads	full push happen, reason:map[config:1]
2026-08-29T16:32:10.161788951Z 2026-08-29T16:32:10.161540Z	info	ads	full push happen, reason:map[config:1]
2026-08-29T16:32:10.161830951Z 2026-08-29T16:32:10.161573Z	info	ads	full push happen, reason:map[config:1]
2026-08-29T16:32:10.176807812Z 2026-08-29T16:32:10.176578Z	info	ads	full push happen, reason:map[config:1]
2026-08-29T16:32:10.176841536Z 2026-08-29T16:32:10.176611Z	info	ads	full push happen, reason:map[config:1]
2026-08-29T16:32:10.187038267Z 2026-08-29T16:32:10.186827Z	info	ads	full push happen, reason:map[config:1]
2026-08-29T16:32:10.187065659Z 2026-08-29T16:32:10.186856Z	info	ads	full push happen, reason:map[config:1]
2026-08-29T16:32:10.201853318Z 2026-08-29T16:32:10.201600Z	info	ads	full push happen, reason:map[config:1]
2026-08-29T16:32:10.201884929Z 2026-08-29T16:32:10.201630Z	info	ads	full push happen, reason:map[config:1]
2026-08-29T16:32:10.215119530Z 2026-08-29T16:32:10.214903Z	info	ads	full push happen, reason:map[config:1]
2026-08-29T16:32:10.215146885Z 2026-08-29T16:32:10.214934Z	info	ads	full push happen, reason:map[config:1]
2026-08-29T16:32:10.230064881Z 2026-08-29T16:32:10.229864Z	info	ads	full push happen, reason:map[config:1]
2026-08-29T16:32:10.230098662Z 2026-08-29T16:32:10.229894Z	info	ads	full push happen, reason:map[config:1]
2026-08-29T16:32:10.245905419Z 2026-08-29T16:32:10.245735Z	info	ads	full push happen, reason:map[config:1]
2026-08-29T16:32:10.245937332Z 2026-08-29T16:32:10.245781Z	info	ads	full push happen, reason:map[config:1]
2026-08-29T16:32:10.258330325Z 2026-08-29T16:32:10.258164Z	info	ads	full push happen, reason:map[config:1]
2026-08-29T16:32:10.258359178Z 2026-08-29T16:32:10.258206Z	info	ads	full push happen, reason:map[config:1]
2026-08-29T16:32:10.274331973Z 2026-08-29T16:32:10.274162Z	info	ads	full push happen, reason:map[config:1]
2026-08-29T16:32:10.274347272Z 2026-08-29T16:32:10.274202Z	info	ads	full push happen, reason:map[config:1]
2026-08-29T16:32:10.289841040Z 2026-08-29T16:32:10.289530Z	info	ads	full push happen, reason:map[config:1]
2026-08-29T16:32:10.289874309Z 2026-08-29T16:32:10.289571Z	info	ads	full push happen, reason:map[config:1]
2026-08-29T16:32:10.300753192Z 2026-08-29T16:32:10.300497Z	info	ads	full push happen, reason:map[config:1]
2026-08-29T16:32:10.300789049Z 2026-08-29T16:32:10.300533Z	info	ads	full push happen, reason:map[config:1]
2026-08-29T16:32:10.320588217Z 2026-08-29T16:32:10.320297Z	info	ads	full push happen, reason:map[config:1]
2026-08-29T16:32:10.320619962Z 2026-08-29T16:32:10.320345Z	info	ads	full push happen, reason:map[config:1]
2026-08-29T16:32:10.336407620Z 2026-08-29T16:32:10.336068Z	info	ads	full push happen, reason:map[config:1]
2026-08-29T16:32:10.336440504Z 2026-08-29T16:32:10.336104Z	info	ads	full push happen, reason:map[config:1]
2026-08-29T16:32:10.346981677Z 2026-08-29T16:32:10.346703Z	info	ads	full push happen, reason:map[config:1]
2026-08-29T16:32:10.347002090Z 2026-08-29T16:32:10.346751Z	info	ads	full push happen, reason:map[config:1]
2026-08-29T16:32:10.363259439Z 2026-08-29T16:32:10.363049Z	info	ads	full push happen, reason:map[config:1]
2026-08-29T16:32:10.363292230Z 2026-08-29T16:32:10.363096Z	info	ads	full push happen, reason:map[config:1]
2026-08-29T16:32:10.375862661Z 2026-08-29T16:32:10.375555Z	info	ads	full push happen, reason:map[config:1]
2026-08-29T16:32:10.375915082Z 2026-08-29T16:32:10.375602Z	info	ads	full push happen, reason:map[config:1]
2026-08-29T16:32:10.390775638Z 2026-08-29T16:32:10.390539Z	info	ads	full push happen, reason:map[config:1]
2026-08-29T16:32:10.390809294Z 2026-08-29T16:32:10.390583Z	info	ads	full push happen, reason:map[config:1]
2026-08-29T16:32:10.406402601Z 2026-08-29T16:32:10.406236Z	info	ads	full push happen, reason:map[config:1]
2026-08-29T16:32:10.406416562Z 2026-08-29T16:32:10.406288Z	info	ads	full push happen, reason:map[config:1]
2026-08-29T16:32:10.416933660Z 2026-08-29T16:32:10.416681Z	info	ads	full push happen, reason:map[config:1]
2026-08-29T16:32:10.416966420Z 2026-08-29T16:32:10.416712Z	info	ads	full push happen, reason:map[config:1]
2026-08-29T16:32:10.432696741Z 2026-08-29T16:32:10.432470Z	info	ads	full push happen, reason:map[config:1]
2026-08-29T16:32:10.432730810Z 2026-08-29T16:32:10.432516Z	info	ads	full push happen, reason:map[config:1]
2026-08-29T16:32:10.448157773Z 2026-08-29T16:32:10.448000Z	info	ads	full push happen, reason:map[config:1]
2026-08-29T16:32:10.448189212Z 2026-08-29T16:32:10.448041Z	info	ads	full push happen, reason:map[config:1]
2026-08-29T16:32:10.459021047Z 2026-08-29T16:32:10.458780Z	info	ads	full push happen, reason:map[config:1]
2026-08-29T16:32:10.459051572Z 2026-08-29T16:32:10.458818Z	info	ads	full push happen, reason:map[config:1]
2026-08-29T16:32:10.474404086Z 2026-08-29T16:32:10.474215Z	info	ads	full push happen, reason:map[config:1]
2026-08-29T16:32:10.474435710Z 2026-08-29T16:32:10.474250Z	info	ads	full push happen, reason:map[config:1]
2026-08-29T16:32:10.490021611Z 2026-08-29T16:32:10.489680Z	info	ads	full push happen, reason:map[config:1]
2026-08-29T16:32:10.490061839Z 2026-08-29T16:32:10.489722Z	info	ads	full push happen, reason:map[config:1]
2026-08-29T16:32:10.500933094Z 2026-08-29T16:32:10.500768Z	info	ads	full push happen, reason:map[config:1]
2026-08-29T16:32:10.500947519Z 2026-08-29T16:32:10.500805Z	info	ads	full push happen, reason:map[config:1]
2026-08-29T16:32:10.516764197Z 2026-08-29T16:32:10.516598Z	info	ads	full push happen, reason:map[config:1]
2026-08-29T16:32:10.516799709Z 2026-08-29T16:32:10.516649Z	info	ads	full push happen, reason:map[config:1]
2026-08-29T16:32:10.530111769Z 2026-08-29T16:32:10.529895Z	info	ads	full push happen, reason:map[config:1]
2026-08-29T16:32:10.530144453Z 2026-08-29T16:32:10.529937Z	info	ads	full push happen, reason:map[config:1]
2026-08-29T16:32:10.541189411Z 2026-08-29T16:32:10.540974Z	info	ads	full push happen, reason:map[config:1]
2026-08-29T16:32:10.541220714Z 2026-08-29T16:32:10.541010Z	info	ads	full push happen, reason:map[config:1]
2026-08-29T16:32:10.557245525Z 2026-08-29T16:32:10.557083Z	info	ads	full push happen, reason:map[config:1]
2026-08-29T16:32:10.557283498Z 2026-08-29T16:32:10.557128Z	info	ads	full push happen, reason:map[config:1]
2026-08-29T16:32:10.572905846Z 2026-08-29T16:32:10.572634Z	info	ads	full push happen, reason:map[config:1]
2026-08-29T16:32:10.572940163Z 2026-08-29T16:32:10.572680Z	info	ads	full push happen, reason:map[config:1]
2026-08-29T16:32:10.583778910Z 2026-08-29T16:32:10.583593Z	info	ads	full push happen, reason:map[config:1]
2026-08-29T16:32:10.583813370Z 2026-08-29T16:32:10.583628Z	info	ads	full push happen, reason:map[config:1]
2026-08-29T16:32:10.599500448Z 2026-08-29T16:32:10.599347Z	info	ads	full push happen, reason:map[config:1]
2026-08-29T16:32:10.599522759Z 2026-08-29T16:32:10.599392Z	info	ads	full push happen, reason:map[config:1]
2026-08-29T16:32:10.613098334Z 2026-08-29T16:32:10.612864Z	info	ads	full push happen, reason:map[config:1]
2026-08-29T16:32:10.613128298Z 2026-08-29T16:32:10.612927Z	info	ads	full push happen, reason:map[config:1]
2026-08-29T16:32:10.628744783Z 2026-08-29T16:32:10.628572Z	info	ads	full push happen, reason:map[config:1]
2026-08-29T16:32:10.628777863Z 2026-08-29T16:32:10.628635Z	info	ads	full push happen, reason:map[config:1]
2026-08-29T16:32:10.644336711Z 2026-08-29T16:32:10.644223Z	info	ads	full push happen, reason:map[config:1]
2026-08-29T16:32:10.644350527Z 2026-08-29T16:32:10.644263Z	info	ads	full push happen, reason:map[config:1]
2026-08-29T16:32:10.654856384Z 2026-08-29T16:32:10.654642Z	info	ads	full push happen, reason:map[config:1]
2026-08-29T16:32:10.654888759Z 2026-08-29T16:32:10.654674Z	info	ads	full push happen, reason:map[config:1]
2026-08-29T16:32:10.657940485Z 2026-08-29T16:32:10.657542Z	info	ads	Push debounce stable[2] 1431 for config DestinationRule/higress-system/mcpbridge-destinationrule and 8 more configs: 2.827135ms since last change, 10.000759436s since last push, full=true
2026-08-29T16:32:10.658665670Z 2026-08-29T16:32:10.658392Z	info	ingress	Found 0 number of basic auth
2026-08-29T16:32:10.658693662Z 2026-08-29T16:32:10.658412Z	info	ingress	Found 0 number of envoyFilters
2026-08-29T16:32:10.658704346Z 2026-08-29T16:32:10.658426Z	info	ingress	resource type networking.istio.io/v1/VirtualService, ingress number 0, convert configs number 0
2026-08-29T16:32:10.659167770Z 2026-08-29T16:32:10.659078Z	info	ingress	resource type networking.istio.io/v1/DestinationRule, ingress number 0, convert configs number 0
2026-08-29T16:32:10.659190862Z 2026-08-29T16:32:10.659131Z	info	ingress	resource type extensions.istio.io/v1alpha1/WasmPlugin, ingress number 0, convert configs number 0
2026-08-29T16:32:10.659200825Z 2026-08-29T16:32:10.659159Z	info	ingress	controller tracing ConstructEnvoyFilters
2026-08-29T16:32:10.659245902Z 2026-08-29T16:32:10.659171Z	info	ingress	controller gzip ConstructEnvoyFilters
2026-08-29T16:32:10.659738710Z 2026-08-29T16:32:10.659656Z	info	ingress	controller global-option ConstructEnvoyFilters
2026-08-29T16:32:10.660042448Z 2026-08-29T16:32:10.659875Z	info	ingress	controller mcpServer ConstructEnvoyFilters
2026-08-29T16:32:10.660070216Z 2026-08-29T16:32:10.659889Z	info	ingress	Append 2 configmap EnvoyFilters
2026-08-29T16:32:10.660080287Z 2026-08-29T16:32:10.659899Z	info	ingress	resource type networking.istio.io/v1alpha3/EnvoyFilter, configs number 2
2026-08-29T16:32:10.670566377Z 2026-08-29T16:32:10.670324Z	info	ingress	resource type networking.istio.io/v1/Gateway, ingress number 0, convert configs number 0
2026-08-29T16:32:10.671528849Z 2026-08-29T16:32:10.671409Z	info	ads	XDS: Pushing Services:0 ConnectedEndpoints:0 Version:2026-08-29T16:32:10Z/2
2026-08-29T16:32:10.672274952Z 2026-08-29T16:32:10.672064Z	info	ads	full push happen, reason:map[config:1]
2026-08-29T16:32:10.672348673Z 2026-08-29T16:32:10.672230Z	info	ads	full push happen, reason:map[config:1]
2026-08-29T16:32:10.686340959Z 2026-08-29T16:32:10.686080Z	info	ads	full push happen, reason:map[config:1]
2026-08-29T16:32:10.686372623Z 2026-08-29T16:32:10.686170Z	info	ads	full push happen, reason:map[config:1]
2026-08-29T16:32:10.697284131Z 2026-08-29T16:32:10.697086Z	info	ads	full push happen, reason:map[config:1]
2026-08-29T16:32:10.697314554Z 2026-08-29T16:32:10.697152Z	info	ads	full push happen, reason:map[config:1]
2026-08-29T16:32:10.707253455Z 2026-08-29T16:32:10.707060Z	info	ads	All caches have been synced up in 10.380622523s, marking server ready
2026-08-29T16:32:10.708005928Z 2026-08-29T16:32:10.707825Z	info	starting Automatic Cert HTTP service at :8889
2026-08-29T16:32:10.708034793Z 2026-08-29T16:32:10.707895Z	info	cert	server run
2026-08-29T16:32:10.708071361Z 2026-08-29T16:32:10.707988Z	info	starting HTTP service at [::]:8888
2026-08-29T16:32:10.708164490Z 2026-08-29T16:32:10.708059Z	info	starting gRPC discovery service at [::]:15051
2026-08-29T16:32:10.708458116Z 2026-08-29T16:32:10.708128Z	info	cert	Waiting for informer caches to sync
2026-08-29T16:32:10.713785144Z 2026-08-29T16:32:10.713520Z	info	ads	full push happen, reason:map[config:1]
2026-08-29T16:32:10.713814653Z 2026-08-29T16:32:10.713555Z	info	ads	full push happen, reason:map[config:1]
2026-08-29T16:32:10.729642599Z 2026-08-29T16:32:10.729500Z	info	ads	full push happen, reason:map[config:1]
2026-08-29T16:32:10.729662123Z 2026-08-29T16:32:10.729541Z	info	ads	full push happen, reason:map[config:1]
2026-08-29T16:32:10.741445473Z 2026-08-29T16:32:10.741295Z	info	ads	full push happen, reason:map[config:1]
2026-08-29T16:32:10.741479521Z 2026-08-29T16:32:10.741324Z	info	ads	full push happen, reason:map[config:1]
2026-08-29T16:32:10.757103849Z 2026-08-29T16:32:10.756900Z	info	ads	full push happen, reason:map[config:1]
2026-08-29T16:32:10.757118909Z 2026-08-29T16:32:10.756948Z	info	ads	full push happen, reason:map[config:1]
2026-08-29T16:32:10.767366300Z 2026-08-29T16:32:10.767196Z	info	ads	full push happen, reason:map[config:1]
2026-08-29T16:32:10.767400249Z 2026-08-29T16:32:10.767241Z	info	ads	full push happen, reason:map[config:1]
2026-08-29T16:32:10.783618062Z 2026-08-29T16:32:10.783455Z	info	ads	full push happen, reason:map[config:1]
2026-08-29T16:32:10.783654142Z 2026-08-29T16:32:10.783496Z	info	ads	full push happen, reason:map[config:1]
2026-08-29T16:32:10.801046147Z 2026-08-29T16:32:10.800864Z	info	ads	full push happen, reason:map[config:1]
2026-08-29T16:32:10.801064723Z 2026-08-29T16:32:10.800913Z	info	ads	full push happen, reason:map[config:1]
2026-08-29T16:32:10.809056586Z 2026-08-29T16:32:10.808830Z	info	cert	Starting controller
2026-08-29T16:32:10.809086403Z 2026-08-29T16:32:10.808867Z	info	cert	Started workers
2026-08-29T16:32:10.809096034Z 2026-08-29T16:32:10.808923Z	info	cert	controller process item:higress-https
2026-08-29T16:32:10.809426217Z 2026-08-29T16:32:10.809344Z	info	cert	cermgr reconcile old config:<nil> to new config:&{AutomaticHttps:true FallbackForInvalidSecret:false RenewBeforeDays:30 CredentialConfig:[] ACMEIssuer:[{Name:letsencrypt Email:your74799@yours80301.com AK: SK:}] Version:20260829041724}
2026-08-29T16:32:10.809445093Z 2026-08-29T16:32:10.809362Z	info	cert	cert clean sync domains:[]
2026-08-29T16:32:10.809455033Z 2026-08-29T16:32:10.809371Z	info	cert	certMgr start to manageSync domains: []
2026-08-29T16:32:10.809464213Z 2026-08-29T16:32:10.809379Z	info	cert	cert manage sync domains:[]
2026-08-29T16:32:10.809472694Z 2026-08-29T16:32:10.809386Z	info	cert	certMgr manageSync domains done
2026-08-29T16:32:10.811885390Z 2026-08-29T16:32:10.811597Z	info	ads	full push happen, reason:map[config:1]
2026-08-29T16:32:10.811916246Z 2026-08-29T16:32:10.811665Z	info	ads	full push happen, reason:map[config:1]
2026-08-29T16:32:10.827542663Z 2026-08-29T16:32:10.827388Z	info	ads	full push happen, reason:map[config:1]
2026-08-29T16:32:10.827590823Z 2026-08-29T16:32:10.827431Z	info	ads	full push happen, reason:map[config:1]
2026-08-29T16:32:10.846121592Z 2026-08-29T16:32:10.845897Z	info	ads	full push happen, reason:map[config:1]
2026-08-29T16:32:10.846156096Z 2026-08-29T16:32:10.845944Z	info	ads	full push happen, reason:map[config:1]
2026-08-29T16:32:10.858653439Z 2026-08-29T16:32:10.858492Z	info	ads	full push happen, reason:map[config:1]
2026-08-29T16:32:10.858695935Z 2026-08-29T16:32:10.858536Z	info	ads	full push happen, reason:map[config:1]
2026-08-29T16:32:10.874544338Z 2026-08-29T16:32:10.874378Z	info	ads	full push happen, reason:map[config:1]
2026-08-29T16:32:10.874574389Z 2026-08-29T16:32:10.874417Z	info	ads	full push happen, reason:map[config:1]
2026-08-29T16:32:10.890006713Z 2026-08-29T16:32:10.889805Z	info	ads	full push happen, reason:map[config:1]
2026-08-29T16:32:10.890084550Z 2026-08-29T16:32:10.889843Z	info	ads	full push happen, reason:map[config:1]
2026-08-29T16:32:10.900862280Z 2026-08-29T16:32:10.900747Z	info	ads	full push happen, reason:map[config:1]
2026-08-29T16:32:10.900886005Z 2026-08-29T16:32:10.900786Z	info	ads	full push happen, reason:map[config:1]
2026-08-29T16:32:10.915920073Z 2026-08-29T16:32:10.915810Z	info	ads	full push happen, reason:map[config:1]
2026-08-29T16:32:10.915952305Z 2026-08-29T16:32:10.915841Z	info	ads	full push happen, reason:map[config:1]
2026-08-29T16:32:10.926804064Z 2026-08-29T16:32:10.926495Z	info	ads	full push happen, reason:map[config:1]
2026-08-29T16:32:10.926846668Z 2026-08-29T16:32:10.926527Z	info	ads	full push happen, reason:map[config:1]
2026-08-29T16:32:10.942368733Z 2026-08-29T16:32:10.942135Z	info	ads	full push happen, reason:map[config:1]
2026-08-29T16:32:10.942401801Z 2026-08-29T16:32:10.942178Z	info	ads	full push happen, reason:map[config:1]
2026-08-29T16:32:10.957720319Z 2026-08-29T16:32:10.957445Z	info	ads	full push happen, reason:map[config:1]
2026-08-29T16:32:10.957734972Z 2026-08-29T16:32:10.957489Z	info	ads	full push happen, reason:map[config:1]
2026-08-29T16:32:10.967700229Z 2026-08-29T16:32:10.967538Z	info	ads	full push happen, reason:map[config:1]
2026-08-29T16:32:10.967735441Z 2026-08-29T16:32:10.967569Z	info	ads	full push happen, reason:map[config:1]
2026-08-29T16:32:10.983092527Z 2026-08-29T16:32:10.982821Z	info	ads	full push happen, reason:map[config:1]
2026-08-29T16:32:10.983129028Z 2026-08-29T16:32:10.982869Z	info	ads	full push happen, reason:map[config:1]
2026-08-29T16:32:11.000091914Z 2026-08-29T16:32:10.999896Z	info	ads	full push happen, reason:map[config:1]
2026-08-29T16:32:11.000107454Z 2026-08-29T16:32:10.999925Z	info	ads	full push happen, reason:map[config:1]
2026-08-29T16:32:11.010849248Z 2026-08-29T16:32:11.010635Z	info	ads	full push happen, reason:map[config:1]
2026-08-29T16:32:11.010877769Z 2026-08-29T16:32:11.010689Z	info	ads	full push happen, reason:map[config:1]
2026-08-29T16:32:11.026436068Z 2026-08-29T16:32:11.026238Z	info	ads	full push happen, reason:map[config:1]
2026-08-29T16:32:11.026463345Z 2026-08-29T16:32:11.026283Z	info	ads	full push happen, reason:map[config:1]
2026-08-29T16:32:11.042101581Z 2026-08-29T16:32:11.041869Z	info	ads	full push happen, reason:map[config:1]
2026-08-29T16:32:11.042137993Z 2026-08-29T16:32:11.041904Z	info	ads	full push happen, reason:map[config:1]
2026-08-29T16:32:11.055024594Z 2026-08-29T16:32:11.054767Z	info	ads	full push happen, reason:map[config:1]
2026-08-29T16:32:11.055053867Z 2026-08-29T16:32:11.054805Z	info	ads	full push happen, reason:map[config:1]
2026-08-29T16:32:11.070598031Z 2026-08-29T16:32:11.070400Z	info	ads	full push happen, reason:map[config:1]
2026-08-29T16:32:11.070622691Z 2026-08-29T16:32:11.070439Z	info	ads	full push happen, reason:map[config:1]
2026-08-29T16:32:11.081141224Z 2026-08-29T16:32:11.080835Z	info	ads	full push happen, reason:map[config:1]
2026-08-29T16:32:11.081174077Z 2026-08-29T16:32:11.080867Z	info	ads	full push happen, reason:map[config:1]
2026-08-29T16:32:11.096631716Z 2026-08-29T16:32:11.096411Z	info	ads	full push happen, reason:map[config:1]
2026-08-29T16:32:11.096645704Z 2026-08-29T16:32:11.096447Z	info	ads	full push happen, reason:map[config:1]
2026-08-29T16:32:11.113949944Z 2026-08-29T16:32:11.113731Z	info	ads	full push happen, reason:map[config:1]
2026-08-29T16:32:11.113984337Z 2026-08-29T16:32:11.113770Z	info	ads	full push happen, reason:map[config:1]
2026-08-29T16:32:11.124857068Z 2026-08-29T16:32:11.124625Z	info	ads	full push happen, reason:map[config:1]
2026-08-29T16:32:11.124889148Z 2026-08-29T16:32:11.124659Z	info	ads	full push happen, reason:map[config:1]
2026-08-29T16:32:11.141078388Z 2026-08-29T16:32:11.140805Z	info	ads	full push happen, reason:map[config:1]
2026-08-29T16:32:11.141137700Z 2026-08-29T16:32:11.140848Z	info	ads	full push happen, reason:map[config:1]
2026-08-29T16:32:11.160308946Z 2026-08-29T16:32:11.160093Z	info	ads	full push happen, reason:map[config:1]
2026-08-29T16:32:11.160343107Z 2026-08-29T16:32:11.160125Z	info	ads	full push happen, reason:map[config:1]
2026-08-29T16:32:11.171477947Z 2026-08-29T16:32:11.171244Z	info	ads	full push happen, reason:map[config:1]
2026-08-29T16:32:11.171505795Z 2026-08-29T16:32:11.171287Z	info	ads	full push happen, reason:map[config:1]
2026-08-29T16:32:11.186795109Z 2026-08-29T16:32:11.186627Z	info	ads	full push happen, reason:map[config:1]
2026-08-29T16:32:11.186833518Z 2026-08-29T16:32:11.186674Z	info	ads	full push happen, reason:map[config:1]
2026-08-29T16:32:11.202137480Z 2026-08-29T16:32:11.201916Z	info	ads	full push happen, reason:map[config:1]
2026-08-29T16:32:11.202170424Z 2026-08-29T16:32:11.201959Z	info	ads	full push happen, reason:map[config:1]
2026-08-29T16:32:11.213299090Z 2026-08-29T16:32:11.213052Z	info	ads	full push happen, reason:map[config:1]
2026-08-29T16:32:11.213327558Z 2026-08-29T16:32:11.213093Z	info	ads	full push happen, reason:map[config:1]
2026-08-29T16:32:11.230324720Z 2026-08-29T16:32:11.230102Z	info	ads	full push happen, reason:map[config:1]
2026-08-29T16:32:11.230362068Z 2026-08-29T16:32:11.230154Z	info	ads	full push happen, reason:map[config:1]
2026-08-29T16:32:11.242902776Z 2026-08-29T16:32:11.242696Z	info	ads	full push happen, reason:map[config:1]
2026-08-29T16:32:11.242923688Z 2026-08-29T16:32:11.242737Z	info	ads	full push happen, reason:map[config:1]
2026-08-29T16:32:11.258369007Z 2026-08-29T16:32:11.258164Z	info	ads	full push happen, reason:map[config:1]
2026-08-29T16:32:11.258399815Z 2026-08-29T16:32:11.258214Z	info	ads	full push happen, reason:map[config:1]
2026-08-29T16:32:11.274782413Z 2026-08-29T16:32:11.274552Z	info	ads	full push happen, reason:map[config:1]
2026-08-29T16:32:11.274805776Z 2026-08-29T16:32:11.274601Z	info	ads	full push happen, reason:map[config:1]
2026-08-29T16:32:11.285384870Z 2026-08-29T16:32:11.285245Z	info	ads	full push happen, reason:map[config:1]
2026-08-29T16:32:11.285395141Z 2026-08-29T16:32:11.285285Z	info	ads	full push happen, reason:map[config:1]
2026-08-29T16:32:11.301105719Z 2026-08-29T16:32:11.300841Z	info	ads	full push happen, reason:map[config:1]
2026-08-29T16:32:11.301149052Z 2026-08-29T16:32:11.300875Z	info	ads	full push happen, reason:map[config:1]
2026-08-29T16:32:11.316537663Z 2026-08-29T16:32:11.316353Z	info	ads	full push happen, reason:map[config:1]
2026-08-29T16:32:11.316572499Z 2026-08-29T16:32:11.316403Z	info	ads	full push happen, reason:map[config:1]
2026-08-29T16:32:11.326599453Z 2026-08-29T16:32:11.326440Z	info	ads	full push happen, reason:map[config:1]
2026-08-29T16:32:11.326617228Z 2026-08-29T16:32:11.326461Z	info	ads	full push happen, reason:map[config:1]
2026-08-29T16:32:11.345576306Z 2026-08-29T16:32:11.345412Z	info	ads	full push happen, reason:map[config:1]
2026-08-29T16:32:11.345596084Z 2026-08-29T16:32:11.345469Z	info	ads	full push happen, reason:map[config:1]
2026-08-29T16:32:11.363130227Z 2026-08-29T16:32:11.362987Z	info	ads	full push happen, reason:map[config:1]
2026-08-29T16:32:11.363156553Z 2026-08-29T16:32:11.363025Z	info	ads	full push happen, reason:map[config:1]
2026-08-29T16:32:11.377276449Z 2026-08-29T16:32:11.377035Z	info	ads	full push happen, reason:map[config:1]
2026-08-29T16:32:11.377305676Z 2026-08-29T16:32:11.377084Z	info	ads	full push happen, reason:map[config:1]
2026-08-29T16:32:11.393535005Z 2026-08-29T16:32:11.393381Z	info	ads	full push happen, reason:map[config:1]
2026-08-29T16:32:11.393552062Z 2026-08-29T16:32:11.393424Z	info	ads	full push happen, reason:map[config:1]
2026-08-29T16:32:11.403786092Z 2026-08-29T16:32:11.403584Z	info	ads	full push happen, reason:map[config:1]
2026-08-29T16:32:11.403815489Z 2026-08-29T16:32:11.403627Z	info	ads	full push happen, reason:map[config:1]
2026-08-29T16:32:11.419143231Z 2026-08-29T16:32:11.419048Z	info	ads	full push happen, reason:map[config:1]
2026-08-29T16:32:11.419156939Z 2026-08-29T16:32:11.419097Z	info	ads	full push happen, reason:map[config:1]
2026-08-29T16:32:11.434579151Z 2026-08-29T16:32:11.434380Z	info	ads	full push happen, reason:map[config:1]
2026-08-29T16:32:11.434613479Z 2026-08-29T16:32:11.434414Z	info	ads	full push happen, reason:map[config:1]
2026-08-29T16:32:11.450976117Z 2026-08-29T16:32:11.450705Z	info	ads	full push happen, reason:map[config:1]
2026-08-29T16:32:11.451016421Z 2026-08-29T16:32:11.450743Z	info	ads	full push happen, reason:map[config:1]
2026-08-29T16:32:11.462448816Z 2026-08-29T16:32:11.462212Z	info	ads	full push happen, reason:map[config:1]
2026-08-29T16:32:11.462477961Z 2026-08-29T16:32:11.462255Z	info	ads	full push happen, reason:map[config:1]
2026-08-29T16:32:11.479941441Z 2026-08-29T16:32:11.479800Z	info	ads	full push happen, reason:map[config:1]
2026-08-29T16:32:11.479972825Z 2026-08-29T16:32:11.479835Z	info	ads	full push happen, reason:map[config:1]
2026-08-29T16:32:11.490712796Z 2026-08-29T16:32:11.490520Z	info	ads	full push happen, reason:map[config:1]
2026-08-29T16:32:11.490740800Z 2026-08-29T16:32:11.490553Z	info	ads	full push happen, reason:map[config:1]
2026-08-29T16:32:11.506050518Z 2026-08-29T16:32:11.505818Z	info	ads	full push happen, reason:map[config:1]
2026-08-29T16:32:11.506082767Z 2026-08-29T16:32:11.505856Z	info	ads	full push happen, reason:map[config:1]
2026-08-29T16:32:11.521426714Z 2026-08-29T16:32:11.521158Z	info	ads	full push happen, reason:map[config:1]
2026-08-29T16:32:11.521458093Z 2026-08-29T16:32:11.521192Z	info	ads	full push happen, reason:map[config:1]
2026-08-29T16:32:11.532838824Z 2026-08-29T16:32:11.532616Z	info	ads	full push happen, reason:map[config:1]
2026-08-29T16:32:11.532869013Z 2026-08-29T16:32:11.532668Z	info	ads	full push happen, reason:map[config:1]
2026-08-29T16:32:11.548861228Z 2026-08-29T16:32:11.548521Z	info	ads	full push happen, reason:map[config:1]
2026-08-29T16:32:11.548893184Z 2026-08-29T16:32:11.548566Z	info	ads	full push happen, reason:map[config:1]
2026-08-29T16:32:11.563760264Z 2026-08-29T16:32:11.563657Z	info	ads	full push happen, reason:map[config:1]
2026-08-29T16:32:11.563782686Z 2026-08-29T16:32:11.563688Z	info	ads	full push happen, reason:map[config:1]
2026-08-29T16:32:11.579249853Z 2026-08-29T16:32:11.579133Z	info	ads	full push happen, reason:map[config:1]
2026-08-29T16:32:11.579275055Z 2026-08-29T16:32:11.579166Z	info	ads	full push happen, reason:map[config:1]
2026-08-29T16:32:11.596713736Z 2026-08-29T16:32:11.596468Z	info	ads	full push happen, reason:map[config:1]
2026-08-29T16:32:11.596733691Z 2026-08-29T16:32:11.596498Z	info	ads	full push happen, reason:map[config:1]
2026-08-29T16:32:11.612490965Z 2026-08-29T16:32:11.612187Z	info	ads	full push happen, reason:map[config:1]
2026-08-29T16:32:11.612524122Z 2026-08-29T16:32:11.612238Z	info	ads	full push happen, reason:map[config:1]
2026-08-29T16:32:11.623597803Z 2026-08-29T16:32:11.623415Z	info	ads	full push happen, reason:map[config:1]
2026-08-29T16:32:11.623625487Z 2026-08-29T16:32:11.623461Z	info	ads	full push happen, reason:map[config:1]
2026-08-29T16:32:11.639031670Z 2026-08-29T16:32:11.638786Z	info	ads	full push happen, reason:map[config:1]
2026-08-29T16:32:11.639064387Z 2026-08-29T16:32:11.638835Z	info	ads	full push happen, reason:map[config:1]
2026-08-29T16:32:11.650244144Z 2026-08-29T16:32:11.650017Z	info	ads	full push happen, reason:map[config:1]
2026-08-29T16:32:11.650299596Z 2026-08-29T16:32:11.650062Z	info	ads	full push happen, reason:map[config:1]
2026-08-29T16:32:11.665455849Z 2026-08-29T16:32:11.665208Z	info	ads	full push happen, reason:map[config:1]
2026-08-29T16:32:11.665485981Z 2026-08-29T16:32:11.665245Z	info	ads	full push happen, reason:map[config:1]
2026-08-29T16:32:11.687063631Z 2026-08-29T16:32:11.686870Z	info	ads	full push happen, reason:map[config:1]
2026-08-29T16:32:11.687097772Z 2026-08-29T16:32:11.686917Z	info	ads	full push happen, reason:map[config:1]
2026-08-29T16:32:11.697679957Z 2026-08-29T16:32:11.697375Z	info	ads	full push happen, reason:map[config:1]
2026-08-29T16:32:11.697708025Z 2026-08-29T16:32:11.697410Z	info	ads	full push happen, reason:map[config:1]
2026-08-29T16:32:11.701639325Z 2026-08-29T16:32:11.701553Z	info	ads	ADS: new connection for node:higress-controller-7676fb4b84-sqkj6.higress-system-1
2026-08-29T16:32:11.701988920Z 2026-08-29T16:32:11.701916Z	info	ads	security.istio.io/v1/AuthorizationPolicy: PUSH request for node:higress-controller-7676fb4b84-sqkj6.higress-system resources:0 size:0B
2026-08-29T16:32:11.702090012Z 2026-08-29T16:32:11.701999Z	info	ingress	resource type networking.istio.io/v1/DestinationRule, ingress number 0, convert configs number 0
2026-08-29T16:32:11.702107896Z 2026-08-29T16:32:11.702069Z	info	ads	networking.istio.io/v1/DestinationRule: PUSH request for node:higress-controller-7676fb4b84-sqkj6.higress-system resources:0 size:0B
2026-08-29T16:32:11.702160856Z 2026-08-29T16:32:11.702097Z	info	ingress	controller tracing ConstructEnvoyFilters
2026-08-29T16:32:11.702191817Z 2026-08-29T16:32:11.702112Z	info	ingress	controller gzip ConstructEnvoyFilters
2026-08-29T16:32:11.702735601Z 2026-08-29T16:32:11.702659Z	info	ingress	controller global-option ConstructEnvoyFilters
2026-08-29T16:32:11.702965602Z 2026-08-29T16:32:11.702887Z	info	ingress	controller mcpServer ConstructEnvoyFilters
2026-08-29T16:32:11.702980178Z 2026-08-29T16:32:11.702900Z	info	ingress	Append 2 configmap EnvoyFilters
2026-08-29T16:32:11.702989154Z 2026-08-29T16:32:11.702910Z	info	ingress	resource type networking.istio.io/v1alpha3/EnvoyFilter, configs number 2
2026-08-29T16:32:11.704108710Z 2026-08-29T16:32:11.703994Z	info	ads	networking.istio.io/v1alpha3/EnvoyFilter: PUSH request for node:higress-controller-7676fb4b84-sqkj6.higress-system resources:2 size:1.9kB
2026-08-29T16:32:11.711550769Z 2026-08-29T16:32:11.711410Z	info	ingress	resource type networking.istio.io/v1/Gateway, ingress number 0, convert configs number 0
2026-08-29T16:32:11.711745443Z 2026-08-29T16:32:11.711664Z	info	ads	networking.istio.io/v1/Gateway: PUSH request for node:higress-controller-7676fb4b84-sqkj6.higress-system resources:1 size:467B
2026-08-29T16:32:11.711774740Z 2026-08-29T16:32:11.711714Z	info	ads	security.istio.io/v1/PeerAuthentication: PUSH request for node:higress-controller-7676fb4b84-sqkj6.higress-system resources:0 size:0B
2026-08-29T16:32:11.711821319Z 2026-08-29T16:32:11.711769Z	info	ads	networking.istio.io/v1beta1/ProxyConfig: PUSH request for node:higress-controller-7676fb4b84-sqkj6.higress-system resources:0 size:0B
2026-08-29T16:32:11.711958192Z 2026-08-29T16:32:11.711882Z	info	ads	security.istio.io/v1/RequestAuthentication: PUSH request for node:higress-controller-7676fb4b84-sqkj6.higress-system resources:0 size:0B
2026-08-29T16:32:11.712031553Z 2026-08-29T16:32:11.711958Z	info	ingress	Found mcp serviceEntries [0x3f8ff260f5e0]
2026-08-29T16:32:11.712046222Z 2026-08-29T16:32:11.711985Z	info	ingress	resource type networking.istio.io/v1/ServiceEntry, ingress number 0, convert configs number 1
2026-08-29T16:32:11.712338384Z 2026-08-29T16:32:11.712268Z	info	ads	networking.istio.io/v1/ServiceEntry: PUSH request for node:higress-controller-7676fb4b84-sqkj6.higress-system resources:1 size:256B
2026-08-29T16:32:11.712419628Z 2026-08-29T16:32:11.712338Z	info	ads	networking.istio.io/v1/Sidecar: PUSH request for node:higress-controller-7676fb4b84-sqkj6.higress-system resources:0 size:0B
2026-08-29T16:32:11.712509720Z 2026-08-29T16:32:11.712394Z	info	ads	telemetry.istio.io/v1/Telemetry: PUSH request for node:higress-controller-7676fb4b84-sqkj6.higress-system resources:0 size:0B
2026-08-29T16:32:11.712539789Z 2026-08-29T16:32:11.712476Z	info	ingress	Found 0 number of basic auth
2026-08-29T16:32:11.712559181Z 2026-08-29T16:32:11.712496Z	info	ingress	Found 0 number of envoyFilters
2026-08-29T16:32:11.712582020Z 2026-08-29T16:32:11.712514Z	info	ingress	resource type networking.istio.io/v1/VirtualService, ingress number 0, convert configs number 0
2026-08-29T16:32:11.712960300Z 2026-08-29T16:32:11.712875Z	info	ads	networking.istio.io/v1/VirtualService: PUSH request for node:higress-controller-7676fb4b84-sqkj6.higress-system resources:1 size:449B
2026-08-29T16:32:11.713065825Z 2026-08-29T16:32:11.712941Z	info	ingress	resource type extensions.istio.io/v1alpha1/WasmPlugin, ingress number 0, convert configs number 0
2026-08-29T16:32:11.713076933Z 2026-08-29T16:32:11.712991Z	info	ads	extensions.istio.io/v1alpha1/WasmPlugin: PUSH request for node:higress-controller-7676fb4b84-sqkj6.higress-system resources:0 size:0B
2026-08-29T16:32:11.713242113Z 2026-08-29T16:32:11.713055Z	info	ads	networking.istio.io/v1/WorkloadEntry: PUSH request for node:higress-controller-7676fb4b84-sqkj6.higress-system resources:0 size:0B
2026-08-29T16:32:11.713260582Z 2026-08-29T16:32:11.713129Z	info	ads	networking.istio.io/v1/WorkloadGroup: PUSH request for node:higress-controller-7676fb4b84-sqkj6.higress-system resources:0 size:0B
2026-08-29T16:32:11.713361259Z 2026-08-29T16:32:11.713276Z	info	ads	full push happen, reason:map[config:1]
2026-08-29T16:32:11.713377111Z 2026-08-29T16:32:11.713307Z	info	ads	full push happen, reason:map[config:1]
2026-08-29T16:32:11.729168659Z 2026-08-29T16:32:11.728946Z	info	ads	full push happen, reason:map[config:1]
2026-08-29T16:32:11.729204017Z 2026-08-29T16:32:11.728995Z	info	ads	full push happen, reason:map[config:1]
2026-08-29T16:32:11.740192232Z 2026-08-29T16:32:11.739968Z	info	ads	full push happen, reason:map[config:1]
2026-08-29T16:32:11.740222720Z 2026-08-29T16:32:11.740010Z	info	ads	full push happen, reason:map[config:1]
2026-08-29T16:32:11.756686796Z 2026-08-29T16:32:11.756570Z	info	ads	full push happen, reason:map[config:1]
2026-08-29T16:32:11.756706544Z 2026-08-29T16:32:11.756607Z	info	ads	full push happen, reason:map[config:1]
2026-08-29T16:32:11.772432837Z 2026-08-29T16:32:11.772214Z	info	ads	full push happen, reason:map[config:1]
2026-08-29T16:32:11.772467773Z 2026-08-29T16:32:11.772254Z	info	ads	full push happen, reason:map[config:1]
2026-08-29T16:32:11.783224900Z 2026-08-29T16:32:11.783019Z	info	ads	full push happen, reason:map[config:1]
2026-08-29T16:32:11.783252460Z 2026-08-29T16:32:11.783061Z	info	ads	full push happen, reason:map[config:1]
2026-08-29T16:32:11.798648271Z 2026-08-29T16:32:11.798502Z	info	ads	full push happen, reason:map[config:1]
2026-08-29T16:32:11.798680403Z 2026-08-29T16:32:11.798535Z	info	ads	full push happen, reason:map[config:1]
2026-08-29T16:32:11.809408161Z 2026-08-29T16:32:11.809154Z	info	ads	full push happen, reason:map[config:1]
2026-08-29T16:32:11.809436694Z 2026-08-29T16:32:11.809195Z	info	ads	full push happen, reason:map[config:1]
2026-08-29T16:32:11.825071287Z 2026-08-29T16:32:11.824880Z	info	ads	full push happen, reason:map[config:1]
2026-08-29T16:32:11.825102547Z 2026-08-29T16:32:11.824910Z	info	ads	full push happen, reason:map[config:1]
2026-08-29T16:32:11.840335632Z 2026-08-29T16:32:11.840191Z	info	ads	full push happen, reason:map[config:1]
2026-08-29T16:32:11.840367072Z 2026-08-29T16:32:11.840220Z	info	ads	full push happen, reason:map[config:1]
2026-08-29T16:32:11.850777945Z 2026-08-29T16:32:11.850663Z	info	ads	full push happen, reason:map[config:1]
2026-08-29T16:32:11.850806082Z 2026-08-29T16:32:11.850710Z	info	ads	full push happen, reason:map[config:1]
2026-08-29T16:32:11.866448101Z 2026-08-29T16:32:11.866274Z	info	ads	full push happen, reason:map[config:1]
2026-08-29T16:32:11.866480034Z 2026-08-29T16:32:11.866314Z	info	ads	full push happen, reason:map[config:1]
2026-08-29T16:32:11.881542610Z 2026-08-29T16:32:11.881296Z	info	ads	full push happen, reason:map[config:1]
2026-08-29T16:32:11.881573875Z 2026-08-29T16:32:11.881326Z	info	ads	full push happen, reason:map[config:1]
2026-08-29T16:32:11.892337026Z 2026-08-29T16:32:11.892170Z	info	ads	full push happen, reason:map[config:1]
2026-08-29T16:32:11.892349921Z 2026-08-29T16:32:11.892211Z	info	ads	full push happen, reason:map[config:1]
2026-08-29T16:32:11.907389038Z 2026-08-29T16:32:11.907272Z	info	ads	full push happen, reason:map[config:1]
2026-08-29T16:32:11.907403782Z 2026-08-29T16:32:11.907344Z	info	ads	full push happen, reason:map[config:1]
2026-08-29T16:32:11.923034599Z 2026-08-29T16:32:11.922740Z	info	ads	full push happen, reason:map[config:1]
2026-08-29T16:32:11.923067371Z 2026-08-29T16:32:11.922778Z	info	ads	full push happen, reason:map[config:1]
2026-08-29T16:32:11.933459068Z 2026-08-29T16:32:11.933291Z	info	ads	full push happen, reason:map[config:1]
2026-08-29T16:32:11.933487168Z 2026-08-29T16:32:11.933327Z	info	ads	full push happen, reason:map[config:1]
2026-08-29T16:32:11.948919962Z 2026-08-29T16:32:11.948707Z	info	ads	full push happen, reason:map[config:1]
2026-08-29T16:32:11.948933578Z 2026-08-29T16:32:11.948748Z	info	ads	full push happen, reason:map[config:1]
2026-08-29T16:32:11.958929252Z 2026-08-29T16:32:11.958728Z	info	ads	full push happen, reason:map[config:1]
2026-08-29T16:32:11.958953102Z 2026-08-29T16:32:11.958766Z	info	ads	full push happen, reason:map[config:1]
2026-08-29T16:32:11.974512829Z 2026-08-29T16:32:11.974227Z	info	ads	full push happen, reason:map[config:1]
2026-08-29T16:32:11.974543320Z 2026-08-29T16:32:11.974272Z	info	ads	full push happen, reason:map[config:1]
2026-08-29T16:32:11.989310899Z 2026-08-29T16:32:11.989067Z	info	ads	full push happen, reason:map[config:1]
2026-08-29T16:32:11.989352468Z 2026-08-29T16:32:11.989115Z	info	ads	full push happen, reason:map[config:1]
2026-08-29T16:32:12.000913633Z 2026-08-29T16:32:12.000713Z	info	ads	full push happen, reason:map[config:1]
2026-08-29T16:32:12.000937373Z 2026-08-29T16:32:12.000741Z	info	ads	full push happen, reason:map[config:1]
2026-08-29T16:32:12.014148006Z 2026-08-29T16:32:12.014002Z	info	ads	full push happen, reason:map[config:1]
2026-08-29T16:32:12.014173600Z 2026-08-29T16:32:12.014056Z	info	ads	full push happen, reason:map[config:1]
2026-08-29T16:32:12.032032855Z 2026-08-29T16:32:12.031870Z	info	ads	full push happen, reason:map[config:1]
2026-08-29T16:32:12.032067136Z 2026-08-29T16:32:12.031907Z	info	ads	full push happen, reason:map[config:1]
2026-08-29T16:32:12.042871913Z 2026-08-29T16:32:12.042631Z	info	ads	full push happen, reason:map[config:1]
2026-08-29T16:32:12.042902812Z 2026-08-29T16:32:12.042676Z	info	ads	full push happen, reason:map[config:1]
2026-08-29T16:32:12.056711903Z 2026-08-29T16:32:12.056412Z	info	ads	full push happen, reason:map[config:1]
2026-08-29T16:32:12.056747631Z 2026-08-29T16:32:12.056443Z	info	ads	full push happen, reason:map[config:1]
2026-08-29T16:32:12.071730060Z 2026-08-29T16:32:12.071554Z	info	ads	full push happen, reason:map[config:1]
2026-08-29T16:32:12.071756667Z 2026-08-29T16:32:12.071587Z	info	ads	full push happen, reason:map[config:1]
2026-08-29T16:32:12.080250833Z 2026-08-29T16:32:12.080101Z	info	ads	full push happen, reason:map[config:1]
2026-08-29T16:32:12.080274832Z 2026-08-29T16:32:12.080130Z	info	ads	full push happen, reason:map[config:1]
2026-08-29T16:32:12.094258930Z 2026-08-29T16:32:12.094005Z	info	ads	full push happen, reason:map[config:1]
2026-08-29T16:32:12.094282717Z 2026-08-29T16:32:12.094047Z	info	ads	full push happen, reason:map[config:1]
2026-08-29T16:32:12.106479448Z 2026-08-29T16:32:12.106367Z	info	ads	full push happen, reason:map[config:1]
2026-08-29T16:32:12.106496981Z 2026-08-29T16:32:12.106407Z	info	ads	full push happen, reason:map[config:1]
2026-08-29T16:32:12.120435497Z 2026-08-29T16:32:12.120210Z	info	ads	full push happen, reason:map[config:1]
2026-08-29T16:32:12.120476806Z 2026-08-29T16:32:12.120250Z	info	ads	full push happen, reason:map[config:1]
2026-08-29T16:32:12.135449021Z 2026-08-29T16:32:12.135256Z	info	ads	full push happen, reason:map[config:1]
2026-08-29T16:32:12.135478978Z 2026-08-29T16:32:12.135302Z	info	ads	full push happen, reason:map[config:1]
2026-08-29T16:32:12.145423974Z 2026-08-29T16:32:12.145259Z	info	ads	full push happen, reason:map[config:1]
2026-08-29T16:32:12.145453394Z 2026-08-29T16:32:12.145303Z	info	ads	full push happen, reason:map[config:1]
2026-08-29T16:32:12.165253613Z 2026-08-29T16:32:12.165040Z	info	ads	full push happen, reason:map[config:1]
2026-08-29T16:32:12.165283857Z 2026-08-29T16:32:12.165078Z	info	ads	full push happen, reason:map[config:1]
2026-08-29T16:32:12.181258444Z 2026-08-29T16:32:12.181035Z	info	ads	full push happen, reason:map[config:1]
2026-08-29T16:32:12.181295315Z 2026-08-29T16:32:12.181082Z	info	ads	full push happen, reason:map[config:1]
2026-08-29T16:32:12.191711224Z 2026-08-29T16:32:12.191542Z	info	ads	full push happen, reason:map[config:1]
2026-08-29T16:32:12.191742564Z 2026-08-29T16:32:12.191583Z	info	ads	full push happen, reason:map[config:1]
2026-08-29T16:32:12.216288298Z 2026-08-29T16:32:12.216044Z	info	ads	full push happen, reason:map[config:1]
2026-08-29T16:32:12.216326194Z 2026-08-29T16:32:12.216089Z	info	ads	full push happen, reason:map[config:1]
2026-08-29T16:32:12.231955576Z 2026-08-29T16:32:12.231785Z	info	ads	full push happen, reason:map[config:1]
2026-08-29T16:32:12.231988116Z 2026-08-29T16:32:12.231826Z	info	ads	full push happen, reason:map[config:1]
2026-08-29T16:32:12.249309359Z 2026-08-29T16:32:12.249147Z	info	ads	full push happen, reason:map[config:1]
2026-08-29T16:32:12.249346200Z 2026-08-29T16:32:12.249184Z	info	ads	full push happen, reason:map[config:1]
2026-08-29T16:32:12.264841500Z 2026-08-29T16:32:12.264656Z	info	ads	full push happen, reason:map[config:1]
2026-08-29T16:32:12.264879308Z 2026-08-29T16:32:12.264686Z	info	ads	full push happen, reason:map[config:1]
2026-08-29T16:32:12.281402727Z 2026-08-29T16:32:12.281203Z	info	ads	full push happen, reason:map[config:1]
2026-08-29T16:32:12.281434094Z 2026-08-29T16:32:12.281241Z	info	ads	full push happen, reason:map[config:1]
2026-08-29T16:32:12.290871313Z 2026-08-29T16:32:12.290605Z	info	ads	full push happen, reason:map[config:1]
2026-08-29T16:32:12.290900264Z 2026-08-29T16:32:12.290639Z	info	ads	full push happen, reason:map[config:1]
2026-08-29T16:32:12.306322008Z 2026-08-29T16:32:12.306070Z	info	ads	full push happen, reason:map[config:1]
2026-08-29T16:32:12.306337551Z 2026-08-29T16:32:12.306107Z	info	ads	full push happen, reason:map[config:1]
2026-08-29T16:32:12.317329561Z 2026-08-29T16:32:12.317076Z	info	ads	full push happen, reason:map[config:1]
2026-08-29T16:32:12.317359933Z 2026-08-29T16:32:12.317113Z	info	ads	full push happen, reason:map[config:1]
2026-08-29T16:32:12.333643374Z 2026-08-29T16:32:12.333347Z	info	ads	full push happen, reason:map[config:1]
2026-08-29T16:32:12.333673905Z 2026-08-29T16:32:12.333388Z	info	ads	full push happen, reason:map[config:1]
2026-08-29T16:32:12.347894796Z 2026-08-29T16:32:12.347747Z	info	ads	full push happen, reason:map[config:1]
2026-08-29T16:32:12.347951465Z 2026-08-29T16:32:12.347776Z	info	ads	full push happen, reason:map[config:1]
2026-08-29T16:32:12.360037164Z 2026-08-29T16:32:12.359845Z	info	ads	full push happen, reason:map[config:1]
2026-08-29T16:32:12.360058073Z 2026-08-29T16:32:12.359883Z	info	ads	full push happen, reason:map[config:1]
2026-08-29T16:32:12.374868348Z 2026-08-29T16:32:12.374603Z	info	ads	full push happen, reason:map[config:1]
2026-08-29T16:32:12.374900752Z 2026-08-29T16:32:12.374640Z	info	ads	full push happen, reason:map[config:1]
2026-08-29T16:32:12.389704258Z 2026-08-29T16:32:12.389476Z	info	ads	full push happen, reason:map[config:1]
2026-08-29T16:32:12.389749303Z 2026-08-29T16:32:12.389512Z	info	ads	full push happen, reason:map[config:1]
2026-08-29T16:32:12.399781001Z 2026-08-29T16:32:12.399615Z	info	ads	full push happen, reason:map[config:1]
2026-08-29T16:32:12.399809541Z 2026-08-29T16:32:12.399653Z	info	ads	full push happen, reason:map[config:1]
2026-08-29T16:32:12.414631172Z 2026-08-29T16:32:12.414425Z	info	ads	full push happen, reason:map[config:1]
2026-08-29T16:32:12.414671816Z 2026-08-29T16:32:12.414465Z	info	ads	full push happen, reason:map[config:1]
2026-08-29T16:32:12.429958170Z 2026-08-29T16:32:12.429753Z	info	ads	full push happen, reason:map[config:1]
2026-08-29T16:32:12.429988782Z 2026-08-29T16:32:12.429786Z	info	ads	full push happen, reason:map[config:1]
2026-08-29T16:32:12.440238221Z 2026-08-29T16:32:12.440112Z	info	ads	full push happen, reason:map[config:1]
2026-08-29T16:32:12.440251421Z 2026-08-29T16:32:12.440147Z	info	ads	full push happen, reason:map[config:1]
2026-08-29T16:32:12.455011877Z 2026-08-29T16:32:12.454815Z	info	ads	full push happen, reason:map[config:1]
2026-08-29T16:32:12.455045100Z 2026-08-29T16:32:12.454844Z	info	ads	full push happen, reason:map[config:1]
2026-08-29T16:32:12.465669163Z 2026-08-29T16:32:12.465412Z	info	ads	full push happen, reason:map[config:1]
2026-08-29T16:32:12.465697603Z 2026-08-29T16:32:12.465450Z	info	ads	full push happen, reason:map[config:1]
2026-08-29T16:32:12.480555037Z 2026-08-29T16:32:12.480383Z	info	ads	full push happen, reason:map[config:1]
2026-08-29T16:32:12.480583606Z 2026-08-29T16:32:12.480419Z	info	ads	full push happen, reason:map[config:1]
2026-08-29T16:32:12.495333288Z 2026-08-29T16:32:12.495209Z	info	ads	full push happen, reason:map[config:1]
2026-08-29T16:32:12.495366920Z 2026-08-29T16:32:12.495253Z	info	ads	full push happen, reason:map[config:1]
2026-08-29T16:32:12.510178078Z 2026-08-29T16:32:12.509967Z	info	ads	full push happen, reason:map[config:1]
2026-08-29T16:32:12.510225443Z 2026-08-29T16:32:12.510003Z	info	ads	full push happen, reason:map[config:1]
2026-08-29T16:32:12.523635416Z 2026-08-29T16:32:12.523418Z	info	ads	full push happen, reason:map[config:1]
2026-08-29T16:32:12.523664156Z 2026-08-29T16:32:12.523453Z	info	ads	full push happen, reason:map[config:1]
2026-08-29T16:32:12.538595204Z 2026-08-29T16:32:12.538431Z	info	ads	full push happen, reason:map[config:1]
2026-08-29T16:32:12.538608576Z 2026-08-29T16:32:12.538464Z	info	ads	full push happen, reason:map[config:1]
2026-08-29T16:32:12.549037792Z 2026-08-29T16:32:12.548800Z	info	ads	full push happen, reason:map[config:1]
2026-08-29T16:32:12.549065741Z 2026-08-29T16:32:12.548839Z	info	ads	full push happen, reason:map[config:1]
2026-08-29T16:32:12.564189505Z 2026-08-29T16:32:12.563944Z	info	ads	full push happen, reason:map[config:1]
2026-08-29T16:32:12.564221858Z 2026-08-29T16:32:12.563988Z	info	ads	full push happen, reason:map[config:1]
2026-08-29T16:32:12.578937737Z 2026-08-29T16:32:12.578630Z	info	ads	full push happen, reason:map[config:1]
2026-08-29T16:32:12.579004685Z 2026-08-29T16:32:12.578661Z	info	ads	full push happen, reason:map[config:1]
2026-08-29T16:32:12.589080839Z 2026-08-29T16:32:12.588746Z	info	ads	full push happen, reason:map[config:1]
2026-08-29T16:32:12.589109099Z 2026-08-29T16:32:12.588781Z	info	ads	full push happen, reason:map[config:1]
2026-08-29T16:32:12.604295792Z 2026-08-29T16:32:12.604033Z	info	ads	full push happen, reason:map[config:1]
2026-08-29T16:32:12.604329305Z 2026-08-29T16:32:12.604074Z	info	ads	full push happen, reason:map[config:1]
2026-08-29T16:32:12.619013587Z 2026-08-29T16:32:12.618802Z	info	ads	full push happen, reason:map[config:1]
2026-08-29T16:32:12.619046235Z 2026-08-29T16:32:12.618844Z	info	ads	full push happen, reason:map[config:1]
2026-08-29T16:32:12.630263076Z 2026-08-29T16:32:12.630076Z	info	ads	full push happen, reason:map[config:1]
2026-08-29T16:32:12.630297585Z 2026-08-29T16:32:12.630117Z	info	ads	full push happen, reason:map[config:1]
2026-08-29T16:32:12.656294193Z 2026-08-29T16:32:12.656012Z	info	ads	full push happen, reason:map[config:1]
2026-08-29T16:32:12.657561022Z 2026-08-29T16:32:12.657371Z	info	ads	full push happen, reason:map[config:1]
2026-08-29T16:32:12.680905329Z 2026-08-29T16:32:12.680705Z	info	ads	full push happen, reason:map[config:1]
2026-08-29T16:32:12.680938325Z 2026-08-29T16:32:12.680751Z	info	ads	full push happen, reason:map[config:1]
2026-08-29T16:32:12.691760607Z 2026-08-29T16:32:12.691520Z	info	ads	full push happen, reason:map[config:1]
2026-08-29T16:32:12.691792587Z 2026-08-29T16:32:12.691561Z	info	ads	full push happen, reason:map[config:1]
2026-08-29T16:32:12.707631461Z 2026-08-29T16:32:12.707421Z	info	ads	full push happen, reason:map[config:1]
2026-08-29T16:32:12.707667690Z 2026-08-29T16:32:12.707461Z	info	ads	full push happen, reason:map[config:1]
2026-08-29T16:32:12.723530780Z 2026-08-29T16:32:12.723376Z	info	ads	full push happen, reason:map[config:1]
2026-08-29T16:32:12.723559340Z 2026-08-29T16:32:12.723410Z	info	ads	full push happen, reason:map[config:1]
2026-08-29T16:32:12.735159049Z 2026-08-29T16:32:12.735034Z	info	ads	full push happen, reason:map[config:1]
2026-08-29T16:32:12.735185761Z 2026-08-29T16:32:12.735074Z	info	ads	full push happen, reason:map[config:1]
2026-08-29T16:32:12.749696486Z 2026-08-29T16:32:12.749571Z	info	ads	full push happen, reason:map[config:1]
2026-08-29T16:32:12.749725134Z 2026-08-29T16:32:12.749599Z	info	ads	full push happen, reason:map[config:1]
2026-08-29T16:32:12.759771927Z 2026-08-29T16:32:12.759636Z	info	ads	full push happen, reason:map[config:1]
2026-08-29T16:32:12.759798352Z 2026-08-29T16:32:12.759668Z	info	ads	full push happen, reason:map[config:1]
2026-08-29T16:32:12.775706559Z 2026-08-29T16:32:12.775603Z	info	ads	full push happen, reason:map[config:1]
2026-08-29T16:32:12.775734975Z 2026-08-29T16:32:12.775640Z	info	ads	full push happen, reason:map[config:1]
2026-08-29T16:32:12.792671589Z 2026-08-29T16:32:12.792510Z	info	ads	full push happen, reason:map[config:1]
2026-08-29T16:32:12.792700960Z 2026-08-29T16:32:12.792544Z	info	ads	full push happen, reason:map[config:1]
2026-08-29T16:32:12.803461016Z 2026-08-29T16:32:12.803305Z	info	ads	full push happen, reason:map[config:1]
2026-08-29T16:32:12.803500916Z 2026-08-29T16:32:12.803357Z	info	ads	full push happen, reason:map[config:1]
2026-08-29T16:32:12.817853496Z 2026-08-29T16:32:12.817696Z	info	ads	full push happen, reason:map[config:1]
2026-08-29T16:32:12.817893779Z 2026-08-29T16:32:12.817736Z	info	ads	full push happen, reason:map[config:1]
2026-08-29T16:32:12.832900196Z 2026-08-29T16:32:12.832667Z	info	ads	full push happen, reason:map[config:1]
2026-08-29T16:32:12.832932928Z 2026-08-29T16:32:12.832701Z	info	ads	full push happen, reason:map[config:1]
2026-08-29T16:32:12.842518943Z 2026-08-29T16:32:12.842412Z	info	ads	full push happen, reason:map[config:1]
2026-08-29T16:32:12.842533146Z 2026-08-29T16:32:12.842449Z	info	ads	full push happen, reason:map[config:1]
2026-08-29T16:32:12.857999198Z 2026-08-29T16:32:12.857877Z	info	ads	full push happen, reason:map[config:1]
2026-08-29T16:32:12.858028287Z 2026-08-29T16:32:12.857911Z	info	ads	full push happen, reason:map[config:1]
2026-08-29T16:32:12.873167752Z 2026-08-29T16:32:12.872992Z	info	ads	full push happen, reason:map[config:1]
2026-08-29T16:32:12.873181200Z 2026-08-29T16:32:12.873023Z	info	ads	full push happen, reason:map[config:1]
2026-08-29T16:32:12.884117851Z 2026-08-29T16:32:12.883887Z	info	ads	full push happen, reason:map[config:1]
2026-08-29T16:32:12.884148616Z 2026-08-29T16:32:12.883948Z	info	ads	full push happen, reason:map[config:1]
2026-08-29T16:32:12.899078516Z 2026-08-29T16:32:12.898924Z	info	ads	full push happen, reason:map[config:1]
2026-08-29T16:32:12.899096960Z 2026-08-29T16:32:12.898980Z	info	ads	full push happen, reason:map[config:1]
2026-08-29T16:32:12.908573301Z 2026-08-29T16:32:12.908383Z	info	ads	full push happen, reason:map[config:1]
2026-08-29T16:32:12.908598865Z 2026-08-29T16:32:12.908421Z	info	ads	full push happen, reason:map[config:1]
2026-08-29T16:32:12.923389572Z 2026-08-29T16:32:12.923187Z	info	ads	full push happen, reason:map[config:1]
2026-08-29T16:32:12.923419432Z 2026-08-29T16:32:12.923227Z	info	ads	full push happen, reason:map[config:1]
2026-08-29T16:32:12.941769043Z 2026-08-29T16:32:12.941647Z	info	ads	full push happen, reason:map[config:1]
2026-08-29T16:32:12.941796539Z 2026-08-29T16:32:12.941686Z	info	ads	full push happen, reason:map[config:1]
2026-08-29T16:32:12.952183652Z 2026-08-29T16:32:12.952009Z	info	ads	full push happen, reason:map[config:1]
2026-08-29T16:32:12.952210044Z 2026-08-29T16:32:12.952038Z	info	ads	full push happen, reason:map[config:1]
2026-08-29T16:32:12.967131867Z 2026-08-29T16:32:12.966850Z	info	ads	full push happen, reason:map[config:1]
2026-08-29T16:32:12.967160656Z 2026-08-29T16:32:12.966881Z	info	ads	full push happen, reason:map[config:1]
2026-08-29T16:32:12.982277117Z 2026-08-29T16:32:12.982177Z	info	ads	full push happen, reason:map[config:1]
2026-08-29T16:32:12.982293285Z 2026-08-29T16:32:12.982205Z	info	ads	full push happen, reason:map[config:1]
2026-08-29T16:32:12.994039895Z 2026-08-29T16:32:12.993852Z	info	ads	full push happen, reason:map[config:1]
2026-08-29T16:32:12.994066694Z 2026-08-29T16:32:12.993883Z	info	ads	full push happen, reason:map[config:1]
2026-08-29T16:32:13.008648184Z 2026-08-29T16:32:13.008445Z	info	ads	full push happen, reason:map[config:1]
2026-08-29T16:32:13.008676693Z 2026-08-29T16:32:13.008477Z	info	ads	full push happen, reason:map[config:1]
2026-08-29T16:32:13.024188019Z 2026-08-29T16:32:13.024002Z	info	ads	full push happen, reason:map[config:1]
2026-08-29T16:32:13.024219036Z 2026-08-29T16:32:13.024031Z	info	ads	full push happen, reason:map[config:1]
2026-08-29T16:32:13.034116565Z 2026-08-29T16:32:13.033978Z	info	ads	full push happen, reason:map[config:1]
2026-08-29T16:32:13.034147809Z 2026-08-29T16:32:13.034007Z	info	ads	full push happen, reason:map[config:1]
2026-08-29T16:32:13.047074675Z 2026-08-29T16:32:13.046884Z	info	ads	full push happen, reason:map[config:1]
2026-08-29T16:32:13.047105415Z 2026-08-29T16:32:13.046919Z	info	ads	full push happen, reason:map[config:1]
2026-08-29T16:32:13.056981567Z 2026-08-29T16:32:13.056745Z	info	ads	full push happen, reason:map[config:1]
2026-08-29T16:32:13.057007431Z 2026-08-29T16:32:13.056776Z	info	ads	full push happen, reason:map[config:1]
2026-08-29T16:32:13.071718002Z 2026-08-29T16:32:13.071498Z	info	ads	full push happen, reason:map[config:1]
2026-08-29T16:32:13.071747891Z 2026-08-29T16:32:13.071534Z	info	ads	full push happen, reason:map[config:1]
2026-08-29T16:32:13.086221722Z 2026-08-29T16:32:13.086056Z	info	ads	full push happen, reason:map[config:1]
2026-08-29T16:32:13.086255859Z 2026-08-29T16:32:13.086088Z	info	ads	full push happen, reason:map[config:1]
2026-08-29T16:32:13.097975337Z 2026-08-29T16:32:13.097797Z	info	ads	full push happen, reason:map[config:1]
2026-08-29T16:32:13.098001033Z 2026-08-29T16:32:13.097840Z	info	ads	full push happen, reason:map[config:1]
2026-08-29T16:32:13.114551871Z 2026-08-29T16:32:13.114426Z	info	ads	full push happen, reason:map[config:1]
2026-08-29T16:32:13.114571228Z 2026-08-29T16:32:13.114487Z	info	ads	full push happen, reason:map[config:1]
2026-08-29T16:32:13.129110905Z 2026-08-29T16:32:13.128970Z	info	ads	full push happen, reason:map[config:1]
2026-08-29T16:32:13.129146772Z 2026-08-29T16:32:13.129002Z	info	ads	full push happen, reason:map[config:1]
2026-08-29T16:32:13.138693235Z 2026-08-29T16:32:13.138566Z	info	ads	full push happen, reason:map[config:1]
2026-08-29T16:32:13.138722440Z 2026-08-29T16:32:13.138595Z	info	ads	full push happen, reason:map[config:1]
2026-08-29T16:32:13.151235390Z 2026-08-29T16:32:13.151105Z	info	ads	full push happen, reason:map[config:1]
2026-08-29T16:32:13.151265546Z 2026-08-29T16:32:13.151132Z	info	ads	full push happen, reason:map[config:1]
2026-08-29T16:32:13.165611318Z 2026-08-29T16:32:13.165443Z	info	ads	full push happen, reason:map[config:1]
2026-08-29T16:32:13.165645630Z 2026-08-29T16:32:13.165484Z	info	ads	full push happen, reason:map[config:1]
2026-08-29T16:32:13.175476931Z 2026-08-29T16:32:13.175336Z	info	ads	full push happen, reason:map[config:1]
2026-08-29T16:32:13.175502723Z 2026-08-29T16:32:13.175369Z	info	ads	full push happen, reason:map[config:1]
2026-08-29T16:32:13.190008740Z 2026-08-29T16:32:13.189854Z	info	ads	full push happen, reason:map[config:1]
2026-08-29T16:32:13.190045423Z 2026-08-29T16:32:13.189891Z	info	ads	full push happen, reason:map[config:1]
2026-08-29T16:32:13.200092337Z 2026-08-29T16:32:13.199936Z	info	ads	full push happen, reason:map[config:1]
2026-08-29T16:32:13.200118865Z 2026-08-29T16:32:13.199976Z	info	ads	full push happen, reason:map[config:1]
2026-08-29T16:32:13.215586649Z 2026-08-29T16:32:13.215426Z	info	ads	full push happen, reason:map[config:1]
2026-08-29T16:32:13.215615942Z 2026-08-29T16:32:13.215461Z	info	ads	full push happen, reason:map[config:1]
2026-08-29T16:32:13.232263985Z 2026-08-29T16:32:13.232128Z	info	ads	full push happen, reason:map[config:1]
2026-08-29T16:32:13.232292929Z 2026-08-29T16:32:13.232165Z	info	ads	full push happen, reason:map[config:1]
2026-08-29T16:32:13.243090872Z 2026-08-29T16:32:13.242970Z	info	ads	full push happen, reason:map[config:1]
2026-08-29T16:32:13.243115509Z 2026-08-29T16:32:13.243011Z	info	ads	full push happen, reason:map[config:1]
2026-08-29T16:32:13.256044330Z 2026-08-29T16:32:13.255896Z	info	ads	full push happen, reason:map[config:1]
2026-08-29T16:32:13.256080699Z 2026-08-29T16:32:13.255924Z	info	ads	full push happen, reason:map[config:1]
2026-08-29T16:32:13.270659884Z 2026-08-29T16:32:13.270485Z	info	ads	full push happen, reason:map[config:1]
2026-08-29T16:32:13.270689547Z 2026-08-29T16:32:13.270517Z	info	ads	full push happen, reason:map[config:1]
2026-08-29T16:32:13.280526744Z 2026-08-29T16:32:13.280330Z	info	ads	full push happen, reason:map[config:1]
2026-08-29T16:32:13.280552988Z 2026-08-29T16:32:13.280365Z	info	ads	full push happen, reason:map[config:1]
2026-08-29T16:32:13.295082621Z 2026-08-29T16:32:13.294917Z	info	ads	full push happen, reason:map[config:1]
2026-08-29T16:32:13.295118334Z 2026-08-29T16:32:13.294989Z	info	ads	full push happen, reason:map[config:1]
2026-08-29T16:32:13.310572052Z 2026-08-29T16:32:13.310454Z	info	ads	full push happen, reason:map[config:1]
2026-08-29T16:32:13.310603524Z 2026-08-29T16:32:13.310482Z	info	ads	full push happen, reason:map[config:1]
2026-08-29T16:32:13.320552018Z 2026-08-29T16:32:13.320379Z	info	ads	full push happen, reason:map[config:1]
2026-08-29T16:32:13.320584042Z 2026-08-29T16:32:13.320414Z	info	ads	full push happen, reason:map[config:1]
2026-08-29T16:32:13.335576811Z 2026-08-29T16:32:13.335416Z	info	ads	full push happen, reason:map[config:1]
2026-08-29T16:32:13.335605266Z 2026-08-29T16:32:13.335453Z	info	ads	full push happen, reason:map[config:1]
2026-08-29T16:32:13.345272398Z 2026-08-29T16:32:13.345105Z	info	ads	full push happen, reason:map[config:1]
2026-08-29T16:32:13.345299437Z 2026-08-29T16:32:13.345139Z	info	ads	full push happen, reason:map[config:1]
2026-08-29T16:32:13.361253501Z 2026-08-29T16:32:13.360981Z	info	ads	full push happen, reason:map[config:1]
2026-08-29T16:32:13.361282196Z 2026-08-29T16:32:13.361009Z	info	ads	full push happen, reason:map[config:1]
2026-08-29T16:32:13.375877446Z 2026-08-29T16:32:13.375750Z	info	ads	full push happen, reason:map[config:1]
2026-08-29T16:32:13.375906719Z 2026-08-29T16:32:13.375783Z	info	ads	full push happen, reason:map[config:1]
2026-08-29T16:32:13.385845319Z 2026-08-29T16:32:13.385646Z	info	ads	full push happen, reason:map[config:1]
2026-08-29T16:32:13.385877803Z 2026-08-29T16:32:13.385684Z	info	ads	full push happen, reason:map[config:1]
2026-08-29T16:32:13.400479388Z 2026-08-29T16:32:13.400297Z	info	ads	full push happen, reason:map[config:1]
2026-08-29T16:32:13.400509525Z 2026-08-29T16:32:13.400327Z	info	ads	full push happen, reason:map[config:1]
2026-08-29T16:32:13.416084794Z 2026-08-29T16:32:13.415947Z	info	ads	full push happen, reason:map[config:1]
2026-08-29T16:32:13.416122566Z 2026-08-29T16:32:13.415975Z	info	ads	full push happen, reason:map[config:1]
2026-08-29T16:32:13.426410148Z 2026-08-29T16:32:13.426255Z	info	ads	full push happen, reason:map[config:1]
2026-08-29T16:32:13.426437385Z 2026-08-29T16:32:13.426293Z	info	ads	full push happen, reason:map[config:1]
2026-08-29T16:32:13.441621894Z 2026-08-29T16:32:13.441474Z	info	ads	full push happen, reason:map[config:1]
2026-08-29T16:32:13.441659687Z 2026-08-29T16:32:13.441503Z	info	ads	full push happen, reason:map[config:1]
2026-08-29T16:32:13.457361072Z 2026-08-29T16:32:13.457212Z	info	ads	full push happen, reason:map[config:1]
2026-08-29T16:32:13.457397076Z 2026-08-29T16:32:13.457242Z	info	ads	full push happen, reason:map[config:1]
2026-08-29T16:32:13.467806591Z 2026-08-29T16:32:13.467691Z	info	ads	full push happen, reason:map[config:1]
2026-08-29T16:32:13.467832884Z 2026-08-29T16:32:13.467746Z	info	ads	full push happen, reason:map[config:1]
2026-08-29T16:32:13.482426642Z 2026-08-29T16:32:13.482232Z	info	ads	full push happen, reason:map[config:1]
2026-08-29T16:32:13.482456746Z 2026-08-29T16:32:13.482267Z	info	ads	full push happen, reason:map[config:1]
2026-08-29T16:32:13.498191423Z 2026-08-29T16:32:13.497995Z	info	ads	full push happen, reason:map[config:1]
2026-08-29T16:32:13.498209639Z 2026-08-29T16:32:13.498028Z	info	ads	full push happen, reason:map[config:1]
2026-08-29T16:32:13.508244569Z 2026-08-29T16:32:13.508085Z	info	ads	full push happen, reason:map[config:1]
2026-08-29T16:32:13.508277609Z 2026-08-29T16:32:13.508119Z	info	ads	full push happen, reason:map[config:1]
2026-08-29T16:32:13.522871506Z 2026-08-29T16:32:13.522707Z	info	ads	full push happen, reason:map[config:1]
2026-08-29T16:32:13.522887243Z 2026-08-29T16:32:13.522741Z	info	ads	full push happen, reason:map[config:1]
2026-08-29T16:32:13.537829534Z 2026-08-29T16:32:13.537595Z	info	ads	full push happen, reason:map[config:1]
2026-08-29T16:32:13.537860791Z 2026-08-29T16:32:13.537634Z	info	ads	full push happen, reason:map[config:1]
2026-08-29T16:32:13.549833434Z 2026-08-29T16:32:13.549648Z	info	ads	full push happen, reason:map[config:1]
2026-08-29T16:32:13.549850597Z 2026-08-29T16:32:13.549690Z	info	ads	full push happen, reason:map[config:1]
2026-08-29T16:32:13.564586264Z 2026-08-29T16:32:13.564381Z	info	ads	full push happen, reason:map[config:1]
2026-08-29T16:32:13.564616760Z 2026-08-29T16:32:13.564425Z	info	ads	full push happen, reason:map[config:1]
2026-08-29T16:32:13.575575188Z 2026-08-29T16:32:13.575439Z	info	ads	full push happen, reason:map[config:1]
2026-08-29T16:32:13.575599884Z 2026-08-29T16:32:13.575469Z	info	ads	full push happen, reason:map[config:1]
2026-08-29T16:32:13.590561853Z 2026-08-29T16:32:13.590364Z	info	ads	full push happen, reason:map[config:1]
2026-08-29T16:32:13.590594648Z 2026-08-29T16:32:13.590410Z	info	ads	full push happen, reason:map[config:1]
2026-08-29T16:32:13.606111289Z 2026-08-29T16:32:13.605999Z	info	ads	full push happen, reason:map[config:1]
2026-08-29T16:32:13.606147729Z 2026-08-29T16:32:13.606040Z	info	ads	full push happen, reason:map[config:1]
2026-08-29T16:32:13.616866310Z 2026-08-29T16:32:13.616649Z	info	ads	full push happen, reason:map[config:1]
2026-08-29T16:32:13.616896323Z 2026-08-29T16:32:13.616688Z	info	ads	full push happen, reason:map[config:1]
2026-08-29T16:32:13.631788482Z 2026-08-29T16:32:13.631636Z	info	ads	full push happen, reason:map[config:1]
2026-08-29T16:32:13.631819998Z 2026-08-29T16:32:13.631670Z	info	ads	full push happen, reason:map[config:1]
2026-08-29T16:32:13.646606538Z 2026-08-29T16:32:13.646320Z	info	ads	full push happen, reason:map[config:1]
2026-08-29T16:32:13.646637342Z 2026-08-29T16:32:13.646352Z	info	ads	full push happen, reason:map[config:1]
2026-08-29T16:32:13.656817433Z 2026-08-29T16:32:13.656601Z	info	ads	full push happen, reason:map[config:1]
2026-08-29T16:32:13.656851212Z 2026-08-29T16:32:13.656641Z	info	ads	full push happen, reason:map[config:1]
2026-08-29T16:32:13.676542549Z 2026-08-29T16:32:13.676399Z	info	ads	full push happen, reason:map[config:1]
2026-08-29T16:32:13.676581686Z 2026-08-29T16:32:13.676431Z	info	ads	full push happen, reason:map[config:1]
2026-08-29T16:32:13.692001760Z 2026-08-29T16:32:13.691798Z	info	ads	full push happen, reason:map[config:1]
2026-08-29T16:32:13.692057493Z 2026-08-29T16:32:13.691836Z	info	ads	full push happen, reason:map[config:1]
2026-08-29T16:32:13.702534025Z 2026-08-29T16:32:13.702321Z	info	ads	full push happen, reason:map[config:1]
2026-08-29T16:32:13.702561190Z 2026-08-29T16:32:13.702350Z	info	ads	full push happen, reason:map[config:1]
2026-08-29T16:32:13.718057146Z 2026-08-29T16:32:13.717865Z	info	ads	full push happen, reason:map[config:1]
2026-08-29T16:32:13.718088590Z 2026-08-29T16:32:13.717905Z	info	ads	full push happen, reason:map[config:1]
2026-08-29T16:32:13.729980384Z 2026-08-29T16:32:13.729822Z	info	ads	full push happen, reason:map[config:1]
2026-08-29T16:32:13.729994648Z 2026-08-29T16:32:13.729860Z	info	ads	full push happen, reason:map[config:1]
2026-08-29T16:32:13.745837695Z 2026-08-29T16:32:13.745575Z	info	ads	full push happen, reason:map[config:1]
2026-08-29T16:32:13.745877242Z 2026-08-29T16:32:13.745630Z	info	ads	full push happen, reason:map[config:1]
2026-08-29T16:32:13.760494229Z 2026-08-29T16:32:13.760254Z	info	ads	full push happen, reason:map[config:1]
2026-08-29T16:32:13.760528445Z 2026-08-29T16:32:13.760297Z	info	ads	full push happen, reason:map[config:1]
2026-08-29T16:32:13.770748624Z 2026-08-29T16:32:13.770558Z	info	ads	full push happen, reason:map[config:1]
2026-08-29T16:32:13.770776715Z 2026-08-29T16:32:13.770589Z	info	ads	full push happen, reason:map[config:1]
2026-08-29T16:32:13.785827020Z 2026-08-29T16:32:13.785639Z	info	ads	full push happen, reason:map[config:1]
2026-08-29T16:32:13.785850028Z 2026-08-29T16:32:13.785671Z	info	ads	full push happen, reason:map[config:1]
2026-08-29T16:32:13.801013762Z 2026-08-29T16:32:13.800771Z	info	ads	full push happen, reason:map[config:1]
2026-08-29T16:32:13.801066818Z 2026-08-29T16:32:13.800802Z	info	ads	full push happen, reason:map[config:1]
2026-08-29T16:32:13.811456290Z 2026-08-29T16:32:13.811303Z	info	ads	full push happen, reason:map[config:1]
2026-08-29T16:32:13.811484210Z 2026-08-29T16:32:13.811336Z	info	ads	full push happen, reason:map[config:1]
2026-08-29T16:32:13.826564603Z 2026-08-29T16:32:13.826372Z	info	ads	full push happen, reason:map[config:1]
2026-08-29T16:32:13.826597179Z 2026-08-29T16:32:13.826401Z	info	ads	full push happen, reason:map[config:1]
2026-08-29T16:32:13.841872753Z 2026-08-29T16:32:13.841696Z	info	ads	full push happen, reason:map[config:1]
2026-08-29T16:32:13.841885573Z 2026-08-29T16:32:13.841735Z	info	ads	full push happen, reason:map[config:1]
2026-08-29T16:32:13.853491482Z 2026-08-29T16:32:13.853297Z	info	ads	full push happen, reason:map[config:1]
2026-08-29T16:32:13.853518014Z 2026-08-29T16:32:13.853335Z	info	ads	full push happen, reason:map[config:1]
2026-08-29T16:32:13.868559615Z 2026-08-29T16:32:13.868416Z	info	ads	full push happen, reason:map[config:1]
2026-08-29T16:32:13.868577583Z 2026-08-29T16:32:13.868446Z	info	ads	full push happen, reason:map[config:1]
2026-08-29T16:32:13.878872358Z 2026-08-29T16:32:13.878704Z	info	ads	full push happen, reason:map[config:1]
2026-08-29T16:32:13.878906846Z 2026-08-29T16:32:13.878738Z	info	ads	full push happen, reason:map[config:1]
2026-08-29T16:32:13.893802141Z 2026-08-29T16:32:13.893575Z	info	ads	full push happen, reason:map[config:1]
2026-08-29T16:32:13.893836718Z 2026-08-29T16:32:13.893608Z	info	ads	full push happen, reason:map[config:1]
2026-08-29T16:32:13.908744041Z 2026-08-29T16:32:13.908579Z	info	ads	full push happen, reason:map[config:1]
2026-08-29T16:32:13.908779553Z 2026-08-29T16:32:13.908616Z	info	ads	full push happen, reason:map[config:1]
2026-08-29T16:32:13.919363355Z 2026-08-29T16:32:13.919210Z	info	ads	full push happen, reason:map[config:1]
2026-08-29T16:32:13.919391016Z 2026-08-29T16:32:13.919279Z	info	ads	full push happen, reason:map[config:1]
2026-08-29T16:32:13.935513027Z 2026-08-29T16:32:13.935318Z	info	ads	full push happen, reason:map[config:1]
2026-08-29T16:32:13.935544211Z 2026-08-29T16:32:13.935368Z	info	ads	full push happen, reason:map[config:1]
2026-08-29T16:32:13.950241110Z 2026-08-29T16:32:13.949984Z	info	ads	full push happen, reason:map[config:1]
2026-08-29T16:32:13.950273234Z 2026-08-29T16:32:13.950020Z	info	ads	full push happen, reason:map[config:1]
2026-08-29T16:32:13.961626381Z 2026-08-29T16:32:13.961378Z	info	ads	full push happen, reason:map[config:1]
2026-08-29T16:32:13.961653681Z 2026-08-29T16:32:13.961416Z	info	ads	full push happen, reason:map[config:1]
2026-08-29T16:32:13.977028316Z 2026-08-29T16:32:13.976747Z	info	ads	full push happen, reason:map[config:1]
2026-08-29T16:32:13.977059200Z 2026-08-29T16:32:13.976781Z	info	ads	full push happen, reason:map[config:1]
2026-08-29T16:32:13.994268158Z 2026-08-29T16:32:13.994057Z	info	ads	full push happen, reason:map[config:1]
2026-08-29T16:32:13.994296843Z 2026-08-29T16:32:13.994089Z	info	ads	full push happen, reason:map[config:1]
2026-08-29T16:32:14.007304489Z 2026-08-29T16:32:14.006648Z	info	ads	full push happen, reason:map[config:1]
2026-08-29T16:32:14.007375153Z 2026-08-29T16:32:14.007233Z	info	ads	full push happen, reason:map[config:1]
2026-08-29T16:32:14.021011885Z 2026-08-29T16:32:14.020787Z	info	ads	full push happen, reason:map[config:1]
2026-08-29T16:32:14.021041929Z 2026-08-29T16:32:14.020872Z	info	ads	full push happen, reason:map[config:1]
2026-08-29T16:32:14.031225152Z 2026-08-29T16:32:14.031065Z	info	ads	full push happen, reason:map[config:1]
2026-08-29T16:32:14.031252216Z 2026-08-29T16:32:14.031104Z	info	ads	full push happen, reason:map[config:1]
2026-08-29T16:32:14.045413582Z 2026-08-29T16:32:14.045150Z	info	ads	full push happen, reason:map[config:1]
2026-08-29T16:32:14.045444998Z 2026-08-29T16:32:14.045194Z	info	ads	full push happen, reason:map[config:1]
2026-08-29T16:32:14.060283994Z 2026-08-29T16:32:14.060095Z	info	ads	full push happen, reason:map[config:1]
2026-08-29T16:32:14.060318438Z 2026-08-29T16:32:14.060128Z	info	ads	full push happen, reason:map[config:1]
2026-08-29T16:32:14.069573601Z 2026-08-29T16:32:14.069368Z	info	ads	full push happen, reason:map[config:1]
2026-08-29T16:32:14.069600846Z 2026-08-29T16:32:14.069404Z	info	ads	full push happen, reason:map[config:1]
2026-08-29T16:32:14.084054342Z 2026-08-29T16:32:14.083864Z	info	ads	full push happen, reason:map[config:1]
2026-08-29T16:32:14.084076519Z 2026-08-29T16:32:14.083897Z	info	ads	full push happen, reason:map[config:1]
2026-08-29T16:32:14.099979276Z 2026-08-29T16:32:14.099763Z	info	ads	full push happen, reason:map[config:1]
2026-08-29T16:32:14.099992657Z 2026-08-29T16:32:14.099793Z	info	ads	full push happen, reason:map[config:1]
2026-08-29T16:32:14.109961459Z 2026-08-29T16:32:14.109761Z	info	ads	full push happen, reason:map[config:1]
2026-08-29T16:32:14.109994739Z 2026-08-29T16:32:14.109806Z	info	ads	full push happen, reason:map[config:1]
2026-08-29T16:32:14.124788302Z 2026-08-29T16:32:14.124616Z	info	ads	full push happen, reason:map[config:1]
2026-08-29T16:32:14.124803874Z 2026-08-29T16:32:14.124660Z	info	ads	full push happen, reason:map[config:1]
2026-08-29T16:32:14.139933747Z 2026-08-29T16:32:14.139674Z	info	ads	full push happen, reason:map[config:1]
2026-08-29T16:32:14.139965362Z 2026-08-29T16:32:14.139707Z	info	ads	full push happen, reason:map[config:1]
2026-08-29T16:32:14.151379686Z 2026-08-29T16:32:14.151252Z	info	ads	full push happen, reason:map[config:1]
2026-08-29T16:32:14.151393822Z 2026-08-29T16:32:14.151309Z	info	ads	full push happen, reason:map[config:1]
2026-08-29T16:32:14.166735936Z 2026-08-29T16:32:14.166480Z	info	ads	full push happen, reason:map[config:1]
2026-08-29T16:32:14.166770813Z 2026-08-29T16:32:14.166532Z	info	ads	full push happen, reason:map[config:1]
2026-08-29T16:32:14.177279681Z 2026-08-29T16:32:14.177020Z	info	ads	full push happen, reason:map[config:1]
2026-08-29T16:32:14.177309917Z 2026-08-29T16:32:14.177054Z	info	ads	full push happen, reason:map[config:1]
2026-08-29T16:32:14.192346538Z 2026-08-29T16:32:14.192158Z	info	ads	full push happen, reason:map[config:1]
2026-08-29T16:32:14.192360871Z 2026-08-29T16:32:14.192206Z	info	ads	full push happen, reason:map[config:1]
2026-08-29T16:32:14.206817115Z 2026-08-29T16:32:14.206493Z	info	ads	full push happen, reason:map[config:1]
2026-08-29T16:32:14.206847199Z 2026-08-29T16:32:14.206571Z	info	ads	full push happen, reason:map[config:1]
2026-08-29T16:32:14.223874594Z 2026-08-29T16:32:14.223670Z	info	ads	full push happen, reason:map[config:1]
2026-08-29T16:32:14.223901918Z 2026-08-29T16:32:14.223710Z	info	ads	full push happen, reason:map[config:1]
2026-08-29T16:32:14.241029273Z 2026-08-29T16:32:14.240808Z	info	ads	full push happen, reason:map[config:1]
2026-08-29T16:32:14.241067700Z 2026-08-29T16:32:14.240842Z	info	ads	full push happen, reason:map[config:1]
2026-08-29T16:32:14.256602137Z 2026-08-29T16:32:14.256431Z	info	ads	full push happen, reason:map[config:1]
2026-08-29T16:32:14.256621248Z 2026-08-29T16:32:14.256468Z	info	ads	full push happen, reason:map[config:1]
2026-08-29T16:32:14.267233462Z 2026-08-29T16:32:14.267087Z	info	ads	full push happen, reason:map[config:1]
2026-08-29T16:32:14.267249515Z 2026-08-29T16:32:14.267136Z	info	ads	full push happen, reason:map[config:1]
2026-08-29T16:32:14.282868363Z 2026-08-29T16:32:14.282644Z	info	ads	full push happen, reason:map[config:1]
2026-08-29T16:32:14.282898071Z 2026-08-29T16:32:14.282681Z	info	ads	full push happen, reason:map[config:1]
2026-08-29T16:32:14.298592036Z 2026-08-29T16:32:14.298279Z	info	ads	full push happen, reason:map[config:1]
2026-08-29T16:32:14.298622249Z 2026-08-29T16:32:14.298316Z	info	ads	full push happen, reason:map[config:1]
2026-08-29T16:32:14.311597795Z 2026-08-29T16:32:14.311453Z	info	ads	full push happen, reason:map[config:1]
2026-08-29T16:32:14.311622022Z 2026-08-29T16:32:14.311484Z	info	ads	full push happen, reason:map[config:1]
2026-08-29T16:32:14.326907944Z 2026-08-29T16:32:14.326688Z	info	ads	full push happen, reason:map[config:1]
2026-08-29T16:32:14.326934257Z 2026-08-29T16:32:14.326739Z	info	ads	full push happen, reason:map[config:1]
2026-08-29T16:32:14.337895949Z 2026-08-29T16:32:14.337698Z	info	ads	full push happen, reason:map[config:1]
2026-08-29T16:32:14.337918828Z 2026-08-29T16:32:14.337737Z	info	ads	full push happen, reason:map[config:1]
2026-08-29T16:32:14.352289212Z 2026-08-29T16:32:14.352148Z	info	ads	full push happen, reason:map[config:1]
2026-08-29T16:32:14.352330689Z 2026-08-29T16:32:14.352173Z	info	ads	full push happen, reason:map[config:1]
2026-08-29T16:32:14.368232783Z 2026-08-29T16:32:14.368024Z	info	ads	full push happen, reason:map[config:1]
2026-08-29T16:32:14.368265084Z 2026-08-29T16:32:14.368045Z	info	ads	full push happen, reason:map[config:1]
2026-08-29T16:32:14.379265804Z 2026-08-29T16:32:14.378970Z	info	ads	full push happen, reason:map[config:1]
2026-08-29T16:32:14.379306940Z 2026-08-29T16:32:14.378997Z	info	ads	full push happen, reason:map[config:1]
2026-08-29T16:32:14.395343292Z 2026-08-29T16:32:14.395170Z	info	ads	full push happen, reason:map[config:1]
2026-08-29T16:32:14.395381704Z 2026-08-29T16:32:14.395207Z	info	ads	full push happen, reason:map[config:1]
2026-08-29T16:32:14.416421153Z 2026-08-29T16:32:14.416217Z	info	ads	full push happen, reason:map[config:1]
2026-08-29T16:32:14.416456041Z 2026-08-29T16:32:14.416261Z	info	ads	full push happen, reason:map[config:1]
2026-08-29T16:32:14.427181508Z 2026-08-29T16:32:14.427040Z	info	ads	full push happen, reason:map[config:1]
2026-08-29T16:32:14.427197357Z 2026-08-29T16:32:14.427078Z	info	ads	full push happen, reason:map[config:1]
2026-08-29T16:32:14.442710437Z 2026-08-29T16:32:14.442339Z	info	ads	full push happen, reason:map[config:1]
2026-08-29T16:32:14.442743489Z 2026-08-29T16:32:14.442374Z	info	ads	full push happen, reason:map[config:1]
2026-08-29T16:32:14.458577943Z 2026-08-29T16:32:14.458315Z	info	ads	full push happen, reason:map[config:1]
2026-08-29T16:32:14.458611346Z 2026-08-29T16:32:14.458356Z	info	ads	full push happen, reason:map[config:1]
2026-08-29T16:32:14.469172044Z 2026-08-29T16:32:14.469036Z	info	ads	full push happen, reason:map[config:1]
2026-08-29T16:32:14.469202288Z 2026-08-29T16:32:14.469069Z	info	ads	full push happen, reason:map[config:1]
2026-08-29T16:32:14.486025167Z 2026-08-29T16:32:14.485791Z	info	ads	full push happen, reason:map[config:1]
2026-08-29T16:32:14.486045848Z 2026-08-29T16:32:14.485841Z	info	ads	full push happen, reason:map[config:1]
2026-08-29T16:32:14.501357352Z 2026-08-29T16:32:14.501072Z	info	ads	full push happen, reason:map[config:1]
2026-08-29T16:32:14.501391007Z 2026-08-29T16:32:14.501125Z	info	ads	full push happen, reason:map[config:1]
2026-08-29T16:32:14.512560163Z 2026-08-29T16:32:14.512424Z	info	ads	full push happen, reason:map[config:1]
2026-08-29T16:32:14.512579739Z 2026-08-29T16:32:14.512483Z	info	ads	full push happen, reason:map[config:1]
2026-08-29T16:32:14.529855989Z 2026-08-29T16:32:14.529661Z	info	ads	full push happen, reason:map[config:1]
2026-08-29T16:32:14.529894562Z 2026-08-29T16:32:14.529702Z	info	ads	full push happen, reason:map[config:1]
2026-08-29T16:32:14.546577050Z 2026-08-29T16:32:14.546443Z	info	ads	full push happen, reason:map[config:1]
2026-08-29T16:32:14.546640450Z 2026-08-29T16:32:14.546479Z	info	ads	full push happen, reason:map[config:1]
2026-08-29T16:32:14.557781667Z 2026-08-29T16:32:14.557604Z	info	ads	full push happen, reason:map[config:1]
2026-08-29T16:32:14.557792504Z 2026-08-29T16:32:14.557653Z	info	ads	full push happen, reason:map[config:1]
2026-08-29T16:32:14.571278533Z 2026-08-29T16:32:14.571156Z	info	ads	full push happen, reason:map[config:1]
2026-08-29T16:32:14.571300685Z 2026-08-29T16:32:14.571203Z	info	ads	full push happen, reason:map[config:1]
2026-08-29T16:32:14.579897820Z 2026-08-29T16:32:14.579743Z	info	ads	full push happen, reason:map[config:1]
2026-08-29T16:32:14.579928609Z 2026-08-29T16:32:14.579770Z	info	ads	full push happen, reason:map[config:1]
2026-08-29T16:32:14.594812452Z 2026-08-29T16:32:14.594630Z	info	ads	full push happen, reason:map[config:1]
2026-08-29T16:32:14.594844185Z 2026-08-29T16:32:14.594670Z	info	ads	full push happen, reason:map[config:1]
2026-08-29T16:32:14.612406239Z 2026-08-29T16:32:14.612290Z	info	ads	full push happen, reason:map[config:1]
2026-08-29T16:32:14.612423862Z 2026-08-29T16:32:14.612324Z	info	ads	full push happen, reason:map[config:1]
2026-08-29T16:32:14.625579414Z 2026-08-29T16:32:14.625453Z	info	ads	full push happen, reason:map[config:1]
2026-08-29T16:32:14.625594326Z 2026-08-29T16:32:14.625499Z	info	ads	full push happen, reason:map[config:1]
2026-08-29T16:32:14.641799198Z 2026-08-29T16:32:14.641686Z	info	ads	full push happen, reason:map[config:1]
2026-08-29T16:32:14.641814698Z 2026-08-29T16:32:14.641729Z	info	ads	full push happen, reason:map[config:1]
2026-08-29T16:32:14.658203292Z 2026-08-29T16:32:14.658038Z	info	ads	full push happen, reason:map[config:1]
2026-08-29T16:32:14.658242773Z 2026-08-29T16:32:14.658079Z	info	ads	full push happen, reason:map[config:1]
2026-08-29T16:32:14.668919154Z 2026-08-29T16:32:14.668659Z	info	ads	full push happen, reason:map[config:1]
2026-08-29T16:32:14.668949554Z 2026-08-29T16:32:14.668706Z	info	ads	full push happen, reason:map[config:1]
2026-08-29T16:32:14.687204738Z 2026-08-29T16:32:14.687044Z	info	ads	full push happen, reason:map[config:1]
2026-08-29T16:32:14.687243473Z 2026-08-29T16:32:14.687076Z	info	ads	full push happen, reason:map[config:1]
2026-08-29T16:32:14.701626203Z 2026-08-29T16:32:14.701384Z	info	ads	full push happen, reason:map[config:1]
2026-08-29T16:32:14.701665837Z 2026-08-29T16:32:14.701423Z	info	ads	full push happen, reason:map[config:1]
2026-08-29T16:32:14.710662661Z 2026-08-29T16:32:14.710496Z	info	ads	full push happen, reason:map[config:1]
2026-08-29T16:32:14.710695785Z 2026-08-29T16:32:14.710537Z	info	ads	full push happen, reason:map[config:1]
2026-08-29T16:32:14.733131948Z 2026-08-29T16:32:14.732958Z	info	ads	full push happen, reason:map[config:1]
2026-08-29T16:32:14.733155298Z 2026-08-29T16:32:14.732983Z	info	ads	full push happen, reason:map[config:1]
2026-08-29T16:32:14.743654050Z 2026-08-29T16:32:14.743441Z	info	ads	full push happen, reason:map[config:1]
2026-08-29T16:32:14.743670576Z 2026-08-29T16:32:14.743464Z	info	ads	full push happen, reason:map[config:1]
2026-08-29T16:32:14.759139732Z 2026-08-29T16:32:14.758989Z	info	ads	full push happen, reason:map[config:1]
2026-08-29T16:32:14.759159783Z 2026-08-29T16:32:14.759038Z	info	ads	full push happen, reason:map[config:1]
2026-08-29T16:32:14.774670965Z 2026-08-29T16:32:14.774394Z	info	ads	full push happen, reason:map[config:1]
2026-08-29T16:32:14.774707365Z 2026-08-29T16:32:14.774433Z	info	ads	full push happen, reason:map[config:1]
2026-08-29T16:32:14.784992288Z 2026-08-29T16:32:14.784763Z	info	ads	full push happen, reason:map[config:1]
2026-08-29T16:32:14.785023188Z 2026-08-29T16:32:14.784803Z	info	ads	full push happen, reason:map[config:1]
2026-08-29T16:32:14.798177807Z 2026-08-29T16:32:14.797928Z	info	ads	full push happen, reason:map[config:1]
2026-08-29T16:32:14.798211785Z 2026-08-29T16:32:14.797949Z	info	ads	full push happen, reason:map[config:1]
2026-08-29T16:32:14.814073151Z 2026-08-29T16:32:14.813879Z	info	ads	full push happen, reason:map[config:1]
2026-08-29T16:32:14.814089427Z 2026-08-29T16:32:14.813918Z	info	ads	full push happen, reason:map[config:1]
2026-08-29T16:32:14.824965586Z 2026-08-29T16:32:14.824719Z	info	ads	full push happen, reason:map[config:1]
2026-08-29T16:32:14.824997903Z 2026-08-29T16:32:14.824754Z	info	ads	full push happen, reason:map[config:1]
2026-08-29T16:32:14.841669202Z 2026-08-29T16:32:14.841399Z	info	ads	full push happen, reason:map[config:1]
2026-08-29T16:32:14.841701059Z 2026-08-29T16:32:14.841439Z	info	ads	full push happen, reason:map[config:1]
2026-08-29T16:32:14.856904488Z 2026-08-29T16:32:14.856785Z	info	ads	full push happen, reason:map[config:1]
2026-08-29T16:32:14.856922196Z 2026-08-29T16:32:14.856810Z	info	ads	full push happen, reason:map[config:1]
2026-08-29T16:32:14.866998114Z 2026-08-29T16:32:14.866860Z	info	ads	full push happen, reason:map[config:1]
2026-08-29T16:32:14.867011865Z 2026-08-29T16:32:14.866894Z	info	ads	full push happen, reason:map[config:1]
2026-08-29T16:32:14.881894314Z 2026-08-29T16:32:14.881743Z	info	ads	full push happen, reason:map[config:1]
2026-08-29T16:32:14.881928130Z 2026-08-29T16:32:14.881784Z	info	ads	full push happen, reason:map[config:1]
2026-08-29T16:32:14.892729585Z 2026-08-29T16:32:14.892610Z	info	ads	full push happen, reason:map[config:1]
2026-08-29T16:32:14.892742101Z 2026-08-29T16:32:14.892649Z	info	ads	full push happen, reason:map[config:1]
2026-08-29T16:32:14.906682369Z 2026-08-29T16:32:14.906551Z	info	ads	full push happen, reason:map[config:1]
2026-08-29T16:32:14.906714785Z 2026-08-29T16:32:14.906570Z	info	ads	full push happen, reason:map[config:1]
2026-08-29T16:32:14.923156916Z 2026-08-29T16:32:14.922985Z	info	ads	full push happen, reason:map[config:1]
2026-08-29T16:32:14.923193268Z 2026-08-29T16:32:14.923008Z	info	ads	full push happen, reason:map[config:1]
2026-08-29T16:32:14.934200964Z 2026-08-29T16:32:14.934044Z	info	ads	full push happen, reason:map[config:1]
2026-08-29T16:32:14.934229145Z 2026-08-29T16:32:14.934088Z	info	ads	full push happen, reason:map[config:1]
2026-08-29T16:32:14.947357992Z 2026-08-29T16:32:14.947194Z	info	ads	full push happen, reason:map[config:1]
2026-08-29T16:32:14.947387844Z 2026-08-29T16:32:14.947234Z	info	ads	full push happen, reason:map[config:1]
2026-08-29T16:32:14.962403243Z 2026-08-29T16:32:14.962269Z	info	ads	full push happen, reason:map[config:1]
2026-08-29T16:32:14.962440056Z 2026-08-29T16:32:14.962287Z	info	ads	full push happen, reason:map[config:1]
2026-08-29T16:32:14.973711594Z 2026-08-29T16:32:14.973396Z	info	ads	full push happen, reason:map[config:1]
2026-08-29T16:32:14.973756998Z 2026-08-29T16:32:14.973414Z	info	ads	full push happen, reason:map[config:1]
2026-08-29T16:32:14.988761767Z 2026-08-29T16:32:14.988635Z	info	ads	full push happen, reason:map[config:1]
2026-08-29T16:32:14.988778934Z 2026-08-29T16:32:14.988687Z	info	ads	full push happen, reason:map[config:1]
2026-08-29T16:32:15.003999080Z 2026-08-29T16:32:15.003888Z	info	ads	full push happen, reason:map[config:1]
2026-08-29T16:32:15.004017549Z 2026-08-29T16:32:15.003918Z	info	ads	full push happen, reason:map[config:1]
2026-08-29T16:32:15.014443869Z 2026-08-29T16:32:15.014239Z	info	ads	full push happen, reason:map[config:1]
2026-08-29T16:32:15.014472653Z 2026-08-29T16:32:15.014276Z	info	ads	full push happen, reason:map[config:1]
2026-08-29T16:32:15.029094615Z 2026-08-29T16:32:15.028947Z	info	ads	full push happen, reason:map[config:1]
2026-08-29T16:32:15.029128763Z 2026-08-29T16:32:15.028982Z	info	ads	full push happen, reason:map[config:1]
2026-08-29T16:32:15.040115804Z 2026-08-29T16:32:15.039949Z	info	ads	full push happen, reason:map[config:1]
2026-08-29T16:32:15.040133844Z 2026-08-29T16:32:15.039983Z	info	ads	full push happen, reason:map[config:1]
2026-08-29T16:32:15.053873883Z 2026-08-29T16:32:15.053736Z	info	ads	full push happen, reason:map[config:1]
2026-08-29T16:32:15.053904463Z 2026-08-29T16:32:15.053778Z	info	ads	full push happen, reason:map[config:1]
2026-08-29T16:32:15.068567765Z 2026-08-29T16:32:15.068448Z	info	ads	full push happen, reason:map[config:1]
2026-08-29T16:32:15.068588321Z 2026-08-29T16:32:15.068482Z	info	ads	full push happen, reason:map[config:1]
2026-08-29T16:32:15.079381328Z 2026-08-29T16:32:15.079277Z	info	ads	full push happen, reason:map[config:1]
2026-08-29T16:32:15.079390176Z 2026-08-29T16:32:15.079302Z	info	ads	full push happen, reason:map[config:1]
2026-08-29T16:32:15.096242228Z 2026-08-29T16:32:15.096123Z	info	ads	full push happen, reason:map[config:1]
2026-08-29T16:32:15.096263406Z 2026-08-29T16:32:15.096157Z	info	ads	full push happen, reason:map[config:1]
2026-08-29T16:32:15.112140844Z 2026-08-29T16:32:15.112012Z	info	ads	full push happen, reason:map[config:1]
2026-08-29T16:32:15.112171959Z 2026-08-29T16:32:15.112051Z	info	ads	full push happen, reason:map[config:1]
2026-08-29T16:32:15.122416555Z 2026-08-29T16:32:15.122292Z	info	ads	full push happen, reason:map[config:1]
2026-08-29T16:32:15.122445351Z 2026-08-29T16:32:15.122326Z	info	ads	full push happen, reason:map[config:1]
2026-08-29T16:32:15.138796344Z 2026-08-29T16:32:15.138460Z	info	ads	full push happen, reason:map[config:1]
2026-08-29T16:32:15.138826332Z 2026-08-29T16:32:15.138496Z	info	ads	full push happen, reason:map[config:1]
2026-08-29T16:32:15.157796349Z 2026-08-29T16:32:15.157529Z	info	ads	full push happen, reason:map[config:1]
2026-08-29T16:32:15.157827548Z 2026-08-29T16:32:15.157567Z	info	ads	full push happen, reason:map[config:1]
2026-08-29T16:32:15.167828210Z 2026-08-29T16:32:15.167612Z	info	ads	full push happen, reason:map[config:1]
2026-08-29T16:32:15.167846982Z 2026-08-29T16:32:15.167628Z	info	ads	full push happen, reason:map[config:1]
2026-08-29T16:32:15.183076964Z 2026-08-29T16:32:15.182897Z	info	ads	full push happen, reason:map[config:1]
2026-08-29T16:32:15.183113244Z 2026-08-29T16:32:15.182934Z	info	ads	full push happen, reason:map[config:1]
2026-08-29T16:32:15.193942991Z 2026-08-29T16:32:15.193775Z	info	ads	full push happen, reason:map[config:1]
2026-08-29T16:32:15.193971055Z 2026-08-29T16:32:15.193807Z	info	ads	full push happen, reason:map[config:1]
2026-08-29T16:32:15.215492600Z 2026-08-29T16:32:15.215368Z	info	ads	full push happen, reason:map[config:1]
2026-08-29T16:32:15.215523184Z 2026-08-29T16:32:15.215412Z	info	ads	full push happen, reason:map[config:1]
2026-08-29T16:32:15.230447504Z 2026-08-29T16:32:15.230163Z	info	ads	full push happen, reason:map[config:1]
2026-08-29T16:32:15.230487752Z 2026-08-29T16:32:15.230210Z	info	ads	full push happen, reason:map[config:1]
2026-08-29T16:32:15.241353796Z 2026-08-29T16:32:15.241078Z	info	ads	full push happen, reason:map[config:1]
2026-08-29T16:32:15.241385184Z 2026-08-29T16:32:15.241115Z	info	ads	full push happen, reason:map[config:1]
2026-08-29T16:32:15.256496590Z 2026-08-29T16:32:15.256343Z	info	ads	full push happen, reason:map[config:1]
2026-08-29T16:32:15.256528409Z 2026-08-29T16:32:15.256381Z	info	ads	full push happen, reason:map[config:1]
2026-08-29T16:32:15.273573636Z 2026-08-29T16:32:15.273340Z	info	ads	full push happen, reason:map[config:1]
2026-08-29T16:32:15.273606552Z 2026-08-29T16:32:15.273392Z	info	ads	full push happen, reason:map[config:1]
2026-08-29T16:32:15.288793893Z 2026-08-29T16:32:15.288548Z	info	ads	full push happen, reason:map[config:1]
2026-08-29T16:32:15.288855694Z 2026-08-29T16:32:15.288594Z	info	ads	full push happen, reason:map[config:1]
2026-08-29T16:32:15.305400148Z 2026-08-29T16:32:15.305275Z	info	ads	full push happen, reason:map[config:1]
2026-08-29T16:32:15.305430553Z 2026-08-29T16:32:15.305314Z	info	ads	full push happen, reason:map[config:1]
2026-08-29T16:32:15.328219940Z 2026-08-29T16:32:15.327958Z	info	ads	full push happen, reason:map[config:1]
2026-08-29T16:32:15.328263684Z 2026-08-29T16:32:15.328019Z	info	ads	full push happen, reason:map[config:1]
2026-08-29T16:32:15.354884261Z 2026-08-29T16:32:15.354766Z	info	ads	full push happen, reason:map[config:1]
2026-08-29T16:32:15.354907287Z 2026-08-29T16:32:15.354794Z	info	ads	full push happen, reason:map[config:1]
2026-08-29T16:32:15.455805024Z 2026-08-29T16:32:15.455461Z	info	ads	Push debounce stable[3] 666 for config VirtualService/higress-system/gateway-api-virtualservice and 1 more configs: 100.626966ms since last change, 4.783181006s since last push, full=true
2026-08-29T16:32:15.455854805Z 2026-08-29T16:32:15.455757Z	info	ingress	Found 0 number of basic auth
2026-08-29T16:32:15.455864945Z 2026-08-29T16:32:15.455773Z	info	ingress	Found 0 number of envoyFilters
2026-08-29T16:32:15.455874585Z 2026-08-29T16:32:15.455786Z	info	ingress	resource type networking.istio.io/v1/VirtualService, ingress number 0, convert configs number 0
2026-08-29T16:32:15.459539914Z 2026-08-29T16:32:15.459382Z	info	ingress	resource type networking.istio.io/v1/Gateway, ingress number 0, convert configs number 0
2026-08-29T16:32:15.459579151Z 2026-08-29T16:32:15.459548Z	info	ads	XDS: Pushing Services:0 ConnectedEndpoints:1 Version:2026-08-29T16:32:15Z/3
2026-08-29T16:32:15.459812085Z 2026-08-29T16:32:15.459758Z	info	ads	networking.istio.io/v1/WorkloadEntry: PUSH for node:higress-controller-7676fb4b84-sqkj6.higress-system resources:0 size:0B
2026-08-29T16:32:15.459831784Z 2026-08-29T16:32:15.459797Z	info	ads	security.istio.io/v1/AuthorizationPolicy: PUSH for node:higress-controller-7676fb4b84-sqkj6.higress-system resources:0 size:0B
2026-08-29T16:32:15.459955617Z 2026-08-29T16:32:15.459841Z	info	ingress	resource type networking.istio.io/v1/DestinationRule, ingress number 0, convert configs number 0
2026-08-29T16:32:15.459970846Z 2026-08-29T16:32:15.459875Z	info	ads	networking.istio.io/v1/DestinationRule: PUSH for node:higress-controller-7676fb4b84-sqkj6.higress-system resources:0 size:0B
2026-08-29T16:32:15.463160964Z 2026-08-29T16:32:15.463030Z	info	ingress	resource type networking.istio.io/v1/Gateway, ingress number 0, convert configs number 0
2026-08-29T16:32:15.463354185Z 2026-08-29T16:32:15.463285Z	info	ads	networking.istio.io/v1/Gateway: PUSH for node:higress-controller-7676fb4b84-sqkj6.higress-system resources:1 size:467B
2026-08-29T16:32:15.463369783Z 2026-08-29T16:32:15.463339Z	info	ingress	resource type extensions.istio.io/v1alpha1/WasmPlugin, ingress number 0, convert configs number 0
2026-08-29T16:32:15.463422551Z 2026-08-29T16:32:15.463380Z	info	ads	extensions.istio.io/v1alpha1/WasmPlugin: PUSH for node:higress-controller-7676fb4b84-sqkj6.higress-system resources:0 size:0B
2026-08-29T16:32:15.463461915Z 2026-08-29T16:32:15.463421Z	info	ads	security.istio.io/v1/PeerAuthentication: PUSH for node:higress-controller-7676fb4b84-sqkj6.higress-system resources:0 size:0B
2026-08-29T16:32:15.463503048Z 2026-08-29T16:32:15.463461Z	info	ads	networking.istio.io/v1/Sidecar: PUSH for node:higress-controller-7676fb4b84-sqkj6.higress-system resources:0 size:0B
2026-08-29T16:32:15.463514547Z 2026-08-29T16:32:15.463483Z	info	ingress	controller tracing ConstructEnvoyFilters
2026-08-29T16:32:15.463520142Z 2026-08-29T16:32:15.463496Z	info	ingress	controller gzip ConstructEnvoyFilters
2026-08-29T16:32:15.464699174Z 2026-08-29T16:32:15.464556Z	info	ingress	controller global-option ConstructEnvoyFilters
2026-08-29T16:32:15.464990556Z 2026-08-29T16:32:15.464933Z	info	ingress	controller mcpServer ConstructEnvoyFilters
2026-08-29T16:32:15.465002500Z 2026-08-29T16:32:15.464955Z	info	ingress	Append 2 configmap EnvoyFilters
2026-08-29T16:32:15.465025180Z 2026-08-29T16:32:15.464971Z	info	ingress	resource type networking.istio.io/v1alpha3/EnvoyFilter, configs number 2
2026-08-29T16:32:15.466460639Z 2026-08-29T16:32:15.466313Z	info	ads	networking.istio.io/v1alpha3/EnvoyFilter: PUSH for node:higress-controller-7676fb4b84-sqkj6.higress-system resources:2 size:1.9kB
2026-08-29T16:32:15.466487206Z 2026-08-29T16:32:15.466371Z	info	ads	security.istio.io/v1/RequestAuthentication: PUSH for node:higress-controller-7676fb4b84-sqkj6.higress-system resources:0 size:0B
2026-08-29T16:32:15.466525799Z 2026-08-29T16:32:15.466428Z	info	ingress	Found mcp serviceEntries [0x3f8ff07d5810]
2026-08-29T16:32:15.466539604Z 2026-08-29T16:32:15.466444Z	info	ingress	resource type networking.istio.io/v1/ServiceEntry, ingress number 0, convert configs number 1
2026-08-29T16:32:15.466659537Z 2026-08-29T16:32:15.466601Z	info	ads	networking.istio.io/v1/ServiceEntry: PUSH for node:higress-controller-7676fb4b84-sqkj6.higress-system resources:1 size:256B
2026-08-29T16:32:15.466677154Z 2026-08-29T16:32:15.466633Z	info	ads	telemetry.istio.io/v1/Telemetry: PUSH for node:higress-controller-7676fb4b84-sqkj6.higress-system resources:0 size:0B
2026-08-29T16:32:15.466689806Z 2026-08-29T16:32:15.466665Z	info	ads	networking.istio.io/v1/WorkloadGroup: PUSH for node:higress-controller-7676fb4b84-sqkj6.higress-system resources:0 size:0B
2026-08-29T16:32:15.466749216Z 2026-08-29T16:32:15.466694Z	info	ads	networking.istio.io/v1beta1/ProxyConfig: PUSH for node:higress-controller-7676fb4b84-sqkj6.higress-system resources:0 size:0B
2026-08-29T16:32:15.466824133Z 2026-08-29T16:32:15.466735Z	info	ingress	Found 0 number of basic auth
2026-08-29T16:32:15.466835018Z 2026-08-29T16:32:15.466750Z	info	ingress	Found 0 number of envoyFilters
2026-08-29T16:32:15.466843598Z 2026-08-29T16:32:15.466760Z	info	ingress	resource type networking.istio.io/v1/VirtualService, ingress number 0, convert configs number 0
2026-08-29T16:32:15.467091683Z 2026-08-29T16:32:15.467018Z	info	ads	networking.istio.io/v1/VirtualService: PUSH for node:higress-controller-7676fb4b84-sqkj6.higress-system resources:1 size:449B
