2026-08-29T16:28:24.667847249Z 2026-08-29T16:28:24.667697Z	info	FLAG: --automaticHttpsEmail=""
2026-08-29T16:28:24.667887090Z 2026-08-29T16:28:24.667750Z	info	FLAG: --certHttpAddress=":8889"
2026-08-29T16:28:24.667891273Z 2026-08-29T16:28:24.667761Z	info	FLAG: --clusterAliases="[]"
2026-08-29T16:28:24.667895195Z 2026-08-29T16:28:24.667765Z	info	FLAG: --clusterID="Kubernetes"
2026-08-29T16:28:24.667899324Z 2026-08-29T16:28:24.667769Z	info	FLAG: --clusterRegistriesNamespace=""
2026-08-29T16:28:24.667902912Z 2026-08-29T16:28:24.667780Z	info	FLAG: --debug="true"
2026-08-29T16:28:24.667906137Z 2026-08-29T16:28:24.667783Z	info	FLAG: --domain="cluster.local"
2026-08-29T16:28:24.667909407Z 2026-08-29T16:28:24.667787Z	info	FLAG: --enableAutomaticHttps="true"
2026-08-29T16:28:24.667912654Z 2026-08-29T16:28:24.667790Z	info	FLAG: --enableStatus="true"
2026-08-29T16:28:24.667915908Z 2026-08-29T16:28:24.667793Z	info	FLAG: --gatewayClass="higress"
2026-08-29T16:28:24.667919499Z 2026-08-29T16:28:24.667805Z	info	FLAG: --gatewayHttpPort="80"
2026-08-29T16:28:24.667922743Z 2026-08-29T16:28:24.667808Z	info	FLAG: --gatewayHttpsPort="443"
2026-08-29T16:28:24.667926022Z 2026-08-29T16:28:24.667812Z	info	FLAG: --gatewaySelectorKey="higress"
2026-08-29T16:28:24.667929794Z 2026-08-29T16:28:24.667815Z	info	FLAG: --gatewaySelectorValue="higress-system-higress-gateway"
2026-08-29T16:28:24.667947227Z 2026-08-29T16:28:24.667818Z	info	FLAG: --grpcAddress=":15051"
2026-08-29T16:28:24.667950640Z 2026-08-29T16:28:24.667822Z	info	FLAG: --help="false"
2026-08-29T16:28:24.667953855Z 2026-08-29T16:28:24.667825Z	info	FLAG: --httpAddress=":8888"
2026-08-29T16:28:24.667957067Z 2026-08-29T16:28:24.667828Z	info	FLAG: --ingressClass="higress"
2026-08-29T16:28:24.667960509Z 2026-08-29T16:28:24.667831Z	info	FLAG: --keepStaleWhenEmpty="false"
2026-08-29T16:28:24.667963791Z 2026-08-29T16:28:24.667837Z	info	FLAG: --keepaliveInterval="30s"
2026-08-29T16:28:24.667967912Z 2026-08-29T16:28:24.667841Z	info	FLAG: --keepaliveMaxServerConnectionAge="2562047h47m16.854775807s"
2026-08-29T16:28:24.667971393Z 2026-08-29T16:28:24.667845Z	info	FLAG: --keepaliveTimeout="10s"
2026-08-29T16:28:24.667974916Z 2026-08-29T16:28:24.667848Z	info	FLAG: --kubeconfig=""
2026-08-29T16:28:24.667978152Z 2026-08-29T16:28:24.667853Z	info	FLAG: --kubernetesApiBurst="160"
2026-08-29T16:28:24.667981672Z 2026-08-29T16:28:24.667858Z	info	FLAG: --kubernetesApiQPS="80"
2026-08-29T16:28:24.667991425Z 2026-08-29T16:28:24.667861Z	info	FLAG: --log_as_json="false"
2026-08-29T16:28:24.667994865Z 2026-08-29T16:28:24.667864Z	info	FLAG: --log_caller=""
2026-08-29T16:28:24.667998112Z 2026-08-29T16:28:24.667867Z	info	FLAG: --log_output_level=""
2026-08-29T16:28:24.668001341Z 2026-08-29T16:28:24.667871Z	info	FLAG: --log_stacktrace_level="default:none"
2026-08-29T16:28:24.668004869Z 2026-08-29T16:28:24.667886Z	info	FLAG: --log_target="[stdout]"
2026-08-29T16:28:24.668008085Z 2026-08-29T16:28:24.667891Z	info	FLAG: --vklog="0"
2026-08-29T16:28:24.668011443Z 2026-08-29T16:28:24.667895Z	info	FLAG: --watchNamespace=""
2026-08-29T16:28:24.719658132Z 2026-08-29T16:28:24.719383Z	info	init xds server
2026-08-29T16:28:24.760695090Z 2026-08-29T16:28:24.760379Z	info	krt	gateway/BackendTrafficPolicy synced (uid 91)	owner=gateway/BackendTrafficPolicy
2026-08-29T16:28:24.760809966Z 2026-08-29T16:28:24.760707Z	info	krt	gateway/InferenceExtension synced (uid 59)	owner=gateway/InferenceExtension
2026-08-29T16:28:24.761665045Z 2026-08-29T16:28:24.761611Z	info	initializing registry event handlers
2026-08-29T16:28:24.761669904Z 2026-08-29T16:28:24.761639Z	info	ingress	register resource networking.istio.io/v1/DestinationRule
2026-08-29T16:28:24.761678757Z 2026-08-29T16:28:24.761649Z	info	ingress	register resource networking.istio.io/v1alpha3/EnvoyFilter
2026-08-29T16:28:24.761698454Z 2026-08-29T16:28:24.761654Z	info	ingress	register resource networking.istio.io/v1/Gateway
2026-08-29T16:28:24.761702050Z 2026-08-29T16:28:24.761658Z	info	ingress	register resource networking.istio.io/v1/ServiceEntry
2026-08-29T16:28:24.761705615Z 2026-08-29T16:28:24.761662Z	info	ingress	register resource networking.istio.io/v1/VirtualService
2026-08-29T16:28:24.761715710Z 2026-08-29T16:28:24.761667Z	info	ingress	register resource extensions.istio.io/v1alpha1/WasmPlugin
2026-08-29T16:28:24.761719938Z 2026-08-29T16:28:24.761675Z	info	init cert default config
2026-08-29T16:28:24.767575958Z 2026-08-29T16:28:24.767503Z	info	cert	certmgr init config: &{AutomaticHttps:true FallbackForInvalidSecret:false RenewBeforeDays:30 CredentialConfig:[] ACMEIssuer:[{Name:letsencrypt Email:your74799@yours80301.com AK: SK:}] Version:20260829041724}
2026-08-29T16:28:24.767618394Z 2026-08-29T16:28:24.767591Z	info	cert	Setting up configmap informer event handlers
2026-08-29T16:28:24.767629269Z 2026-08-29T16:28:24.767613Z	info	cert	server init http server
2026-08-29T16:28:24.767688469Z 2026-08-29T16:28:24.767656Z	info	Checking CRD versions...
2026-08-29T16:28:24.767936144Z 2026-08-29T16:28:24.767726Z	info	maintenance	started background certificate maintenance	{"cache": "0x3d95c0ad6f30"}
2026-08-29T16:28:24.803992285Z 2026-08-29T16:28:24.803861Z	info	✅ All required CRDs are up-to-date
2026-08-29T16:28:24.804006611Z 2026-08-29T16:28:24.803892Z	info	Starting ADS server
2026-08-29T16:28:24.804130839Z 2026-08-29T16:28:24.804079Z	info	cluster "higress" kube client started
2026-08-29T16:28:24.806094908Z 2026-08-29T16:28:24.805801Z	info	kube	Starting Pilot K8S CRD controller	controller=gateway-controller
2026-08-29T16:28:24.806396139Z 2026-08-29T16:28:24.805800Z	info	status	Starting status manager
2026-08-29T16:28:24.806424419Z 2026-08-29T16:28:24.806009Z	info	kube	controller "gateway.networking.k8s.io/v1/BackendTLSPolicy" is syncing...	controller=gateway-controller
2026-08-29T16:28:24.806529646Z 2026-08-29T16:28:24.806022Z	info	controllers	starting	controller=inference pool shadow service reconciler
2026-08-29T16:28:24.809512672Z 2026-08-29T16:28:24.809310Z	info	kube	controller "gateway.networking.k8s.io/v1/GatewayClass" is syncing...	controller=gateway-controller
2026-08-29T16:28:24.814229508Z 2026-08-29T16:28:24.814004Z	info	kube	controller "gateway.networking.k8s.io/v1/HTTPRoute" is syncing...	controller=gateway-controller
2026-08-29T16:28:24.814254571Z 2026-08-29T16:28:24.814117Z	info	sync complete	name=tag watcher attempt=3 time=8.096691ms
2026-08-29T16:28:24.814295635Z 2026-08-29T16:28:24.814233Z	info	controllers	starting	controller=tag
2026-08-29T16:28:24.822982420Z 2026-08-29T16:28:24.822670Z	info	sync complete	name=gateway tag watcher attempt=4 time=16.636136ms
2026-08-29T16:28:24.822996184Z 2026-08-29T16:28:24.822780Z	info	kube	controller "gateway.networking.k8s.io/v1/BackendTLSPolicy" is syncing...	controller=gateway-controller
2026-08-29T16:28:24.823090042Z 2026-08-29T16:28:24.822986Z	info	sync complete	name=gateway/informer/Secrets attempt=6 time=63.589327ms
2026-08-29T16:28:24.823094807Z 2026-08-29T16:28:24.823045Z	info	krt	gateway/informer/Secrets synced	owner=gateway/informer/Secrets
2026-08-29T16:28:24.823330705Z 2026-08-29T16:28:24.823122Z	info	sync complete	name=gateway/informer/ConfigMaps attempt=6 time=63.776654ms
2026-08-29T16:28:24.823345199Z 2026-08-29T16:28:24.823120Z	info	sync complete	name=gateway/informer/Services attempt=6 time=63.77281ms
2026-08-29T16:28:24.823350057Z 2026-08-29T16:28:24.823174Z	info	krt	gateway/informer/ConfigMaps synced	owner=gateway/informer/ConfigMaps
2026-08-29T16:28:24.823354547Z 2026-08-29T16:28:24.823191Z	info	krt	gateway/informer/Services synced	owner=gateway/informer/Services
2026-08-29T16:28:24.823371846Z 2026-08-29T16:28:24.823135Z	info	sync complete	name=gateway/informer/Namespaces attempt=6 time=63.804355ms
2026-08-29T16:28:24.823376158Z 2026-08-29T16:28:24.823278Z	info	krt	gateway/informer/Namespaces synced	owner=gateway/informer/Namespaces
2026-08-29T16:28:24.839196664Z 2026-08-29T16:28:24.839080Z	info	kube	controller "gateway.networking.k8s.io/v1/TCPRoute" is syncing...	controller=gateway-controller
2026-08-29T16:28:24.867553014Z 2026-08-29T16:28:24.867403Z	info	sync complete	name=crd watcher attempt=6 time=63.290623ms
2026-08-29T16:28:24.867586722Z 2026-08-29T16:28:24.867448Z	info	controllers	starting	controller=crd watcher
2026-08-29T16:28:24.867619430Z 2026-08-29T16:28:24.867543Z	info	backendtlspolicies.gateway.networking.k8s.io is now ready, building client
2026-08-29T16:28:24.867647466Z 2026-08-29T16:28:24.867577Z	info	backendtlspolicies.gateway.networking.k8s.io is now ready, building client
2026-08-29T16:28:24.867668427Z 2026-08-29T16:28:24.867605Z	info	gatewayclasses.gateway.networking.k8s.io is now ready, building client
2026-08-29T16:28:24.867688283Z 2026-08-29T16:28:24.867629Z	info	gatewayclasses.gateway.networking.k8s.io is now ready, building client
2026-08-29T16:28:24.867696662Z 2026-08-29T16:28:24.867651Z	info	gateways.gateway.networking.k8s.io is now ready, building client
2026-08-29T16:28:24.867718230Z 2026-08-29T16:28:24.867677Z	info	gateways.gateway.networking.k8s.io is now ready, building client
2026-08-29T16:28:24.867762704Z 2026-08-29T16:28:24.867732Z	info	grpcroutes.gateway.networking.k8s.io is now ready, building client
2026-08-29T16:28:24.868127621Z 2026-08-29T16:28:24.867863Z	info	grpcroutes.gateway.networking.k8s.io is now ready, building client
2026-08-29T16:28:24.868153637Z 2026-08-29T16:28:24.867979Z	info	httproutes.gateway.networking.k8s.io is now ready, building client
2026-08-29T16:28:24.868163270Z 2026-08-29T16:28:24.868023Z	info	httproutes.gateway.networking.k8s.io is now ready, building client
2026-08-29T16:28:24.868189442Z 2026-08-29T16:28:24.868071Z	info	listenersets.gateway.networking.k8s.io is now ready, building client
2026-08-29T16:28:24.868198274Z 2026-08-29T16:28:24.868104Z	info	listenersets.gateway.networking.k8s.io is now ready, building client
2026-08-29T16:28:24.868217514Z 2026-08-29T16:28:24.868139Z	info	referencegrants.gateway.networking.k8s.io is now ready, building client
2026-08-29T16:28:24.868241483Z 2026-08-29T16:28:24.868174Z	info	referencegrants.gateway.networking.k8s.io is now ready, building client
2026-08-29T16:28:24.868256215Z 2026-08-29T16:28:24.868201Z	info	tcproutes.gateway.networking.k8s.io is now ready, building client
2026-08-29T16:28:24.868308999Z 2026-08-29T16:28:24.868236Z	info	tcproutes.gateway.networking.k8s.io is now ready, building client
2026-08-29T16:28:24.868322158Z 2026-08-29T16:28:24.868267Z	info	tlsroutes.gateway.networking.k8s.io is now ready, building client
2026-08-29T16:28:24.868345539Z 2026-08-29T16:28:24.868295Z	info	tlsroutes.gateway.networking.k8s.io is now ready, building client
2026-08-29T16:28:24.870047748Z 2026-08-29T16:28:24.869902Z	info	sync complete	name=crd watcher attempt=2 time=2.043294ms
2026-08-29T16:28:24.870921838Z 2026-08-29T16:28:24.870754Z	info	ads	full push happen, reason:map[config:1]
2026-08-29T16:28:24.870976583Z 2026-08-29T16:28:24.870776Z	info	ads	full push happen, reason:map[config:1]
2026-08-29T16:28:24.871288200Z 2026-08-29T16:28:24.871201Z	info	kube	controller "gateway.networking.k8s.io/v1/HTTPRoute" is syncing...	controller=gateway-controller
2026-08-29T16:28:24.871300757Z 2026-08-29T16:28:24.871229Z	info	ads	full push happen, reason:map[config:1]
2026-08-29T16:28:24.871309245Z 2026-08-29T16:28:24.871256Z	info	ads	full push happen, reason:map[config:1]
2026-08-29T16:28:24.871351852Z 2026-08-29T16:28:24.871233Z	info	ads	full push happen, reason:map[config:1]
2026-08-29T16:28:24.871396981Z 2026-08-29T16:28:24.871291Z	info	ads	full push happen, reason:map[config:1]
2026-08-29T16:28:24.887578661Z 2026-08-29T16:28:24.887309Z	info	sync complete	name=gateway/informer/Gateways attempt=7 time=127.928723ms
2026-08-29T16:28:24.887604450Z 2026-08-29T16:28:24.887384Z	info	sync complete	name=crdclient/informer/GRPCRoute attempt=7 time=128.393652ms
2026-08-29T16:28:24.887614034Z 2026-08-29T16:28:24.887443Z	info	krt	gateway/informer/Gateways synced	owner=gateway/informer/Gateways
2026-08-29T16:28:24.887622697Z 2026-08-29T16:28:24.887454Z	info	krt	crdclient/informer/GRPCRoute synced	owner=crdclient/informer/GRPCRoute
2026-08-29T16:28:24.887630858Z 2026-08-29T16:28:24.887376Z	info	sync complete	name=gateway/informer/TLSRoutes attempt=7 time=127.954217ms
2026-08-29T16:28:24.887639198Z 2026-08-29T16:28:24.887461Z	info	sync complete	name=crdclient/informer/TLSRoute attempt=7 time=128.357864ms
2026-08-29T16:28:24.887648046Z 2026-08-29T16:28:24.887438Z	info	sync complete	name=gateway/informer/BackendTLSPolicies attempt=7 time=128.032182ms
2026-08-29T16:28:24.887656413Z 2026-08-29T16:28:24.887487Z	info	krt	crdclient/informer/TLSRoute synced	owner=crdclient/informer/TLSRoute
2026-08-29T16:28:24.887664525Z 2026-08-29T16:28:24.887465Z	info	sync complete	name=crdclient/informer/BackendTLSPolicy attempt=7 time=128.555403ms
2026-08-29T16:28:24.887672526Z 2026-08-29T16:28:24.887405Z	info	sync complete	name=gateway/informer/GRPCRoutes attempt=7 time=127.919482ms
2026-08-29T16:28:24.887681146Z 2026-08-29T16:28:24.887489Z	info	sync complete	name=crdclient/informer/GatewayClass attempt=7 time=128.534877ms
2026-08-29T16:28:24.887689474Z 2026-08-29T16:28:24.887538Z	info	krt	gateway/informer/GRPCRoutes synced	owner=gateway/informer/GRPCRoutes
2026-08-29T16:28:24.887718882Z 2026-08-29T16:28:24.887555Z	info	krt	crdclient/informer/GatewayClass synced	owner=crdclient/informer/GatewayClass
2026-08-29T16:28:24.887727663Z 2026-08-29T16:28:24.887558Z	info	sync complete	name=gateway/informer/HTTPRoutes attempt=7 time=128.111937ms
2026-08-29T16:28:24.887735774Z 2026-08-29T16:28:24.887592Z	info	krt	gateway/informer/HTTPRoutes synced	owner=gateway/informer/HTTPRoutes
2026-08-29T16:28:24.887756107Z 2026-08-29T16:28:24.887559Z	info	sync complete	name=crdclient/informer/HTTPRoute attempt=7 time=128.559952ms
2026-08-29T16:28:24.887764418Z 2026-08-29T16:28:24.887433Z	info	sync complete	name=crdclient/informer/ListenerSet attempt=7 time=128.407636ms
2026-08-29T16:28:24.887772587Z 2026-08-29T16:28:24.887665Z	info	krt	crdclient/informer/ListenerSet synced	owner=crdclient/informer/ListenerSet
2026-08-29T16:28:24.887815411Z 2026-08-29T16:28:24.887669Z	info	krt	crdclient/informer/HTTPRoute synced	owner=crdclient/informer/HTTPRoute
2026-08-29T16:28:24.888024824Z 2026-08-29T16:28:24.887504Z	info	krt	gateway/informer/BackendTLSPolicies synced	owner=gateway/informer/BackendTLSPolicies
2026-08-29T16:28:24.888037877Z 2026-08-29T16:28:24.887518Z	info	krt	crdclient/informer/BackendTLSPolicy synced	owner=crdclient/informer/BackendTLSPolicy
2026-08-29T16:28:24.888046344Z 2026-08-29T16:28:24.887591Z	info	sync complete	name=gateway/informer/TLSRoutes handler attempt=1 time=1.076µs
2026-08-29T16:28:24.888062392Z 2026-08-29T16:28:24.887642Z	info	sync complete	name=gateway/informer/BackendTLSPolicies handler attempt=1 time=1.3µs
2026-08-29T16:28:24.888388556Z 2026-08-29T16:28:24.888143Z	info	sync complete	name=gateway/informer/ReferenceGrants attempt=7 time=128.708226ms
2026-08-29T16:28:24.888418646Z 2026-08-29T16:28:24.888251Z	info	krt	gateway/informer/ReferenceGrants synced	owner=gateway/informer/ReferenceGrants
2026-08-29T16:28:24.888442170Z 2026-08-29T16:28:24.888190Z	info	sync complete	name=crdclient/informer/Gateway attempt=7 time=129.182308ms
2026-08-29T16:28:24.888453560Z 2026-08-29T16:28:24.888287Z	info	krt	crdclient/informer/Gateway synced	owner=crdclient/informer/Gateway
2026-08-29T16:28:24.888486461Z 2026-08-29T16:28:24.887484Z	info	krt	gateway/informer/TLSRoutes synced	owner=gateway/informer/TLSRoutes
2026-08-29T16:28:24.888522483Z 2026-08-29T16:28:24.888343Z	info	sync complete	name=gateway/informer/ReferenceGrants handler attempt=1 time=626ns
2026-08-29T16:28:24.888542432Z 2026-08-29T16:28:24.887657Z	info	sync complete	name=gateway/informer/ServiceEntries attempt=7 time=128.151628ms
2026-08-29T16:28:24.888549925Z 2026-08-29T16:28:24.888373Z	info	krt	gateway/informer/ServiceEntries synced	owner=gateway/informer/ServiceEntries
2026-08-29T16:28:24.888556160Z 2026-08-29T16:28:24.888377Z	info	krt	gateway/ReferenceGrants synced (uid 51)	owner=gateway/ReferenceGrants
2026-08-29T16:28:24.888563669Z 2026-08-29T16:28:24.888355Z	info	sync complete	name=gateway/informer/TCPRoutes attempt=7 time=128.938388ms
2026-08-29T16:28:24.888575937Z 2026-08-29T16:28:24.888426Z	info	krt	gateway/informer/TCPRoutes synced	owner=gateway/informer/TCPRoutes
2026-08-29T16:28:24.888587525Z 2026-08-29T16:28:24.888405Z	info	sync complete	name=gateway/informer/ListenerSet attempt=7 time=128.946944ms
2026-08-29T16:28:24.888619854Z 2026-08-29T16:28:24.888552Z	info	krt	gateway/informer/ListenerSet synced	owner=gateway/informer/ListenerSet
2026-08-29T16:28:24.888661492Z 2026-08-29T16:28:24.888588Z	info	sync complete	name=gateway/informer/TLSRoutes handler attempt=1 time=653ns
2026-08-29T16:28:24.888689717Z 2026-08-29T16:28:24.888614Z	info	krt	gateway/TLSRoute synced (uid 71)	owner=gateway/TLSRoute
2026-08-29T16:28:24.888713997Z 2026-08-29T16:28:24.888130Z	info	krt	gateway/TLSAncestors synced (uid 69)	owner=gateway/TLSAncestors
2026-08-29T16:28:24.888761802Z 2026-08-29T16:28:24.888596Z	info	sync complete	name=gateway/informer/GatewayClasses attempt=7 time=128.610047ms
2026-08-29T16:28:24.888887038Z 2026-08-29T16:28:24.888751Z	info	sync complete	name=crdclient/informer/ReferenceGrant attempt=7 time=129.146058ms
2026-08-29T16:28:24.888914366Z 2026-08-29T16:28:24.888797Z	info	krt	crdclient/informer/ReferenceGrant synced	owner=crdclient/informer/ReferenceGrant
2026-08-29T16:28:24.888925235Z 2026-08-29T16:28:24.887690Z	info	sync complete	name=crdclient/informer/TCPRoute attempt=7 time=128.614048ms
2026-08-29T16:28:24.888934994Z 2026-08-29T16:28:24.888835Z	info	krt	crdclient/informer/TCPRoute synced	owner=crdclient/informer/TCPRoute
2026-08-29T16:28:24.888957734Z 2026-08-29T16:28:24.888779Z	info	sync complete	name=gateway/informer/TCPRoutes handler attempt=1 time=253.262µs
2026-08-29T16:28:24.888967419Z 2026-08-29T16:28:24.888844Z	info	krt	gateway/informer/GatewayClasses synced	owner=gateway/informer/GatewayClasses
2026-08-29T16:28:24.888977159Z 2026-08-29T16:28:24.888869Z	info	krt	Join[istio.BackendPolicy] synced
2026-08-29T16:28:24.888986923Z 2026-08-29T16:28:24.888732Z	info	sync complete	name=gateway/informer/TCPRoutes handler attempt=1 time=2.521µs
2026-08-29T16:28:24.889017056Z 2026-08-29T16:28:24.888854Z	info	krt	gateway/BackendTLSPolicy synced (uid 94)	owner=gateway/BackendTLSPolicy
2026-08-29T16:28:24.889034756Z 2026-08-29T16:28:24.888903Z	info	krt	gateway/TCPRoute synced (uid 64)	owner=gateway/TCPRoute
2026-08-29T16:28:24.889045668Z 2026-08-29T16:28:24.888904Z	info	sync complete	name=gateway/informer/GRPCRoutes handler attempt=1 time=1.407µs
2026-08-29T16:28:24.889070079Z 2026-08-29T16:28:24.888956Z	info	krt	gateway/TCPAncestors synced (uid 62)	owner=gateway/TCPAncestors
2026-08-29T16:28:24.889147609Z 2026-08-29T16:28:24.889056Z	info	sync complete	name=gateway/informer/ListenerSet handler attempt=1 time=1.231µs
2026-08-29T16:28:24.889160496Z 2026-08-29T16:28:24.889032Z	info	sync complete	name=gateway/informer/TLSRoutes handler attempt=1 time=2.499µs
2026-08-29T16:28:24.889205264Z 2026-08-29T16:28:24.889109Z	info	krt	gateway/ListenerSets synced (uid 54)	owner=gateway/ListenerSets
2026-08-29T16:28:24.889236848Z 2026-08-29T16:28:24.889130Z	info	krt	gateway/TLSRoute/count synced (uid 68)	owner=gateway/TLSRoute/count
2026-08-29T16:28:24.889249817Z 2026-08-29T16:28:24.889148Z	info	sync complete	name=gateway/informer/GRPCRoutes handler attempt=1 time=613ns
2026-08-29T16:28:24.889262385Z 2026-08-29T16:28:24.889127Z	info	sync complete	name=gateway/informer/HTTPRoutes handler attempt=1 time=2.38µs
2026-08-29T16:28:24.889286150Z 2026-08-29T16:28:24.888992Z	info	krt	gateway/GRPCRoute synced (uid 82)	owner=gateway/GRPCRoute
2026-08-29T16:28:24.889300634Z 2026-08-29T16:28:24.889220Z	info	krt	gateway/GRPCRoute/count synced (uid 79)	owner=gateway/GRPCRoute/count
2026-08-29T16:28:24.889310013Z 2026-08-29T16:28:24.889104Z	info	sync complete	name=gateway/informer/TCPRoutes handler attempt=1 time=2.503µs
2026-08-29T16:28:24.889374350Z 2026-08-29T16:28:24.889283Z	info	krt	gateway/TCPRoute/count synced (uid 61)	owner=gateway/TCPRoute/count
2026-08-29T16:28:24.889385778Z 2026-08-29T16:28:24.889071Z	info	sync complete	name=gateway/informer/GRPCRoutes handler attempt=1 time=1.413µs
2026-08-29T16:28:24.889395238Z 2026-08-29T16:28:24.889335Z	info	krt	gateway/GRPCAncestors synced (uid 80)	owner=gateway/GRPCAncestors
2026-08-29T16:28:24.889478647Z 2026-08-29T16:28:24.889384Z	info	krt	gateway/TCPRouteSelected synced (uid 67)	owner=gateway/TCPRouteSelected
2026-08-29T16:28:24.889667935Z 2026-08-29T16:28:24.889601Z	info	krt	gateway/GRPCRouteMerged synced (uid 85)	owner=gateway/GRPCRouteMerged
2026-08-29T16:28:24.889804948Z 2026-08-29T16:28:24.889666Z	info	krt	gateway/BackendPolicyMerged synced (uid 98)	owner=gateway/BackendPolicyMerged
2026-08-29T16:28:24.890036841Z 2026-08-29T16:28:24.889936Z	info	sync complete	name=gateway/informer/HTTPRoutes handler attempt=1 time=1.64µs
2026-08-29T16:28:24.890068852Z 2026-08-29T16:28:24.890018Z	info	krt	gateway/HTTPAncestors synced (uid 73)	owner=gateway/HTTPAncestors
2026-08-29T16:28:24.890165593Z 2026-08-29T16:28:24.890101Z	info	krt	gateway/Ancestors synced
2026-08-29T16:28:24.892015145Z 2026-08-29T16:28:24.891912Z	info	sync complete	name=gateway/informer/GatewayClasses handler attempt=2 time=2.990957ms
2026-08-29T16:28:24.892033480Z 2026-08-29T16:28:24.891880Z	info	sync complete	name=gateway/informer/HTTPRoutes handler attempt=2 time=2.508203ms
2026-08-29T16:28:24.892043077Z 2026-08-29T16:28:24.891892Z	info	sync complete	name=gateway/informer/Gateways handler attempt=2 time=4.188226ms
2026-08-29T16:28:24.892068717Z 2026-08-29T16:28:24.891997Z	info	krt	gateway/GatewayClasses synced (uid 50)	owner=gateway/GatewayClasses
2026-08-29T16:28:24.906036854Z 2026-08-29T16:28:24.905775Z	info	controllers	starting	controller=secret
2026-08-29T16:28:24.906063510Z 2026-08-29T16:28:24.905864Z	info	controllers	starting	controller=ingressv1
2026-08-29T16:28:24.906190139Z 2026-08-29T16:28:24.905993Z	info	controllers	starting	controller=higressConfig
2026-08-29T16:28:24.906205805Z 2026-08-29T16:28:24.906088Z	info	ingress	configmapMgr AddOrUpdateHigressConfig
2026-08-29T16:28:24.907602080Z 2026-08-29T16:28:24.907513Z	info	ingress	configmapMgr oldHigressConfig: {"tracing":{"sampling":100,"timeout":500},"gzip":{"enable":true,"minContentLength":1024,"contentType":["text/html","text/css","text/plain","text/xml","application/json","application/javascript","application/xhtml+xml","image/svg+xml"],"disableOnEtagHeader":true,"memoryLevel":5,"windowBits":12,"chunkSize":4096,"compressionLevel":"BEST_COMPRESSION","compressionStrategy":"DEFAULT_STRATEGY"},"downstream":{"idleTimeout":180,"maxRequestHeadersKb":60,"connectionBufferLimits":32768,"http2":{"maxConcurrentStreams":100,"initialStreamWindowSize":65535,"initialConnectionWindowSize":1048576},"routeTimeout":0},"upstream":{"idleTimeout":10,"connectionBufferLimits":10485760},"mcpServer":{}}
2026-08-29T16:28:24.907639792Z 2026-08-29T16:28:24.907548Z	info	ingress	configmapMgr newHigressConfig: {"tracing":{"sampling":100,"timeout":500},"gzip":{"enable":true,"minContentLength":1024,"contentType":["text/html","text/css","text/plain","text/xml","application/json","application/javascript","application/xhtml+xml","image/svg+xml"],"disableOnEtagHeader":true,"memoryLevel":5,"windowBits":12,"chunkSize":4096,"compressionLevel":"BEST_COMPRESSION","compressionStrategy":"DEFAULT_STRATEGY"},"downstream":{"idleTimeout":180,"maxRequestHeadersKb":60,"connectionBufferLimits":32768,"http2":{"maxConcurrentStreams":100,"initialStreamWindowSize":65535,"initialConnectionWindowSize":1048576},"routeTimeout":0},"upstream":{"idleTimeout":10,"connectionBufferLimits":10485760},"mcpServer":{}}
2026-08-29T16:28:24.907655196Z 2026-08-29T16:28:24.907583Z	info	ingress	configmapMgr CompareHigressConfig result is 0
2026-08-29T16:28:24.932474795Z 2026-08-29T16:28:24.932305Z	info	sync complete	name=crd watcher attempt=7 time=128.205995ms
2026-08-29T16:28:24.935477348Z 2026-08-29T16:28:24.935352Z	info	sync complete	name=crdclient attempt=7 time=129.372514ms
2026-08-29T16:28:24.935497931Z 2026-08-29T16:28:24.935386Z	info	kube	Pilot K8S CRD controller synced in 129.583482ms	controller=gateway-controller
2026-08-29T16:28:24.970807234Z 2026-08-29T16:28:24.970593Z	info	controllers	starting	controller=gateway class
2026-08-29T16:28:24.972084147Z 2026-08-29T16:28:24.971766Z	info	ads	Push debounce stable[1] 6 for config VirtualService/higress-system/gateway-api-virtualservice and 3 more configs: 100.434139ms since last change, 100.940299ms since last push, full=true
2026-08-29T16:28:24.972113300Z 2026-08-29T16:28:24.971969Z	info	ingress	Found 0 number of basic auth
2026-08-29T16:28:24.972122440Z 2026-08-29T16:28:24.971982Z	info	ingress	Found 0 number of envoyFilters
2026-08-29T16:28:24.972131800Z 2026-08-29T16:28:24.971996Z	info	ingress	resource type networking.istio.io/v1/VirtualService, ingress number 0, convert configs number 0
2026-08-29T16:28:24.972158160Z 2026-08-29T16:28:24.972045Z	info	ingress	resource type networking.istio.io/v1/DestinationRule, ingress number 0, convert configs number 0
2026-08-29T16:28:24.972203740Z 2026-08-29T16:28:24.972141Z	info	ingress	resource type extensions.istio.io/v1alpha1/WasmPlugin, ingress number 0, convert configs number 0
2026-08-29T16:28:24.972216156Z 2026-08-29T16:28:24.972157Z	info	ingress	controller tracing ConstructEnvoyFilters
2026-08-29T16:28:24.972224584Z 2026-08-29T16:28:24.972165Z	info	ingress	controller gzip ConstructEnvoyFilters
2026-08-29T16:28:24.972986241Z 2026-08-29T16:28:24.972735Z	info	ingress	controller global-option ConstructEnvoyFilters
2026-08-29T16:28:24.973022986Z 2026-08-29T16:28:24.972952Z	info	ingress	controller mcpServer ConstructEnvoyFilters
2026-08-29T16:28:24.973033342Z 2026-08-29T16:28:24.972963Z	info	ingress	Append 2 configmap EnvoyFilters
2026-08-29T16:28:24.973042442Z 2026-08-29T16:28:24.972973Z	info	ingress	resource type networking.istio.io/v1alpha3/EnvoyFilter, configs number 2
2026-08-29T16:28:24.982980937Z 2026-08-29T16:28:24.982679Z	info	ingress	resource type networking.istio.io/v1/Gateway, ingress number 0, convert configs number 0
2026-08-29T16:28:24.983007526Z 2026-08-29T16:28:24.982736Z	info	ads	XDS: Pushing Services:0 ConnectedEndpoints:0 Version:2026-08-29T16:28:24Z/1
2026-08-29T16:28:25.005967958Z 2026-08-29T16:28:25.005713Z	info	controllers	starting	controller=wasmplugin
2026-08-29T16:28:25.005994406Z 2026-08-29T16:28:25.005818Z	info	controllers	starting	controller=mcpbridge
2026-08-29T16:28:25.006015446Z 2026-08-29T16:28:25.005928Z	info	controllers	starting	controller=http2rpc
2026-08-29T16:28:25.006024139Z 2026-08-29T16:28:25.005953Z	info	ReconcileRegistries, toBeCreated: 1, toBeUpdated: 0, toBeDeleted: 0
2026-08-29T16:28:25.006115531Z 2026-08-29T16:28:25.006048Z	info	ServiceEntry updated, host: pr4231-echo.dns
2026-08-29T16:28:25.006136632Z 2026-08-29T16:28:25.006095Z	info	ads	full push happen, reason:map[config:1]
2026-08-29T16:28:25.006158536Z 2026-08-29T16:28:25.006122Z	info	ads	full push happen, reason:map[config:1]
2026-08-29T16:28:25.006166884Z 2026-08-29T16:28:25.006135Z	info	ads	full push happen, reason:map[config:1]
2026-08-29T16:28:25.006182184Z 2026-08-29T16:28:25.006148Z	info	ads	full push happen, reason:map[config:1]
2026-08-29T16:28:25.006190792Z 2026-08-29T16:28:25.006163Z	info	ads	full push happen, reason:map[config:1]
2026-08-29T16:28:25.006207128Z 2026-08-29T16:28:25.006174Z	info	Registry Watcher is ready, type:dns, name:pr4231-echo
2026-08-29T16:28:25.006292533Z 2026-08-29T16:28:25.006209Z	info	Registries is reconciled
2026-08-29T16:28:25.006320413Z 2026-08-29T16:28:25.006219Z	info	ReconcileProxies, toBeUpdated: 0, toBeDeleted: 0
2026-08-29T16:28:25.006329768Z 2026-08-29T16:28:25.006224Z	info	Proxies are reconciled
2026-08-29T16:28:25.006338201Z 2026-08-29T16:28:25.006232Z	info	ingress	Mcpbridge reconciled
2026-08-29T16:28:25.021089282Z 2026-08-29T16:28:25.020885Z	info	sync complete	name=gateway/gatewayContext attempt=7 time=128.792613ms
2026-08-29T16:28:25.021129427Z 2026-08-29T16:28:25.020946Z	info	sync complete	name=gateway/gatewayContext attempt=1 time=411ns
2026-08-29T16:28:25.021158724Z 2026-08-29T16:28:25.020983Z	info	sync complete	name=gateway/tagWatcher attempt=1 time=216ns
2026-08-29T16:28:25.021168452Z 2026-08-29T16:28:25.021002Z	info	sync complete	name=gateway/tagWatcher attempt=1 time=144ns
2026-08-29T16:28:25.023785738Z 2026-08-29T16:28:25.023585Z	info	sync complete	name=gateway/informer/Services handler attempt=2 time=2.342249ms
2026-08-29T16:28:25.027902579Z 2026-08-29T16:28:25.027645Z	info	krt	gateway/KubernetesGateway synced (uid 57)	owner=gateway/KubernetesGateway
2026-08-29T16:28:25.028022908Z 2026-08-29T16:28:25.027940Z	info	ads	full push happen, reason:map[config:1]
2026-08-29T16:28:25.028260586Z 2026-08-29T16:28:25.028056Z	info	krt	gateway/HTTPRoute/count synced (uid 72)	owner=gateway/HTTPRoute/count
2026-08-29T16:28:25.028287563Z 2026-08-29T16:28:25.028122Z	info	krt	gateway/RouteAttachments synced
2026-08-29T16:28:25.028297663Z 2026-08-29T16:28:25.028175Z	info	krt	gateway/HTTPRoute synced (uid 75)	owner=gateway/HTTPRoute
2026-08-29T16:28:25.028571677Z 2026-08-29T16:28:25.028486Z	info	krt	gateway/GatewayFinalStatus synced (uid 99)	owner=gateway/GatewayFinalStatus
2026-08-29T16:28:25.028582548Z 2026-08-29T16:28:25.028498Z	info	krt	gateway/HTTPRouteMerged synced (uid 78)	owner=gateway/HTTPRouteMerged
2026-08-29T16:28:25.028723438Z 2026-08-29T16:28:25.028589Z	info	krt	gateway/DerivedVirtualServices synced
2026-08-29T16:28:25.028754057Z 2026-08-29T16:28:25.028595Z	info	ads	full push happen, reason:map[config:1]
2026-08-29T16:28:25.032847167Z 2026-08-29T16:28:25.032617Z	info	Waiting for caches to be synced
2026-08-29T16:28:25.032879508Z 2026-08-29T16:28:25.032693Z	info	ingress	Ingress config controller synced.
2026-08-29T16:28:25.032894652Z 2026-08-29T16:28:25.032714Z	info	All controller caches have been synced up in 93.141µs
2026-08-29T16:28:25.046747367Z 2026-08-29T16:28:25.046537Z	info	ads	full push happen, reason:map[config:1]
2026-08-29T16:28:25.046775731Z 2026-08-29T16:28:25.046573Z	info	ads	full push happen, reason:map[config:1]
2026-08-29T16:28:25.058762369Z 2026-08-29T16:28:25.058502Z	info	ads	full push happen, reason:map[config:1]
2026-08-29T16:28:25.058793833Z 2026-08-29T16:28:25.058534Z	info	ads	full push happen, reason:map[config:1]
2026-08-29T16:28:25.073935462Z 2026-08-29T16:28:25.073677Z	info	ads	full push happen, reason:map[config:1]
2026-08-29T16:28:25.073969570Z 2026-08-29T16:28:25.073712Z	info	ads	full push happen, reason:map[config:1]
2026-08-29T16:28:25.092825909Z 2026-08-29T16:28:25.092673Z	info	ads	full push happen, reason:map[config:1]
2026-08-29T16:28:25.092856381Z 2026-08-29T16:28:25.092704Z	info	ads	full push happen, reason:map[config:1]
2026-08-29T16:28:25.107918410Z 2026-08-29T16:28:25.107621Z	info	ads	full push happen, reason:map[config:1]
2026-08-29T16:28:25.107946334Z 2026-08-29T16:28:25.107663Z	info	ads	full push happen, reason:map[config:1]
2026-08-29T16:28:25.123942237Z 2026-08-29T16:28:25.123809Z	info	ads	full push happen, reason:map[config:1]
2026-08-29T16:28:25.123973549Z 2026-08-29T16:28:25.123844Z	info	ads	full push happen, reason:map[config:1]
2026-08-29T16:28:25.135945162Z 2026-08-29T16:28:25.135701Z	info	ads	full push happen, reason:map[config:1]
2026-08-29T16:28:25.135980263Z 2026-08-29T16:28:25.135744Z	info	ads	full push happen, reason:map[config:1]
2026-08-29T16:28:25.156065951Z 2026-08-29T16:28:25.155852Z	info	ads	full push happen, reason:map[config:1]
2026-08-29T16:28:25.156096327Z 2026-08-29T16:28:25.155887Z	info	ads	full push happen, reason:map[config:1]
2026-08-29T16:28:25.174715653Z 2026-08-29T16:28:25.174489Z	info	ads	full push happen, reason:map[config:1]
2026-08-29T16:28:25.174747569Z 2026-08-29T16:28:25.174525Z	info	ads	full push happen, reason:map[config:1]
2026-08-29T16:28:25.186487493Z 2026-08-29T16:28:25.186342Z	info	ads	full push happen, reason:map[config:1]
2026-08-29T16:28:25.186515138Z 2026-08-29T16:28:25.186380Z	info	ads	full push happen, reason:map[config:1]
2026-08-29T16:28:25.202775845Z 2026-08-29T16:28:25.202547Z	info	ads	full push happen, reason:map[config:1]
2026-08-29T16:28:25.202810150Z 2026-08-29T16:28:25.202579Z	info	ads	full push happen, reason:map[config:1]
2026-08-29T16:28:25.219019746Z 2026-08-29T16:28:25.218852Z	info	ads	full push happen, reason:map[config:1]
2026-08-29T16:28:25.219050727Z 2026-08-29T16:28:25.218891Z	info	ads	full push happen, reason:map[config:1]
2026-08-29T16:28:25.233249305Z 2026-08-29T16:28:25.233050Z	info	ads	full push happen, reason:map[config:1]
2026-08-29T16:28:25.233286696Z 2026-08-29T16:28:25.233084Z	info	ads	full push happen, reason:map[config:1]
2026-08-29T16:28:25.249770887Z 2026-08-29T16:28:25.249442Z	info	ads	full push happen, reason:map[config:1]
2026-08-29T16:28:25.249805980Z 2026-08-29T16:28:25.249477Z	info	ads	full push happen, reason:map[config:1]
2026-08-29T16:28:25.266029415Z 2026-08-29T16:28:25.265896Z	info	ads	full push happen, reason:map[config:1]
2026-08-29T16:28:25.266043083Z 2026-08-29T16:28:25.265949Z	info	ads	full push happen, reason:map[config:1]
2026-08-29T16:28:25.277274952Z 2026-08-29T16:28:25.277105Z	info	ads	full push happen, reason:map[config:1]
2026-08-29T16:28:25.277289153Z 2026-08-29T16:28:25.277142Z	info	ads	full push happen, reason:map[config:1]
2026-08-29T16:28:25.295460126Z 2026-08-29T16:28:25.295196Z	info	ads	full push happen, reason:map[config:1]
2026-08-29T16:28:25.295489754Z 2026-08-29T16:28:25.295240Z	info	ads	full push happen, reason:map[config:1]
2026-08-29T16:28:25.306518062Z 2026-08-29T16:28:25.306345Z	info	ads	full push happen, reason:map[config:1]
2026-08-29T16:28:25.306532518Z 2026-08-29T16:28:25.306388Z	info	ads	full push happen, reason:map[config:1]
2026-08-29T16:28:25.323880406Z 2026-08-29T16:28:25.323597Z	info	ads	full push happen, reason:map[config:1]
2026-08-29T16:28:25.323912030Z 2026-08-29T16:28:25.323642Z	info	ads	full push happen, reason:map[config:1]
2026-08-29T16:28:25.340527942Z 2026-08-29T16:28:25.340261Z	info	ads	full push happen, reason:map[config:1]
2026-08-29T16:28:25.340560274Z 2026-08-29T16:28:25.340293Z	info	ads	full push happen, reason:map[config:1]
2026-08-29T16:28:25.351801630Z 2026-08-29T16:28:25.351618Z	info	ads	full push happen, reason:map[config:1]
2026-08-29T16:28:25.351850587Z 2026-08-29T16:28:25.351660Z	info	ads	full push happen, reason:map[config:1]
2026-08-29T16:28:25.368481107Z 2026-08-29T16:28:25.368195Z	info	ads	full push happen, reason:map[config:1]
2026-08-29T16:28:25.368513066Z 2026-08-29T16:28:25.368237Z	info	ads	full push happen, reason:map[config:1]
2026-08-29T16:28:25.385652770Z 2026-08-29T16:28:25.385465Z	info	ads	full push happen, reason:map[config:1]
2026-08-29T16:28:25.385681349Z 2026-08-29T16:28:25.385498Z	info	ads	full push happen, reason:map[config:1]
2026-08-29T16:28:25.396969223Z 2026-08-29T16:28:25.396762Z	info	ads	full push happen, reason:map[config:1]
2026-08-29T16:28:25.396996683Z 2026-08-29T16:28:25.396803Z	info	ads	full push happen, reason:map[config:1]
2026-08-29T16:28:25.415556056Z 2026-08-29T16:28:25.415390Z	info	ads	full push happen, reason:map[config:1]
2026-08-29T16:28:25.415588536Z 2026-08-29T16:28:25.415427Z	info	ads	full push happen, reason:map[config:1]
2026-08-29T16:28:25.433314196Z 2026-08-29T16:28:25.433119Z	info	ads	full push happen, reason:map[config:1]
2026-08-29T16:28:25.433330760Z 2026-08-29T16:28:25.433150Z	info	ads	full push happen, reason:map[config:1]
2026-08-29T16:28:25.445138321Z 2026-08-29T16:28:25.444903Z	info	ads	full push happen, reason:map[config:1]
2026-08-29T16:28:25.445166509Z 2026-08-29T16:28:25.444942Z	info	ads	full push happen, reason:map[config:1]
2026-08-29T16:28:25.461554902Z 2026-08-29T16:28:25.461335Z	info	ads	full push happen, reason:map[config:1]
2026-08-29T16:28:25.461586642Z 2026-08-29T16:28:25.461378Z	info	ads	full push happen, reason:map[config:1]
2026-08-29T16:28:25.478468228Z 2026-08-29T16:28:25.478292Z	info	ads	full push happen, reason:map[config:1]
2026-08-29T16:28:25.478509876Z 2026-08-29T16:28:25.478334Z	info	ads	full push happen, reason:map[config:1]
2026-08-29T16:28:25.497298123Z 2026-08-29T16:28:25.497142Z	info	ads	full push happen, reason:map[config:1]
2026-08-29T16:28:25.497338359Z 2026-08-29T16:28:25.497180Z	info	ads	full push happen, reason:map[config:1]
2026-08-29T16:28:25.514324545Z 2026-08-29T16:28:25.514162Z	info	ads	full push happen, reason:map[config:1]
2026-08-29T16:28:25.514358205Z 2026-08-29T16:28:25.514207Z	info	ads	full push happen, reason:map[config:1]
2026-08-29T16:28:25.525882391Z 2026-08-29T16:28:25.525645Z	info	ads	full push happen, reason:map[config:1]
2026-08-29T16:28:25.525912816Z 2026-08-29T16:28:25.525679Z	info	ads	full push happen, reason:map[config:1]
2026-08-29T16:28:25.540171605Z 2026-08-29T16:28:25.539873Z	info	ads	full push happen, reason:map[config:1]
2026-08-29T16:28:25.540202702Z 2026-08-29T16:28:25.539908Z	info	ads	full push happen, reason:map[config:1]
2026-08-29T16:28:25.554318383Z 2026-08-29T16:28:25.554092Z	info	ads	full push happen, reason:map[config:1]
2026-08-29T16:28:25.554354279Z 2026-08-29T16:28:25.554142Z	info	ads	full push happen, reason:map[config:1]
2026-08-29T16:28:25.565395706Z 2026-08-29T16:28:25.565178Z	info	ads	full push happen, reason:map[config:1]
2026-08-29T16:28:25.565428599Z 2026-08-29T16:28:25.565210Z	info	ads	full push happen, reason:map[config:1]
2026-08-29T16:28:25.579821718Z 2026-08-29T16:28:25.579565Z	info	ads	full push happen, reason:map[config:1]
2026-08-29T16:28:25.579852094Z 2026-08-29T16:28:25.579613Z	info	ads	full push happen, reason:map[config:1]
2026-08-29T16:28:25.597069338Z 2026-08-29T16:28:25.596804Z	info	ads	full push happen, reason:map[config:1]
2026-08-29T16:28:25.597103806Z 2026-08-29T16:28:25.596846Z	info	ads	full push happen, reason:map[config:1]
2026-08-29T16:28:25.607485205Z 2026-08-29T16:28:25.607351Z	info	ads	full push happen, reason:map[config:1]
2026-08-29T16:28:25.607504817Z 2026-08-29T16:28:25.607391Z	info	ads	full push happen, reason:map[config:1]
2026-08-29T16:28:25.624082652Z 2026-08-29T16:28:25.623775Z	info	ads	full push happen, reason:map[config:1]
2026-08-29T16:28:25.624112711Z 2026-08-29T16:28:25.623823Z	info	ads	full push happen, reason:map[config:1]
2026-08-29T16:28:25.635216440Z 2026-08-29T16:28:25.635118Z	info	ads	full push happen, reason:map[config:1]
2026-08-29T16:28:25.635229287Z 2026-08-29T16:28:25.635161Z	info	ads	full push happen, reason:map[config:1]
2026-08-29T16:28:25.651029704Z 2026-08-29T16:28:25.650741Z	info	ads	full push happen, reason:map[config:1]
2026-08-29T16:28:25.651059670Z 2026-08-29T16:28:25.650773Z	info	ads	full push happen, reason:map[config:1]
2026-08-29T16:28:25.667033919Z 2026-08-29T16:28:25.666833Z	info	ads	full push happen, reason:map[config:1]
2026-08-29T16:28:25.667064596Z 2026-08-29T16:28:25.666866Z	info	ads	full push happen, reason:map[config:1]
2026-08-29T16:28:25.678612530Z 2026-08-29T16:28:25.678441Z	info	ads	full push happen, reason:map[config:1]
2026-08-29T16:28:25.678646599Z 2026-08-29T16:28:25.678494Z	info	ads	full push happen, reason:map[config:1]
2026-08-29T16:28:25.694495941Z 2026-08-29T16:28:25.694240Z	info	ads	full push happen, reason:map[config:1]
2026-08-29T16:28:25.694539269Z 2026-08-29T16:28:25.694282Z	info	ads	full push happen, reason:map[config:1]
2026-08-29T16:28:25.710896379Z 2026-08-29T16:28:25.710646Z	info	ads	full push happen, reason:map[config:1]
2026-08-29T16:28:25.710927767Z 2026-08-29T16:28:25.710685Z	info	ads	full push happen, reason:map[config:1]
2026-08-29T16:28:25.722407049Z 2026-08-29T16:28:25.722235Z	info	ads	full push happen, reason:map[config:1]
2026-08-29T16:28:25.722440450Z 2026-08-29T16:28:25.722273Z	info	ads	full push happen, reason:map[config:1]
2026-08-29T16:28:25.738533249Z 2026-08-29T16:28:25.738363Z	info	ads	full push happen, reason:map[config:1]
2026-08-29T16:28:25.738563213Z 2026-08-29T16:28:25.738387Z	info	ads	full push happen, reason:map[config:1]
2026-08-29T16:28:25.754601800Z 2026-08-29T16:28:25.754396Z	info	ads	full push happen, reason:map[config:1]
2026-08-29T16:28:25.754631408Z 2026-08-29T16:28:25.754431Z	info	ads	full push happen, reason:map[config:1]
2026-08-29T16:28:25.766768107Z 2026-08-29T16:28:25.766567Z	info	ads	full push happen, reason:map[config:1]
2026-08-29T16:28:25.766796399Z 2026-08-29T16:28:25.766612Z	info	ads	full push happen, reason:map[config:1]
2026-08-29T16:28:25.782743957Z 2026-08-29T16:28:25.782570Z	info	ads	full push happen, reason:map[config:1]
2026-08-29T16:28:25.782773402Z 2026-08-29T16:28:25.782631Z	info	ads	full push happen, reason:map[config:1]
2026-08-29T16:28:25.794403130Z 2026-08-29T16:28:25.794147Z	info	ads	full push happen, reason:map[config:1]
2026-08-29T16:28:25.794435358Z 2026-08-29T16:28:25.794178Z	info	ads	full push happen, reason:map[config:1]
2026-08-29T16:28:25.808667240Z 2026-08-29T16:28:25.808532Z	info	ads	full push happen, reason:map[config:1]
2026-08-29T16:28:25.808698856Z 2026-08-29T16:28:25.808583Z	info	ads	full push happen, reason:map[config:1]
2026-08-29T16:28:25.825201514Z 2026-08-29T16:28:25.824908Z	info	ads	full push happen, reason:map[config:1]
2026-08-29T16:28:25.825232531Z 2026-08-29T16:28:25.824963Z	info	ads	full push happen, reason:map[config:1]
2026-08-29T16:28:25.842120767Z 2026-08-29T16:28:25.841965Z	info	ads	full push happen, reason:map[config:1]
2026-08-29T16:28:25.842156044Z 2026-08-29T16:28:25.842017Z	info	ads	full push happen, reason:map[config:1]
2026-08-29T16:28:25.853855652Z 2026-08-29T16:28:25.853627Z	info	ads	full push happen, reason:map[config:1]
2026-08-29T16:28:25.853884204Z 2026-08-29T16:28:25.853665Z	info	ads	full push happen, reason:map[config:1]
2026-08-29T16:28:25.871247489Z 2026-08-29T16:28:25.871087Z	info	ads	full push happen, reason:map[config:1]
2026-08-29T16:28:25.871303133Z 2026-08-29T16:28:25.871123Z	info	ads	full push happen, reason:map[config:1]
2026-08-29T16:28:25.883757415Z 2026-08-29T16:28:25.883572Z	info	ads	full push happen, reason:map[config:1]
2026-08-29T16:28:25.883785699Z 2026-08-29T16:28:25.883623Z	info	ads	full push happen, reason:map[config:1]
2026-08-29T16:28:25.900246528Z 2026-08-29T16:28:25.900097Z	info	ads	full push happen, reason:map[config:1]
2026-08-29T16:28:25.900277857Z 2026-08-29T16:28:25.900136Z	info	ads	full push happen, reason:map[config:1]
2026-08-29T16:28:25.916534717Z 2026-08-29T16:28:25.916415Z	info	ads	full push happen, reason:map[config:1]
2026-08-29T16:28:25.916550006Z 2026-08-29T16:28:25.916457Z	info	ads	full push happen, reason:map[config:1]
2026-08-29T16:28:25.932548356Z 2026-08-29T16:28:25.932298Z	info	ads	full push happen, reason:map[config:1]
2026-08-29T16:28:25.932587780Z 2026-08-29T16:28:25.932341Z	info	ads	full push happen, reason:map[config:1]
2026-08-29T16:28:25.949306969Z 2026-08-29T16:28:25.949091Z	info	ads	full push happen, reason:map[config:1]
2026-08-29T16:28:25.949344312Z 2026-08-29T16:28:25.949137Z	info	ads	full push happen, reason:map[config:1]
2026-08-29T16:28:25.966862386Z 2026-08-29T16:28:25.966700Z	info	ads	full push happen, reason:map[config:1]
2026-08-29T16:28:25.966894354Z 2026-08-29T16:28:25.966751Z	info	ads	full push happen, reason:map[config:1]
2026-08-29T16:28:25.978543894Z 2026-08-29T16:28:25.978382Z	info	ads	full push happen, reason:map[config:1]
2026-08-29T16:28:25.978558782Z 2026-08-29T16:28:25.978425Z	info	ads	full push happen, reason:map[config:1]
2026-08-29T16:28:25.997646166Z 2026-08-29T16:28:25.997522Z	info	ads	full push happen, reason:map[config:1]
2026-08-29T16:28:25.997675647Z 2026-08-29T16:28:25.997566Z	info	ads	full push happen, reason:map[config:1]
2026-08-29T16:28:26.014453152Z 2026-08-29T16:28:26.014251Z	info	ads	full push happen, reason:map[config:1]
2026-08-29T16:28:26.014482988Z 2026-08-29T16:28:26.014289Z	info	ads	full push happen, reason:map[config:1]
2026-08-29T16:28:26.050444169Z 2026-08-29T16:28:26.050227Z	info	ads	full push happen, reason:map[config:1]
2026-08-29T16:28:26.050475534Z 2026-08-29T16:28:26.050278Z	info	ads	full push happen, reason:map[config:1]
2026-08-29T16:28:26.069858736Z 2026-08-29T16:28:26.069695Z	info	ads	full push happen, reason:map[config:1]
2026-08-29T16:28:26.069876161Z 2026-08-29T16:28:26.069734Z	info	ads	full push happen, reason:map[config:1]
2026-08-29T16:28:26.081243278Z 2026-08-29T16:28:26.081035Z	info	ads	full push happen, reason:map[config:1]
2026-08-29T16:28:26.081269559Z 2026-08-29T16:28:26.081088Z	info	ads	full push happen, reason:map[config:1]
2026-08-29T16:28:26.096554752Z 2026-08-29T16:28:26.096388Z	info	ads	full push happen, reason:map[config:1]
2026-08-29T16:28:26.096568465Z 2026-08-29T16:28:26.096422Z	info	ads	full push happen, reason:map[config:1]
2026-08-29T16:28:26.111514427Z 2026-08-29T16:28:26.111366Z	info	ads	full push happen, reason:map[config:1]
2026-08-29T16:28:26.111545356Z 2026-08-29T16:28:26.111403Z	info	ads	full push happen, reason:map[config:1]
2026-08-29T16:28:26.122009047Z 2026-08-29T16:28:26.121803Z	info	ads	full push happen, reason:map[config:1]
2026-08-29T16:28:26.122046899Z 2026-08-29T16:28:26.121836Z	info	ads	full push happen, reason:map[config:1]
2026-08-29T16:28:26.137212487Z 2026-08-29T16:28:26.137036Z	info	ads	full push happen, reason:map[config:1]
2026-08-29T16:28:26.137245572Z 2026-08-29T16:28:26.137068Z	info	ads	full push happen, reason:map[config:1]
2026-08-29T16:28:26.153180526Z 2026-08-29T16:28:26.152965Z	info	ads	full push happen, reason:map[config:1]
2026-08-29T16:28:26.153213791Z 2026-08-29T16:28:26.153006Z	info	ads	full push happen, reason:map[config:1]
2026-08-29T16:28:26.163899375Z 2026-08-29T16:28:26.163644Z	info	ads	full push happen, reason:map[config:1]
2026-08-29T16:28:26.163962423Z 2026-08-29T16:28:26.163683Z	info	ads	full push happen, reason:map[config:1]
2026-08-29T16:28:26.180263593Z 2026-08-29T16:28:26.180091Z	info	ads	full push happen, reason:map[config:1]
2026-08-29T16:28:26.180276941Z 2026-08-29T16:28:26.180145Z	info	ads	full push happen, reason:map[config:1]
2026-08-29T16:28:26.196172078Z 2026-08-29T16:28:26.195959Z	info	ads	full push happen, reason:map[config:1]
2026-08-29T16:28:26.196204642Z 2026-08-29T16:28:26.195994Z	info	ads	full push happen, reason:map[config:1]
2026-08-29T16:28:26.208356514Z 2026-08-29T16:28:26.208211Z	info	ads	full push happen, reason:map[config:1]
2026-08-29T16:28:26.208391683Z 2026-08-29T16:28:26.208250Z	info	ads	full push happen, reason:map[config:1]
2026-08-29T16:28:26.224043091Z 2026-08-29T16:28:26.223796Z	info	ads	full push happen, reason:map[config:1]
2026-08-29T16:28:26.224075219Z 2026-08-29T16:28:26.223833Z	info	ads	full push happen, reason:map[config:1]
2026-08-29T16:28:26.234762143Z 2026-08-29T16:28:26.234557Z	info	ads	full push happen, reason:map[config:1]
2026-08-29T16:28:26.234796184Z 2026-08-29T16:28:26.234588Z	info	ads	full push happen, reason:map[config:1]
2026-08-29T16:28:26.251836710Z 2026-08-29T16:28:26.251538Z	info	ads	full push happen, reason:map[config:1]
2026-08-29T16:28:26.251869099Z 2026-08-29T16:28:26.251586Z	info	ads	full push happen, reason:map[config:1]
2026-08-29T16:28:26.269319239Z 2026-08-29T16:28:26.269199Z	info	ads	full push happen, reason:map[config:1]
2026-08-29T16:28:26.269334047Z 2026-08-29T16:28:26.269237Z	info	ads	full push happen, reason:map[config:1]
2026-08-29T16:28:26.280598136Z 2026-08-29T16:28:26.280335Z	info	ads	full push happen, reason:map[config:1]
2026-08-29T16:28:26.280637241Z 2026-08-29T16:28:26.280385Z	info	ads	full push happen, reason:map[config:1]
2026-08-29T16:28:26.296006362Z 2026-08-29T16:28:26.295725Z	info	ads	full push happen, reason:map[config:1]
2026-08-29T16:28:26.296042459Z 2026-08-29T16:28:26.295773Z	info	ads	full push happen, reason:map[config:1]
2026-08-29T16:28:26.313940235Z 2026-08-29T16:28:26.313717Z	info	ads	full push happen, reason:map[config:1]
2026-08-29T16:28:26.313972203Z 2026-08-29T16:28:26.313764Z	info	ads	full push happen, reason:map[config:1]
2026-08-29T16:28:26.327323640Z 2026-08-29T16:28:26.327163Z	info	ads	full push happen, reason:map[config:1]
2026-08-29T16:28:26.327351395Z 2026-08-29T16:28:26.327201Z	info	ads	full push happen, reason:map[config:1]
2026-08-29T16:28:26.343789697Z 2026-08-29T16:28:26.343562Z	info	ads	full push happen, reason:map[config:1]
2026-08-29T16:28:26.343823346Z 2026-08-29T16:28:26.343601Z	info	ads	full push happen, reason:map[config:1]
2026-08-29T16:28:26.359415442Z 2026-08-29T16:28:26.359216Z	info	ads	full push happen, reason:map[config:1]
2026-08-29T16:28:26.359446449Z 2026-08-29T16:28:26.359253Z	info	ads	full push happen, reason:map[config:1]
2026-08-29T16:28:26.368650008Z 2026-08-29T16:28:26.368455Z	info	ads	full push happen, reason:map[config:1]
2026-08-29T16:28:26.368678183Z 2026-08-29T16:28:26.368486Z	info	ads	full push happen, reason:map[config:1]
2026-08-29T16:28:26.382388398Z 2026-08-29T16:28:26.382237Z	info	ads	full push happen, reason:map[config:1]
2026-08-29T16:28:26.382418503Z 2026-08-29T16:28:26.382274Z	info	ads	full push happen, reason:map[config:1]
2026-08-29T16:28:26.393021504Z 2026-08-29T16:28:26.392829Z	info	ads	full push happen, reason:map[config:1]
2026-08-29T16:28:26.393050413Z 2026-08-29T16:28:26.392873Z	info	ads	full push happen, reason:map[config:1]
2026-08-29T16:28:26.408621450Z 2026-08-29T16:28:26.408382Z	info	ads	full push happen, reason:map[config:1]
2026-08-29T16:28:26.408659403Z 2026-08-29T16:28:26.408421Z	info	ads	full push happen, reason:map[config:1]
2026-08-29T16:28:26.424491100Z 2026-08-29T16:28:26.424294Z	info	ads	full push happen, reason:map[config:1]
2026-08-29T16:28:26.424529269Z 2026-08-29T16:28:26.424337Z	info	ads	full push happen, reason:map[config:1]
2026-08-29T16:28:26.435044879Z 2026-08-29T16:28:26.434791Z	info	ads	full push happen, reason:map[config:1]
2026-08-29T16:28:26.435080852Z 2026-08-29T16:28:26.434833Z	info	ads	full push happen, reason:map[config:1]
2026-08-29T16:28:26.450765561Z 2026-08-29T16:28:26.450593Z	info	ads	full push happen, reason:map[config:1]
2026-08-29T16:28:26.450781601Z 2026-08-29T16:28:26.450626Z	info	ads	full push happen, reason:map[config:1]
2026-08-29T16:28:26.466024429Z 2026-08-29T16:28:26.465860Z	info	ads	full push happen, reason:map[config:1]
2026-08-29T16:28:26.466055682Z 2026-08-29T16:28:26.465897Z	info	ads	full push happen, reason:map[config:1]
2026-08-29T16:28:26.482973156Z 2026-08-29T16:28:26.482628Z	info	ads	full push happen, reason:map[config:1]
2026-08-29T16:28:26.483007544Z 2026-08-29T16:28:26.482658Z	info	ads	full push happen, reason:map[config:1]
2026-08-29T16:28:26.493478259Z 2026-08-29T16:28:26.493325Z	info	ads	full push happen, reason:map[config:1]
2026-08-29T16:28:26.493509879Z 2026-08-29T16:28:26.493363Z	info	ads	full push happen, reason:map[config:1]
2026-08-29T16:28:26.508757288Z 2026-08-29T16:28:26.508604Z	info	ads	full push happen, reason:map[config:1]
2026-08-29T16:28:26.508792993Z 2026-08-29T16:28:26.508644Z	info	ads	full push happen, reason:map[config:1]
2026-08-29T16:28:26.525609645Z 2026-08-29T16:28:26.525309Z	info	ads	full push happen, reason:map[config:1]
2026-08-29T16:28:26.525646518Z 2026-08-29T16:28:26.525344Z	info	ads	full push happen, reason:map[config:1]
2026-08-29T16:28:26.536018519Z 2026-08-29T16:28:26.535859Z	info	ads	full push happen, reason:map[config:1]
2026-08-29T16:28:26.536032312Z 2026-08-29T16:28:26.535902Z	info	ads	full push happen, reason:map[config:1]
2026-08-29T16:28:26.550810430Z 2026-08-29T16:28:26.550575Z	info	ads	full push happen, reason:map[config:1]
2026-08-29T16:28:26.550841822Z 2026-08-29T16:28:26.550609Z	info	ads	full push happen, reason:map[config:1]
2026-08-29T16:28:26.566607519Z 2026-08-29T16:28:26.566455Z	info	ads	full push happen, reason:map[config:1]
2026-08-29T16:28:26.566640811Z 2026-08-29T16:28:26.566490Z	info	ads	full push happen, reason:map[config:1]
2026-08-29T16:28:26.577279288Z 2026-08-29T16:28:26.577107Z	info	ads	full push happen, reason:map[config:1]
2026-08-29T16:28:26.577305300Z 2026-08-29T16:28:26.577148Z	info	ads	full push happen, reason:map[config:1]
2026-08-29T16:28:26.592445853Z 2026-08-29T16:28:26.592239Z	info	ads	full push happen, reason:map[config:1]
2026-08-29T16:28:26.592486632Z 2026-08-29T16:28:26.592278Z	info	ads	full push happen, reason:map[config:1]
2026-08-29T16:28:26.612195410Z 2026-08-29T16:28:26.612021Z	info	ads	full push happen, reason:map[config:1]
2026-08-29T16:28:26.612209423Z 2026-08-29T16:28:26.612074Z	info	ads	full push happen, reason:map[config:1]
2026-08-29T16:28:26.623326938Z 2026-08-29T16:28:26.623203Z	info	ads	full push happen, reason:map[config:1]
2026-08-29T16:28:26.623341363Z 2026-08-29T16:28:26.623255Z	info	ads	full push happen, reason:map[config:1]
2026-08-29T16:28:26.639066139Z 2026-08-29T16:28:26.638850Z	info	ads	full push happen, reason:map[config:1]
2026-08-29T16:28:26.639103176Z 2026-08-29T16:28:26.638885Z	info	ads	full push happen, reason:map[config:1]
2026-08-29T16:28:26.649788472Z 2026-08-29T16:28:26.649642Z	info	ads	full push happen, reason:map[config:1]
2026-08-29T16:28:26.649822448Z 2026-08-29T16:28:26.649674Z	info	ads	full push happen, reason:map[config:1]
2026-08-29T16:28:26.665271691Z 2026-08-29T16:28:26.665014Z	info	ads	full push happen, reason:map[config:1]
2026-08-29T16:28:26.665301075Z 2026-08-29T16:28:26.665053Z	info	ads	full push happen, reason:map[config:1]
2026-08-29T16:28:26.680290706Z 2026-08-29T16:28:26.680081Z	info	ads	full push happen, reason:map[config:1]
2026-08-29T16:28:26.680322703Z 2026-08-29T16:28:26.680114Z	info	ads	full push happen, reason:map[config:1]
2026-08-29T16:28:26.691074620Z 2026-08-29T16:28:26.690835Z	info	ads	full push happen, reason:map[config:1]
2026-08-29T16:28:26.691103111Z 2026-08-29T16:28:26.690883Z	info	ads	full push happen, reason:map[config:1]
2026-08-29T16:28:26.706204637Z 2026-08-29T16:28:26.706014Z	info	ads	full push happen, reason:map[config:1]
2026-08-29T16:28:26.706236220Z 2026-08-29T16:28:26.706045Z	info	ads	full push happen, reason:map[config:1]
2026-08-29T16:28:26.721587206Z 2026-08-29T16:28:26.721385Z	info	ads	full push happen, reason:map[config:1]
2026-08-29T16:28:26.721621179Z 2026-08-29T16:28:26.721424Z	info	ads	full push happen, reason:map[config:1]
2026-08-29T16:28:26.734215517Z 2026-08-29T16:28:26.734106Z	info	ads	full push happen, reason:map[config:1]
2026-08-29T16:28:26.734222670Z 2026-08-29T16:28:26.734149Z	info	ads	full push happen, reason:map[config:1]
2026-08-29T16:28:26.749479619Z 2026-08-29T16:28:26.749375Z	info	ads	full push happen, reason:map[config:1]
2026-08-29T16:28:26.749509779Z 2026-08-29T16:28:26.749409Z	info	ads	full push happen, reason:map[config:1]
2026-08-29T16:28:26.764948125Z 2026-08-29T16:28:26.764757Z	info	ads	full push happen, reason:map[config:1]
2026-08-29T16:28:26.764968978Z 2026-08-29T16:28:26.764794Z	info	ads	full push happen, reason:map[config:1]
2026-08-29T16:28:26.776438321Z 2026-08-29T16:28:26.776306Z	info	ads	full push happen, reason:map[config:1]
2026-08-29T16:28:26.776453105Z 2026-08-29T16:28:26.776352Z	info	ads	full push happen, reason:map[config:1]
2026-08-29T16:28:26.791553313Z 2026-08-29T16:28:26.791371Z	info	ads	full push happen, reason:map[config:1]
2026-08-29T16:28:26.791582760Z 2026-08-29T16:28:26.791413Z	info	ads	full push happen, reason:map[config:1]
2026-08-29T16:28:26.802277129Z 2026-08-29T16:28:26.802062Z	info	ads	full push happen, reason:map[config:1]
2026-08-29T16:28:26.802312841Z 2026-08-29T16:28:26.802095Z	info	ads	full push happen, reason:map[config:1]
2026-08-29T16:28:26.818170540Z 2026-08-29T16:28:26.817989Z	info	ads	full push happen, reason:map[config:1]
2026-08-29T16:28:26.818200148Z 2026-08-29T16:28:26.818027Z	info	ads	full push happen, reason:map[config:1]
2026-08-29T16:28:26.833601670Z 2026-08-29T16:28:26.833433Z	info	ads	full push happen, reason:map[config:1]
2026-08-29T16:28:26.833616470Z 2026-08-29T16:28:26.833474Z	info	ads	full push happen, reason:map[config:1]
2026-08-29T16:28:26.845078532Z 2026-08-29T16:28:26.844871Z	info	ads	full push happen, reason:map[config:1]
2026-08-29T16:28:26.845094041Z 2026-08-29T16:28:26.844915Z	info	ads	full push happen, reason:map[config:1]
2026-08-29T16:28:26.860388007Z 2026-08-29T16:28:26.860169Z	info	ads	full push happen, reason:map[config:1]
2026-08-29T16:28:26.860419114Z 2026-08-29T16:28:26.860205Z	info	ads	full push happen, reason:map[config:1]
2026-08-29T16:28:26.876603254Z 2026-08-29T16:28:26.876412Z	info	ads	full push happen, reason:map[config:1]
2026-08-29T16:28:26.876621386Z 2026-08-29T16:28:26.876451Z	info	ads	full push happen, reason:map[config:1]
2026-08-29T16:28:26.889032859Z 2026-08-29T16:28:26.888850Z	info	ads	full push happen, reason:map[config:1]
2026-08-29T16:28:26.889047935Z 2026-08-29T16:28:26.888889Z	info	ads	full push happen, reason:map[config:1]
2026-08-29T16:28:26.903995006Z 2026-08-29T16:28:26.903814Z	info	ads	full push happen, reason:map[config:1]
2026-08-29T16:28:26.904024855Z 2026-08-29T16:28:26.903844Z	info	ads	full push happen, reason:map[config:1]
2026-08-29T16:28:26.919811188Z 2026-08-29T16:28:26.919659Z	info	ads	full push happen, reason:map[config:1]
2026-08-29T16:28:26.919865616Z 2026-08-29T16:28:26.919697Z	info	ads	full push happen, reason:map[config:1]
2026-08-29T16:28:26.931153961Z 2026-08-29T16:28:26.931030Z	info	ads	full push happen, reason:map[config:1]
2026-08-29T16:28:26.931181466Z 2026-08-29T16:28:26.931068Z	info	ads	full push happen, reason:map[config:1]
2026-08-29T16:28:26.944862003Z 2026-08-29T16:28:26.944677Z	info	ads	full push happen, reason:map[config:1]
2026-08-29T16:28:26.944891168Z 2026-08-29T16:28:26.944717Z	info	ads	full push happen, reason:map[config:1]
2026-08-29T16:28:26.960508904Z 2026-08-29T16:28:26.960314Z	info	ads	full push happen, reason:map[config:1]
2026-08-29T16:28:26.960523973Z 2026-08-29T16:28:26.960350Z	info	ads	full push happen, reason:map[config:1]
2026-08-29T16:28:26.972632627Z 2026-08-29T16:28:26.972430Z	info	ads	full push happen, reason:map[config:1]
2026-08-29T16:28:26.972646003Z 2026-08-29T16:28:26.972470Z	info	ads	full push happen, reason:map[config:1]
2026-08-29T16:28:26.988968248Z 2026-08-29T16:28:26.988765Z	info	ads	full push happen, reason:map[config:1]
2026-08-29T16:28:26.988997577Z 2026-08-29T16:28:26.988807Z	info	ads	full push happen, reason:map[config:1]
2026-08-29T16:28:27.005278233Z 2026-08-29T16:28:27.005053Z	info	ads	full push happen, reason:map[config:1]
2026-08-29T16:28:27.005313802Z 2026-08-29T16:28:27.005093Z	info	ads	full push happen, reason:map[config:1]
2026-08-29T16:28:27.016737140Z 2026-08-29T16:28:27.016420Z	info	ads	full push happen, reason:map[config:1]
2026-08-29T16:28:27.016767064Z 2026-08-29T16:28:27.016479Z	info	ads	full push happen, reason:map[config:1]
2026-08-29T16:28:27.032717278Z 2026-08-29T16:28:27.032549Z	info	ads	full push happen, reason:map[config:1]
2026-08-29T16:28:27.032753379Z 2026-08-29T16:28:27.032587Z	info	ads	full push happen, reason:map[config:1]
2026-08-29T16:28:27.048796646Z 2026-08-29T16:28:27.048566Z	info	ads	full push happen, reason:map[config:1]
2026-08-29T16:28:27.048826162Z 2026-08-29T16:28:27.048619Z	info	ads	full push happen, reason:map[config:1]
2026-08-29T16:28:27.064504013Z 2026-08-29T16:28:27.064238Z	info	ads	full push happen, reason:map[config:1]
2026-08-29T16:28:27.064539370Z 2026-08-29T16:28:27.064279Z	info	ads	full push happen, reason:map[config:1]
2026-08-29T16:28:27.080332900Z 2026-08-29T16:28:27.080172Z	info	ads	full push happen, reason:map[config:1]
2026-08-29T16:28:27.080365015Z 2026-08-29T16:28:27.080214Z	info	ads	full push happen, reason:map[config:1]
2026-08-29T16:28:27.091335083Z 2026-08-29T16:28:27.091226Z	info	ads	full push happen, reason:map[config:1]
2026-08-29T16:28:27.091351570Z 2026-08-29T16:28:27.091270Z	info	ads	full push happen, reason:map[config:1]
2026-08-29T16:28:27.108371713Z 2026-08-29T16:28:27.107480Z	info	ads	full push happen, reason:map[config:1]
2026-08-29T16:28:27.108419199Z 2026-08-29T16:28:27.108185Z	info	ads	full push happen, reason:map[config:1]
2026-08-29T16:28:27.124826446Z 2026-08-29T16:28:27.124514Z	info	ads	full push happen, reason:map[config:1]
2026-08-29T16:28:27.124859190Z 2026-08-29T16:28:27.124591Z	info	ads	full push happen, reason:map[config:1]
2026-08-29T16:28:27.136688587Z 2026-08-29T16:28:27.136509Z	info	ads	full push happen, reason:map[config:1]
2026-08-29T16:28:27.136702259Z 2026-08-29T16:28:27.136566Z	info	ads	full push happen, reason:map[config:1]
2026-08-29T16:28:27.156412732Z 2026-08-29T16:28:27.156226Z	info	ads	full push happen, reason:map[config:1]
2026-08-29T16:28:27.156430252Z 2026-08-29T16:28:27.156275Z	info	ads	full push happen, reason:map[config:1]
2026-08-29T16:28:27.171745618Z 2026-08-29T16:28:27.171588Z	info	ads	full push happen, reason:map[config:1]
2026-08-29T16:28:27.171776418Z 2026-08-29T16:28:27.171633Z	info	ads	full push happen, reason:map[config:1]
2026-08-29T16:28:27.183729781Z 2026-08-29T16:28:27.183510Z	info	ads	full push happen, reason:map[config:1]
2026-08-29T16:28:27.183756965Z 2026-08-29T16:28:27.183550Z	info	ads	full push happen, reason:map[config:1]
2026-08-29T16:28:27.199624139Z 2026-08-29T16:28:27.199448Z	info	ads	full push happen, reason:map[config:1]
2026-08-29T16:28:27.199654394Z 2026-08-29T16:28:27.199481Z	info	ads	full push happen, reason:map[config:1]
2026-08-29T16:28:27.215293607Z 2026-08-29T16:28:27.215089Z	info	ads	full push happen, reason:map[config:1]
2026-08-29T16:28:27.215325151Z 2026-08-29T16:28:27.215135Z	info	ads	full push happen, reason:map[config:1]
2026-08-29T16:28:27.227525975Z 2026-08-29T16:28:27.227335Z	info	ads	full push happen, reason:map[config:1]
2026-08-29T16:28:27.227553790Z 2026-08-29T16:28:27.227368Z	info	ads	full push happen, reason:map[config:1]
2026-08-29T16:28:27.244234495Z 2026-08-29T16:28:27.243981Z	info	ads	full push happen, reason:map[config:1]
2026-08-29T16:28:27.244263950Z 2026-08-29T16:28:27.244018Z	info	ads	full push happen, reason:map[config:1]
2026-08-29T16:28:27.254064800Z 2026-08-29T16:28:27.253851Z	info	ads	full push happen, reason:map[config:1]
2026-08-29T16:28:27.254097918Z 2026-08-29T16:28:27.253906Z	info	ads	full push happen, reason:map[config:1]
2026-08-29T16:28:27.271241148Z 2026-08-29T16:28:27.271058Z	info	ads	full push happen, reason:map[config:1]
2026-08-29T16:28:27.271257860Z 2026-08-29T16:28:27.271104Z	info	ads	full push happen, reason:map[config:1]
2026-08-29T16:28:27.288013140Z 2026-08-29T16:28:27.287831Z	info	ads	full push happen, reason:map[config:1]
2026-08-29T16:28:27.288042349Z 2026-08-29T16:28:27.287866Z	info	ads	full push happen, reason:map[config:1]
2026-08-29T16:28:27.299648475Z 2026-08-29T16:28:27.299423Z	info	ads	full push happen, reason:map[config:1]
2026-08-29T16:28:27.299678996Z 2026-08-29T16:28:27.299460Z	info	ads	full push happen, reason:map[config:1]
2026-08-29T16:28:27.314602511Z 2026-08-29T16:28:27.314402Z	info	ads	full push happen, reason:map[config:1]
2026-08-29T16:28:27.314634615Z 2026-08-29T16:28:27.314440Z	info	ads	full push happen, reason:map[config:1]
2026-08-29T16:28:27.329906652Z 2026-08-29T16:28:27.329675Z	info	ads	full push happen, reason:map[config:1]
2026-08-29T16:28:27.329937669Z 2026-08-29T16:28:27.329713Z	info	ads	full push happen, reason:map[config:1]
2026-08-29T16:28:27.341457479Z 2026-08-29T16:28:27.341191Z	info	ads	full push happen, reason:map[config:1]
2026-08-29T16:28:27.341485175Z 2026-08-29T16:28:27.341220Z	info	ads	full push happen, reason:map[config:1]
2026-08-29T16:28:27.357282225Z 2026-08-29T16:28:27.357104Z	info	ads	full push happen, reason:map[config:1]
2026-08-29T16:28:27.357319589Z 2026-08-29T16:28:27.357138Z	info	ads	full push happen, reason:map[config:1]
2026-08-29T16:28:27.372629171Z 2026-08-29T16:28:27.372356Z	info	ads	full push happen, reason:map[config:1]
2026-08-29T16:28:27.372661576Z 2026-08-29T16:28:27.372395Z	info	ads	full push happen, reason:map[config:1]
2026-08-29T16:28:27.383730306Z 2026-08-29T16:28:27.383565Z	info	ads	full push happen, reason:map[config:1]
2026-08-29T16:28:27.383744127Z 2026-08-29T16:28:27.383598Z	info	ads	full push happen, reason:map[config:1]
2026-08-29T16:28:27.398658833Z 2026-08-29T16:28:27.398509Z	info	ads	full push happen, reason:map[config:1]
2026-08-29T16:28:27.398692174Z 2026-08-29T16:28:27.398547Z	info	ads	full push happen, reason:map[config:1]
2026-08-29T16:28:27.416350369Z 2026-08-29T16:28:27.416176Z	info	ads	full push happen, reason:map[config:1]
2026-08-29T16:28:27.416364788Z 2026-08-29T16:28:27.416212Z	info	ads	full push happen, reason:map[config:1]
2026-08-29T16:28:27.426662142Z 2026-08-29T16:28:27.426461Z	info	ads	full push happen, reason:map[config:1]
2026-08-29T16:28:27.426689931Z 2026-08-29T16:28:27.426491Z	info	ads	full push happen, reason:map[config:1]
2026-08-29T16:28:27.442282958Z 2026-08-29T16:28:27.441990Z	info	ads	full push happen, reason:map[config:1]
2026-08-29T16:28:27.442313990Z 2026-08-29T16:28:27.442023Z	info	ads	full push happen, reason:map[config:1]
2026-08-29T16:28:27.454433777Z 2026-08-29T16:28:27.454149Z	info	ads	full push happen, reason:map[config:1]
2026-08-29T16:28:27.454460621Z 2026-08-29T16:28:27.454183Z	info	ads	full push happen, reason:map[config:1]
2026-08-29T16:28:27.471099953Z 2026-08-29T16:28:27.470926Z	info	ads	full push happen, reason:map[config:1]
2026-08-29T16:28:27.471128266Z 2026-08-29T16:28:27.470998Z	info	ads	full push happen, reason:map[config:1]
2026-08-29T16:28:27.486113593Z 2026-08-29T16:28:27.485902Z	info	ads	full push happen, reason:map[config:1]
2026-08-29T16:28:27.486146145Z 2026-08-29T16:28:27.485943Z	info	ads	full push happen, reason:map[config:1]
2026-08-29T16:28:27.501545975Z 2026-08-29T16:28:27.501380Z	info	ads	full push happen, reason:map[config:1]
2026-08-29T16:28:27.501561167Z 2026-08-29T16:28:27.501412Z	info	ads	full push happen, reason:map[config:1]
2026-08-29T16:28:27.517104354Z 2026-08-29T16:28:27.516837Z	info	ads	full push happen, reason:map[config:1]
2026-08-29T16:28:27.517140164Z 2026-08-29T16:28:27.516869Z	info	ads	full push happen, reason:map[config:1]
2026-08-29T16:28:27.527807060Z 2026-08-29T16:28:27.527580Z	info	ads	full push happen, reason:map[config:1]
2026-08-29T16:28:27.527833724Z 2026-08-29T16:28:27.527614Z	info	ads	full push happen, reason:map[config:1]
2026-08-29T16:28:27.544154668Z 2026-08-29T16:28:27.543941Z	info	ads	full push happen, reason:map[config:1]
2026-08-29T16:28:27.544184069Z 2026-08-29T16:28:27.543974Z	info	ads	full push happen, reason:map[config:1]
2026-08-29T16:28:27.554818154Z 2026-08-29T16:28:27.554573Z	info	ads	full push happen, reason:map[config:1]
2026-08-29T16:28:27.554845162Z 2026-08-29T16:28:27.554604Z	info	ads	full push happen, reason:map[config:1]
2026-08-29T16:28:27.570832817Z 2026-08-29T16:28:27.570751Z	info	ads	full push happen, reason:map[config:1]
2026-08-29T16:28:27.570845989Z 2026-08-29T16:28:27.570793Z	info	ads	full push happen, reason:map[config:1]
2026-08-29T16:28:27.586065382Z 2026-08-29T16:28:27.585788Z	info	ads	full push happen, reason:map[config:1]
2026-08-29T16:28:27.586095286Z 2026-08-29T16:28:27.585819Z	info	ads	full push happen, reason:map[config:1]
2026-08-29T16:28:27.598052752Z 2026-08-29T16:28:27.597886Z	info	ads	full push happen, reason:map[config:1]
2026-08-29T16:28:27.598065936Z 2026-08-29T16:28:27.597929Z	info	ads	full push happen, reason:map[config:1]
2026-08-29T16:28:27.613603594Z 2026-08-29T16:28:27.613341Z	info	ads	full push happen, reason:map[config:1]
2026-08-29T16:28:27.613633139Z 2026-08-29T16:28:27.613372Z	info	ads	full push happen, reason:map[config:1]
2026-08-29T16:28:27.628804812Z 2026-08-29T16:28:27.628650Z	info	ads	full push happen, reason:map[config:1]
2026-08-29T16:28:27.628817788Z 2026-08-29T16:28:27.628686Z	info	ads	full push happen, reason:map[config:1]
2026-08-29T16:28:27.639535236Z 2026-08-29T16:28:27.639413Z	info	ads	full push happen, reason:map[config:1]
2026-08-29T16:28:27.639548984Z 2026-08-29T16:28:27.639449Z	info	ads	full push happen, reason:map[config:1]
2026-08-29T16:28:27.654198813Z 2026-08-29T16:28:27.654018Z	info	ads	full push happen, reason:map[config:1]
2026-08-29T16:28:27.654226890Z 2026-08-29T16:28:27.654045Z	info	ads	full push happen, reason:map[config:1]
2026-08-29T16:28:27.669766246Z 2026-08-29T16:28:27.669525Z	info	ads	full push happen, reason:map[config:1]
2026-08-29T16:28:27.669796794Z 2026-08-29T16:28:27.669563Z	info	ads	full push happen, reason:map[config:1]
2026-08-29T16:28:27.682361527Z 2026-08-29T16:28:27.682198Z	info	ads	full push happen, reason:map[config:1]
2026-08-29T16:28:27.682400943Z 2026-08-29T16:28:27.682235Z	info	ads	full push happen, reason:map[config:1]
2026-08-29T16:28:27.697496004Z 2026-08-29T16:28:27.697275Z	info	ads	full push happen, reason:map[config:1]
2026-08-29T16:28:27.697525472Z 2026-08-29T16:28:27.697305Z	info	ads	full push happen, reason:map[config:1]
2026-08-29T16:28:27.708019964Z 2026-08-29T16:28:27.707806Z	info	ads	full push happen, reason:map[config:1]
2026-08-29T16:28:27.708043328Z 2026-08-29T16:28:27.707843Z	info	ads	full push happen, reason:map[config:1]
2026-08-29T16:28:27.723305201Z 2026-08-29T16:28:27.722985Z	info	ads	full push happen, reason:map[config:1]
2026-08-29T16:28:27.723334250Z 2026-08-29T16:28:27.723019Z	info	ads	full push happen, reason:map[config:1]
2026-08-29T16:28:27.738872377Z 2026-08-29T16:28:27.738606Z	info	ads	full push happen, reason:map[config:1]
2026-08-29T16:28:27.738902117Z 2026-08-29T16:28:27.738640Z	info	ads	full push happen, reason:map[config:1]
2026-08-29T16:28:27.749932936Z 2026-08-29T16:28:27.749657Z	info	ads	full push happen, reason:map[config:1]
2026-08-29T16:28:27.749959136Z 2026-08-29T16:28:27.749724Z	info	ads	full push happen, reason:map[config:1]
2026-08-29T16:28:27.766499742Z 2026-08-29T16:28:27.766338Z	info	ads	full push happen, reason:map[config:1]
2026-08-29T16:28:27.766513947Z 2026-08-29T16:28:27.766368Z	info	ads	full push happen, reason:map[config:1]
2026-08-29T16:28:27.785303142Z 2026-08-29T16:28:27.785031Z	info	ads	full push happen, reason:map[config:1]
2026-08-29T16:28:27.785331838Z 2026-08-29T16:28:27.785067Z	info	ads	full push happen, reason:map[config:1]
2026-08-29T16:28:27.796256620Z 2026-08-29T16:28:27.796006Z	info	ads	full push happen, reason:map[config:1]
2026-08-29T16:28:27.796284785Z 2026-08-29T16:28:27.796040Z	info	ads	full push happen, reason:map[config:1]
2026-08-29T16:28:27.811740440Z 2026-08-29T16:28:27.811522Z	info	ads	full push happen, reason:map[config:1]
2026-08-29T16:28:27.811769328Z 2026-08-29T16:28:27.811554Z	info	ads	full push happen, reason:map[config:1]
2026-08-29T16:28:27.827385855Z 2026-08-29T16:28:27.827207Z	info	ads	full push happen, reason:map[config:1]
2026-08-29T16:28:27.827416348Z 2026-08-29T16:28:27.827242Z	info	ads	full push happen, reason:map[config:1]
2026-08-29T16:28:27.844423214Z 2026-08-29T16:28:27.844190Z	info	ads	full push happen, reason:map[config:1]
2026-08-29T16:28:27.844463714Z 2026-08-29T16:28:27.844228Z	info	ads	full push happen, reason:map[config:1]
2026-08-29T16:28:27.855857356Z 2026-08-29T16:28:27.855701Z	info	ads	full push happen, reason:map[config:1]
2026-08-29T16:28:27.855885604Z 2026-08-29T16:28:27.855752Z	info	ads	full push happen, reason:map[config:1]
2026-08-29T16:28:27.871458943Z 2026-08-29T16:28:27.871292Z	info	ads	full push happen, reason:map[config:1]
2026-08-29T16:28:27.871502812Z 2026-08-29T16:28:27.871329Z	info	ads	full push happen, reason:map[config:1]
2026-08-29T16:28:27.882630047Z 2026-08-29T16:28:27.882416Z	info	ads	full push happen, reason:map[config:1]
2026-08-29T16:28:27.882658259Z 2026-08-29T16:28:27.882464Z	info	ads	full push happen, reason:map[config:1]
2026-08-29T16:28:27.898382260Z 2026-08-29T16:28:27.898244Z	info	ads	full push happen, reason:map[config:1]
2026-08-29T16:28:27.898406900Z 2026-08-29T16:28:27.898282Z	info	ads	full push happen, reason:map[config:1]
2026-08-29T16:28:27.913648338Z 2026-08-29T16:28:27.913422Z	info	ads	full push happen, reason:map[config:1]
2026-08-29T16:28:27.913679510Z 2026-08-29T16:28:27.913457Z	info	ads	full push happen, reason:map[config:1]
2026-08-29T16:28:27.924338171Z 2026-08-29T16:28:27.924180Z	info	ads	full push happen, reason:map[config:1]
2026-08-29T16:28:27.924365175Z 2026-08-29T16:28:27.924216Z	info	ads	full push happen, reason:map[config:1]
2026-08-29T16:28:27.940117756Z 2026-08-29T16:28:27.939953Z	info	ads	full push happen, reason:map[config:1]
2026-08-29T16:28:27.940182433Z 2026-08-29T16:28:27.939992Z	info	ads	full push happen, reason:map[config:1]
2026-08-29T16:28:27.955616720Z 2026-08-29T16:28:27.955472Z	info	ads	full push happen, reason:map[config:1]
2026-08-29T16:28:27.955652344Z 2026-08-29T16:28:27.955503Z	info	ads	full push happen, reason:map[config:1]
2026-08-29T16:28:27.966676727Z 2026-08-29T16:28:27.966522Z	info	ads	full push happen, reason:map[config:1]
2026-08-29T16:28:27.966712298Z 2026-08-29T16:28:27.966565Z	info	ads	full push happen, reason:map[config:1]
2026-08-29T16:28:27.982624821Z 2026-08-29T16:28:27.982353Z	info	ads	full push happen, reason:map[config:1]
2026-08-29T16:28:27.982656768Z 2026-08-29T16:28:27.982393Z	info	ads	full push happen, reason:map[config:1]
2026-08-29T16:28:27.996878147Z 2026-08-29T16:28:27.996776Z	info	ads	full push happen, reason:map[config:1]
2026-08-29T16:28:27.996893287Z 2026-08-29T16:28:27.996813Z	info	ads	full push happen, reason:map[config:1]
2026-08-29T16:28:28.008452685Z 2026-08-29T16:28:28.008256Z	info	ads	full push happen, reason:map[config:1]
2026-08-29T16:28:28.008484686Z 2026-08-29T16:28:28.008287Z	info	ads	full push happen, reason:map[config:1]
2026-08-29T16:28:28.025174902Z 2026-08-29T16:28:28.025051Z	info	ads	full push happen, reason:map[config:1]
2026-08-29T16:28:28.025191106Z 2026-08-29T16:28:28.025088Z	info	ads	full push happen, reason:map[config:1]
2026-08-29T16:28:28.036183001Z 2026-08-29T16:28:28.036030Z	info	ads	full push happen, reason:map[config:1]
2026-08-29T16:28:28.036197005Z 2026-08-29T16:28:28.036062Z	info	ads	full push happen, reason:map[config:1]
2026-08-29T16:28:28.052603718Z 2026-08-29T16:28:28.052427Z	info	ads	full push happen, reason:map[config:1]
2026-08-29T16:28:28.052636582Z 2026-08-29T16:28:28.052464Z	info	ads	full push happen, reason:map[config:1]
2026-08-29T16:28:28.068122174Z 2026-08-29T16:28:28.067894Z	info	ads	full push happen, reason:map[config:1]
2026-08-29T16:28:28.068151850Z 2026-08-29T16:28:28.067945Z	info	ads	full push happen, reason:map[config:1]
2026-08-29T16:28:28.078972779Z 2026-08-29T16:28:28.078794Z	info	ads	full push happen, reason:map[config:1]
2026-08-29T16:28:28.079006287Z 2026-08-29T16:28:28.078840Z	info	ads	full push happen, reason:map[config:1]
2026-08-29T16:28:28.094672993Z 2026-08-29T16:28:28.094495Z	info	ads	full push happen, reason:map[config:1]
2026-08-29T16:28:28.094703264Z 2026-08-29T16:28:28.094532Z	info	ads	full push happen, reason:map[config:1]
2026-08-29T16:28:28.111098857Z 2026-08-29T16:28:28.110894Z	info	ads	full push happen, reason:map[config:1]
2026-08-29T16:28:28.111129999Z 2026-08-29T16:28:28.110932Z	info	ads	full push happen, reason:map[config:1]
2026-08-29T16:28:28.122025212Z 2026-08-29T16:28:28.121806Z	info	ads	full push happen, reason:map[config:1]
2026-08-29T16:28:28.122054160Z 2026-08-29T16:28:28.121856Z	info	ads	full push happen, reason:map[config:1]
2026-08-29T16:28:28.137797645Z 2026-08-29T16:28:28.137520Z	info	ads	full push happen, reason:map[config:1]
2026-08-29T16:28:28.137830249Z 2026-08-29T16:28:28.137566Z	info	ads	full push happen, reason:map[config:1]
2026-08-29T16:28:28.154061114Z 2026-08-29T16:28:28.153930Z	info	ads	full push happen, reason:map[config:1]
2026-08-29T16:28:28.154077130Z 2026-08-29T16:28:28.153973Z	info	ads	full push happen, reason:map[config:1]
2026-08-29T16:28:28.166564820Z 2026-08-29T16:28:28.166393Z	info	ads	full push happen, reason:map[config:1]
2026-08-29T16:28:28.166580260Z 2026-08-29T16:28:28.166430Z	info	ads	full push happen, reason:map[config:1]
2026-08-29T16:28:28.182045295Z 2026-08-29T16:28:28.181821Z	info	ads	full push happen, reason:map[config:1]
2026-08-29T16:28:28.182077194Z 2026-08-29T16:28:28.181864Z	info	ads	full push happen, reason:map[config:1]
2026-08-29T16:28:28.192661710Z 2026-08-29T16:28:28.192498Z	info	ads	full push happen, reason:map[config:1]
2026-08-29T16:28:28.192690070Z 2026-08-29T16:28:28.192544Z	info	ads	full push happen, reason:map[config:1]
2026-08-29T16:28:28.208023129Z 2026-08-29T16:28:28.207769Z	info	ads	full push happen, reason:map[config:1]
2026-08-29T16:28:28.208052485Z 2026-08-29T16:28:28.207814Z	info	ads	full push happen, reason:map[config:1]
2026-08-29T16:28:28.228702173Z 2026-08-29T16:28:28.228518Z	info	ads	full push happen, reason:map[config:1]
2026-08-29T16:28:28.228731709Z 2026-08-29T16:28:28.228557Z	info	ads	full push happen, reason:map[config:1]
2026-08-29T16:28:28.240761871Z 2026-08-29T16:28:28.240490Z	info	ads	full push happen, reason:map[config:1]
2026-08-29T16:28:28.240790343Z 2026-08-29T16:28:28.240543Z	info	ads	full push happen, reason:map[config:1]
2026-08-29T16:28:28.257779993Z 2026-08-29T16:28:28.257599Z	info	ads	full push happen, reason:map[config:1]
2026-08-29T16:28:28.257809877Z 2026-08-29T16:28:28.257632Z	info	ads	full push happen, reason:map[config:1]
2026-08-29T16:28:28.274110658Z 2026-08-29T16:28:28.273968Z	info	ads	full push happen, reason:map[config:1]
2026-08-29T16:28:28.274138642Z 2026-08-29T16:28:28.274011Z	info	ads	full push happen, reason:map[config:1]
2026-08-29T16:28:28.284159042Z 2026-08-29T16:28:28.283918Z	info	ads	full push happen, reason:map[config:1]
2026-08-29T16:28:28.284194311Z 2026-08-29T16:28:28.283949Z	info	ads	full push happen, reason:map[config:1]
2026-08-29T16:28:28.299661425Z 2026-08-29T16:28:28.299403Z	info	ads	full push happen, reason:map[config:1]
2026-08-29T16:28:28.299698650Z 2026-08-29T16:28:28.299443Z	info	ads	full push happen, reason:map[config:1]
2026-08-29T16:28:28.316252810Z 2026-08-29T16:28:28.316036Z	info	ads	full push happen, reason:map[config:1]
2026-08-29T16:28:28.316278101Z 2026-08-29T16:28:28.316068Z	info	ads	full push happen, reason:map[config:1]
2026-08-29T16:28:28.326934869Z 2026-08-29T16:28:28.326769Z	info	ads	full push happen, reason:map[config:1]
2026-08-29T16:28:28.327041381Z 2026-08-29T16:28:28.326821Z	info	ads	full push happen, reason:map[config:1]
2026-08-29T16:28:28.343588292Z 2026-08-29T16:28:28.343452Z	info	ads	full push happen, reason:map[config:1]
2026-08-29T16:28:28.343605525Z 2026-08-29T16:28:28.343490Z	info	ads	full push happen, reason:map[config:1]
2026-08-29T16:28:28.354741172Z 2026-08-29T16:28:28.354519Z	info	ads	full push happen, reason:map[config:1]
2026-08-29T16:28:28.354769537Z 2026-08-29T16:28:28.354563Z	info	ads	full push happen, reason:map[config:1]
2026-08-29T16:28:28.370775476Z 2026-08-29T16:28:28.370591Z	info	ads	full push happen, reason:map[config:1]
2026-08-29T16:28:28.370805276Z 2026-08-29T16:28:28.370625Z	info	ads	full push happen, reason:map[config:1]
2026-08-29T16:28:28.387037644Z 2026-08-29T16:28:28.386885Z	info	ads	full push happen, reason:map[config:1]
2026-08-29T16:28:28.387053560Z 2026-08-29T16:28:28.386922Z	info	ads	full push happen, reason:map[config:1]
2026-08-29T16:28:28.397258621Z 2026-08-29T16:28:28.396981Z	info	ads	full push happen, reason:map[config:1]
2026-08-29T16:28:28.397287506Z 2026-08-29T16:28:28.397016Z	info	ads	full push happen, reason:map[config:1]
2026-08-29T16:28:28.416593271Z 2026-08-29T16:28:28.416385Z	info	ads	full push happen, reason:map[config:1]
2026-08-29T16:28:28.416625131Z 2026-08-29T16:28:28.416420Z	info	ads	full push happen, reason:map[config:1]
2026-08-29T16:28:28.432455709Z 2026-08-29T16:28:28.432313Z	info	ads	full push happen, reason:map[config:1]
2026-08-29T16:28:28.432494781Z 2026-08-29T16:28:28.432350Z	info	ads	full push happen, reason:map[config:1]
2026-08-29T16:28:28.443280663Z 2026-08-29T16:28:28.443129Z	info	ads	full push happen, reason:map[config:1]
2026-08-29T16:28:28.443327264Z 2026-08-29T16:28:28.443169Z	info	ads	full push happen, reason:map[config:1]
2026-08-29T16:28:28.459103197Z 2026-08-29T16:28:28.458902Z	info	ads	full push happen, reason:map[config:1]
2026-08-29T16:28:28.459144028Z 2026-08-29T16:28:28.458977Z	info	ads	full push happen, reason:map[config:1]
2026-08-29T16:28:28.476021917Z 2026-08-29T16:28:28.475716Z	info	ads	full push happen, reason:map[config:1]
2026-08-29T16:28:28.476052966Z 2026-08-29T16:28:28.475762Z	info	ads	full push happen, reason:map[config:1]
2026-08-29T16:28:28.487418419Z 2026-08-29T16:28:28.487296Z	info	ads	full push happen, reason:map[config:1]
2026-08-29T16:28:28.487434088Z 2026-08-29T16:28:28.487339Z	info	ads	full push happen, reason:map[config:1]
2026-08-29T16:28:28.505797279Z 2026-08-29T16:28:28.505540Z	info	ads	full push happen, reason:map[config:1]
2026-08-29T16:28:28.505810515Z 2026-08-29T16:28:28.505570Z	info	ads	full push happen, reason:map[config:1]
2026-08-29T16:28:28.516790539Z 2026-08-29T16:28:28.516531Z	info	ads	full push happen, reason:map[config:1]
2026-08-29T16:28:28.516818906Z 2026-08-29T16:28:28.516573Z	info	ads	full push happen, reason:map[config:1]
2026-08-29T16:28:28.532754493Z 2026-08-29T16:28:28.532509Z	info	ads	full push happen, reason:map[config:1]
2026-08-29T16:28:28.532767753Z 2026-08-29T16:28:28.532552Z	info	ads	full push happen, reason:map[config:1]
2026-08-29T16:28:28.548061143Z 2026-08-29T16:28:28.547800Z	info	ads	full push happen, reason:map[config:1]
2026-08-29T16:28:28.548092003Z 2026-08-29T16:28:28.547831Z	info	ads	full push happen, reason:map[config:1]
2026-08-29T16:28:28.558701155Z 2026-08-29T16:28:28.558359Z	info	ads	full push happen, reason:map[config:1]
2026-08-29T16:28:28.558735291Z 2026-08-29T16:28:28.558393Z	info	ads	full push happen, reason:map[config:1]
2026-08-29T16:28:28.574107849Z 2026-08-29T16:28:28.574003Z	info	ads	full push happen, reason:map[config:1]
2026-08-29T16:28:28.574128098Z 2026-08-29T16:28:28.574060Z	info	ads	full push happen, reason:map[config:1]
2026-08-29T16:28:28.589850926Z 2026-08-29T16:28:28.589674Z	info	ads	full push happen, reason:map[config:1]
2026-08-29T16:28:28.589882390Z 2026-08-29T16:28:28.589705Z	info	ads	full push happen, reason:map[config:1]
2026-08-29T16:28:28.600390074Z 2026-08-29T16:28:28.600096Z	info	ads	full push happen, reason:map[config:1]
2026-08-29T16:28:28.600417958Z 2026-08-29T16:28:28.600145Z	info	ads	full push happen, reason:map[config:1]
2026-08-29T16:28:28.617461000Z 2026-08-29T16:28:28.617233Z	info	ads	full push happen, reason:map[config:1]
2026-08-29T16:28:28.617492108Z 2026-08-29T16:28:28.617281Z	info	ads	full push happen, reason:map[config:1]
2026-08-29T16:28:28.633183145Z 2026-08-29T16:28:28.632878Z	info	ads	full push happen, reason:map[config:1]
2026-08-29T16:28:28.633215885Z 2026-08-29T16:28:28.632912Z	info	ads	full push happen, reason:map[config:1]
2026-08-29T16:28:28.644042287Z 2026-08-29T16:28:28.643807Z	info	ads	full push happen, reason:map[config:1]
2026-08-29T16:28:28.644070635Z 2026-08-29T16:28:28.643842Z	info	ads	full push happen, reason:map[config:1]
2026-08-29T16:28:28.660142313Z 2026-08-29T16:28:28.659982Z	info	ads	full push happen, reason:map[config:1]
2026-08-29T16:28:28.660190517Z 2026-08-29T16:28:28.660030Z	info	ads	full push happen, reason:map[config:1]
2026-08-29T16:28:28.677198116Z 2026-08-29T16:28:28.676977Z	info	ads	full push happen, reason:map[config:1]
2026-08-29T16:28:28.677234044Z 2026-08-29T16:28:28.677011Z	info	ads	full push happen, reason:map[config:1]
2026-08-29T16:28:28.690165881Z 2026-08-29T16:28:28.690032Z	info	ads	full push happen, reason:map[config:1]
2026-08-29T16:28:28.690193537Z 2026-08-29T16:28:28.690063Z	info	ads	full push happen, reason:map[config:1]
2026-08-29T16:28:28.705839641Z 2026-08-29T16:28:28.705669Z	info	ads	full push happen, reason:map[config:1]
2026-08-29T16:28:28.705891305Z 2026-08-29T16:28:28.705718Z	info	ads	full push happen, reason:map[config:1]
2026-08-29T16:28:28.716170679Z 2026-08-29T16:28:28.716011Z	info	ads	full push happen, reason:map[config:1]
2026-08-29T16:28:28.716187288Z 2026-08-29T16:28:28.716040Z	info	ads	full push happen, reason:map[config:1]
2026-08-29T16:28:28.731358432Z 2026-08-29T16:28:28.731245Z	info	ads	full push happen, reason:map[config:1]
2026-08-29T16:28:28.731372040Z 2026-08-29T16:28:28.731285Z	info	ads	full push happen, reason:map[config:1]
2026-08-29T16:28:28.746108118Z 2026-08-29T16:28:28.745860Z	info	ads	full push happen, reason:map[config:1]
2026-08-29T16:28:28.746138199Z 2026-08-29T16:28:28.745905Z	info	ads	full push happen, reason:map[config:1]
2026-08-29T16:28:28.757772693Z 2026-08-29T16:28:28.757641Z	info	ads	full push happen, reason:map[config:1]
2026-08-29T16:28:28.757790742Z 2026-08-29T16:28:28.757679Z	info	ads	full push happen, reason:map[config:1]
2026-08-29T16:28:28.771937596Z 2026-08-29T16:28:28.771738Z	info	ads	full push happen, reason:map[config:1]
2026-08-29T16:28:28.771969479Z 2026-08-29T16:28:28.771784Z	info	ads	full push happen, reason:map[config:1]
2026-08-29T16:28:28.787420955Z 2026-08-29T16:28:28.787187Z	info	ads	full push happen, reason:map[config:1]
2026-08-29T16:28:28.787450486Z 2026-08-29T16:28:28.787226Z	info	ads	full push happen, reason:map[config:1]
2026-08-29T16:28:28.797745100Z 2026-08-29T16:28:28.797545Z	info	ads	full push happen, reason:map[config:1]
2026-08-29T16:28:28.797774000Z 2026-08-29T16:28:28.797584Z	info	ads	full push happen, reason:map[config:1]
2026-08-29T16:28:28.812510342Z 2026-08-29T16:28:28.812308Z	info	ads	full push happen, reason:map[config:1]
2026-08-29T16:28:28.812542746Z 2026-08-29T16:28:28.812358Z	info	ads	full push happen, reason:map[config:1]
2026-08-29T16:28:28.827858880Z 2026-08-29T16:28:28.827696Z	info	ads	full push happen, reason:map[config:1]
2026-08-29T16:28:28.827891112Z 2026-08-29T16:28:28.827725Z	info	ads	full push happen, reason:map[config:1]
2026-08-29T16:28:28.839096249Z 2026-08-29T16:28:28.838875Z	info	ads	full push happen, reason:map[config:1]
2026-08-29T16:28:28.839124385Z 2026-08-29T16:28:28.838913Z	info	ads	full push happen, reason:map[config:1]
2026-08-29T16:28:28.853830382Z 2026-08-29T16:28:28.853658Z	info	ads	full push happen, reason:map[config:1]
2026-08-29T16:28:28.853862987Z 2026-08-29T16:28:28.853692Z	info	ads	full push happen, reason:map[config:1]
2026-08-29T16:28:28.865693884Z 2026-08-29T16:28:28.865525Z	info	ads	full push happen, reason:map[config:1]
2026-08-29T16:28:28.865722308Z 2026-08-29T16:28:28.865578Z	info	ads	full push happen, reason:map[config:1]
2026-08-29T16:28:28.881613674Z 2026-08-29T16:28:28.881414Z	info	ads	full push happen, reason:map[config:1]
2026-08-29T16:28:28.881644361Z 2026-08-29T16:28:28.881463Z	info	ads	full push happen, reason:map[config:1]
2026-08-29T16:28:28.897650252Z 2026-08-29T16:28:28.897402Z	info	ads	full push happen, reason:map[config:1]
2026-08-29T16:28:28.897680073Z 2026-08-29T16:28:28.897437Z	info	ads	full push happen, reason:map[config:1]
2026-08-29T16:28:28.912755900Z 2026-08-29T16:28:28.912573Z	info	ads	full push happen, reason:map[config:1]
2026-08-29T16:28:28.912785704Z 2026-08-29T16:28:28.912610Z	info	ads	full push happen, reason:map[config:1]
2026-08-29T16:28:28.923872916Z 2026-08-29T16:28:28.923597Z	info	ads	full push happen, reason:map[config:1]
2026-08-29T16:28:28.923901657Z 2026-08-29T16:28:28.923639Z	info	ads	full push happen, reason:map[config:1]
2026-08-29T16:28:28.942575258Z 2026-08-29T16:28:28.942301Z	info	ads	full push happen, reason:map[config:1]
2026-08-29T16:28:28.942604303Z 2026-08-29T16:28:28.942353Z	info	ads	full push happen, reason:map[config:1]
2026-08-29T16:28:28.952926625Z 2026-08-29T16:28:28.952613Z	info	ads	full push happen, reason:map[config:1]
2026-08-29T16:28:28.952955500Z 2026-08-29T16:28:28.952647Z	info	ads	full push happen, reason:map[config:1]
2026-08-29T16:28:28.968863107Z 2026-08-29T16:28:28.968654Z	info	ads	full push happen, reason:map[config:1]
2026-08-29T16:28:28.968892308Z 2026-08-29T16:28:28.968700Z	info	ads	full push happen, reason:map[config:1]
2026-08-29T16:28:28.985770824Z 2026-08-29T16:28:28.985563Z	info	ads	full push happen, reason:map[config:1]
2026-08-29T16:28:28.985801792Z 2026-08-29T16:28:28.985604Z	info	ads	full push happen, reason:map[config:1]
2026-08-29T16:28:28.995606114Z 2026-08-29T16:28:28.995487Z	info	ads	full push happen, reason:map[config:1]
2026-08-29T16:28:28.995619883Z 2026-08-29T16:28:28.995532Z	info	ads	full push happen, reason:map[config:1]
2026-08-29T16:28:29.020147878Z 2026-08-29T16:28:29.019827Z	info	ads	full push happen, reason:map[config:1]
2026-08-29T16:28:29.020183766Z 2026-08-29T16:28:29.019905Z	info	ads	full push happen, reason:map[config:1]
2026-08-29T16:28:29.048767418Z 2026-08-29T16:28:29.048556Z	info	ads	full push happen, reason:map[config:1]
2026-08-29T16:28:29.048791225Z 2026-08-29T16:28:29.048598Z	info	ads	full push happen, reason:map[config:1]
2026-08-29T16:28:29.059964291Z 2026-08-29T16:28:29.059730Z	info	ads	full push happen, reason:map[config:1]
2026-08-29T16:28:29.059994416Z 2026-08-29T16:28:29.059771Z	info	ads	full push happen, reason:map[config:1]
2026-08-29T16:28:29.075353958Z 2026-08-29T16:28:29.075194Z	info	ads	full push happen, reason:map[config:1]
2026-08-29T16:28:29.075384607Z 2026-08-29T16:28:29.075240Z	info	ads	full push happen, reason:map[config:1]
2026-08-29T16:28:29.090473711Z 2026-08-29T16:28:29.090262Z	info	ads	full push happen, reason:map[config:1]
2026-08-29T16:28:29.090502043Z 2026-08-29T16:28:29.090310Z	info	ads	full push happen, reason:map[config:1]
2026-08-29T16:28:29.102376736Z 2026-08-29T16:28:29.102238Z	info	ads	full push happen, reason:map[config:1]
2026-08-29T16:28:29.102405357Z 2026-08-29T16:28:29.102282Z	info	ads	full push happen, reason:map[config:1]
2026-08-29T16:28:29.118043845Z 2026-08-29T16:28:29.117887Z	info	ads	full push happen, reason:map[config:1]
2026-08-29T16:28:29.118076265Z 2026-08-29T16:28:29.117923Z	info	ads	full push happen, reason:map[config:1]
2026-08-29T16:28:29.128236738Z 2026-08-29T16:28:29.128106Z	info	ads	full push happen, reason:map[config:1]
2026-08-29T16:28:29.128263810Z 2026-08-29T16:28:29.128135Z	info	ads	full push happen, reason:map[config:1]
2026-08-29T16:28:29.144160276Z 2026-08-29T16:28:29.143933Z	info	ads	full push happen, reason:map[config:1]
2026-08-29T16:28:29.144190576Z 2026-08-29T16:28:29.143972Z	info	ads	full push happen, reason:map[config:1]
2026-08-29T16:28:29.159485670Z 2026-08-29T16:28:29.159296Z	info	ads	full push happen, reason:map[config:1]
2026-08-29T16:28:29.159519941Z 2026-08-29T16:28:29.159340Z	info	ads	full push happen, reason:map[config:1]
2026-08-29T16:28:29.169630372Z 2026-08-29T16:28:29.169485Z	info	ads	full push happen, reason:map[config:1]
2026-08-29T16:28:29.169648163Z 2026-08-29T16:28:29.169527Z	info	ads	full push happen, reason:map[config:1]
2026-08-29T16:28:29.184263994Z 2026-08-29T16:28:29.184094Z	info	ads	full push happen, reason:map[config:1]
2026-08-29T16:28:29.184282729Z 2026-08-29T16:28:29.184132Z	info	ads	full push happen, reason:map[config:1]
2026-08-29T16:28:29.197211314Z 2026-08-29T16:28:29.197072Z	info	ads	full push happen, reason:map[config:1]
2026-08-29T16:28:29.197230399Z 2026-08-29T16:28:29.197111Z	info	ads	full push happen, reason:map[config:1]
2026-08-29T16:28:29.208903681Z 2026-08-29T16:28:29.208762Z	info	ads	full push happen, reason:map[config:1]
2026-08-29T16:28:29.208942426Z 2026-08-29T16:28:29.208810Z	info	ads	full push happen, reason:map[config:1]
2026-08-29T16:28:29.226323021Z 2026-08-29T16:28:29.226189Z	info	ads	full push happen, reason:map[config:1]
2026-08-29T16:28:29.226347930Z 2026-08-29T16:28:29.226234Z	info	ads	full push happen, reason:map[config:1]
2026-08-29T16:28:29.241971731Z 2026-08-29T16:28:29.241864Z	info	ads	full push happen, reason:map[config:1]
2026-08-29T16:28:29.241994378Z 2026-08-29T16:28:29.241883Z	info	ads	full push happen, reason:map[config:1]
2026-08-29T16:28:29.250309177Z 2026-08-29T16:28:29.250210Z	info	ads	full push happen, reason:map[config:1]
2026-08-29T16:28:29.250319401Z 2026-08-29T16:28:29.250239Z	info	ads	full push happen, reason:map[config:1]
2026-08-29T16:28:29.263819609Z 2026-08-29T16:28:29.263708Z	info	ads	full push happen, reason:map[config:1]
2026-08-29T16:28:29.263838272Z 2026-08-29T16:28:29.263737Z	info	ads	full push happen, reason:map[config:1]
2026-08-29T16:28:29.274444982Z 2026-08-29T16:28:29.274268Z	info	ads	full push happen, reason:map[config:1]
2026-08-29T16:28:29.274461410Z 2026-08-29T16:28:29.274294Z	info	ads	full push happen, reason:map[config:1]
2026-08-29T16:28:29.288422315Z 2026-08-29T16:28:29.288293Z	info	ads	full push happen, reason:map[config:1]
2026-08-29T16:28:29.288445750Z 2026-08-29T16:28:29.288333Z	info	ads	full push happen, reason:map[config:1]
2026-08-29T16:28:29.304121959Z 2026-08-29T16:28:29.303931Z	info	ads	full push happen, reason:map[config:1]
2026-08-29T16:28:29.304134081Z 2026-08-29T16:28:29.303968Z	info	ads	full push happen, reason:map[config:1]
2026-08-29T16:28:29.314555886Z 2026-08-29T16:28:29.314382Z	info	ads	full push happen, reason:map[config:1]
2026-08-29T16:28:29.314564579Z 2026-08-29T16:28:29.314440Z	info	ads	full push happen, reason:map[config:1]
2026-08-29T16:28:29.330021891Z 2026-08-29T16:28:29.329842Z	info	ads	full push happen, reason:map[config:1]
2026-08-29T16:28:29.330041999Z 2026-08-29T16:28:29.329887Z	info	ads	full push happen, reason:map[config:1]
2026-08-29T16:28:29.348481932Z 2026-08-29T16:28:29.348248Z	info	ads	full push happen, reason:map[config:1]
2026-08-29T16:28:29.348512308Z 2026-08-29T16:28:29.348284Z	info	ads	full push happen, reason:map[config:1]
2026-08-29T16:28:29.362247384Z 2026-08-29T16:28:29.362037Z	info	ads	full push happen, reason:map[config:1]
2026-08-29T16:28:29.362264812Z 2026-08-29T16:28:29.362070Z	info	ads	full push happen, reason:map[config:1]
2026-08-29T16:28:29.379416929Z 2026-08-29T16:28:29.379315Z	info	ads	full push happen, reason:map[config:1]
2026-08-29T16:28:29.379425943Z 2026-08-29T16:28:29.379340Z	info	ads	full push happen, reason:map[config:1]
2026-08-29T16:28:29.394661947Z 2026-08-29T16:28:29.394491Z	info	ads	full push happen, reason:map[config:1]
2026-08-29T16:28:29.394677766Z 2026-08-29T16:28:29.394530Z	info	ads	full push happen, reason:map[config:1]
2026-08-29T16:28:29.405561921Z 2026-08-29T16:28:29.405383Z	info	ads	full push happen, reason:map[config:1]
2026-08-29T16:28:29.405575173Z 2026-08-29T16:28:29.405431Z	info	ads	full push happen, reason:map[config:1]
2026-08-29T16:28:29.421477247Z 2026-08-29T16:28:29.421254Z	info	ads	full push happen, reason:map[config:1]
2026-08-29T16:28:29.421520639Z 2026-08-29T16:28:29.421293Z	info	ads	full push happen, reason:map[config:1]
2026-08-29T16:28:29.433322668Z 2026-08-29T16:28:29.433173Z	info	ads	full push happen, reason:map[config:1]
2026-08-29T16:28:29.433351024Z 2026-08-29T16:28:29.433211Z	info	ads	full push happen, reason:map[config:1]
2026-08-29T16:28:29.449278186Z 2026-08-29T16:28:29.449062Z	info	ads	full push happen, reason:map[config:1]
2026-08-29T16:28:29.449311823Z 2026-08-29T16:28:29.449106Z	info	ads	full push happen, reason:map[config:1]
2026-08-29T16:28:29.468665382Z 2026-08-29T16:28:29.468550Z	info	ads	full push happen, reason:map[config:1]
2026-08-29T16:28:29.468725445Z 2026-08-29T16:28:29.468582Z	info	ads	full push happen, reason:map[config:1]
2026-08-29T16:28:29.479081572Z 2026-08-29T16:28:29.478896Z	info	ads	full push happen, reason:map[config:1]
2026-08-29T16:28:29.479115469Z 2026-08-29T16:28:29.478993Z	info	ads	full push happen, reason:map[config:1]
2026-08-29T16:28:29.495770525Z 2026-08-29T16:28:29.495578Z	info	ads	full push happen, reason:map[config:1]
2026-08-29T16:28:29.495792055Z 2026-08-29T16:28:29.495613Z	info	ads	full push happen, reason:map[config:1]
2026-08-29T16:28:29.511515848Z 2026-08-29T16:28:29.511389Z	info	ads	full push happen, reason:map[config:1]
2026-08-29T16:28:29.511537356Z 2026-08-29T16:28:29.511429Z	info	ads	full push happen, reason:map[config:1]
2026-08-29T16:28:29.522188641Z 2026-08-29T16:28:29.522058Z	info	ads	full push happen, reason:map[config:1]
2026-08-29T16:28:29.522207672Z 2026-08-29T16:28:29.522100Z	info	ads	full push happen, reason:map[config:1]
2026-08-29T16:28:29.537177371Z 2026-08-29T16:28:29.537049Z	info	ads	full push happen, reason:map[config:1]
2026-08-29T16:28:29.537195992Z 2026-08-29T16:28:29.537089Z	info	ads	full push happen, reason:map[config:1]
2026-08-29T16:28:29.552221090Z 2026-08-29T16:28:29.552050Z	info	ads	full push happen, reason:map[config:1]
2026-08-29T16:28:29.552241820Z 2026-08-29T16:28:29.552093Z	info	ads	full push happen, reason:map[config:1]
2026-08-29T16:28:29.563863814Z 2026-08-29T16:28:29.563760Z	info	ads	full push happen, reason:map[config:1]
2026-08-29T16:28:29.563874004Z 2026-08-29T16:28:29.563799Z	info	ads	full push happen, reason:map[config:1]
2026-08-29T16:28:29.580140325Z 2026-08-29T16:28:29.580003Z	info	ads	full push happen, reason:map[config:1]
2026-08-29T16:28:29.580163173Z 2026-08-29T16:28:29.580052Z	info	ads	full push happen, reason:map[config:1]
2026-08-29T16:28:29.592891297Z 2026-08-29T16:28:29.592703Z	info	ads	full push happen, reason:map[config:1]
2026-08-29T16:28:29.592911255Z 2026-08-29T16:28:29.592740Z	info	ads	full push happen, reason:map[config:1]
2026-08-29T16:28:29.607797121Z 2026-08-29T16:28:29.607657Z	info	ads	full push happen, reason:map[config:1]
2026-08-29T16:28:29.607820004Z 2026-08-29T16:28:29.607703Z	info	ads	full push happen, reason:map[config:1]
2026-08-29T16:28:29.624954918Z 2026-08-29T16:28:29.624695Z	info	ads	full push happen, reason:map[config:1]
2026-08-29T16:28:29.624989689Z 2026-08-29T16:28:29.624758Z	info	ads	full push happen, reason:map[config:1]
2026-08-29T16:28:29.635480157Z 2026-08-29T16:28:29.635339Z	info	ads	full push happen, reason:map[config:1]
2026-08-29T16:28:29.635510533Z 2026-08-29T16:28:29.635382Z	info	ads	full push happen, reason:map[config:1]
2026-08-29T16:28:29.649595873Z 2026-08-29T16:28:29.649459Z	info	ads	full push happen, reason:map[config:1]
2026-08-29T16:28:29.649606208Z 2026-08-29T16:28:29.649500Z	info	ads	full push happen, reason:map[config:1]
2026-08-29T16:28:29.665278676Z 2026-08-29T16:28:29.665144Z	info	ads	full push happen, reason:map[config:1]
2026-08-29T16:28:29.665289197Z 2026-08-29T16:28:29.665171Z	info	ads	full push happen, reason:map[config:1]
2026-08-29T16:28:29.677303665Z 2026-08-29T16:28:29.677187Z	info	ads	full push happen, reason:map[config:1]
2026-08-29T16:28:29.677331937Z 2026-08-29T16:28:29.677217Z	info	ads	full push happen, reason:map[config:1]
2026-08-29T16:28:29.693146859Z 2026-08-29T16:28:29.692837Z	info	ads	full push happen, reason:map[config:1]
2026-08-29T16:28:29.693178602Z 2026-08-29T16:28:29.692894Z	info	ads	full push happen, reason:map[config:1]
2026-08-29T16:28:29.710459755Z 2026-08-29T16:28:29.710289Z	info	ads	full push happen, reason:map[config:1]
2026-08-29T16:28:29.710494519Z 2026-08-29T16:28:29.710329Z	info	ads	full push happen, reason:map[config:1]
2026-08-29T16:28:29.721234252Z 2026-08-29T16:28:29.721040Z	info	ads	full push happen, reason:map[config:1]
2026-08-29T16:28:29.721262588Z 2026-08-29T16:28:29.721077Z	info	ads	full push happen, reason:map[config:1]
2026-08-29T16:28:29.739676531Z 2026-08-29T16:28:29.739520Z	info	ads	full push happen, reason:map[config:1]
2026-08-29T16:28:29.739712051Z 2026-08-29T16:28:29.739565Z	info	ads	full push happen, reason:map[config:1]
2026-08-29T16:28:29.750640171Z 2026-08-29T16:28:29.750448Z	info	ads	full push happen, reason:map[config:1]
2026-08-29T16:28:29.750668082Z 2026-08-29T16:28:29.750485Z	info	ads	full push happen, reason:map[config:1]
2026-08-29T16:28:29.768018998Z 2026-08-29T16:28:29.767886Z	info	ads	full push happen, reason:map[config:1]
2026-08-29T16:28:29.768050743Z 2026-08-29T16:28:29.767928Z	info	ads	full push happen, reason:map[config:1]
2026-08-29T16:28:29.783218607Z 2026-08-29T16:28:29.783066Z	info	ads	full push happen, reason:map[config:1]
2026-08-29T16:28:29.783252801Z 2026-08-29T16:28:29.783107Z	info	ads	full push happen, reason:map[config:1]
2026-08-29T16:28:29.793776980Z 2026-08-29T16:28:29.793609Z	info	ads	full push happen, reason:map[config:1]
2026-08-29T16:28:29.793805004Z 2026-08-29T16:28:29.793646Z	info	ads	full push happen, reason:map[config:1]
2026-08-29T16:28:29.808931156Z 2026-08-29T16:28:29.808779Z	info	ads	full push happen, reason:map[config:1]
2026-08-29T16:28:29.808962357Z 2026-08-29T16:28:29.808822Z	info	ads	full push happen, reason:map[config:1]
2026-08-29T16:28:29.824690781Z 2026-08-29T16:28:29.824504Z	info	ads	full push happen, reason:map[config:1]
2026-08-29T16:28:29.824719326Z 2026-08-29T16:28:29.824555Z	info	ads	full push happen, reason:map[config:1]
2026-08-29T16:28:29.836029318Z 2026-08-29T16:28:29.835855Z	info	ads	full push happen, reason:map[config:1]
2026-08-29T16:28:29.836057915Z 2026-08-29T16:28:29.835893Z	info	ads	full push happen, reason:map[config:1]
2026-08-29T16:28:29.852396368Z 2026-08-29T16:28:29.852100Z	info	ads	full push happen, reason:map[config:1]
2026-08-29T16:28:29.852437563Z 2026-08-29T16:28:29.852153Z	info	ads	full push happen, reason:map[config:1]
2026-08-29T16:28:29.866728146Z 2026-08-29T16:28:29.866454Z	info	ads	full push happen, reason:map[config:1]
2026-08-29T16:28:29.866761090Z 2026-08-29T16:28:29.866493Z	info	ads	full push happen, reason:map[config:1]
2026-08-29T16:28:29.878968563Z 2026-08-29T16:28:29.878722Z	info	ads	full push happen, reason:map[config:1]
2026-08-29T16:28:29.879001791Z 2026-08-29T16:28:29.878764Z	info	ads	full push happen, reason:map[config:1]
2026-08-29T16:28:29.896222497Z 2026-08-29T16:28:29.895977Z	info	ads	full push happen, reason:map[config:1]
2026-08-29T16:28:29.896252038Z 2026-08-29T16:28:29.896050Z	info	ads	full push happen, reason:map[config:1]
2026-08-29T16:28:29.912448786Z 2026-08-29T16:28:29.912280Z	info	ads	full push happen, reason:map[config:1]
2026-08-29T16:28:29.912480671Z 2026-08-29T16:28:29.912318Z	info	ads	full push happen, reason:map[config:1]
2026-08-29T16:28:29.923034646Z 2026-08-29T16:28:29.922770Z	info	ads	full push happen, reason:map[config:1]
2026-08-29T16:28:29.923062534Z 2026-08-29T16:28:29.922792Z	info	ads	full push happen, reason:map[config:1]
2026-08-29T16:28:29.940702548Z 2026-08-29T16:28:29.940555Z	info	ads	full push happen, reason:map[config:1]
2026-08-29T16:28:29.940734945Z 2026-08-29T16:28:29.940602Z	info	ads	full push happen, reason:map[config:1]
2026-08-29T16:28:29.955529422Z 2026-08-29T16:28:29.955405Z	info	ads	full push happen, reason:map[config:1]
2026-08-29T16:28:29.955560435Z 2026-08-29T16:28:29.955442Z	info	ads	full push happen, reason:map[config:1]
2026-08-29T16:28:29.966356544Z 2026-08-29T16:28:29.966142Z	info	ads	full push happen, reason:map[config:1]
2026-08-29T16:28:29.966410637Z 2026-08-29T16:28:29.966190Z	info	ads	full push happen, reason:map[config:1]
2026-08-29T16:28:29.982570952Z 2026-08-29T16:28:29.982405Z	info	ads	full push happen, reason:map[config:1]
2026-08-29T16:28:29.982586189Z 2026-08-29T16:28:29.982442Z	info	ads	full push happen, reason:map[config:1]
2026-08-29T16:28:29.993582671Z 2026-08-29T16:28:29.993432Z	info	ads	full push happen, reason:map[config:1]
2026-08-29T16:28:29.993598519Z 2026-08-29T16:28:29.993471Z	info	ads	full push happen, reason:map[config:1]
2026-08-29T16:28:30.008973965Z 2026-08-29T16:28:30.008777Z	info	ads	full push happen, reason:map[config:1]
2026-08-29T16:28:30.009004110Z 2026-08-29T16:28:30.008808Z	info	ads	full push happen, reason:map[config:1]
2026-08-29T16:28:30.025031913Z 2026-08-29T16:28:30.024738Z	info	ads	full push happen, reason:map[config:1]
2026-08-29T16:28:30.025064365Z 2026-08-29T16:28:30.024804Z	info	ads	full push happen, reason:map[config:1]
2026-08-29T16:28:30.036907450Z 2026-08-29T16:28:30.036576Z	info	ads	full push happen, reason:map[config:1]
2026-08-29T16:28:30.036935670Z 2026-08-29T16:28:30.036613Z	info	ads	full push happen, reason:map[config:1]
2026-08-29T16:28:30.054493352Z 2026-08-29T16:28:30.054323Z	info	ads	full push happen, reason:map[config:1]
2026-08-29T16:28:30.054508356Z 2026-08-29T16:28:30.054365Z	info	ads	full push happen, reason:map[config:1]
2026-08-29T16:28:30.069602825Z 2026-08-29T16:28:30.069420Z	info	ads	full push happen, reason:map[config:1]
2026-08-29T16:28:30.069620533Z 2026-08-29T16:28:30.069465Z	info	ads	full push happen, reason:map[config:1]
2026-08-29T16:28:30.080587604Z 2026-08-29T16:28:30.080418Z	info	ads	full push happen, reason:map[config:1]
2026-08-29T16:28:30.080601780Z 2026-08-29T16:28:30.080458Z	info	ads	full push happen, reason:map[config:1]
2026-08-29T16:28:30.099134744Z 2026-08-29T16:28:30.098886Z	info	ads	full push happen, reason:map[config:1]
2026-08-29T16:28:30.099167961Z 2026-08-29T16:28:30.098984Z	info	ads	full push happen, reason:map[config:1]
2026-08-29T16:28:30.114591239Z 2026-08-29T16:28:30.114450Z	info	ads	full push happen, reason:map[config:1]
2026-08-29T16:28:30.114625859Z 2026-08-29T16:28:30.114491Z	info	ads	full push happen, reason:map[config:1]
2026-08-29T16:28:30.125588366Z 2026-08-29T16:28:30.125312Z	info	ads	full push happen, reason:map[config:1]
2026-08-29T16:28:30.125618162Z 2026-08-29T16:28:30.125380Z	info	ads	full push happen, reason:map[config:1]
2026-08-29T16:28:30.141040320Z 2026-08-29T16:28:30.140837Z	info	ads	full push happen, reason:map[config:1]
2026-08-29T16:28:30.141056952Z 2026-08-29T16:28:30.140868Z	info	ads	full push happen, reason:map[config:1]
2026-08-29T16:28:30.152123732Z 2026-08-29T16:28:30.151924Z	info	ads	full push happen, reason:map[config:1]
2026-08-29T16:28:30.152151572Z 2026-08-29T16:28:30.151994Z	info	ads	full push happen, reason:map[config:1]
2026-08-29T16:28:30.168155659Z 2026-08-29T16:28:30.167966Z	info	ads	full push happen, reason:map[config:1]
2026-08-29T16:28:30.168185687Z 2026-08-29T16:28:30.168007Z	info	ads	full push happen, reason:map[config:1]
2026-08-29T16:28:30.183584129Z 2026-08-29T16:28:30.183444Z	info	ads	full push happen, reason:map[config:1]
2026-08-29T16:28:30.183600285Z 2026-08-29T16:28:30.183487Z	info	ads	full push happen, reason:map[config:1]
2026-08-29T16:28:30.194361058Z 2026-08-29T16:28:30.194119Z	info	ads	full push happen, reason:map[config:1]
2026-08-29T16:28:30.194391174Z 2026-08-29T16:28:30.194158Z	info	ads	full push happen, reason:map[config:1]
2026-08-29T16:28:30.209899262Z 2026-08-29T16:28:30.209674Z	info	ads	full push happen, reason:map[config:1]
2026-08-29T16:28:30.209931222Z 2026-08-29T16:28:30.209715Z	info	ads	full push happen, reason:map[config:1]
2026-08-29T16:28:30.225928336Z 2026-08-29T16:28:30.225808Z	info	ads	full push happen, reason:map[config:1]
2026-08-29T16:28:30.225969413Z 2026-08-29T16:28:30.225850Z	info	ads	full push happen, reason:map[config:1]
2026-08-29T16:28:30.236927975Z 2026-08-29T16:28:30.236703Z	info	ads	full push happen, reason:map[config:1]
2026-08-29T16:28:30.236957939Z 2026-08-29T16:28:30.236739Z	info	ads	full push happen, reason:map[config:1]
2026-08-29T16:28:30.252948914Z 2026-08-29T16:28:30.252635Z	info	ads	full push happen, reason:map[config:1]
2026-08-29T16:28:30.252981138Z 2026-08-29T16:28:30.252670Z	info	ads	full push happen, reason:map[config:1]
2026-08-29T16:28:30.269044750Z 2026-08-29T16:28:30.268891Z	info	ads	full push happen, reason:map[config:1]
2026-08-29T16:28:30.269076385Z 2026-08-29T16:28:30.268928Z	info	ads	full push happen, reason:map[config:1]
2026-08-29T16:28:30.279890184Z 2026-08-29T16:28:30.279762Z	info	ads	full push happen, reason:map[config:1]
2026-08-29T16:28:30.279905863Z 2026-08-29T16:28:30.279806Z	info	ads	full push happen, reason:map[config:1]
2026-08-29T16:28:30.295558824Z 2026-08-29T16:28:30.295311Z	info	ads	full push happen, reason:map[config:1]
2026-08-29T16:28:30.295599383Z 2026-08-29T16:28:30.295349Z	info	ads	full push happen, reason:map[config:1]
2026-08-29T16:28:30.308268439Z 2026-08-29T16:28:30.308084Z	info	ads	full push happen, reason:map[config:1]
2026-08-29T16:28:30.308298447Z 2026-08-29T16:28:30.308122Z	info	ads	full push happen, reason:map[config:1]
2026-08-29T16:28:30.324043975Z 2026-08-29T16:28:30.323869Z	info	ads	full push happen, reason:map[config:1]
2026-08-29T16:28:30.324078620Z 2026-08-29T16:28:30.323901Z	info	ads	full push happen, reason:map[config:1]
2026-08-29T16:28:30.339429542Z 2026-08-29T16:28:30.339246Z	info	ads	full push happen, reason:map[config:1]
2026-08-29T16:28:30.339462394Z 2026-08-29T16:28:30.339279Z	info	ads	full push happen, reason:map[config:1]
2026-08-29T16:28:30.351695961Z 2026-08-29T16:28:30.351569Z	info	ads	full push happen, reason:map[config:1]
2026-08-29T16:28:30.351710862Z 2026-08-29T16:28:30.351617Z	info	ads	full push happen, reason:map[config:1]
2026-08-29T16:28:30.367562044Z 2026-08-29T16:28:30.367203Z	info	ads	full push happen, reason:map[config:1]
2026-08-29T16:28:30.367603792Z 2026-08-29T16:28:30.367262Z	info	ads	full push happen, reason:map[config:1]
2026-08-29T16:28:30.383068086Z 2026-08-29T16:28:30.382811Z	info	ads	full push happen, reason:map[config:1]
2026-08-29T16:28:30.383106475Z 2026-08-29T16:28:30.382850Z	info	ads	full push happen, reason:map[config:1]
2026-08-29T16:28:30.393917537Z 2026-08-29T16:28:30.393698Z	info	ads	full push happen, reason:map[config:1]
2026-08-29T16:28:30.393946077Z 2026-08-29T16:28:30.393745Z	info	ads	full push happen, reason:map[config:1]
2026-08-29T16:28:30.411971882Z 2026-08-29T16:28:30.411772Z	info	ads	full push happen, reason:map[config:1]
2026-08-29T16:28:30.412001094Z 2026-08-29T16:28:30.411817Z	info	ads	full push happen, reason:map[config:1]
2026-08-29T16:28:30.427651922Z 2026-08-29T16:28:30.427549Z	info	ads	full push happen, reason:map[config:1]
2026-08-29T16:28:30.427665506Z 2026-08-29T16:28:30.427597Z	info	ads	full push happen, reason:map[config:1]
2026-08-29T16:28:30.441636479Z 2026-08-29T16:28:30.441386Z	info	ads	full push happen, reason:map[config:1]
2026-08-29T16:28:30.441664390Z 2026-08-29T16:28:30.441430Z	info	ads	full push happen, reason:map[config:1]
2026-08-29T16:28:30.457116361Z 2026-08-29T16:28:30.456902Z	info	ads	full push happen, reason:map[config:1]
2026-08-29T16:28:30.457148406Z 2026-08-29T16:28:30.456942Z	info	ads	full push happen, reason:map[config:1]
2026-08-29T16:28:30.467417931Z 2026-08-29T16:28:30.467257Z	info	ads	full push happen, reason:map[config:1]
2026-08-29T16:28:30.467447048Z 2026-08-29T16:28:30.467303Z	info	ads	full push happen, reason:map[config:1]
2026-08-29T16:28:30.481703262Z 2026-08-29T16:28:30.481506Z	info	ads	full push happen, reason:map[config:1]
2026-08-29T16:28:30.481736585Z 2026-08-29T16:28:30.481580Z	info	ads	full push happen, reason:map[config:1]
2026-08-29T16:28:30.494800027Z 2026-08-29T16:28:30.494556Z	info	ads	full push happen, reason:map[config:1]
2026-08-29T16:28:30.494815367Z 2026-08-29T16:28:30.494596Z	info	ads	full push happen, reason:map[config:1]
2026-08-29T16:28:30.510332215Z 2026-08-29T16:28:30.510165Z	info	ads	full push happen, reason:map[config:1]
2026-08-29T16:28:30.510349755Z 2026-08-29T16:28:30.510203Z	info	ads	full push happen, reason:map[config:1]
2026-08-29T16:28:30.525540267Z 2026-08-29T16:28:30.525335Z	info	ads	full push happen, reason:map[config:1]
2026-08-29T16:28:30.525574152Z 2026-08-29T16:28:30.525374Z	info	ads	full push happen, reason:map[config:1]
2026-08-29T16:28:30.538006925Z 2026-08-29T16:28:30.537588Z	info	ads	full push happen, reason:map[config:1]
2026-08-29T16:28:30.538042173Z 2026-08-29T16:28:30.537926Z	info	ads	full push happen, reason:map[config:1]
2026-08-29T16:28:30.551912965Z 2026-08-29T16:28:30.551674Z	info	ads	full push happen, reason:map[config:1]
2026-08-29T16:28:30.551931673Z 2026-08-29T16:28:30.551755Z	info	ads	full push happen, reason:map[config:1]
2026-08-29T16:28:30.567055562Z 2026-08-29T16:28:30.566840Z	info	ads	full push happen, reason:map[config:1]
2026-08-29T16:28:30.567088281Z 2026-08-29T16:28:30.566921Z	info	ads	full push happen, reason:map[config:1]
2026-08-29T16:28:30.577172522Z 2026-08-29T16:28:30.576902Z	info	ads	full push happen, reason:map[config:1]
2026-08-29T16:28:30.577187097Z 2026-08-29T16:28:30.576977Z	info	ads	full push happen, reason:map[config:1]
2026-08-29T16:28:30.592725645Z 2026-08-29T16:28:30.592363Z	info	ads	full push happen, reason:map[config:1]
2026-08-29T16:28:30.592758469Z 2026-08-29T16:28:30.592396Z	info	ads	full push happen, reason:map[config:1]
2026-08-29T16:28:30.603368102Z 2026-08-29T16:28:30.603227Z	info	ads	full push happen, reason:map[config:1]
2026-08-29T16:28:30.603385606Z 2026-08-29T16:28:30.603286Z	info	ads	full push happen, reason:map[config:1]
2026-08-29T16:28:30.622340417Z 2026-08-29T16:28:30.622092Z	info	ads	full push happen, reason:map[config:1]
2026-08-29T16:28:30.622373326Z 2026-08-29T16:28:30.622159Z	info	ads	full push happen, reason:map[config:1]
2026-08-29T16:28:30.638268572Z 2026-08-29T16:28:30.638081Z	info	ads	full push happen, reason:map[config:1]
2026-08-29T16:28:30.638286832Z 2026-08-29T16:28:30.638132Z	info	ads	full push happen, reason:map[config:1]
2026-08-29T16:28:30.649785938Z 2026-08-29T16:28:30.649587Z	info	ads	full push happen, reason:map[config:1]
2026-08-29T16:28:30.649814343Z 2026-08-29T16:28:30.649624Z	info	ads	full push happen, reason:map[config:1]
2026-08-29T16:28:30.665522895Z 2026-08-29T16:28:30.665311Z	info	ads	full push happen, reason:map[config:1]
2026-08-29T16:28:30.665552627Z 2026-08-29T16:28:30.665349Z	info	ads	full push happen, reason:map[config:1]
2026-08-29T16:28:30.680974286Z 2026-08-29T16:28:30.680846Z	info	ads	full push happen, reason:map[config:1]
2026-08-29T16:28:30.680990294Z 2026-08-29T16:28:30.680889Z	info	ads	full push happen, reason:map[config:1]
2026-08-29T16:28:30.691358308Z 2026-08-29T16:28:30.691188Z	info	ads	full push happen, reason:map[config:1]
2026-08-29T16:28:30.691388509Z 2026-08-29T16:28:30.691232Z	info	ads	full push happen, reason:map[config:1]
2026-08-29T16:28:30.706660521Z 2026-08-29T16:28:30.706541Z	info	ads	full push happen, reason:map[config:1]
2026-08-29T16:28:30.706682182Z 2026-08-29T16:28:30.706586Z	info	ads	full push happen, reason:map[config:1]
2026-08-29T16:28:30.717302201Z 2026-08-29T16:28:30.717181Z	info	ads	full push happen, reason:map[config:1]
2026-08-29T16:28:30.717340894Z 2026-08-29T16:28:30.717224Z	info	ads	full push happen, reason:map[config:1]
2026-08-29T16:28:30.733024083Z 2026-08-29T16:28:30.732821Z	info	ads	full push happen, reason:map[config:1]
2026-08-29T16:28:30.733060194Z 2026-08-29T16:28:30.732851Z	info	ads	full push happen, reason:map[config:1]
2026-08-29T16:28:30.752559083Z 2026-08-29T16:28:30.752313Z	info	ads	full push happen, reason:map[config:1]
2026-08-29T16:28:30.752586138Z 2026-08-29T16:28:30.752358Z	info	ads	full push happen, reason:map[config:1]
2026-08-29T16:28:30.763713955Z 2026-08-29T16:28:30.763580Z	info	ads	full push happen, reason:map[config:1]
2026-08-29T16:28:30.763736611Z 2026-08-29T16:28:30.763604Z	info	ads	full push happen, reason:map[config:1]
2026-08-29T16:28:30.778900567Z 2026-08-29T16:28:30.778704Z	info	ads	full push happen, reason:map[config:1]
2026-08-29T16:28:30.778970352Z 2026-08-29T16:28:30.778748Z	info	ads	full push happen, reason:map[config:1]
2026-08-29T16:28:30.794847221Z 2026-08-29T16:28:30.794712Z	info	ads	full push happen, reason:map[config:1]
2026-08-29T16:28:30.794867170Z 2026-08-29T16:28:30.794759Z	info	ads	full push happen, reason:map[config:1]
2026-08-29T16:28:30.805659219Z 2026-08-29T16:28:30.805405Z	info	ads	full push happen, reason:map[config:1]
2026-08-29T16:28:30.805689211Z 2026-08-29T16:28:30.805430Z	info	ads	full push happen, reason:map[config:1]
2026-08-29T16:28:30.822083328Z 2026-08-29T16:28:30.821934Z	info	ads	full push happen, reason:map[config:1]
2026-08-29T16:28:30.822113889Z 2026-08-29T16:28:30.821968Z	info	ads	full push happen, reason:map[config:1]
2026-08-29T16:28:30.837935603Z 2026-08-29T16:28:30.837731Z	info	ads	full push happen, reason:map[config:1]
2026-08-29T16:28:30.837968507Z 2026-08-29T16:28:30.837767Z	info	ads	full push happen, reason:map[config:1]
2026-08-29T16:28:30.850493113Z 2026-08-29T16:28:30.850220Z	info	ads	full push happen, reason:map[config:1]
2026-08-29T16:28:30.850527441Z 2026-08-29T16:28:30.850271Z	info	ads	full push happen, reason:map[config:1]
2026-08-29T16:28:30.867603371Z 2026-08-29T16:28:30.867359Z	info	ads	full push happen, reason:map[config:1]
2026-08-29T16:28:30.867638984Z 2026-08-29T16:28:30.867381Z	info	ads	full push happen, reason:map[config:1]
2026-08-29T16:28:30.883223035Z 2026-08-29T16:28:30.883093Z	info	ads	full push happen, reason:map[config:1]
2026-08-29T16:28:30.883259808Z 2026-08-29T16:28:30.883142Z	info	ads	full push happen, reason:map[config:1]
2026-08-29T16:28:30.898065749Z 2026-08-29T16:28:30.897829Z	info	ads	full push happen, reason:map[config:1]
2026-08-29T16:28:30.898103514Z 2026-08-29T16:28:30.897872Z	info	ads	full push happen, reason:map[config:1]
2026-08-29T16:28:30.913954135Z 2026-08-29T16:28:30.913761Z	info	ads	full push happen, reason:map[config:1]
2026-08-29T16:28:30.913988663Z 2026-08-29T16:28:30.913806Z	info	ads	full push happen, reason:map[config:1]
2026-08-29T16:28:30.930233872Z 2026-08-29T16:28:30.930048Z	info	ads	full push happen, reason:map[config:1]
2026-08-29T16:28:30.930264989Z 2026-08-29T16:28:30.930077Z	info	ads	full push happen, reason:map[config:1]
2026-08-29T16:28:30.941319228Z 2026-08-29T16:28:30.941017Z	info	ads	full push happen, reason:map[config:1]
2026-08-29T16:28:30.941350940Z 2026-08-29T16:28:30.941058Z	info	ads	full push happen, reason:map[config:1]
2026-08-29T16:28:30.958237216Z 2026-08-29T16:28:30.957991Z	info	ads	full push happen, reason:map[config:1]
2026-08-29T16:28:30.958269641Z 2026-08-29T16:28:30.958020Z	info	ads	full push happen, reason:map[config:1]
2026-08-29T16:28:30.974116974Z 2026-08-29T16:28:30.973828Z	info	ads	full push happen, reason:map[config:1]
2026-08-29T16:28:30.974146623Z 2026-08-29T16:28:30.973871Z	info	ads	full push happen, reason:map[config:1]
2026-08-29T16:28:30.985323653Z 2026-08-29T16:28:30.985074Z	info	ads	full push happen, reason:map[config:1]
2026-08-29T16:28:30.985356675Z 2026-08-29T16:28:30.985118Z	info	ads	full push happen, reason:map[config:1]
2026-08-29T16:28:31.001785249Z 2026-08-29T16:28:31.001593Z	info	ads	full push happen, reason:map[config:1]
2026-08-29T16:28:31.001817360Z 2026-08-29T16:28:31.001634Z	info	ads	full push happen, reason:map[config:1]
2026-08-29T16:28:31.017573333Z 2026-08-29T16:28:31.017311Z	info	ads	full push happen, reason:map[config:1]
2026-08-29T16:28:31.017604913Z 2026-08-29T16:28:31.017364Z	info	ads	full push happen, reason:map[config:1]
2026-08-29T16:28:31.028888247Z 2026-08-29T16:28:31.028659Z	info	ads	full push happen, reason:map[config:1]
2026-08-29T16:28:31.028900215Z 2026-08-29T16:28:31.028703Z	info	ads	full push happen, reason:map[config:1]
2026-08-29T16:28:31.044941041Z 2026-08-29T16:28:31.044757Z	info	ads	full push happen, reason:map[config:1]
2026-08-29T16:28:31.044973182Z 2026-08-29T16:28:31.044799Z	info	ads	full push happen, reason:map[config:1]
2026-08-29T16:28:31.060522481Z 2026-08-29T16:28:31.060359Z	info	ads	full push happen, reason:map[config:1]
2026-08-29T16:28:31.060553725Z 2026-08-29T16:28:31.060396Z	info	ads	full push happen, reason:map[config:1]
2026-08-29T16:28:31.072012072Z 2026-08-29T16:28:31.071778Z	info	ads	full push happen, reason:map[config:1]
2026-08-29T16:28:31.072046744Z 2026-08-29T16:28:31.071815Z	info	ads	full push happen, reason:map[config:1]
2026-08-29T16:28:31.088402713Z 2026-08-29T16:28:31.088211Z	info	ads	full push happen, reason:map[config:1]
2026-08-29T16:28:31.088421786Z 2026-08-29T16:28:31.088258Z	info	ads	full push happen, reason:map[config:1]
2026-08-29T16:28:31.099536765Z 2026-08-29T16:28:31.099383Z	info	ads	full push happen, reason:map[config:1]
2026-08-29T16:28:31.099565442Z 2026-08-29T16:28:31.099432Z	info	ads	full push happen, reason:map[config:1]
2026-08-29T16:28:31.115353623Z 2026-08-29T16:28:31.115223Z	info	ads	full push happen, reason:map[config:1]
2026-08-29T16:28:31.115371483Z 2026-08-29T16:28:31.115268Z	info	ads	full push happen, reason:map[config:1]
2026-08-29T16:28:31.134866226Z 2026-08-29T16:28:31.134680Z	info	ads	full push happen, reason:map[config:1]
2026-08-29T16:28:31.134899691Z 2026-08-29T16:28:31.134729Z	info	ads	full push happen, reason:map[config:1]
2026-08-29T16:28:31.147958420Z 2026-08-29T16:28:31.147737Z	info	ads	full push happen, reason:map[config:1]
2026-08-29T16:28:31.147988637Z 2026-08-29T16:28:31.147778Z	info	ads	full push happen, reason:map[config:1]
2026-08-29T16:28:31.165277600Z 2026-08-29T16:28:31.165152Z	info	ads	full push happen, reason:map[config:1]
2026-08-29T16:28:31.165297032Z 2026-08-29T16:28:31.165197Z	info	ads	full push happen, reason:map[config:1]
2026-08-29T16:28:31.183067091Z 2026-08-29T16:28:31.182844Z	info	ads	full push happen, reason:map[config:1]
2026-08-29T16:28:31.183103064Z 2026-08-29T16:28:31.182886Z	info	ads	full push happen, reason:map[config:1]
2026-08-29T16:28:31.196981847Z 2026-08-29T16:28:31.196736Z	info	ads	full push happen, reason:map[config:1]
2026-08-29T16:28:31.196996675Z 2026-08-29T16:28:31.196781Z	info	ads	full push happen, reason:map[config:1]
2026-08-29T16:28:31.216740853Z 2026-08-29T16:28:31.216597Z	info	ads	full push happen, reason:map[config:1]
2026-08-29T16:28:31.216759545Z 2026-08-29T16:28:31.216650Z	info	ads	full push happen, reason:map[config:1]
2026-08-29T16:28:31.231802292Z 2026-08-29T16:28:31.231520Z	info	ads	full push happen, reason:map[config:1]
2026-08-29T16:28:31.231821965Z 2026-08-29T16:28:31.231565Z	info	ads	full push happen, reason:map[config:1]
2026-08-29T16:28:31.242876047Z 2026-08-29T16:28:31.242600Z	info	ads	full push happen, reason:map[config:1]
2026-08-29T16:28:31.242907740Z 2026-08-29T16:28:31.242650Z	info	ads	full push happen, reason:map[config:1]
2026-08-29T16:28:31.260169103Z 2026-08-29T16:28:31.259929Z	info	ads	full push happen, reason:map[config:1]
2026-08-29T16:28:31.260207604Z 2026-08-29T16:28:31.259971Z	info	ads	full push happen, reason:map[config:1]
2026-08-29T16:28:31.271224000Z 2026-08-29T16:28:31.271081Z	info	ads	full push happen, reason:map[config:1]
2026-08-29T16:28:31.271239728Z 2026-08-29T16:28:31.271126Z	info	ads	full push happen, reason:map[config:1]
2026-08-29T16:28:31.287864666Z 2026-08-29T16:28:31.287588Z	info	ads	full push happen, reason:map[config:1]
2026-08-29T16:28:31.287896511Z 2026-08-29T16:28:31.287631Z	info	ads	full push happen, reason:map[config:1]
2026-08-29T16:28:31.304175948Z 2026-08-29T16:28:31.303989Z	info	ads	full push happen, reason:map[config:1]
2026-08-29T16:28:31.304195008Z 2026-08-29T16:28:31.304039Z	info	ads	full push happen, reason:map[config:1]
2026-08-29T16:28:31.313635699Z 2026-08-29T16:28:31.313440Z	info	ads	full push happen, reason:map[config:1]
2026-08-29T16:28:31.313663868Z 2026-08-29T16:28:31.313468Z	info	ads	full push happen, reason:map[config:1]
2026-08-29T16:28:31.328983977Z 2026-08-29T16:28:31.328814Z	info	ads	full push happen, reason:map[config:1]
2026-08-29T16:28:31.329002325Z 2026-08-29T16:28:31.328849Z	info	ads	full push happen, reason:map[config:1]
2026-08-29T16:28:31.345914035Z 2026-08-29T16:28:31.345739Z	info	ads	full push happen, reason:map[config:1]
2026-08-29T16:28:31.345944966Z 2026-08-29T16:28:31.345777Z	info	ads	full push happen, reason:map[config:1]
2026-08-29T16:28:31.357919036Z 2026-08-29T16:28:31.357650Z	info	ads	full push happen, reason:map[config:1]
2026-08-29T16:28:31.357947864Z 2026-08-29T16:28:31.357704Z	info	ads	full push happen, reason:map[config:1]
2026-08-29T16:28:31.372171462Z 2026-08-29T16:28:31.371985Z	info	ads	full push happen, reason:map[config:1]
2026-08-29T16:28:31.372185423Z 2026-08-29T16:28:31.372019Z	info	ads	full push happen, reason:map[config:1]
2026-08-29T16:28:31.387582697Z 2026-08-29T16:28:31.387379Z	info	ads	full push happen, reason:map[config:1]
2026-08-29T16:28:31.387613954Z 2026-08-29T16:28:31.387417Z	info	ads	full push happen, reason:map[config:1]
2026-08-29T16:28:31.397802330Z 2026-08-29T16:28:31.397581Z	info	ads	full push happen, reason:map[config:1]
2026-08-29T16:28:31.397834087Z 2026-08-29T16:28:31.397623Z	info	ads	full push happen, reason:map[config:1]
2026-08-29T16:28:31.413613249Z 2026-08-29T16:28:31.413390Z	info	ads	full push happen, reason:map[config:1]
2026-08-29T16:28:31.413639959Z 2026-08-29T16:28:31.413436Z	info	ads	full push happen, reason:map[config:1]
2026-08-29T16:28:31.424180575Z 2026-08-29T16:28:31.423943Z	info	ads	full push happen, reason:map[config:1]
2026-08-29T16:28:31.424195919Z 2026-08-29T16:28:31.423979Z	info	ads	full push happen, reason:map[config:1]
2026-08-29T16:28:31.439221131Z 2026-08-29T16:28:31.439043Z	info	ads	full push happen, reason:map[config:1]
2026-08-29T16:28:31.439253791Z 2026-08-29T16:28:31.439078Z	info	ads	full push happen, reason:map[config:1]
2026-08-29T16:28:31.454393379Z 2026-08-29T16:28:31.454218Z	info	ads	full push happen, reason:map[config:1]
2026-08-29T16:28:31.454424579Z 2026-08-29T16:28:31.454261Z	info	ads	full push happen, reason:map[config:1]
2026-08-29T16:28:31.465474547Z 2026-08-29T16:28:31.465285Z	info	ads	full push happen, reason:map[config:1]
2026-08-29T16:28:31.465510104Z 2026-08-29T16:28:31.465326Z	info	ads	full push happen, reason:map[config:1]
2026-08-29T16:28:31.480284374Z 2026-08-29T16:28:31.480043Z	info	ads	full push happen, reason:map[config:1]
2026-08-29T16:28:31.480320922Z 2026-08-29T16:28:31.480089Z	info	ads	full push happen, reason:map[config:1]
2026-08-29T16:28:31.496963072Z 2026-08-29T16:28:31.496752Z	info	ads	full push happen, reason:map[config:1]
2026-08-29T16:28:31.497003872Z 2026-08-29T16:28:31.496838Z	info	ads	full push happen, reason:map[config:1]
2026-08-29T16:28:31.508504235Z 2026-08-29T16:28:31.508221Z	info	ads	full push happen, reason:map[config:1]
2026-08-29T16:28:31.508533328Z 2026-08-29T16:28:31.508263Z	info	ads	full push happen, reason:map[config:1]
2026-08-29T16:28:31.523522199Z 2026-08-29T16:28:31.523347Z	info	ads	full push happen, reason:map[config:1]
2026-08-29T16:28:31.523560191Z 2026-08-29T16:28:31.523385Z	info	ads	full push happen, reason:map[config:1]
2026-08-29T16:28:31.539458837Z 2026-08-29T16:28:31.539270Z	info	ads	full push happen, reason:map[config:1]
2026-08-29T16:28:31.539478154Z 2026-08-29T16:28:31.539306Z	info	ads	full push happen, reason:map[config:1]
2026-08-29T16:28:31.549632383Z 2026-08-29T16:28:31.549449Z	info	ads	full push happen, reason:map[config:1]
2026-08-29T16:28:31.549646147Z 2026-08-29T16:28:31.549495Z	info	ads	full push happen, reason:map[config:1]
2026-08-29T16:28:31.564134510Z 2026-08-29T16:28:31.564029Z	info	ads	full push happen, reason:map[config:1]
2026-08-29T16:28:31.564150298Z 2026-08-29T16:28:31.564069Z	info	ads	full push happen, reason:map[config:1]
2026-08-29T16:28:31.574199746Z 2026-08-29T16:28:31.573948Z	info	ads	full push happen, reason:map[config:1]
2026-08-29T16:28:31.574212938Z 2026-08-29T16:28:31.573999Z	info	ads	full push happen, reason:map[config:1]
2026-08-29T16:28:31.589203286Z 2026-08-29T16:28:31.589085Z	info	ads	full push happen, reason:map[config:1]
2026-08-29T16:28:31.589232954Z 2026-08-29T16:28:31.589121Z	info	ads	full push happen, reason:map[config:1]
2026-08-29T16:28:31.603868571Z 2026-08-29T16:28:31.603625Z	info	ads	full push happen, reason:map[config:1]
2026-08-29T16:28:31.603900195Z 2026-08-29T16:28:31.603661Z	info	ads	full push happen, reason:map[config:1]
2026-08-29T16:28:31.614065599Z 2026-08-29T16:28:31.613875Z	info	ads	full push happen, reason:map[config:1]
2026-08-29T16:28:31.614098732Z 2026-08-29T16:28:31.613938Z	info	ads	full push happen, reason:map[config:1]
2026-08-29T16:28:31.629178716Z 2026-08-29T16:28:31.628997Z	info	ads	full push happen, reason:map[config:1]
2026-08-29T16:28:31.629208128Z 2026-08-29T16:28:31.629043Z	info	ads	full push happen, reason:map[config:1]
2026-08-29T16:28:31.645601330Z 2026-08-29T16:28:31.645441Z	info	ads	full push happen, reason:map[config:1]
2026-08-29T16:28:31.645639185Z 2026-08-29T16:28:31.645490Z	info	ads	full push happen, reason:map[config:1]
2026-08-29T16:28:31.656186262Z 2026-08-29T16:28:31.655946Z	info	ads	full push happen, reason:map[config:1]
2026-08-29T16:28:31.656214993Z 2026-08-29T16:28:31.655986Z	info	ads	full push happen, reason:map[config:1]
2026-08-29T16:28:31.670128158Z 2026-08-29T16:28:31.669964Z	info	ads	full push happen, reason:map[config:1]
2026-08-29T16:28:31.670158446Z 2026-08-29T16:28:31.670000Z	info	ads	full push happen, reason:map[config:1]
2026-08-29T16:28:31.685459476Z 2026-08-29T16:28:31.685190Z	info	ads	full push happen, reason:map[config:1]
2026-08-29T16:28:31.685493672Z 2026-08-29T16:28:31.685227Z	info	ads	full push happen, reason:map[config:1]
2026-08-29T16:28:31.695633997Z 2026-08-29T16:28:31.695470Z	info	ads	full push happen, reason:map[config:1]
2026-08-29T16:28:31.695669761Z 2026-08-29T16:28:31.695521Z	info	ads	full push happen, reason:map[config:1]
2026-08-29T16:28:31.710429674Z 2026-08-29T16:28:31.710200Z	info	ads	full push happen, reason:map[config:1]
2026-08-29T16:28:31.710443338Z 2026-08-29T16:28:31.710241Z	info	ads	full push happen, reason:map[config:1]
2026-08-29T16:28:31.720886250Z 2026-08-29T16:28:31.720759Z	info	ads	full push happen, reason:map[config:1]
2026-08-29T16:28:31.720914474Z 2026-08-29T16:28:31.720805Z	info	ads	full push happen, reason:map[config:1]
2026-08-29T16:28:31.736319548Z 2026-08-29T16:28:31.736171Z	info	ads	full push happen, reason:map[config:1]
2026-08-29T16:28:31.736374492Z 2026-08-29T16:28:31.736212Z	info	ads	full push happen, reason:map[config:1]
2026-08-29T16:28:31.752506468Z 2026-08-29T16:28:31.752330Z	info	ads	full push happen, reason:map[config:1]
2026-08-29T16:28:31.752521328Z 2026-08-29T16:28:31.752363Z	info	ads	full push happen, reason:map[config:1]
2026-08-29T16:28:31.763900330Z 2026-08-29T16:28:31.763624Z	info	ads	full push happen, reason:map[config:1]
2026-08-29T16:28:31.763928306Z 2026-08-29T16:28:31.763656Z	info	ads	full push happen, reason:map[config:1]
2026-08-29T16:28:31.780619529Z 2026-08-29T16:28:31.780403Z	info	ads	full push happen, reason:map[config:1]
2026-08-29T16:28:31.780652801Z 2026-08-29T16:28:31.780439Z	info	ads	full push happen, reason:map[config:1]
2026-08-29T16:28:31.796155853Z 2026-08-29T16:28:31.795817Z	info	ads	full push happen, reason:map[config:1]
2026-08-29T16:28:31.796189532Z 2026-08-29T16:28:31.795850Z	info	ads	full push happen, reason:map[config:1]
2026-08-29T16:28:31.807456997Z 2026-08-29T16:28:31.807309Z	info	ads	full push happen, reason:map[config:1]
2026-08-29T16:28:31.807484730Z 2026-08-29T16:28:31.807339Z	info	ads	full push happen, reason:map[config:1]
2026-08-29T16:28:31.822439573Z 2026-08-29T16:28:31.822254Z	info	ads	full push happen, reason:map[config:1]
2026-08-29T16:28:31.822453137Z 2026-08-29T16:28:31.822291Z	info	ads	full push happen, reason:map[config:1]
2026-08-29T16:28:31.839117053Z 2026-08-29T16:28:31.838992Z	info	ads	full push happen, reason:map[config:1]
2026-08-29T16:28:31.839145769Z 2026-08-29T16:28:31.839034Z	info	ads	full push happen, reason:map[config:1]
2026-08-29T16:28:31.849645483Z 2026-08-29T16:28:31.849499Z	info	ads	full push happen, reason:map[config:1]
2026-08-29T16:28:31.849657795Z 2026-08-29T16:28:31.849542Z	info	ads	full push happen, reason:map[config:1]
2026-08-29T16:28:31.866172983Z 2026-08-29T16:28:31.866036Z	info	ads	full push happen, reason:map[config:1]
2026-08-29T16:28:31.866205279Z 2026-08-29T16:28:31.866067Z	info	ads	full push happen, reason:map[config:1]
2026-08-29T16:28:31.880721799Z 2026-08-29T16:28:31.880550Z	info	ads	full push happen, reason:map[config:1]
2026-08-29T16:28:31.880761035Z 2026-08-29T16:28:31.880587Z	info	ads	full push happen, reason:map[config:1]
2026-08-29T16:28:31.893187187Z 2026-08-29T16:28:31.893065Z	info	ads	full push happen, reason:map[config:1]
2026-08-29T16:28:31.893201508Z 2026-08-29T16:28:31.893110Z	info	ads	full push happen, reason:map[config:1]
2026-08-29T16:28:31.922869801Z 2026-08-29T16:28:31.922619Z	info	ads	full push happen, reason:map[config:1]
2026-08-29T16:28:31.923354172Z 2026-08-29T16:28:31.923210Z	info	ads	full push happen, reason:map[config:1]
2026-08-29T16:28:31.946976270Z 2026-08-29T16:28:31.946842Z	info	ads	full push happen, reason:map[config:1]
2026-08-29T16:28:31.946992113Z 2026-08-29T16:28:31.946881Z	info	ads	full push happen, reason:map[config:1]
2026-08-29T16:28:31.957973260Z 2026-08-29T16:28:31.957784Z	info	ads	full push happen, reason:map[config:1]
2026-08-29T16:28:31.958000992Z 2026-08-29T16:28:31.957832Z	info	ads	full push happen, reason:map[config:1]
2026-08-29T16:28:31.973204090Z 2026-08-29T16:28:31.973010Z	info	ads	full push happen, reason:map[config:1]
2026-08-29T16:28:31.973218898Z 2026-08-29T16:28:31.973047Z	info	ads	full push happen, reason:map[config:1]
2026-08-29T16:28:31.984781848Z 2026-08-29T16:28:31.984620Z	info	ads	full push happen, reason:map[config:1]
2026-08-29T16:28:31.984815089Z 2026-08-29T16:28:31.984668Z	info	ads	full push happen, reason:map[config:1]
2026-08-29T16:28:31.998584183Z 2026-08-29T16:28:31.998387Z	info	ads	full push happen, reason:map[config:1]
2026-08-29T16:28:31.998619168Z 2026-08-29T16:28:31.998434Z	info	ads	full push happen, reason:map[config:1]
2026-08-29T16:28:32.014461272Z 2026-08-29T16:28:32.014288Z	info	ads	full push happen, reason:map[config:1]
2026-08-29T16:28:32.014498997Z 2026-08-29T16:28:32.014322Z	info	ads	full push happen, reason:map[config:1]
2026-08-29T16:28:32.025765281Z 2026-08-29T16:28:32.025604Z	info	ads	full push happen, reason:map[config:1]
2026-08-29T16:28:32.025808625Z 2026-08-29T16:28:32.025645Z	info	ads	full push happen, reason:map[config:1]
2026-08-29T16:28:32.041207653Z 2026-08-29T16:28:32.041050Z	info	ads	full push happen, reason:map[config:1]
2026-08-29T16:28:32.041233233Z 2026-08-29T16:28:32.041092Z	info	ads	full push happen, reason:map[config:1]
2026-08-29T16:28:32.057587318Z 2026-08-29T16:28:32.057464Z	info	ads	full push happen, reason:map[config:1]
2026-08-29T16:28:32.057602885Z 2026-08-29T16:28:32.057516Z	info	ads	full push happen, reason:map[config:1]
2026-08-29T16:28:32.067939300Z 2026-08-29T16:28:32.067799Z	info	ads	full push happen, reason:map[config:1]
2026-08-29T16:28:32.067967124Z 2026-08-29T16:28:32.067837Z	info	ads	full push happen, reason:map[config:1]
2026-08-29T16:28:32.083252077Z 2026-08-29T16:28:32.083033Z	info	ads	full push happen, reason:map[config:1]
2026-08-29T16:28:32.083265805Z 2026-08-29T16:28:32.083087Z	info	ads	full push happen, reason:map[config:1]
2026-08-29T16:28:32.098698556Z 2026-08-29T16:28:32.098477Z	info	ads	full push happen, reason:map[config:1]
2026-08-29T16:28:32.098730969Z 2026-08-29T16:28:32.098517Z	info	ads	full push happen, reason:map[config:1]
2026-08-29T16:28:32.109063595Z 2026-08-29T16:28:32.108940Z	info	ads	full push happen, reason:map[config:1]
2026-08-29T16:28:32.109077867Z 2026-08-29T16:28:32.109011Z	info	ads	full push happen, reason:map[config:1]
2026-08-29T16:28:32.124645070Z 2026-08-29T16:28:32.124399Z	info	ads	full push happen, reason:map[config:1]
2026-08-29T16:28:32.124677318Z 2026-08-29T16:28:32.124446Z	info	ads	full push happen, reason:map[config:1]
2026-08-29T16:28:32.134961327Z 2026-08-29T16:28:32.134814Z	info	ads	full push happen, reason:map[config:1]
2026-08-29T16:28:32.134984612Z 2026-08-29T16:28:32.134856Z	info	ads	full push happen, reason:map[config:1]
2026-08-29T16:28:32.149991888Z 2026-08-29T16:28:32.149756Z	info	ads	full push happen, reason:map[config:1]
2026-08-29T16:28:32.150024331Z 2026-08-29T16:28:32.149795Z	info	ads	full push happen, reason:map[config:1]
2026-08-29T16:28:32.164985067Z 2026-08-29T16:28:32.164726Z	info	ads	full push happen, reason:map[config:1]
2026-08-29T16:28:32.164999198Z 2026-08-29T16:28:32.164781Z	info	ads	full push happen, reason:map[config:1]
2026-08-29T16:28:32.175549639Z 2026-08-29T16:28:32.175270Z	info	ads	full push happen, reason:map[config:1]
2026-08-29T16:28:32.175586031Z 2026-08-29T16:28:32.175304Z	info	ads	full push happen, reason:map[config:1]
2026-08-29T16:28:32.198686137Z 2026-08-29T16:28:32.198497Z	info	ads	full push happen, reason:map[config:1]
2026-08-29T16:28:32.198700396Z 2026-08-29T16:28:32.198541Z	info	ads	full push happen, reason:map[config:1]
2026-08-29T16:28:32.216402659Z 2026-08-29T16:28:32.216290Z	info	ads	full push happen, reason:map[config:1]
2026-08-29T16:28:32.216423980Z 2026-08-29T16:28:32.216325Z	info	ads	full push happen, reason:map[config:1]
2026-08-29T16:28:32.227151701Z 2026-08-29T16:28:32.227021Z	info	ads	full push happen, reason:map[config:1]
2026-08-29T16:28:32.227180156Z 2026-08-29T16:28:32.227059Z	info	ads	full push happen, reason:map[config:1]
2026-08-29T16:28:32.242104287Z 2026-08-29T16:28:32.241918Z	info	ads	full push happen, reason:map[config:1]
2026-08-29T16:28:32.242134444Z 2026-08-29T16:28:32.241956Z	info	ads	full push happen, reason:map[config:1]
2026-08-29T16:28:32.257113966Z 2026-08-29T16:28:32.256973Z	info	ads	full push happen, reason:map[config:1]
2026-08-29T16:28:32.257167376Z 2026-08-29T16:28:32.257003Z	info	ads	full push happen, reason:map[config:1]
2026-08-29T16:28:32.267745371Z 2026-08-29T16:28:32.267490Z	info	ads	full push happen, reason:map[config:1]
2026-08-29T16:28:32.267773079Z 2026-08-29T16:28:32.267522Z	info	ads	full push happen, reason:map[config:1]
2026-08-29T16:28:32.282513365Z 2026-08-29T16:28:32.282347Z	info	ads	full push happen, reason:map[config:1]
2026-08-29T16:28:32.282527825Z 2026-08-29T16:28:32.282394Z	info	ads	full push happen, reason:map[config:1]
2026-08-29T16:28:32.293228354Z 2026-08-29T16:28:32.293013Z	info	ads	full push happen, reason:map[config:1]
2026-08-29T16:28:32.293255701Z 2026-08-29T16:28:32.293047Z	info	ads	full push happen, reason:map[config:1]
2026-08-29T16:28:32.309271113Z 2026-08-29T16:28:32.309101Z	info	ads	full push happen, reason:map[config:1]
2026-08-29T16:28:32.309284177Z 2026-08-29T16:28:32.309142Z	info	ads	full push happen, reason:map[config:1]
2026-08-29T16:28:32.324431881Z 2026-08-29T16:28:32.324162Z	info	ads	full push happen, reason:map[config:1]
2026-08-29T16:28:32.324445449Z 2026-08-29T16:28:32.324200Z	info	ads	full push happen, reason:map[config:1]
2026-08-29T16:28:32.334670635Z 2026-08-29T16:28:32.334544Z	info	ads	full push happen, reason:map[config:1]
2026-08-29T16:28:32.334700091Z 2026-08-29T16:28:32.334575Z	info	ads	full push happen, reason:map[config:1]
2026-08-29T16:28:32.351991691Z 2026-08-29T16:28:32.351805Z	info	ads	full push happen, reason:map[config:1]
2026-08-29T16:28:32.352007175Z 2026-08-29T16:28:32.351839Z	info	ads	full push happen, reason:map[config:1]
2026-08-29T16:28:32.366770644Z 2026-08-29T16:28:32.366381Z	info	ads	full push happen, reason:map[config:1]
2026-08-29T16:28:32.367113303Z 2026-08-29T16:28:32.366416Z	info	ads	full push happen, reason:map[config:1]
2026-08-29T16:28:32.379581341Z 2026-08-29T16:28:32.379430Z	info	ads	full push happen, reason:map[config:1]
2026-08-29T16:28:32.379607457Z 2026-08-29T16:28:32.379464Z	info	ads	full push happen, reason:map[config:1]
2026-08-29T16:28:32.394862885Z 2026-08-29T16:28:32.394654Z	info	ads	full push happen, reason:map[config:1]
2026-08-29T16:28:32.394912042Z 2026-08-29T16:28:32.394692Z	info	ads	full push happen, reason:map[config:1]
2026-08-29T16:28:32.409373498Z 2026-08-29T16:28:32.409208Z	info	ads	full push happen, reason:map[config:1]
2026-08-29T16:28:32.409386737Z 2026-08-29T16:28:32.409244Z	info	ads	full push happen, reason:map[config:1]
2026-08-29T16:28:32.419857269Z 2026-08-29T16:28:32.419645Z	info	ads	full push happen, reason:map[config:1]
2026-08-29T16:28:32.419885921Z 2026-08-29T16:28:32.419680Z	info	ads	full push happen, reason:map[config:1]
2026-08-29T16:28:32.434783955Z 2026-08-29T16:28:32.434565Z	info	ads	full push happen, reason:map[config:1]
2026-08-29T16:28:32.434816972Z 2026-08-29T16:28:32.434610Z	info	ads	full push happen, reason:map[config:1]
2026-08-29T16:28:32.450632205Z 2026-08-29T16:28:32.450315Z	info	ads	full push happen, reason:map[config:1]
2026-08-29T16:28:32.450664214Z 2026-08-29T16:28:32.450346Z	info	ads	full push happen, reason:map[config:1]
2026-08-29T16:28:32.461404039Z 2026-08-29T16:28:32.461270Z	info	ads	full push happen, reason:map[config:1]
2026-08-29T16:28:32.461416159Z 2026-08-29T16:28:32.461310Z	info	ads	full push happen, reason:map[config:1]
2026-08-29T16:28:32.477120347Z 2026-08-29T16:28:32.476947Z	info	ads	full push happen, reason:map[config:1]
2026-08-29T16:28:32.477151603Z 2026-08-29T16:28:32.476979Z	info	ads	full push happen, reason:map[config:1]
2026-08-29T16:28:32.492832127Z 2026-08-29T16:28:32.492577Z	info	ads	full push happen, reason:map[config:1]
2026-08-29T16:28:32.492864252Z 2026-08-29T16:28:32.492607Z	info	ads	full push happen, reason:map[config:1]
2026-08-29T16:28:32.503178522Z 2026-08-29T16:28:32.503041Z	info	ads	full push happen, reason:map[config:1]
2026-08-29T16:28:32.503225954Z 2026-08-29T16:28:32.503076Z	info	ads	full push happen, reason:map[config:1]
2026-08-29T16:28:32.519250941Z 2026-08-29T16:28:32.519031Z	info	ads	full push happen, reason:map[config:1]
2026-08-29T16:28:32.519281437Z 2026-08-29T16:28:32.519068Z	info	ads	full push happen, reason:map[config:1]
2026-08-29T16:28:32.534213296Z 2026-08-29T16:28:32.534011Z	info	ads	full push happen, reason:map[config:1]
2026-08-29T16:28:32.534245228Z 2026-08-29T16:28:32.534053Z	info	ads	full push happen, reason:map[config:1]
2026-08-29T16:28:32.544437550Z 2026-08-29T16:28:32.544191Z	info	ads	full push happen, reason:map[config:1]
2026-08-29T16:28:32.544449909Z 2026-08-29T16:28:32.544224Z	info	ads	full push happen, reason:map[config:1]
2026-08-29T16:28:32.559201876Z 2026-08-29T16:28:32.559034Z	info	ads	full push happen, reason:map[config:1]
2026-08-29T16:28:32.559235532Z 2026-08-29T16:28:32.559075Z	info	ads	full push happen, reason:map[config:1]
2026-08-29T16:28:32.569488489Z 2026-08-29T16:28:32.569268Z	info	ads	full push happen, reason:map[config:1]
2026-08-29T16:28:32.569516537Z 2026-08-29T16:28:32.569316Z	info	ads	full push happen, reason:map[config:1]
2026-08-29T16:28:32.584600840Z 2026-08-29T16:28:32.584348Z	info	ads	full push happen, reason:map[config:1]
2026-08-29T16:28:32.584614785Z 2026-08-29T16:28:32.584400Z	info	ads	full push happen, reason:map[config:1]
2026-08-29T16:28:32.599015472Z 2026-08-29T16:28:32.598729Z	info	ads	full push happen, reason:map[config:1]
2026-08-29T16:28:32.599046141Z 2026-08-29T16:28:32.598764Z	info	ads	full push happen, reason:map[config:1]
2026-08-29T16:28:32.609360467Z 2026-08-29T16:28:32.609156Z	info	ads	full push happen, reason:map[config:1]
2026-08-29T16:28:32.609388726Z 2026-08-29T16:28:32.609192Z	info	ads	full push happen, reason:map[config:1]
2026-08-29T16:28:32.625616519Z 2026-08-29T16:28:32.625410Z	info	ads	full push happen, reason:map[config:1]
2026-08-29T16:28:32.625629963Z 2026-08-29T16:28:32.625455Z	info	ads	full push happen, reason:map[config:1]
2026-08-29T16:28:32.640505157Z 2026-08-29T16:28:32.640302Z	info	ads	full push happen, reason:map[config:1]
2026-08-29T16:28:32.640536841Z 2026-08-29T16:28:32.640331Z	info	ads	full push happen, reason:map[config:1]
2026-08-29T16:28:32.651323100Z 2026-08-29T16:28:32.651214Z	info	ads	full push happen, reason:map[config:1]
2026-08-29T16:28:32.651351579Z 2026-08-29T16:28:32.651258Z	info	ads	full push happen, reason:map[config:1]
2026-08-29T16:28:32.666082721Z 2026-08-29T16:28:32.665910Z	info	ads	full push happen, reason:map[config:1]
2026-08-29T16:28:32.666096049Z 2026-08-29T16:28:32.665940Z	info	ads	full push happen, reason:map[config:1]
2026-08-29T16:28:32.681484827Z 2026-08-29T16:28:32.681294Z	info	ads	full push happen, reason:map[config:1]
2026-08-29T16:28:32.681498091Z 2026-08-29T16:28:32.681340Z	info	ads	full push happen, reason:map[config:1]
2026-08-29T16:28:32.691689404Z 2026-08-29T16:28:32.691473Z	info	ads	full push happen, reason:map[config:1]
2026-08-29T16:28:32.691703428Z 2026-08-29T16:28:32.691530Z	info	ads	full push happen, reason:map[config:1]
2026-08-29T16:28:32.707344561Z 2026-08-29T16:28:32.707127Z	info	ads	full push happen, reason:map[config:1]
2026-08-29T16:28:32.707374157Z 2026-08-29T16:28:32.707166Z	info	ads	full push happen, reason:map[config:1]
2026-08-29T16:28:32.718591165Z 2026-08-29T16:28:32.718417Z	info	ads	full push happen, reason:map[config:1]
2026-08-29T16:28:32.718618361Z 2026-08-29T16:28:32.718453Z	info	ads	full push happen, reason:map[config:1]
2026-08-29T16:28:32.733498787Z 2026-08-29T16:28:32.733341Z	info	ads	full push happen, reason:map[config:1]
2026-08-29T16:28:32.733529880Z 2026-08-29T16:28:32.733377Z	info	ads	full push happen, reason:map[config:1]
2026-08-29T16:28:32.748869621Z 2026-08-29T16:28:32.748668Z	info	ads	full push happen, reason:map[config:1]
2026-08-29T16:28:32.748901214Z 2026-08-29T16:28:32.748711Z	info	ads	full push happen, reason:map[config:1]
2026-08-29T16:28:32.759147300Z 2026-08-29T16:28:32.758999Z	info	ads	full push happen, reason:map[config:1]
2026-08-29T16:28:32.759174620Z 2026-08-29T16:28:32.759034Z	info	ads	full push happen, reason:map[config:1]
2026-08-29T16:28:32.774648742Z 2026-08-29T16:28:32.774412Z	info	ads	full push happen, reason:map[config:1]
2026-08-29T16:28:32.774681219Z 2026-08-29T16:28:32.774452Z	info	ads	full push happen, reason:map[config:1]
2026-08-29T16:28:32.790596856Z 2026-08-29T16:28:32.790478Z	info	ads	full push happen, reason:map[config:1]
2026-08-29T16:28:32.790613925Z 2026-08-29T16:28:32.790522Z	info	ads	full push happen, reason:map[config:1]
2026-08-29T16:28:32.800120469Z 2026-08-29T16:28:32.799850Z	info	ads	full push happen, reason:map[config:1]
2026-08-29T16:28:32.800149178Z 2026-08-29T16:28:32.799883Z	info	ads	full push happen, reason:map[config:1]
2026-08-29T16:28:32.815129696Z 2026-08-29T16:28:32.814935Z	info	ads	full push happen, reason:map[config:1]
2026-08-29T16:28:32.815161837Z 2026-08-29T16:28:32.814998Z	info	ads	full push happen, reason:map[config:1]
2026-08-29T16:28:32.828593500Z 2026-08-29T16:28:32.828397Z	info	ads	full push happen, reason:map[config:1]
2026-08-29T16:28:32.828625321Z 2026-08-29T16:28:32.828438Z	info	ads	full push happen, reason:map[config:1]
2026-08-29T16:28:32.838896966Z 2026-08-29T16:28:32.838773Z	info	ads	full push happen, reason:map[config:1]
2026-08-29T16:28:32.838909883Z 2026-08-29T16:28:32.838813Z	info	ads	full push happen, reason:map[config:1]
2026-08-29T16:28:32.853882022Z 2026-08-29T16:28:32.853750Z	info	ads	full push happen, reason:map[config:1]
2026-08-29T16:28:32.853911719Z 2026-08-29T16:28:32.853793Z	info	ads	full push happen, reason:map[config:1]
2026-08-29T16:28:32.865514173Z 2026-08-29T16:28:32.865317Z	info	ads	full push happen, reason:map[config:1]
2026-08-29T16:28:32.865542582Z 2026-08-29T16:28:32.865359Z	info	ads	full push happen, reason:map[config:1]
2026-08-29T16:28:32.879571523Z 2026-08-29T16:28:32.879431Z	info	ads	full push happen, reason:map[config:1]
2026-08-29T16:28:32.879603643Z 2026-08-29T16:28:32.879467Z	info	ads	full push happen, reason:map[config:1]
2026-08-29T16:28:32.894729163Z 2026-08-29T16:28:32.894499Z	info	ads	full push happen, reason:map[config:1]
2026-08-29T16:28:32.894760659Z 2026-08-29T16:28:32.894540Z	info	ads	full push happen, reason:map[config:1]
2026-08-29T16:28:32.911755720Z 2026-08-29T16:28:32.911615Z	info	ads	full push happen, reason:map[config:1]
2026-08-29T16:28:32.911789129Z 2026-08-29T16:28:32.911649Z	info	ads	full push happen, reason:map[config:1]
2026-08-29T16:28:32.923060105Z 2026-08-29T16:28:32.922831Z	info	ads	full push happen, reason:map[config:1]
2026-08-29T16:28:32.923104146Z 2026-08-29T16:28:32.922876Z	info	ads	full push happen, reason:map[config:1]
2026-08-29T16:28:32.939128952Z 2026-08-29T16:28:32.938999Z	info	ads	full push happen, reason:map[config:1]
2026-08-29T16:28:32.939159821Z 2026-08-29T16:28:32.939038Z	info	ads	full push happen, reason:map[config:1]
2026-08-29T16:28:32.949297841Z 2026-08-29T16:28:32.949070Z	info	ads	full push happen, reason:map[config:1]
2026-08-29T16:28:32.949310893Z 2026-08-29T16:28:32.949106Z	info	ads	full push happen, reason:map[config:1]
2026-08-29T16:28:32.966068225Z 2026-08-29T16:28:32.965908Z	info	ads	full push happen, reason:map[config:1]
2026-08-29T16:28:32.966100186Z 2026-08-29T16:28:32.965957Z	info	ads	full push happen, reason:map[config:1]
2026-08-29T16:28:32.980852396Z 2026-08-29T16:28:32.980669Z	info	ads	full push happen, reason:map[config:1]
2026-08-29T16:28:32.980911840Z 2026-08-29T16:28:32.980702Z	info	ads	full push happen, reason:map[config:1]
2026-08-29T16:28:32.992455838Z 2026-08-29T16:28:32.992212Z	info	ads	full push happen, reason:map[config:1]
2026-08-29T16:28:32.992483499Z 2026-08-29T16:28:32.992244Z	info	ads	full push happen, reason:map[config:1]
2026-08-29T16:28:33.007981626Z 2026-08-29T16:28:33.007779Z	info	ads	full push happen, reason:map[config:1]
2026-08-29T16:28:33.008011342Z 2026-08-29T16:28:33.007818Z	info	ads	full push happen, reason:map[config:1]
2026-08-29T16:28:33.024380699Z 2026-08-29T16:28:33.024128Z	info	ads	full push happen, reason:map[config:1]
2026-08-29T16:28:33.024410403Z 2026-08-29T16:28:33.024167Z	info	ads	full push happen, reason:map[config:1]
2026-08-29T16:28:33.038258043Z 2026-08-29T16:28:33.038088Z	info	ads	full push happen, reason:map[config:1]
2026-08-29T16:28:33.038272307Z 2026-08-29T16:28:33.038129Z	info	ads	full push happen, reason:map[config:1]
2026-08-29T16:28:33.054208189Z 2026-08-29T16:28:33.054045Z	info	ads	full push happen, reason:map[config:1]
2026-08-29T16:28:33.054240861Z 2026-08-29T16:28:33.054095Z	info	ads	full push happen, reason:map[config:1]
2026-08-29T16:28:33.068977314Z 2026-08-29T16:28:33.068809Z	info	ads	full push happen, reason:map[config:1]
2026-08-29T16:28:33.068997795Z 2026-08-29T16:28:33.068848Z	info	ads	full push happen, reason:map[config:1]
2026-08-29T16:28:33.080217155Z 2026-08-29T16:28:33.080025Z	info	ads	full push happen, reason:map[config:1]
2026-08-29T16:28:33.080244663Z 2026-08-29T16:28:33.080066Z	info	ads	full push happen, reason:map[config:1]
2026-08-29T16:28:33.097145397Z 2026-08-29T16:28:33.096980Z	info	ads	full push happen, reason:map[config:1]
2026-08-29T16:28:33.097161829Z 2026-08-29T16:28:33.097020Z	info	ads	full push happen, reason:map[config:1]
2026-08-29T16:28:33.107476195Z 2026-08-29T16:28:33.107323Z	info	ads	full push happen, reason:map[config:1]
2026-08-29T16:28:33.107513043Z 2026-08-29T16:28:33.107354Z	info	ads	full push happen, reason:map[config:1]
2026-08-29T16:28:33.124205899Z 2026-08-29T16:28:33.123945Z	info	ads	full push happen, reason:map[config:1]
2026-08-29T16:28:33.124239002Z 2026-08-29T16:28:33.123984Z	info	ads	full push happen, reason:map[config:1]
2026-08-29T16:28:33.144174442Z 2026-08-29T16:28:33.144057Z	info	ads	full push happen, reason:map[config:1]
2026-08-29T16:28:33.144190802Z 2026-08-29T16:28:33.144103Z	info	ads	full push happen, reason:map[config:1]
2026-08-29T16:28:33.155281989Z 2026-08-29T16:28:33.155099Z	info	ads	full push happen, reason:map[config:1]
2026-08-29T16:28:33.155297389Z 2026-08-29T16:28:33.155158Z	info	ads	full push happen, reason:map[config:1]
2026-08-29T16:28:33.171191819Z 2026-08-29T16:28:33.171073Z	info	ads	full push happen, reason:map[config:1]
2026-08-29T16:28:33.171208955Z 2026-08-29T16:28:33.171120Z	info	ads	full push happen, reason:map[config:1]
2026-08-29T16:28:33.186216455Z 2026-08-29T16:28:33.186038Z	info	ads	full push happen, reason:map[config:1]
2026-08-29T16:28:33.186233186Z 2026-08-29T16:28:33.186082Z	info	ads	full push happen, reason:map[config:1]
2026-08-29T16:28:33.196271667Z 2026-08-29T16:28:33.196065Z	info	ads	full push happen, reason:map[config:1]
2026-08-29T16:28:33.196298587Z 2026-08-29T16:28:33.196101Z	info	ads	full push happen, reason:map[config:1]
2026-08-29T16:28:33.215887723Z 2026-08-29T16:28:33.215643Z	info	ads	full push happen, reason:map[config:1]
2026-08-29T16:28:33.215922527Z 2026-08-29T16:28:33.215682Z	info	ads	full push happen, reason:map[config:1]
2026-08-29T16:28:33.231452975Z 2026-08-29T16:28:33.231291Z	info	ads	full push happen, reason:map[config:1]
2026-08-29T16:28:33.231465823Z 2026-08-29T16:28:33.231339Z	info	ads	full push happen, reason:map[config:1]
2026-08-29T16:28:33.241964278Z 2026-08-29T16:28:33.241767Z	info	ads	full push happen, reason:map[config:1]
2026-08-29T16:28:33.242031015Z 2026-08-29T16:28:33.241804Z	info	ads	full push happen, reason:map[config:1]
2026-08-29T16:28:33.257700114Z 2026-08-29T16:28:33.257442Z	info	ads	full push happen, reason:map[config:1]
2026-08-29T16:28:33.257729335Z 2026-08-29T16:28:33.257487Z	info	ads	full push happen, reason:map[config:1]
2026-08-29T16:28:33.270402722Z 2026-08-29T16:28:33.270277Z	info	ads	full push happen, reason:map[config:1]
2026-08-29T16:28:33.270417390Z 2026-08-29T16:28:33.270313Z	info	ads	full push happen, reason:map[config:1]
2026-08-29T16:28:33.285556431Z 2026-08-29T16:28:33.285438Z	info	ads	full push happen, reason:map[config:1]
2026-08-29T16:28:33.285570786Z 2026-08-29T16:28:33.285480Z	info	ads	full push happen, reason:map[config:1]
2026-08-29T16:28:33.301882552Z 2026-08-29T16:28:33.301684Z	info	ads	full push happen, reason:map[config:1]
2026-08-29T16:28:33.301912108Z 2026-08-29T16:28:33.301729Z	info	ads	full push happen, reason:map[config:1]
2026-08-29T16:28:33.311592465Z 2026-08-29T16:28:33.311459Z	info	ads	full push happen, reason:map[config:1]
2026-08-29T16:28:33.311619861Z 2026-08-29T16:28:33.311501Z	info	ads	full push happen, reason:map[config:1]
2026-08-29T16:28:33.327985822Z 2026-08-29T16:28:33.327828Z	info	ads	full push happen, reason:map[config:1]
2026-08-29T16:28:33.328013499Z 2026-08-29T16:28:33.327867Z	info	ads	full push happen, reason:map[config:1]
2026-08-29T16:28:33.341876070Z 2026-08-29T16:28:33.341735Z	info	ads	full push happen, reason:map[config:1]
2026-08-29T16:28:33.341906778Z 2026-08-29T16:28:33.341770Z	info	ads	full push happen, reason:map[config:1]
2026-08-29T16:28:33.354398131Z 2026-08-29T16:28:33.354174Z	info	ads	full push happen, reason:map[config:1]
2026-08-29T16:28:33.354425568Z 2026-08-29T16:28:33.354214Z	info	ads	full push happen, reason:map[config:1]
2026-08-29T16:28:33.368750126Z 2026-08-29T16:28:33.368530Z	info	ads	full push happen, reason:map[config:1]
2026-08-29T16:28:33.368780659Z 2026-08-29T16:28:33.368567Z	info	ads	full push happen, reason:map[config:1]
2026-08-29T16:28:33.384087379Z 2026-08-29T16:28:33.383866Z	info	ads	full push happen, reason:map[config:1]
2026-08-29T16:28:33.384123737Z 2026-08-29T16:28:33.383904Z	info	ads	full push happen, reason:map[config:1]
2026-08-29T16:28:33.398519595Z 2026-08-29T16:28:33.398228Z	info	ads	full push happen, reason:map[config:1]
2026-08-29T16:28:33.398547444Z 2026-08-29T16:28:33.398261Z	info	ads	full push happen, reason:map[config:1]
2026-08-29T16:28:33.414116483Z 2026-08-29T16:28:33.414003Z	info	ads	full push happen, reason:map[config:1]
2026-08-29T16:28:33.414146972Z 2026-08-29T16:28:33.414025Z	info	ads	full push happen, reason:map[config:1]
2026-08-29T16:28:33.425400352Z 2026-08-29T16:28:33.425257Z	info	ads	full push happen, reason:map[config:1]
2026-08-29T16:28:33.425430440Z 2026-08-29T16:28:33.425292Z	info	ads	full push happen, reason:map[config:1]
2026-08-29T16:28:33.440911566Z 2026-08-29T16:28:33.440791Z	info	ads	full push happen, reason:map[config:1]
2026-08-29T16:28:33.440929240Z 2026-08-29T16:28:33.440838Z	info	ads	full push happen, reason:map[config:1]
2026-08-29T16:28:33.458192074Z 2026-08-29T16:28:33.458005Z	info	ads	full push happen, reason:map[config:1]
2026-08-29T16:28:33.458212572Z 2026-08-29T16:28:33.458040Z	info	ads	full push happen, reason:map[config:1]
2026-08-29T16:28:33.471539099Z 2026-08-29T16:28:33.471405Z	info	ads	full push happen, reason:map[config:1]
2026-08-29T16:28:33.471566578Z 2026-08-29T16:28:33.471449Z	info	ads	full push happen, reason:map[config:1]
2026-08-29T16:28:33.484806501Z 2026-08-29T16:28:33.484622Z	info	ads	full push happen, reason:map[config:1]
2026-08-29T16:28:33.484835905Z 2026-08-29T16:28:33.484671Z	info	ads	full push happen, reason:map[config:1]
2026-08-29T16:28:33.498333702Z 2026-08-29T16:28:33.498125Z	info	ads	full push happen, reason:map[config:1]
2026-08-29T16:28:33.498354258Z 2026-08-29T16:28:33.498171Z	info	ads	full push happen, reason:map[config:1]
2026-08-29T16:28:33.513260437Z 2026-08-29T16:28:33.513019Z	info	ads	full push happen, reason:map[config:1]
2026-08-29T16:28:33.513293966Z 2026-08-29T16:28:33.513036Z	info	ads	full push happen, reason:map[config:1]
2026-08-29T16:28:33.528738180Z 2026-08-29T16:28:33.528465Z	info	ads	full push happen, reason:map[config:1]
2026-08-29T16:28:33.528769624Z 2026-08-29T16:28:33.528496Z	info	ads	full push happen, reason:map[config:1]
2026-08-29T16:28:33.539762415Z 2026-08-29T16:28:33.539456Z	info	ads	full push happen, reason:map[config:1]
2026-08-29T16:28:33.539795831Z 2026-08-29T16:28:33.539506Z	info	ads	full push happen, reason:map[config:1]
2026-08-29T16:28:33.555174453Z 2026-08-29T16:28:33.554832Z	info	ads	full push happen, reason:map[config:1]
2026-08-29T16:28:33.555203742Z 2026-08-29T16:28:33.554877Z	info	ads	full push happen, reason:map[config:1]
2026-08-29T16:28:33.566169668Z 2026-08-29T16:28:33.565974Z	info	ads	full push happen, reason:map[config:1]
2026-08-29T16:28:33.566186792Z 2026-08-29T16:28:33.566011Z	info	ads	full push happen, reason:map[config:1]
2026-08-29T16:28:33.581848356Z 2026-08-29T16:28:33.581575Z	info	ads	full push happen, reason:map[config:1]
2026-08-29T16:28:33.581880241Z 2026-08-29T16:28:33.581611Z	info	ads	full push happen, reason:map[config:1]
2026-08-29T16:28:33.597927380Z 2026-08-29T16:28:33.597764Z	info	ads	full push happen, reason:map[config:1]
2026-08-29T16:28:33.597942459Z 2026-08-29T16:28:33.597793Z	info	ads	full push happen, reason:map[config:1]
2026-08-29T16:28:33.608575575Z 2026-08-29T16:28:33.608389Z	info	ads	full push happen, reason:map[config:1]
2026-08-29T16:28:33.608589832Z 2026-08-29T16:28:33.608425Z	info	ads	full push happen, reason:map[config:1]
2026-08-29T16:28:33.623654907Z 2026-08-29T16:28:33.623541Z	info	ads	full push happen, reason:map[config:1]
2026-08-29T16:28:33.623669724Z 2026-08-29T16:28:33.623575Z	info	ads	full push happen, reason:map[config:1]
2026-08-29T16:28:33.639232392Z 2026-08-29T16:28:33.639080Z	info	ads	full push happen, reason:map[config:1]
2026-08-29T16:28:33.639263927Z 2026-08-29T16:28:33.639117Z	info	ads	full push happen, reason:map[config:1]
2026-08-29T16:28:33.650056257Z 2026-08-29T16:28:33.649858Z	info	ads	full push happen, reason:map[config:1]
2026-08-29T16:28:33.650087417Z 2026-08-29T16:28:33.649898Z	info	ads	full push happen, reason:map[config:1]
2026-08-29T16:28:33.669534465Z 2026-08-29T16:28:33.669258Z	info	ads	full push happen, reason:map[config:1]
2026-08-29T16:28:33.669573653Z 2026-08-29T16:28:33.669304Z	info	ads	full push happen, reason:map[config:1]
2026-08-29T16:28:33.685044479Z 2026-08-29T16:28:33.684834Z	info	ads	full push happen, reason:map[config:1]
2026-08-29T16:28:33.685075996Z 2026-08-29T16:28:33.684872Z	info	ads	full push happen, reason:map[config:1]
2026-08-29T16:28:33.695897385Z 2026-08-29T16:28:33.695631Z	info	ads	full push happen, reason:map[config:1]
2026-08-29T16:28:33.695925290Z 2026-08-29T16:28:33.695662Z	info	ads	full push happen, reason:map[config:1]
2026-08-29T16:28:33.710142640Z 2026-08-29T16:28:33.709823Z	info	ads	full push happen, reason:map[config:1]
2026-08-29T16:28:33.710172583Z 2026-08-29T16:28:33.709859Z	info	ads	full push happen, reason:map[config:1]
2026-08-29T16:28:33.720386409Z 2026-08-29T16:28:33.720240Z	info	ads	full push happen, reason:map[config:1]
2026-08-29T16:28:33.720421505Z 2026-08-29T16:28:33.720270Z	info	ads	full push happen, reason:map[config:1]
2026-08-29T16:28:33.736192458Z 2026-08-29T16:28:33.735892Z	info	ads	full push happen, reason:map[config:1]
2026-08-29T16:28:33.736247654Z 2026-08-29T16:28:33.735933Z	info	ads	full push happen, reason:map[config:1]
2026-08-29T16:28:33.751307091Z 2026-08-29T16:28:33.751166Z	info	ads	full push happen, reason:map[config:1]
2026-08-29T16:28:33.751339010Z 2026-08-29T16:28:33.751201Z	info	ads	full push happen, reason:map[config:1]
2026-08-29T16:28:33.761685908Z 2026-08-29T16:28:33.761485Z	info	ads	full push happen, reason:map[config:1]
2026-08-29T16:28:33.761712349Z 2026-08-29T16:28:33.761520Z	info	ads	full push happen, reason:map[config:1]
2026-08-29T16:28:33.777846000Z 2026-08-29T16:28:33.777566Z	info	ads	full push happen, reason:map[config:1]
2026-08-29T16:28:33.777875364Z 2026-08-29T16:28:33.777597Z	info	ads	full push happen, reason:map[config:1]
2026-08-29T16:28:33.791813377Z 2026-08-29T16:28:33.791624Z	info	ads	full push happen, reason:map[config:1]
2026-08-29T16:28:33.791850888Z 2026-08-29T16:28:33.791661Z	info	ads	full push happen, reason:map[config:1]
2026-08-29T16:28:33.802612034Z 2026-08-29T16:28:33.802418Z	info	ads	full push happen, reason:map[config:1]
2026-08-29T16:28:33.802641193Z 2026-08-29T16:28:33.802476Z	info	ads	full push happen, reason:map[config:1]
2026-08-29T16:28:33.817686762Z 2026-08-29T16:28:33.817517Z	info	ads	full push happen, reason:map[config:1]
2026-08-29T16:28:33.817705482Z 2026-08-29T16:28:33.817581Z	info	ads	full push happen, reason:map[config:1]
2026-08-29T16:28:33.834928733Z 2026-08-29T16:28:33.834658Z	info	ads	full push happen, reason:map[config:1]
2026-08-29T16:28:33.835003017Z 2026-08-29T16:28:33.834698Z	info	ads	full push happen, reason:map[config:1]
2026-08-29T16:28:33.845324459Z 2026-08-29T16:28:33.845164Z	info	ads	full push happen, reason:map[config:1]
2026-08-29T16:28:33.845352128Z 2026-08-29T16:28:33.845206Z	info	ads	full push happen, reason:map[config:1]
2026-08-29T16:28:33.860449608Z 2026-08-29T16:28:33.860261Z	info	ads	full push happen, reason:map[config:1]
2026-08-29T16:28:33.860481047Z 2026-08-29T16:28:33.860304Z	info	ads	full push happen, reason:map[config:1]
2026-08-29T16:28:33.881111419Z 2026-08-29T16:28:33.880910Z	info	ads	full push happen, reason:map[config:1]
2026-08-29T16:28:33.881144480Z 2026-08-29T16:28:33.880948Z	info	ads	full push happen, reason:map[config:1]
2026-08-29T16:28:33.896543658Z 2026-08-29T16:28:33.895989Z	info	ads	full push happen, reason:map[config:1]
2026-08-29T16:28:33.896574451Z 2026-08-29T16:28:33.896356Z	info	ads	full push happen, reason:map[config:1]
2026-08-29T16:28:33.910099571Z 2026-08-29T16:28:33.909780Z	info	ads	full push happen, reason:map[config:1]
2026-08-29T16:28:33.910139836Z 2026-08-29T16:28:33.909851Z	info	ads	full push happen, reason:map[config:1]
2026-08-29T16:28:33.925716932Z 2026-08-29T16:28:33.925560Z	info	ads	full push happen, reason:map[config:1]
2026-08-29T16:28:33.925736731Z 2026-08-29T16:28:33.925623Z	info	ads	full push happen, reason:map[config:1]
2026-08-29T16:28:33.935832837Z 2026-08-29T16:28:33.935654Z	info	ads	full push happen, reason:map[config:1]
2026-08-29T16:28:33.935859838Z 2026-08-29T16:28:33.935688Z	info	ads	full push happen, reason:map[config:1]
2026-08-29T16:28:33.951246158Z 2026-08-29T16:28:33.951017Z	info	ads	full push happen, reason:map[config:1]
2026-08-29T16:28:33.951259679Z 2026-08-29T16:28:33.951078Z	info	ads	full push happen, reason:map[config:1]
2026-08-29T16:28:33.962019068Z 2026-08-29T16:28:33.961821Z	info	ads	full push happen, reason:map[config:1]
2026-08-29T16:28:33.962047676Z 2026-08-29T16:28:33.961879Z	info	ads	full push happen, reason:map[config:1]
2026-08-29T16:28:33.978323633Z 2026-08-29T16:28:33.978053Z	info	ads	full push happen, reason:map[config:1]
2026-08-29T16:28:33.978361045Z 2026-08-29T16:28:33.978100Z	info	ads	full push happen, reason:map[config:1]
2026-08-29T16:28:33.993536857Z 2026-08-29T16:28:33.993348Z	info	ads	full push happen, reason:map[config:1]
2026-08-29T16:28:33.993601478Z 2026-08-29T16:28:33.993400Z	info	ads	full push happen, reason:map[config:1]
2026-08-29T16:28:34.004081360Z 2026-08-29T16:28:34.003857Z	info	ads	full push happen, reason:map[config:1]
2026-08-29T16:28:34.004111780Z 2026-08-29T16:28:34.003895Z	info	ads	full push happen, reason:map[config:1]
2026-08-29T16:28:34.019508247Z 2026-08-29T16:28:34.019377Z	info	ads	full push happen, reason:map[config:1]
2026-08-29T16:28:34.019529548Z 2026-08-29T16:28:34.019416Z	info	ads	full push happen, reason:map[config:1]
2026-08-29T16:28:34.034779057Z 2026-08-29T16:28:34.034497Z	info	ads	full push happen, reason:map[config:1]
2026-08-29T16:28:34.034810468Z 2026-08-29T16:28:34.034530Z	info	ads	full push happen, reason:map[config:1]
2026-08-29T16:28:34.045219395Z 2026-08-29T16:28:34.045003Z	info	ads	full push happen, reason:map[config:1]
2026-08-29T16:28:34.045257379Z 2026-08-29T16:28:34.045033Z	info	ads	full push happen, reason:map[config:1]
2026-08-29T16:28:34.060372127Z 2026-08-29T16:28:34.060060Z	info	ads	full push happen, reason:map[config:1]
2026-08-29T16:28:34.060405744Z 2026-08-29T16:28:34.060097Z	info	ads	full push happen, reason:map[config:1]
2026-08-29T16:28:34.076458855Z 2026-08-29T16:28:34.076296Z	info	ads	full push happen, reason:map[config:1]
2026-08-29T16:28:34.076496436Z 2026-08-29T16:28:34.076337Z	info	ads	full push happen, reason:map[config:1]
2026-08-29T16:28:34.090992162Z 2026-08-29T16:28:34.090756Z	info	ads	full push happen, reason:map[config:1]
2026-08-29T16:28:34.091021315Z 2026-08-29T16:28:34.090791Z	info	ads	full push happen, reason:map[config:1]
2026-08-29T16:28:34.106612926Z 2026-08-29T16:28:34.106332Z	info	ads	full push happen, reason:map[config:1]
2026-08-29T16:28:34.106641943Z 2026-08-29T16:28:34.106365Z	info	ads	full push happen, reason:map[config:1]
2026-08-29T16:28:34.117948673Z 2026-08-29T16:28:34.117755Z	info	ads	full push happen, reason:map[config:1]
2026-08-29T16:28:34.117962529Z 2026-08-29T16:28:34.117792Z	info	ads	full push happen, reason:map[config:1]
2026-08-29T16:28:34.133126073Z 2026-08-29T16:28:34.132838Z	info	ads	full push happen, reason:map[config:1]
2026-08-29T16:28:34.133156229Z 2026-08-29T16:28:34.132868Z	info	ads	full push happen, reason:map[config:1]
2026-08-29T16:28:34.148125732Z 2026-08-29T16:28:34.147936Z	info	ads	full push happen, reason:map[config:1]
2026-08-29T16:28:34.148138852Z 2026-08-29T16:28:34.147971Z	info	ads	full push happen, reason:map[config:1]
2026-08-29T16:28:34.158497774Z 2026-08-29T16:28:34.158307Z	info	ads	full push happen, reason:map[config:1]
2026-08-29T16:28:34.158532414Z 2026-08-29T16:28:34.158373Z	info	ads	full push happen, reason:map[config:1]
2026-08-29T16:28:34.173776176Z 2026-08-29T16:28:34.173494Z	info	ads	full push happen, reason:map[config:1]
2026-08-29T16:28:34.173810868Z 2026-08-29T16:28:34.173537Z	info	ads	full push happen, reason:map[config:1]
2026-08-29T16:28:34.189181354Z 2026-08-29T16:28:34.188966Z	info	ads	full push happen, reason:map[config:1]
2026-08-29T16:28:34.189212278Z 2026-08-29T16:28:34.188997Z	info	ads	full push happen, reason:map[config:1]
2026-08-29T16:28:34.201135048Z 2026-08-29T16:28:34.200871Z	info	ads	full push happen, reason:map[config:1]
2026-08-29T16:28:34.201164080Z 2026-08-29T16:28:34.200912Z	info	ads	full push happen, reason:map[config:1]
2026-08-29T16:28:34.215422831Z 2026-08-29T16:28:34.215187Z	info	ads	full push happen, reason:map[config:1]
2026-08-29T16:28:34.215461303Z 2026-08-29T16:28:34.215232Z	info	ads	full push happen, reason:map[config:1]
2026-08-29T16:28:34.231505602Z 2026-08-29T16:28:34.231385Z	info	ads	full push happen, reason:map[config:1]
2026-08-29T16:28:34.231523589Z 2026-08-29T16:28:34.231420Z	info	ads	full push happen, reason:map[config:1]
2026-08-29T16:28:34.241393360Z 2026-08-29T16:28:34.241295Z	info	ads	full push happen, reason:map[config:1]
2026-08-29T16:28:34.241411677Z 2026-08-29T16:28:34.241349Z	info	ads	full push happen, reason:map[config:1]
2026-08-29T16:28:34.257784677Z 2026-08-29T16:28:34.257532Z	info	ads	full push happen, reason:map[config:1]
2026-08-29T16:28:34.257822554Z 2026-08-29T16:28:34.257564Z	info	ads	full push happen, reason:map[config:1]
2026-08-29T16:28:34.268507418Z 2026-08-29T16:28:34.268346Z	info	ads	full push happen, reason:map[config:1]
2026-08-29T16:28:34.268535927Z 2026-08-29T16:28:34.268376Z	info	ads	full push happen, reason:map[config:1]
2026-08-29T16:28:34.284029758Z 2026-08-29T16:28:34.283905Z	info	ads	full push happen, reason:map[config:1]
2026-08-29T16:28:34.284059545Z 2026-08-29T16:28:34.283951Z	info	ads	full push happen, reason:map[config:1]
2026-08-29T16:28:34.302515679Z 2026-08-29T16:28:34.302373Z	info	ads	full push happen, reason:map[config:1]
2026-08-29T16:28:34.302533670Z 2026-08-29T16:28:34.302422Z	info	ads	full push happen, reason:map[config:1]
2026-08-29T16:28:34.313218740Z 2026-08-29T16:28:34.313112Z	info	ads	full push happen, reason:map[config:1]
2026-08-29T16:28:34.313226579Z 2026-08-29T16:28:34.313147Z	info	ads	full push happen, reason:map[config:1]
2026-08-29T16:28:34.328436217Z 2026-08-29T16:28:34.328337Z	info	ads	full push happen, reason:map[config:1]
2026-08-29T16:28:34.328444607Z 2026-08-29T16:28:34.328374Z	info	ads	full push happen, reason:map[config:1]
2026-08-29T16:28:34.344541753Z 2026-08-29T16:28:34.344338Z	info	ads	full push happen, reason:map[config:1]
2026-08-29T16:28:34.344561415Z 2026-08-29T16:28:34.344386Z	info	ads	full push happen, reason:map[config:1]
2026-08-29T16:28:34.355899205Z 2026-08-29T16:28:34.355795Z	info	ads	full push happen, reason:map[config:1]
2026-08-29T16:28:34.355905997Z 2026-08-29T16:28:34.355833Z	info	ads	full push happen, reason:map[config:1]
2026-08-29T16:28:34.371524089Z 2026-08-29T16:28:34.371269Z	info	ads	full push happen, reason:map[config:1]
2026-08-29T16:28:34.371566381Z 2026-08-29T16:28:34.371312Z	info	ads	full push happen, reason:map[config:1]
2026-08-29T16:28:34.389410600Z 2026-08-29T16:28:34.389228Z	info	ads	full push happen, reason:map[config:1]
2026-08-29T16:28:34.389426844Z 2026-08-29T16:28:34.389286Z	info	ads	full push happen, reason:map[config:1]
2026-08-29T16:28:34.400070385Z 2026-08-29T16:28:34.399894Z	info	ads	full push happen, reason:map[config:1]
2026-08-29T16:28:34.400085773Z 2026-08-29T16:28:34.399932Z	info	ads	full push happen, reason:map[config:1]
2026-08-29T16:28:34.415919250Z 2026-08-29T16:28:34.415696Z	info	ads	full push happen, reason:map[config:1]
2026-08-29T16:28:34.415954154Z 2026-08-29T16:28:34.415730Z	info	ads	full push happen, reason:map[config:1]
2026-08-29T16:28:34.426802288Z 2026-08-29T16:28:34.426533Z	info	ads	full push happen, reason:map[config:1]
2026-08-29T16:28:34.426831324Z 2026-08-29T16:28:34.426572Z	info	ads	full push happen, reason:map[config:1]
2026-08-29T16:28:34.442623954Z 2026-08-29T16:28:34.442417Z	info	ads	full push happen, reason:map[config:1]
2026-08-29T16:28:34.442659439Z 2026-08-29T16:28:34.442458Z	info	ads	full push happen, reason:map[config:1]
2026-08-29T16:28:34.460220112Z 2026-08-29T16:28:34.460008Z	info	ads	full push happen, reason:map[config:1]
2026-08-29T16:28:34.460256019Z 2026-08-29T16:28:34.460050Z	info	ads	full push happen, reason:map[config:1]
2026-08-29T16:28:34.470528484Z 2026-08-29T16:28:34.470298Z	info	ads	full push happen, reason:map[config:1]
2026-08-29T16:28:34.470555069Z 2026-08-29T16:28:34.470337Z	info	ads	full push happen, reason:map[config:1]
2026-08-29T16:28:34.486261905Z 2026-08-29T16:28:34.485996Z	info	ads	full push happen, reason:map[config:1]
2026-08-29T16:28:34.486306046Z 2026-08-29T16:28:34.486031Z	info	ads	full push happen, reason:map[config:1]
2026-08-29T16:28:34.501132437Z 2026-08-29T16:28:34.500901Z	info	ads	full push happen, reason:map[config:1]
2026-08-29T16:28:34.501174925Z 2026-08-29T16:28:34.500932Z	info	ads	full push happen, reason:map[config:1]
2026-08-29T16:28:34.515826149Z 2026-08-29T16:28:34.515654Z	info	ads	full push happen, reason:map[config:1]
2026-08-29T16:28:34.515856726Z 2026-08-29T16:28:34.515704Z	info	ads	full push happen, reason:map[config:1]
2026-08-29T16:28:34.530772593Z 2026-08-29T16:28:34.530547Z	info	ads	full push happen, reason:map[config:1]
2026-08-29T16:28:34.530803609Z 2026-08-29T16:28:34.530591Z	info	ads	full push happen, reason:map[config:1]
2026-08-29T16:28:34.547092709Z 2026-08-29T16:28:34.546872Z	info	ads	full push happen, reason:map[config:1]
2026-08-29T16:28:34.547126669Z 2026-08-29T16:28:34.546918Z	info	ads	full push happen, reason:map[config:1]
2026-08-29T16:28:34.558701333Z 2026-08-29T16:28:34.558539Z	info	ads	full push happen, reason:map[config:1]
2026-08-29T16:28:34.558731429Z 2026-08-29T16:28:34.558584Z	info	ads	full push happen, reason:map[config:1]
2026-08-29T16:28:34.574004014Z 2026-08-29T16:28:34.573828Z	info	ads	full push happen, reason:map[config:1]
2026-08-29T16:28:34.574042119Z 2026-08-29T16:28:34.573872Z	info	ads	full push happen, reason:map[config:1]
2026-08-29T16:28:34.584972480Z 2026-08-29T16:28:34.584776Z	info	ads	full push happen, reason:map[config:1]
2026-08-29T16:28:34.585002144Z 2026-08-29T16:28:34.584822Z	info	ads	full push happen, reason:map[config:1]
2026-08-29T16:28:34.600895062Z 2026-08-29T16:28:34.600732Z	info	ads	full push happen, reason:map[config:1]
2026-08-29T16:28:34.600910414Z 2026-08-29T16:28:34.600776Z	info	ads	full push happen, reason:map[config:1]
2026-08-29T16:28:34.625591887Z 2026-08-29T16:28:34.625368Z	info	ads	full push happen, reason:map[config:1]
2026-08-29T16:28:34.625622604Z 2026-08-29T16:28:34.625404Z	info	ads	full push happen, reason:map[config:1]
2026-08-29T16:28:34.635821025Z 2026-08-29T16:28:34.635616Z	info	ads	full push happen, reason:map[config:1]
2026-08-29T16:28:34.635847996Z 2026-08-29T16:28:34.635647Z	info	ads	full push happen, reason:map[config:1]
2026-08-29T16:28:34.652594741Z 2026-08-29T16:28:34.652367Z	info	ads	full push happen, reason:map[config:1]
2026-08-29T16:28:34.652608233Z 2026-08-29T16:28:34.652395Z	info	ads	full push happen, reason:map[config:1]
2026-08-29T16:28:34.667483359Z 2026-08-29T16:28:34.667335Z	info	ads	full push happen, reason:map[config:1]
2026-08-29T16:28:34.667513624Z 2026-08-29T16:28:34.667380Z	info	ads	full push happen, reason:map[config:1]
2026-08-29T16:28:34.678234481Z 2026-08-29T16:28:34.678089Z	info	ads	full push happen, reason:map[config:1]
2026-08-29T16:28:34.678262089Z 2026-08-29T16:28:34.678128Z	info	ads	full push happen, reason:map[config:1]
2026-08-29T16:28:34.693706624Z 2026-08-29T16:28:34.693559Z	info	ads	full push happen, reason:map[config:1]
2026-08-29T16:28:34.693743159Z 2026-08-29T16:28:34.693598Z	info	ads	full push happen, reason:map[config:1]
2026-08-29T16:28:34.709767227Z 2026-08-29T16:28:34.709489Z	info	ads	full push happen, reason:map[config:1]
2026-08-29T16:28:34.709804594Z 2026-08-29T16:28:34.709520Z	info	ads	full push happen, reason:map[config:1]
2026-08-29T16:28:34.720444491Z 2026-08-29T16:28:34.720238Z	info	ads	full push happen, reason:map[config:1]
2026-08-29T16:28:34.720480235Z 2026-08-29T16:28:34.720283Z	info	ads	full push happen, reason:map[config:1]
2026-08-29T16:28:34.736909293Z 2026-08-29T16:28:34.736711Z	info	ads	full push happen, reason:map[config:1]
2026-08-29T16:28:34.736943528Z 2026-08-29T16:28:34.736748Z	info	ads	full push happen, reason:map[config:1]
2026-08-29T16:28:34.747098750Z 2026-08-29T16:28:34.746913Z	info	ads	full push happen, reason:map[config:1]
2026-08-29T16:28:34.747146958Z 2026-08-29T16:28:34.746977Z	info	ads	full push happen, reason:map[config:1]
2026-08-29T16:28:34.762707425Z 2026-08-29T16:28:34.762565Z	info	ads	full push happen, reason:map[config:1]
2026-08-29T16:28:34.762745501Z 2026-08-29T16:28:34.762609Z	info	ads	full push happen, reason:map[config:1]
2026-08-29T16:28:34.777839829Z 2026-08-29T16:28:34.777689Z	info	ads	full push happen, reason:map[config:1]
2026-08-29T16:28:34.777877798Z 2026-08-29T16:28:34.777731Z	info	ads	full push happen, reason:map[config:1]
2026-08-29T16:28:34.788990369Z 2026-08-29T16:28:34.788856Z	info	ads	full push happen, reason:map[config:1]
2026-08-29T16:28:34.789021938Z 2026-08-29T16:28:34.788885Z	info	ads	full push happen, reason:map[config:1]
2026-08-29T16:28:34.804111286Z 2026-08-29T16:28:34.803917Z	info	ads	full push happen, reason:map[config:1]
2026-08-29T16:28:34.804148883Z 2026-08-29T16:28:34.803952Z	info	ads	full push happen, reason:map[config:1]
2026-08-29T16:28:34.819950604Z 2026-08-29T16:28:34.819779Z	info	ads	full push happen, reason:map[config:1]
2026-08-29T16:28:34.819979507Z 2026-08-29T16:28:34.819825Z	info	ads	full push happen, reason:map[config:1]
2026-08-29T16:28:34.829770105Z 2026-08-29T16:28:34.829592Z	info	ads	full push happen, reason:map[config:1]
2026-08-29T16:28:34.829797186Z 2026-08-29T16:28:34.829626Z	info	ads	full push happen, reason:map[config:1]
2026-08-29T16:28:34.861439332Z 2026-08-29T16:28:34.861117Z	info	ads	full push happen, reason:map[config:1]
2026-08-29T16:28:34.861516269Z 2026-08-29T16:28:34.861375Z	info	ads	full push happen, reason:map[config:1]
2026-08-29T16:28:34.881652337Z 2026-08-29T16:28:34.881500Z	info	ads	full push happen, reason:map[config:1]
2026-08-29T16:28:34.881703446Z 2026-08-29T16:28:34.881545Z	info	ads	full push happen, reason:map[config:1]
2026-08-29T16:28:34.891122958Z 2026-08-29T16:28:34.890963Z	info	ads	full push happen, reason:map[config:1]
2026-08-29T16:28:34.891169021Z 2026-08-29T16:28:34.890993Z	info	ads	full push happen, reason:map[config:1]
2026-08-29T16:28:34.906754104Z 2026-08-29T16:28:34.906523Z	info	ads	full push happen, reason:map[config:1]
2026-08-29T16:28:34.906789042Z 2026-08-29T16:28:34.906566Z	info	ads	full push happen, reason:map[config:1]
2026-08-29T16:28:34.922352440Z 2026-08-29T16:28:34.922077Z	info	ads	full push happen, reason:map[config:1]
2026-08-29T16:28:34.922382337Z 2026-08-29T16:28:34.922110Z	info	ads	full push happen, reason:map[config:1]
2026-08-29T16:28:34.933874531Z 2026-08-29T16:28:34.933631Z	info	ads	full push happen, reason:map[config:1]
2026-08-29T16:28:34.933900611Z 2026-08-29T16:28:34.933661Z	info	ads	full push happen, reason:map[config:1]
2026-08-29T16:28:34.957248663Z 2026-08-29T16:28:34.956980Z	info	ads	full push happen, reason:map[config:1]
2026-08-29T16:28:34.957276810Z 2026-08-29T16:28:34.957014Z	info	ads	full push happen, reason:map[config:1]
2026-08-29T16:28:34.972287791Z 2026-08-29T16:28:34.972033Z	info	ads	full push happen, reason:map[config:1]
2026-08-29T16:28:34.972324995Z 2026-08-29T16:28:34.972068Z	info	ads	full push happen, reason:map[config:1]
2026-08-29T16:28:34.984366961Z 2026-08-29T16:28:34.984161Z	info	ads	full push happen, reason:map[config:1]
2026-08-29T16:28:34.984400633Z 2026-08-29T16:28:34.984191Z	info	ads	full push happen, reason:map[config:1]
2026-08-29T16:28:34.999715006Z 2026-08-29T16:28:34.999494Z	info	ads	full push happen, reason:map[config:1]
2026-08-29T16:28:34.999752671Z 2026-08-29T16:28:34.999527Z	info	ads	full push happen, reason:map[config:1]
2026-08-29T16:28:35.010619388Z 2026-08-29T16:28:35.010495Z	info	ads	full push happen, reason:map[config:1]
2026-08-29T16:28:35.010638728Z 2026-08-29T16:28:35.010538Z	info	ads	full push happen, reason:map[config:1]
2026-08-29T16:28:35.028905603Z 2026-08-29T16:28:35.028725Z	info	ads	full push happen, reason:map[config:1]
2026-08-29T16:28:35.028944543Z 2026-08-29T16:28:35.028771Z	info	ads	full push happen, reason:map[config:1]
2026-08-29T16:28:35.044622716Z 2026-08-29T16:28:35.044260Z	info	ads	full push happen, reason:map[config:1]
2026-08-29T16:28:35.044651885Z 2026-08-29T16:28:35.044302Z	info	ads	full push happen, reason:map[config:1]
2026-08-29T16:28:35.055044094Z 2026-08-29T16:28:35.054785Z	info	ads	full push happen, reason:map[config:1]
2026-08-29T16:28:35.055078119Z 2026-08-29T16:28:35.054820Z	info	ads	full push happen, reason:map[config:1]
2026-08-29T16:28:35.057738650Z 2026-08-29T16:28:35.057411Z	info	ads	Push debounce stable[2] 1397 for config ServiceEntry/higress-system/mcpbridge-serviceentry and 8 more configs: 2.550815ms since last change, 10.051160163s since last push, full=true
2026-08-29T16:28:35.058249430Z 2026-08-29T16:28:35.058163Z	info	ingress	Found 0 number of basic auth
2026-08-29T16:28:35.058260786Z 2026-08-29T16:28:35.058182Z	info	ingress	Found 0 number of envoyFilters
2026-08-29T16:28:35.058271911Z 2026-08-29T16:28:35.058194Z	info	ingress	resource type networking.istio.io/v1/VirtualService, ingress number 0, convert configs number 0
2026-08-29T16:28:35.058670209Z 2026-08-29T16:28:35.058600Z	info	ingress	resource type networking.istio.io/v1/DestinationRule, ingress number 0, convert configs number 0
2026-08-29T16:28:35.058689286Z 2026-08-29T16:28:35.058644Z	info	ingress	resource type extensions.istio.io/v1alpha1/WasmPlugin, ingress number 0, convert configs number 0
2026-08-29T16:28:35.058699986Z 2026-08-29T16:28:35.058666Z	info	ingress	controller tracing ConstructEnvoyFilters
2026-08-29T16:28:35.058730669Z 2026-08-29T16:28:35.058677Z	info	ingress	controller gzip ConstructEnvoyFilters
2026-08-29T16:28:35.059333662Z 2026-08-29T16:28:35.059256Z	info	ingress	controller global-option ConstructEnvoyFilters
2026-08-29T16:28:35.059625115Z 2026-08-29T16:28:35.059559Z	info	ingress	controller mcpServer ConstructEnvoyFilters
2026-08-29T16:28:35.059636000Z 2026-08-29T16:28:35.059574Z	info	ingress	Append 2 configmap EnvoyFilters
2026-08-29T16:28:35.059646444Z 2026-08-29T16:28:35.059585Z	info	ingress	resource type networking.istio.io/v1alpha3/EnvoyFilter, configs number 2
2026-08-29T16:28:35.066028537Z 2026-08-29T16:28:35.065858Z	info	ingress	resource type networking.istio.io/v1/Gateway, ingress number 0, convert configs number 0
2026-08-29T16:28:35.066148203Z 2026-08-29T16:28:35.066069Z	info	ads	XDS: Pushing Services:0 ConnectedEndpoints:0 Version:2026-08-29T16:28:35Z/2
2026-08-29T16:28:35.073255638Z 2026-08-29T16:28:35.073167Z	info	ads	full push happen, reason:map[config:1]
2026-08-29T16:28:35.073269354Z 2026-08-29T16:28:35.073209Z	info	ads	full push happen, reason:map[config:1]
2026-08-29T16:28:35.088490878Z 2026-08-29T16:28:35.088273Z	info	ads	full push happen, reason:map[config:1]
2026-08-29T16:28:35.088528474Z 2026-08-29T16:28:35.088314Z	info	ads	full push happen, reason:map[config:1]
2026-08-29T16:28:35.098831177Z 2026-08-29T16:28:35.098604Z	info	ads	full push happen, reason:map[config:1]
2026-08-29T16:28:35.098865301Z 2026-08-29T16:28:35.098640Z	info	ads	full push happen, reason:map[config:1]
2026-08-29T16:28:35.113621567Z 2026-08-29T16:28:35.113416Z	info	ads	full push happen, reason:map[config:1]
2026-08-29T16:28:35.113659674Z 2026-08-29T16:28:35.113453Z	info	ads	full push happen, reason:map[config:1]
2026-08-29T16:28:35.128477744Z 2026-08-29T16:28:35.128287Z	info	ads	full push happen, reason:map[config:1]
2026-08-29T16:28:35.128513881Z 2026-08-29T16:28:35.128330Z	info	ads	full push happen, reason:map[config:1]
2026-08-29T16:28:35.133985032Z 2026-08-29T16:28:35.133731Z	info	ads	All caches have been synced up in 10.466834929s, marking server ready
2026-08-29T16:28:35.134382567Z 2026-08-29T16:28:35.134293Z	info	starting gRPC discovery service at [::]:15051
2026-08-29T16:28:35.134394867Z 2026-08-29T16:28:35.134298Z	info	starting Automatic Cert HTTP service at :8889
2026-08-29T16:28:35.134407235Z 2026-08-29T16:28:35.134342Z	info	cert	server run
2026-08-29T16:28:35.134424379Z 2026-08-29T16:28:35.134368Z	info	starting HTTP service at [::]:8888
2026-08-29T16:28:35.134439476Z 2026-08-29T16:28:35.134374Z	info	cert	Waiting for informer caches to sync
2026-08-29T16:28:35.139124586Z 2026-08-29T16:28:35.138999Z	info	ads	full push happen, reason:map[config:1]
2026-08-29T16:28:35.139149937Z 2026-08-29T16:28:35.139032Z	info	ads	full push happen, reason:map[config:1]
2026-08-29T16:28:35.154663128Z 2026-08-29T16:28:35.154411Z	info	ads	full push happen, reason:map[config:1]
2026-08-29T16:28:35.154693057Z 2026-08-29T16:28:35.154461Z	info	ads	full push happen, reason:map[config:1]
2026-08-29T16:28:35.165110331Z 2026-08-29T16:28:35.164968Z	info	ads	full push happen, reason:map[config:1]
2026-08-29T16:28:35.165128492Z 2026-08-29T16:28:35.165009Z	info	ads	full push happen, reason:map[config:1]
2026-08-29T16:28:35.178533311Z 2026-08-29T16:28:35.178410Z	info	ads	full push happen, reason:map[config:1]
2026-08-29T16:28:35.178560927Z 2026-08-29T16:28:35.178438Z	info	ads	full push happen, reason:map[config:1]
2026-08-29T16:28:35.193417038Z 2026-08-29T16:28:35.193258Z	info	ads	full push happen, reason:map[config:1]
2026-08-29T16:28:35.193446585Z 2026-08-29T16:28:35.193290Z	info	ads	full push happen, reason:map[config:1]
2026-08-29T16:28:35.203776696Z 2026-08-29T16:28:35.203686Z	info	ads	full push happen, reason:map[config:1]
2026-08-29T16:28:35.203788676Z 2026-08-29T16:28:35.203731Z	info	ads	full push happen, reason:map[config:1]
2026-08-29T16:28:35.220542496Z 2026-08-29T16:28:35.220422Z	info	ads	full push happen, reason:map[config:1]
2026-08-29T16:28:35.220555260Z 2026-08-29T16:28:35.220472Z	info	ads	full push happen, reason:map[config:1]
2026-08-29T16:28:35.235015519Z 2026-08-29T16:28:35.234843Z	info	cert	Starting controller
2026-08-29T16:28:35.235043868Z 2026-08-29T16:28:35.234900Z	info	cert	Started workers
2026-08-29T16:28:35.235149271Z 2026-08-29T16:28:35.235020Z	info	cert	controller process item:higress-https
2026-08-29T16:28:35.235475478Z 2026-08-29T16:28:35.235402Z	info	cert	cermgr reconcile old config:<nil> to new config:&{AutomaticHttps:true FallbackForInvalidSecret:false RenewBeforeDays:30 CredentialConfig:[] ACMEIssuer:[{Name:letsencrypt Email:your74799@yours80301.com AK: SK:}] Version:20260829041724}
2026-08-29T16:28:35.235483597Z 2026-08-29T16:28:35.235419Z	info	cert	cert clean sync domains:[]
2026-08-29T16:28:35.235488165Z 2026-08-29T16:28:35.235428Z	info	cert	certMgr start to manageSync domains: []
2026-08-29T16:28:35.235492388Z 2026-08-29T16:28:35.235436Z	info	cert	cert manage sync domains:[]
2026-08-29T16:28:35.235496592Z 2026-08-29T16:28:35.235442Z	info	cert	certMgr manageSync domains done
2026-08-29T16:28:35.235746340Z 2026-08-29T16:28:35.235487Z	info	ads	full push happen, reason:map[config:1]
2026-08-29T16:28:35.235772565Z 2026-08-29T16:28:35.235532Z	info	ads	full push happen, reason:map[config:1]
2026-08-29T16:28:35.245704768Z 2026-08-29T16:28:35.245476Z	info	ads	full push happen, reason:map[config:1]
2026-08-29T16:28:35.245736157Z 2026-08-29T16:28:35.245504Z	info	ads	full push happen, reason:map[config:1]
2026-08-29T16:28:35.261362248Z 2026-08-29T16:28:35.261186Z	info	ads	full push happen, reason:map[config:1]
2026-08-29T16:28:35.261390421Z 2026-08-29T16:28:35.261215Z	info	ads	full push happen, reason:map[config:1]
2026-08-29T16:28:35.276223355Z 2026-08-29T16:28:35.275934Z	info	ads	full push happen, reason:map[config:1]
2026-08-29T16:28:35.276254059Z 2026-08-29T16:28:35.275967Z	info	ads	full push happen, reason:map[config:1]
2026-08-29T16:28:35.288033787Z 2026-08-29T16:28:35.287871Z	info	ads	full push happen, reason:map[config:1]
2026-08-29T16:28:35.288061428Z 2026-08-29T16:28:35.287909Z	info	ads	full push happen, reason:map[config:1]
2026-08-29T16:28:35.305124758Z 2026-08-29T16:28:35.304930Z	info	ads	full push happen, reason:map[config:1]
2026-08-29T16:28:35.305152433Z 2026-08-29T16:28:35.304965Z	info	ads	full push happen, reason:map[config:1]
2026-08-29T16:28:35.314986007Z 2026-08-29T16:28:35.314761Z	info	ads	full push happen, reason:map[config:1]
2026-08-29T16:28:35.315017180Z 2026-08-29T16:28:35.314795Z	info	ads	full push happen, reason:map[config:1]
2026-08-29T16:28:35.329661906Z 2026-08-29T16:28:35.329425Z	info	ads	full push happen, reason:map[config:1]
2026-08-29T16:28:35.329697130Z 2026-08-29T16:28:35.329458Z	info	ads	full push happen, reason:map[config:1]
2026-08-29T16:28:35.344613900Z 2026-08-29T16:28:35.344426Z	info	ads	full push happen, reason:map[config:1]
2026-08-29T16:28:35.344645221Z 2026-08-29T16:28:35.344462Z	info	ads	full push happen, reason:map[config:1]
2026-08-29T16:28:35.359863126Z 2026-08-29T16:28:35.359700Z	info	ads	full push happen, reason:map[config:1]
2026-08-29T16:28:35.359876682Z 2026-08-29T16:28:35.359738Z	info	ads	full push happen, reason:map[config:1]
2026-08-29T16:28:35.369935093Z 2026-08-29T16:28:35.369810Z	info	ads	full push happen, reason:map[config:1]
2026-08-29T16:28:35.369953069Z 2026-08-29T16:28:35.369853Z	info	ads	full push happen, reason:map[config:1]
2026-08-29T16:28:35.386038073Z 2026-08-29T16:28:35.385791Z	info	ads	full push happen, reason:map[config:1]
2026-08-29T16:28:35.386065681Z 2026-08-29T16:28:35.385818Z	info	ads	full push happen, reason:map[config:1]
2026-08-29T16:28:35.397552956Z 2026-08-29T16:28:35.397352Z	info	ads	full push happen, reason:map[config:1]
2026-08-29T16:28:35.397588943Z 2026-08-29T16:28:35.397380Z	info	ads	full push happen, reason:map[config:1]
2026-08-29T16:28:35.412581343Z 2026-08-29T16:28:35.412382Z	info	ads	full push happen, reason:map[config:1]
2026-08-29T16:28:35.412617379Z 2026-08-29T16:28:35.412430Z	info	ads	full push happen, reason:map[config:1]
2026-08-29T16:28:35.426888274Z 2026-08-29T16:28:35.426760Z	info	ads	full push happen, reason:map[config:1]
2026-08-29T16:28:35.426918721Z 2026-08-29T16:28:35.426797Z	info	ads	full push happen, reason:map[config:1]
2026-08-29T16:28:35.437532798Z 2026-08-29T16:28:35.437426Z	info	ads	full push happen, reason:map[config:1]
2026-08-29T16:28:35.437551050Z 2026-08-29T16:28:35.437458Z	info	ads	full push happen, reason:map[config:1]
2026-08-29T16:28:35.452428944Z 2026-08-29T16:28:35.452240Z	info	ads	full push happen, reason:map[config:1]
2026-08-29T16:28:35.452448725Z 2026-08-29T16:28:35.452277Z	info	ads	full push happen, reason:map[config:1]
2026-08-29T16:28:35.467184402Z 2026-08-29T16:28:35.467048Z	info	ads	full push happen, reason:map[config:1]
2026-08-29T16:28:35.467212035Z 2026-08-29T16:28:35.467089Z	info	ads	full push happen, reason:map[config:1]
2026-08-29T16:28:35.477406975Z 2026-08-29T16:28:35.477202Z	info	ads	full push happen, reason:map[config:1]
2026-08-29T16:28:35.477439864Z 2026-08-29T16:28:35.477238Z	info	ads	full push happen, reason:map[config:1]
2026-08-29T16:28:35.492787914Z 2026-08-29T16:28:35.492672Z	info	ads	full push happen, reason:map[config:1]
2026-08-29T16:28:35.492820398Z 2026-08-29T16:28:35.492718Z	info	ads	full push happen, reason:map[config:1]
2026-08-29T16:28:35.509689002Z 2026-08-29T16:28:35.509417Z	info	ads	full push happen, reason:map[config:1]
2026-08-29T16:28:35.509720507Z 2026-08-29T16:28:35.509451Z	info	ads	full push happen, reason:map[config:1]
2026-08-29T16:28:35.519193366Z 2026-08-29T16:28:35.519048Z	info	ads	full push happen, reason:map[config:1]
2026-08-29T16:28:35.519240855Z 2026-08-29T16:28:35.519081Z	info	ads	full push happen, reason:map[config:1]
2026-08-29T16:28:35.534547428Z 2026-08-29T16:28:35.534414Z	info	ads	full push happen, reason:map[config:1]
2026-08-29T16:28:35.534576253Z 2026-08-29T16:28:35.534460Z	info	ads	full push happen, reason:map[config:1]
2026-08-29T16:28:35.549797113Z 2026-08-29T16:28:35.549561Z	info	ads	full push happen, reason:map[config:1]
2026-08-29T16:28:35.549826833Z 2026-08-29T16:28:35.549593Z	info	ads	full push happen, reason:map[config:1]
2026-08-29T16:28:35.560331932Z 2026-08-29T16:28:35.560201Z	info	ads	full push happen, reason:map[config:1]
2026-08-29T16:28:35.560359169Z 2026-08-29T16:28:35.560234Z	info	ads	full push happen, reason:map[config:1]
2026-08-29T16:28:35.575187403Z 2026-08-29T16:28:35.575054Z	info	ads	full push happen, reason:map[config:1]
2026-08-29T16:28:35.575216688Z 2026-08-29T16:28:35.575088Z	info	ads	full push happen, reason:map[config:1]
2026-08-29T16:28:35.585642794Z 2026-08-29T16:28:35.585496Z	info	ads	full push happen, reason:map[config:1]
2026-08-29T16:28:35.585654734Z 2026-08-29T16:28:35.585548Z	info	ads	full push happen, reason:map[config:1]
2026-08-29T16:28:35.600668594Z 2026-08-29T16:28:35.600412Z	info	ads	full push happen, reason:map[config:1]
2026-08-29T16:28:35.600696805Z 2026-08-29T16:28:35.600445Z	info	ads	full push happen, reason:map[config:1]
2026-08-29T16:28:35.623279455Z 2026-08-29T16:28:35.623132Z	info	ads	full push happen, reason:map[config:1]
2026-08-29T16:28:35.623307943Z 2026-08-29T16:28:35.623166Z	info	ads	full push happen, reason:map[config:1]
2026-08-29T16:28:35.633545857Z 2026-08-29T16:28:35.633430Z	info	ads	full push happen, reason:map[config:1]
2026-08-29T16:28:35.633565045Z 2026-08-29T16:28:35.633482Z	info	ads	full push happen, reason:map[config:1]
2026-08-29T16:28:35.647936224Z 2026-08-29T16:28:35.647752Z	info	ads	full push happen, reason:map[config:1]
2026-08-29T16:28:35.647965441Z 2026-08-29T16:28:35.647788Z	info	ads	full push happen, reason:map[config:1]
2026-08-29T16:28:35.663065760Z 2026-08-29T16:28:35.662869Z	info	ads	full push happen, reason:map[config:1]
2026-08-29T16:28:35.663102760Z 2026-08-29T16:28:35.662907Z	info	ads	full push happen, reason:map[config:1]
2026-08-29T16:28:35.673063648Z 2026-08-29T16:28:35.672835Z	info	ads	full push happen, reason:map[config:1]
2026-08-29T16:28:35.673097680Z 2026-08-29T16:28:35.672876Z	info	ads	full push happen, reason:map[config:1]
2026-08-29T16:28:35.688225140Z 2026-08-29T16:28:35.688062Z	info	ads	full push happen, reason:map[config:1]
2026-08-29T16:28:35.688259501Z 2026-08-29T16:28:35.688097Z	info	ads	full push happen, reason:map[config:1]
2026-08-29T16:28:35.702915270Z 2026-08-29T16:28:35.702744Z	info	ads	full push happen, reason:map[config:1]
2026-08-29T16:28:35.702977678Z 2026-08-29T16:28:35.702779Z	info	ads	full push happen, reason:map[config:1]
2026-08-29T16:28:35.715690405Z 2026-08-29T16:28:35.715523Z	info	ads	full push happen, reason:map[config:1]
2026-08-29T16:28:35.715717450Z 2026-08-29T16:28:35.715570Z	info	ads	full push happen, reason:map[config:1]
2026-08-29T16:28:35.732020974Z 2026-08-29T16:28:35.731801Z	info	ads	full push happen, reason:map[config:1]
2026-08-29T16:28:35.732056202Z 2026-08-29T16:28:35.731838Z	info	ads	full push happen, reason:map[config:1]
2026-08-29T16:28:35.742896169Z 2026-08-29T16:28:35.742718Z	info	ads	full push happen, reason:map[config:1]
2026-08-29T16:28:35.742925136Z 2026-08-29T16:28:35.742761Z	info	ads	full push happen, reason:map[config:1]
2026-08-29T16:28:35.757978252Z 2026-08-29T16:28:35.757702Z	info	ads	full push happen, reason:map[config:1]
2026-08-29T16:28:35.758011004Z 2026-08-29T16:28:35.757734Z	info	ads	full push happen, reason:map[config:1]
2026-08-29T16:28:35.773023451Z 2026-08-29T16:28:35.772728Z	info	ads	full push happen, reason:map[config:1]
2026-08-29T16:28:35.773063720Z 2026-08-29T16:28:35.772764Z	info	ads	full push happen, reason:map[config:1]
2026-08-29T16:28:35.784145044Z 2026-08-29T16:28:35.783909Z	info	ads	full push happen, reason:map[config:1]
2026-08-29T16:28:35.784176668Z 2026-08-29T16:28:35.783958Z	info	ads	full push happen, reason:map[config:1]
2026-08-29T16:28:35.798872461Z 2026-08-29T16:28:35.798716Z	info	ads	full push happen, reason:map[config:1]
2026-08-29T16:28:35.798901641Z 2026-08-29T16:28:35.798756Z	info	ads	full push happen, reason:map[config:1]
2026-08-29T16:28:35.814466201Z 2026-08-29T16:28:35.814300Z	info	ads	full push happen, reason:map[config:1]
2026-08-29T16:28:35.814480564Z 2026-08-29T16:28:35.814350Z	info	ads	full push happen, reason:map[config:1]
2026-08-29T16:28:35.825482284Z 2026-08-29T16:28:35.825271Z	info	ads	full push happen, reason:map[config:1]
2026-08-29T16:28:35.825511396Z 2026-08-29T16:28:35.825312Z	info	ads	full push happen, reason:map[config:1]
2026-08-29T16:28:35.844065024Z 2026-08-29T16:28:35.843928Z	info	ads	full push happen, reason:map[config:1]
2026-08-29T16:28:35.844078941Z 2026-08-29T16:28:35.843959Z	info	ads	full push happen, reason:map[config:1]
2026-08-29T16:28:35.859696337Z 2026-08-29T16:28:35.859477Z	info	ads	full push happen, reason:map[config:1]
2026-08-29T16:28:35.859725621Z 2026-08-29T16:28:35.859508Z	info	ads	full push happen, reason:map[config:1]
2026-08-29T16:28:35.869576799Z 2026-08-29T16:28:35.869409Z	info	ads	full push happen, reason:map[config:1]
2026-08-29T16:28:35.869608256Z 2026-08-29T16:28:35.869454Z	info	ads	full push happen, reason:map[config:1]
2026-08-29T16:28:35.885275103Z 2026-08-29T16:28:35.885133Z	info	ads	full push happen, reason:map[config:1]
2026-08-29T16:28:35.885294004Z 2026-08-29T16:28:35.885175Z	info	ads	full push happen, reason:map[config:1]
2026-08-29T16:28:35.900004877Z 2026-08-29T16:28:35.899825Z	info	ads	full push happen, reason:map[config:1]
2026-08-29T16:28:35.900035821Z 2026-08-29T16:28:35.899856Z	info	ads	full push happen, reason:map[config:1]
2026-08-29T16:28:35.910450863Z 2026-08-29T16:28:35.910199Z	info	ads	full push happen, reason:map[config:1]
2026-08-29T16:28:35.910479576Z 2026-08-29T16:28:35.910229Z	info	ads	full push happen, reason:map[config:1]
2026-08-29T16:28:35.925366038Z 2026-08-29T16:28:35.925194Z	info	ads	full push happen, reason:map[config:1]
2026-08-29T16:28:35.925403275Z 2026-08-29T16:28:35.925232Z	info	ads	full push happen, reason:map[config:1]
2026-08-29T16:28:35.940520482Z 2026-08-29T16:28:35.940181Z	info	ads	full push happen, reason:map[config:1]
2026-08-29T16:28:35.940546776Z 2026-08-29T16:28:35.940228Z	info	ads	full push happen, reason:map[config:1]
2026-08-29T16:28:35.953573784Z 2026-08-29T16:28:35.953397Z	info	ads	full push happen, reason:map[config:1]
2026-08-29T16:28:35.953609084Z 2026-08-29T16:28:35.953430Z	info	ads	full push happen, reason:map[config:1]
2026-08-29T16:28:35.969443246Z 2026-08-29T16:28:35.969246Z	info	ads	full push happen, reason:map[config:1]
2026-08-29T16:28:35.969466488Z 2026-08-29T16:28:35.969304Z	info	ads	full push happen, reason:map[config:1]
2026-08-29T16:28:35.984689000Z 2026-08-29T16:28:35.984533Z	info	ads	full push happen, reason:map[config:1]
2026-08-29T16:28:35.984702515Z 2026-08-29T16:28:35.984577Z	info	ads	full push happen, reason:map[config:1]
2026-08-29T16:28:35.995308455Z 2026-08-29T16:28:35.995170Z	info	ads	full push happen, reason:map[config:1]
2026-08-29T16:28:35.995348008Z 2026-08-29T16:28:35.995211Z	info	ads	full push happen, reason:map[config:1]
2026-08-29T16:28:36.014349356Z 2026-08-29T16:28:36.014219Z	info	ads	full push happen, reason:map[config:1]
2026-08-29T16:28:36.014365608Z 2026-08-29T16:28:36.014269Z	info	ads	full push happen, reason:map[config:1]
2026-08-29T16:28:36.029486488Z 2026-08-29T16:28:36.029333Z	info	ads	full push happen, reason:map[config:1]
2026-08-29T16:28:36.029521565Z 2026-08-29T16:28:36.029366Z	info	ads	full push happen, reason:map[config:1]
2026-08-29T16:28:36.038888491Z 2026-08-29T16:28:36.038783Z	info	ads	full push happen, reason:map[config:1]
2026-08-29T16:28:36.038917712Z 2026-08-29T16:28:36.038822Z	info	ads	full push happen, reason:map[config:1]
2026-08-29T16:28:36.045642984Z 2026-08-29T16:28:36.045483Z	info	ads	ADS: new connection for node:higress-controller-67b99c5d7f-n8fbn.higress-system-1
2026-08-29T16:28:36.045914486Z 2026-08-29T16:28:36.045818Z	info	ads	security.istio.io/v1/AuthorizationPolicy: PUSH request for node:higress-controller-67b99c5d7f-n8fbn.higress-system resources:0 size:0B
2026-08-29T16:28:36.045954353Z 2026-08-29T16:28:36.045888Z	info	ingress	resource type networking.istio.io/v1/DestinationRule, ingress number 0, convert configs number 0
2026-08-29T16:28:36.046010919Z 2026-08-29T16:28:36.045948Z	info	ads	networking.istio.io/v1/DestinationRule: PUSH request for node:higress-controller-67b99c5d7f-n8fbn.higress-system resources:0 size:0B
2026-08-29T16:28:36.046025039Z 2026-08-29T16:28:36.045973Z	info	ingress	controller tracing ConstructEnvoyFilters
2026-08-29T16:28:36.046034075Z 2026-08-29T16:28:36.045982Z	info	ingress	controller gzip ConstructEnvoyFilters
2026-08-29T16:28:36.046688440Z 2026-08-29T16:28:36.046614Z	info	ingress	controller global-option ConstructEnvoyFilters
2026-08-29T16:28:36.047069282Z 2026-08-29T16:28:36.046832Z	info	ingress	controller mcpServer ConstructEnvoyFilters
2026-08-29T16:28:36.047101831Z 2026-08-29T16:28:36.046847Z	info	ingress	Append 2 configmap EnvoyFilters
2026-08-29T16:28:36.047113571Z 2026-08-29T16:28:36.046857Z	info	ingress	resource type networking.istio.io/v1alpha3/EnvoyFilter, configs number 2
2026-08-29T16:28:36.048106849Z 2026-08-29T16:28:36.047898Z	info	ads	networking.istio.io/v1alpha3/EnvoyFilter: PUSH request for node:higress-controller-67b99c5d7f-n8fbn.higress-system resources:2 size:1.9kB
2026-08-29T16:28:36.062371452Z 2026-08-29T16:28:36.062221Z	info	ingress	resource type networking.istio.io/v1/Gateway, ingress number 0, convert configs number 0
2026-08-29T16:28:36.062550005Z 2026-08-29T16:28:36.062441Z	info	ads	networking.istio.io/v1/Gateway: PUSH request for node:higress-controller-67b99c5d7f-n8fbn.higress-system resources:1 size:467B
2026-08-29T16:28:36.062580009Z 2026-08-29T16:28:36.062493Z	info	ads	security.istio.io/v1/PeerAuthentication: PUSH request for node:higress-controller-67b99c5d7f-n8fbn.higress-system resources:0 size:0B
2026-08-29T16:28:36.062608886Z 2026-08-29T16:28:36.062549Z	info	ads	networking.istio.io/v1beta1/ProxyConfig: PUSH request for node:higress-controller-67b99c5d7f-n8fbn.higress-system resources:0 size:0B
2026-08-29T16:28:36.062799174Z 2026-08-29T16:28:36.062682Z	info	ads	security.istio.io/v1/RequestAuthentication: PUSH request for node:higress-controller-67b99c5d7f-n8fbn.higress-system resources:0 size:0B
2026-08-29T16:28:36.062851443Z 2026-08-29T16:28:36.062771Z	info	ingress	Found mcp serviceEntries [0x3d95bff60d20]
2026-08-29T16:28:36.062878743Z 2026-08-29T16:28:36.062798Z	info	ingress	resource type networking.istio.io/v1/ServiceEntry, ingress number 0, convert configs number 1
2026-08-29T16:28:36.063320375Z 2026-08-29T16:28:36.063100Z	info	ads	networking.istio.io/v1/ServiceEntry: PUSH request for node:higress-controller-67b99c5d7f-n8fbn.higress-system resources:1 size:255B
2026-08-29T16:28:36.063341374Z 2026-08-29T16:28:36.063146Z	info	ads	networking.istio.io/v1/Sidecar: PUSH request for node:higress-controller-67b99c5d7f-n8fbn.higress-system resources:0 size:0B
2026-08-29T16:28:36.063352871Z 2026-08-29T16:28:36.063178Z	info	ads	telemetry.istio.io/v1/Telemetry: PUSH request for node:higress-controller-67b99c5d7f-n8fbn.higress-system resources:0 size:0B
2026-08-29T16:28:36.063385947Z 2026-08-29T16:28:36.063250Z	info	ingress	Found 0 number of basic auth
2026-08-29T16:28:36.063396935Z 2026-08-29T16:28:36.063262Z	info	ingress	Found 0 number of envoyFilters
2026-08-29T16:28:36.063408299Z 2026-08-29T16:28:36.063271Z	info	ingress	resource type networking.istio.io/v1/VirtualService, ingress number 0, convert configs number 0
2026-08-29T16:28:36.063527439Z 2026-08-29T16:28:36.063444Z	info	ads	full push happen, reason:map[config:1]
2026-08-29T16:28:36.063540016Z 2026-08-29T16:28:36.063493Z	info	ads	full push happen, reason:map[config:1]
2026-08-29T16:28:36.063655504Z 2026-08-29T16:28:36.063564Z	info	ads	networking.istio.io/v1/VirtualService: PUSH request for node:higress-controller-67b99c5d7f-n8fbn.higress-system resources:1 size:426B
2026-08-29T16:28:36.063677977Z 2026-08-29T16:28:36.063624Z	info	ingress	resource type extensions.istio.io/v1alpha1/WasmPlugin, ingress number 0, convert configs number 0
2026-08-29T16:28:36.063753121Z 2026-08-29T16:28:36.063691Z	info	ads	extensions.istio.io/v1alpha1/WasmPlugin: PUSH request for node:higress-controller-67b99c5d7f-n8fbn.higress-system resources:0 size:0B
2026-08-29T16:28:36.063896414Z 2026-08-29T16:28:36.063743Z	info	ads	networking.istio.io/v1/WorkloadEntry: PUSH request for node:higress-controller-67b99c5d7f-n8fbn.higress-system resources:0 size:0B
2026-08-29T16:28:36.063922447Z 2026-08-29T16:28:36.063801Z	info	ads	networking.istio.io/v1/WorkloadGroup: PUSH request for node:higress-controller-67b99c5d7f-n8fbn.higress-system resources:0 size:0B
2026-08-29T16:28:36.074856429Z 2026-08-29T16:28:36.074654Z	info	ads	full push happen, reason:map[config:1]
2026-08-29T16:28:36.074884605Z 2026-08-29T16:28:36.074698Z	info	ads	full push happen, reason:map[config:1]
2026-08-29T16:28:36.090052077Z 2026-08-29T16:28:36.089797Z	info	ads	full push happen, reason:map[config:1]
2026-08-29T16:28:36.090081617Z 2026-08-29T16:28:36.089831Z	info	ads	full push happen, reason:map[config:1]
2026-08-29T16:28:36.105438000Z 2026-08-29T16:28:36.105261Z	info	ads	full push happen, reason:map[config:1]
2026-08-29T16:28:36.105470609Z 2026-08-29T16:28:36.105319Z	info	ads	full push happen, reason:map[config:1]
2026-08-29T16:28:36.115503251Z 2026-08-29T16:28:36.115348Z	info	ads	full push happen, reason:map[config:1]
2026-08-29T16:28:36.115530652Z 2026-08-29T16:28:36.115389Z	info	ads	full push happen, reason:map[config:1]
2026-08-29T16:28:36.131220588Z 2026-08-29T16:28:36.131068Z	info	ads	full push happen, reason:map[config:1]
2026-08-29T16:28:36.131253020Z 2026-08-29T16:28:36.131102Z	info	ads	full push happen, reason:map[config:1]
2026-08-29T16:28:36.147431956Z 2026-08-29T16:28:36.147313Z	info	ads	full push happen, reason:map[config:1]
2026-08-29T16:28:36.147444773Z 2026-08-29T16:28:36.147346Z	info	ads	full push happen, reason:map[config:1]
2026-08-29T16:28:36.158619452Z 2026-08-29T16:28:36.158416Z	info	ads	full push happen, reason:map[config:1]
2026-08-29T16:28:36.158647265Z 2026-08-29T16:28:36.158452Z	info	ads	full push happen, reason:map[config:1]
2026-08-29T16:28:36.175418056Z 2026-08-29T16:28:36.175260Z	info	ads	full push happen, reason:map[config:1]
2026-08-29T16:28:36.175450437Z 2026-08-29T16:28:36.175297Z	info	ads	full push happen, reason:map[config:1]
2026-08-29T16:28:36.192389359Z 2026-08-29T16:28:36.192254Z	info	ads	full push happen, reason:map[config:1]
2026-08-29T16:28:36.192417559Z 2026-08-29T16:28:36.192286Z	info	ads	full push happen, reason:map[config:1]
2026-08-29T16:28:36.202699512Z 2026-08-29T16:28:36.202439Z	info	ads	full push happen, reason:map[config:1]
2026-08-29T16:28:36.202716100Z 2026-08-29T16:28:36.202469Z	info	ads	full push happen, reason:map[config:1]
2026-08-29T16:28:36.217941693Z 2026-08-29T16:28:36.217814Z	info	ads	full push happen, reason:map[config:1]
2026-08-29T16:28:36.217993206Z 2026-08-29T16:28:36.217865Z	info	ads	full push happen, reason:map[config:1]
2026-08-29T16:28:36.228263711Z 2026-08-29T16:28:36.228114Z	info	ads	full push happen, reason:map[config:1]
2026-08-29T16:28:36.228291175Z 2026-08-29T16:28:36.228145Z	info	ads	full push happen, reason:map[config:1]
2026-08-29T16:28:36.242915777Z 2026-08-29T16:28:36.242740Z	info	ads	full push happen, reason:map[config:1]
2026-08-29T16:28:36.242981569Z 2026-08-29T16:28:36.242799Z	info	ads	full push happen, reason:map[config:1]
2026-08-29T16:28:36.258338815Z 2026-08-29T16:28:36.258135Z	info	ads	full push happen, reason:map[config:1]
2026-08-29T16:28:36.258369810Z 2026-08-29T16:28:36.258172Z	info	ads	full push happen, reason:map[config:1]
2026-08-29T16:28:36.268488759Z 2026-08-29T16:28:36.268292Z	info	ads	full push happen, reason:map[config:1]
2026-08-29T16:28:36.268514880Z 2026-08-29T16:28:36.268328Z	info	ads	full push happen, reason:map[config:1]
2026-08-29T16:28:36.286189725Z 2026-08-29T16:28:36.286081Z	info	ads	full push happen, reason:map[config:1]
2026-08-29T16:28:36.286205202Z 2026-08-29T16:28:36.286120Z	info	ads	full push happen, reason:map[config:1]
2026-08-29T16:28:36.300172258Z 2026-08-29T16:28:36.300048Z	info	ads	full push happen, reason:map[config:1]
2026-08-29T16:28:36.300200626Z 2026-08-29T16:28:36.300067Z	info	ads	full push happen, reason:map[config:1]
2026-08-29T16:28:36.310226450Z 2026-08-29T16:28:36.310070Z	info	ads	full push happen, reason:map[config:1]
2026-08-29T16:28:36.310253570Z 2026-08-29T16:28:36.310090Z	info	ads	full push happen, reason:map[config:1]
2026-08-29T16:28:36.324999656Z 2026-08-29T16:28:36.324893Z	info	ads	full push happen, reason:map[config:1]
2026-08-29T16:28:36.325012672Z 2026-08-29T16:28:36.324913Z	info	ads	full push happen, reason:map[config:1]
2026-08-29T16:28:36.340387722Z 2026-08-29T16:28:36.340182Z	info	ads	full push happen, reason:map[config:1]
2026-08-29T16:28:36.340417606Z 2026-08-29T16:28:36.340214Z	info	ads	full push happen, reason:map[config:1]
2026-08-29T16:28:36.351736644Z 2026-08-29T16:28:36.351585Z	info	ads	full push happen, reason:map[config:1]
2026-08-29T16:28:36.351765908Z 2026-08-29T16:28:36.351640Z	info	ads	full push happen, reason:map[config:1]
2026-08-29T16:28:36.366210927Z 2026-08-29T16:28:36.366033Z	info	ads	full push happen, reason:map[config:1]
2026-08-29T16:28:36.366226554Z 2026-08-29T16:28:36.366066Z	info	ads	full push happen, reason:map[config:1]
2026-08-29T16:28:36.376074213Z 2026-08-29T16:28:36.375831Z	info	ads	full push happen, reason:map[config:1]
2026-08-29T16:28:36.376104633Z 2026-08-29T16:28:36.375889Z	info	ads	full push happen, reason:map[config:1]
2026-08-29T16:28:36.398598066Z 2026-08-29T16:28:36.398439Z	info	ads	full push happen, reason:map[config:1]
2026-08-29T16:28:36.398627814Z 2026-08-29T16:28:36.398474Z	info	ads	full push happen, reason:map[config:1]
2026-08-29T16:28:36.413438989Z 2026-08-29T16:28:36.413219Z	info	ads	full push happen, reason:map[config:1]
2026-08-29T16:28:36.413469325Z 2026-08-29T16:28:36.413262Z	info	ads	full push happen, reason:map[config:1]
2026-08-29T16:28:36.423650038Z 2026-08-29T16:28:36.423462Z	info	ads	full push happen, reason:map[config:1]
2026-08-29T16:28:36.423679209Z 2026-08-29T16:28:36.423494Z	info	ads	full push happen, reason:map[config:1]
2026-08-29T16:28:36.438604853Z 2026-08-29T16:28:36.438433Z	info	ads	full push happen, reason:map[config:1]
2026-08-29T16:28:36.438619872Z 2026-08-29T16:28:36.438474Z	info	ads	full push happen, reason:map[config:1]
2026-08-29T16:28:36.454474307Z 2026-08-29T16:28:36.454293Z	info	ads	full push happen, reason:map[config:1]
2026-08-29T16:28:36.454502690Z 2026-08-29T16:28:36.454342Z	info	ads	full push happen, reason:map[config:1]
2026-08-29T16:28:36.463607195Z 2026-08-29T16:28:36.463519Z	info	ads	full push happen, reason:map[config:1]
2026-08-29T16:28:36.463625696Z 2026-08-29T16:28:36.463551Z	info	ads	full push happen, reason:map[config:1]
2026-08-29T16:28:36.479458206Z 2026-08-29T16:28:36.479327Z	info	ads	full push happen, reason:map[config:1]
2026-08-29T16:28:36.479486986Z 2026-08-29T16:28:36.479368Z	info	ads	full push happen, reason:map[config:1]
2026-08-29T16:28:36.494223274Z 2026-08-29T16:28:36.493991Z	info	ads	full push happen, reason:map[config:1]
2026-08-29T16:28:36.494254871Z 2026-08-29T16:28:36.494031Z	info	ads	full push happen, reason:map[config:1]
2026-08-29T16:28:36.507598423Z 2026-08-29T16:28:36.507498Z	info	ads	full push happen, reason:map[config:1]
2026-08-29T16:28:36.507621887Z 2026-08-29T16:28:36.507524Z	info	ads	full push happen, reason:map[config:1]
2026-08-29T16:28:36.522201427Z 2026-08-29T16:28:36.522053Z	info	ads	full push happen, reason:map[config:1]
2026-08-29T16:28:36.522226856Z 2026-08-29T16:28:36.522098Z	info	ads	full push happen, reason:map[config:1]
2026-08-29T16:28:36.537296512Z 2026-08-29T16:28:36.537012Z	info	ads	full push happen, reason:map[config:1]
2026-08-29T16:28:36.537327551Z 2026-08-29T16:28:36.537056Z	info	ads	full push happen, reason:map[config:1]
2026-08-29T16:28:36.545762240Z 2026-08-29T16:28:36.545654Z	info	ads	full push happen, reason:map[config:1]
2026-08-29T16:28:36.545771097Z 2026-08-29T16:28:36.545681Z	info	ads	full push happen, reason:map[config:1]
2026-08-29T16:28:36.560579222Z 2026-08-29T16:28:36.560382Z	info	ads	full push happen, reason:map[config:1]
2026-08-29T16:28:36.560608211Z 2026-08-29T16:28:36.560419Z	info	ads	full push happen, reason:map[config:1]
2026-08-29T16:28:36.570994552Z 2026-08-29T16:28:36.570855Z	info	ads	full push happen, reason:map[config:1]
2026-08-29T16:28:36.571011952Z 2026-08-29T16:28:36.570895Z	info	ads	full push happen, reason:map[config:1]
2026-08-29T16:28:36.587441507Z 2026-08-29T16:28:36.587314Z	info	ads	full push happen, reason:map[config:1]
2026-08-29T16:28:36.587460438Z 2026-08-29T16:28:36.587358Z	info	ads	full push happen, reason:map[config:1]
2026-08-29T16:28:36.602250076Z 2026-08-29T16:28:36.601975Z	info	ads	full push happen, reason:map[config:1]
2026-08-29T16:28:36.602280680Z 2026-08-29T16:28:36.602005Z	info	ads	full push happen, reason:map[config:1]
2026-08-29T16:28:36.615941482Z 2026-08-29T16:28:36.615793Z	info	ads	full push happen, reason:map[config:1]
2026-08-29T16:28:36.615973662Z 2026-08-29T16:28:36.615829Z	info	ads	full push happen, reason:map[config:1]
2026-08-29T16:28:36.629972855Z 2026-08-29T16:28:36.629825Z	info	ads	full push happen, reason:map[config:1]
2026-08-29T16:28:36.630004795Z 2026-08-29T16:28:36.629872Z	info	ads	full push happen, reason:map[config:1]
2026-08-29T16:28:36.644591800Z 2026-08-29T16:28:36.644369Z	info	ads	full push happen, reason:map[config:1]
2026-08-29T16:28:36.644623584Z 2026-08-29T16:28:36.644415Z	info	ads	full push happen, reason:map[config:1]
2026-08-29T16:28:36.653021036Z 2026-08-29T16:28:36.652835Z	info	ads	full push happen, reason:map[config:1]
2026-08-29T16:28:36.653049224Z 2026-08-29T16:28:36.652872Z	info	ads	full push happen, reason:map[config:1]
2026-08-29T16:28:36.667831502Z 2026-08-29T16:28:36.667579Z	info	ads	full push happen, reason:map[config:1]
2026-08-29T16:28:36.667864215Z 2026-08-29T16:28:36.667614Z	info	ads	full push happen, reason:map[config:1]
2026-08-29T16:28:36.683733347Z 2026-08-29T16:28:36.683554Z	info	ads	full push happen, reason:map[config:1]
2026-08-29T16:28:36.683764895Z 2026-08-29T16:28:36.683595Z	info	ads	full push happen, reason:map[config:1]
2026-08-29T16:28:36.699062674Z 2026-08-29T16:28:36.698663Z	info	ads	full push happen, reason:map[config:1]
2026-08-29T16:28:36.699100231Z 2026-08-29T16:28:36.698987Z	info	ads	full push happen, reason:map[config:1]
2026-08-29T16:28:36.713130283Z 2026-08-29T16:28:36.712935Z	info	ads	full push happen, reason:map[config:1]
2026-08-29T16:28:36.713148949Z 2026-08-29T16:28:36.712982Z	info	ads	full push happen, reason:map[config:1]
2026-08-29T16:28:36.725921806Z 2026-08-29T16:28:36.725681Z	info	ads	full push happen, reason:map[config:1]
2026-08-29T16:28:36.725951278Z 2026-08-29T16:28:36.725767Z	info	ads	full push happen, reason:map[config:1]
2026-08-29T16:28:36.739304386Z 2026-08-29T16:28:36.739119Z	info	ads	full push happen, reason:map[config:1]
2026-08-29T16:28:36.739335469Z 2026-08-29T16:28:36.739178Z	info	ads	full push happen, reason:map[config:1]
2026-08-29T16:28:36.754971998Z 2026-08-29T16:28:36.754616Z	info	ads	full push happen, reason:map[config:1]
2026-08-29T16:28:36.755008937Z 2026-08-29T16:28:36.754654Z	info	ads	full push happen, reason:map[config:1]
2026-08-29T16:28:36.766874431Z 2026-08-29T16:28:36.766707Z	info	ads	full push happen, reason:map[config:1]
2026-08-29T16:28:36.766892583Z 2026-08-29T16:28:36.766780Z	info	ads	full push happen, reason:map[config:1]
2026-08-29T16:28:36.782396782Z 2026-08-29T16:28:36.782148Z	info	ads	full push happen, reason:map[config:1]
2026-08-29T16:28:36.782429862Z 2026-08-29T16:28:36.782188Z	info	ads	full push happen, reason:map[config:1]
2026-08-29T16:28:36.799707249Z 2026-08-29T16:28:36.799536Z	info	ads	full push happen, reason:map[config:1]
2026-08-29T16:28:36.799742595Z 2026-08-29T16:28:36.799584Z	info	ads	full push happen, reason:map[config:1]
2026-08-29T16:28:36.810815797Z 2026-08-29T16:28:36.810685Z	info	ads	full push happen, reason:map[config:1]
2026-08-29T16:28:36.810828285Z 2026-08-29T16:28:36.810729Z	info	ads	full push happen, reason:map[config:1]
2026-08-29T16:28:36.836309176Z 2026-08-29T16:28:36.836098Z	info	ads	full push happen, reason:map[config:1]
2026-08-29T16:28:36.836332465Z 2026-08-29T16:28:36.836140Z	info	ads	full push happen, reason:map[config:1]
2026-08-29T16:28:36.852018793Z 2026-08-29T16:28:36.851883Z	info	ads	full push happen, reason:map[config:1]
2026-08-29T16:28:36.852060384Z 2026-08-29T16:28:36.851924Z	info	ads	full push happen, reason:map[config:1]
2026-08-29T16:28:36.863439236Z 2026-08-29T16:28:36.863297Z	info	ads	full push happen, reason:map[config:1]
2026-08-29T16:28:36.863457428Z 2026-08-29T16:28:36.863333Z	info	ads	full push happen, reason:map[config:1]
2026-08-29T16:28:36.878537826Z 2026-08-29T16:28:36.878278Z	info	ads	full push happen, reason:map[config:1]
2026-08-29T16:28:36.878578443Z 2026-08-29T16:28:36.878316Z	info	ads	full push happen, reason:map[config:1]
2026-08-29T16:28:36.889149063Z 2026-08-29T16:28:36.888950Z	info	ads	full push happen, reason:map[config:1]
2026-08-29T16:28:36.889179130Z 2026-08-29T16:28:36.888994Z	info	ads	full push happen, reason:map[config:1]
2026-08-29T16:28:36.904112782Z 2026-08-29T16:28:36.903972Z	info	ads	full push happen, reason:map[config:1]
2026-08-29T16:28:36.904146070Z 2026-08-29T16:28:36.904010Z	info	ads	full push happen, reason:map[config:1]
2026-08-29T16:28:36.919561423Z 2026-08-29T16:28:36.919287Z	info	ads	full push happen, reason:map[config:1]
2026-08-29T16:28:36.919605080Z 2026-08-29T16:28:36.919328Z	info	ads	full push happen, reason:map[config:1]
2026-08-29T16:28:36.935258664Z 2026-08-29T16:28:36.935072Z	info	ads	full push happen, reason:map[config:1]
2026-08-29T16:28:36.935292273Z 2026-08-29T16:28:36.935109Z	info	ads	full push happen, reason:map[config:1]
2026-08-29T16:28:36.946227707Z 2026-08-29T16:28:36.945951Z	info	ads	full push happen, reason:map[config:1]
2026-08-29T16:28:36.946256552Z 2026-08-29T16:28:36.945986Z	info	ads	full push happen, reason:map[config:1]
2026-08-29T16:28:36.961116235Z 2026-08-29T16:28:36.960827Z	info	ads	full push happen, reason:map[config:1]
2026-08-29T16:28:36.961157797Z 2026-08-29T16:28:36.960860Z	info	ads	full push happen, reason:map[config:1]
2026-08-29T16:28:36.971442167Z 2026-08-29T16:28:36.971233Z	info	ads	full push happen, reason:map[config:1]
2026-08-29T16:28:36.971471955Z 2026-08-29T16:28:36.971262Z	info	ads	full push happen, reason:map[config:1]
2026-08-29T16:28:36.987449090Z 2026-08-29T16:28:36.987290Z	info	ads	full push happen, reason:map[config:1]
2026-08-29T16:28:36.987481470Z 2026-08-29T16:28:36.987327Z	info	ads	full push happen, reason:map[config:1]
2026-08-29T16:28:37.004319394Z 2026-08-29T16:28:37.004129Z	info	ads	full push happen, reason:map[config:1]
2026-08-29T16:28:37.004350459Z 2026-08-29T16:28:37.004174Z	info	ads	full push happen, reason:map[config:1]
2026-08-29T16:28:37.015156852Z 2026-08-29T16:28:37.015052Z	info	ads	full push happen, reason:map[config:1]
2026-08-29T16:28:37.015175808Z 2026-08-29T16:28:37.015089Z	info	ads	full push happen, reason:map[config:1]
2026-08-29T16:28:37.030229197Z 2026-08-29T16:28:37.029923Z	info	ads	full push happen, reason:map[config:1]
2026-08-29T16:28:37.030260161Z 2026-08-29T16:28:37.029960Z	info	ads	full push happen, reason:map[config:1]
2026-08-29T16:28:37.053991442Z 2026-08-29T16:28:37.053759Z	info	ads	full push happen, reason:map[config:1]
2026-08-29T16:28:37.054029194Z 2026-08-29T16:28:37.053816Z	info	ads	full push happen, reason:map[config:1]
2026-08-29T16:28:37.065026737Z 2026-08-29T16:28:37.064833Z	info	ads	full push happen, reason:map[config:1]
2026-08-29T16:28:37.065055270Z 2026-08-29T16:28:37.064876Z	info	ads	full push happen, reason:map[config:1]
2026-08-29T16:28:37.080358067Z 2026-08-29T16:28:37.080093Z	info	ads	full push happen, reason:map[config:1]
2026-08-29T16:28:37.080389612Z 2026-08-29T16:28:37.080124Z	info	ads	full push happen, reason:map[config:1]
2026-08-29T16:28:37.096022780Z 2026-08-29T16:28:37.095892Z	info	ads	full push happen, reason:map[config:1]
2026-08-29T16:28:37.096063504Z 2026-08-29T16:28:37.095922Z	info	ads	full push happen, reason:map[config:1]
2026-08-29T16:28:37.106459061Z 2026-08-29T16:28:37.106334Z	info	ads	full push happen, reason:map[config:1]
2026-08-29T16:28:37.106476522Z 2026-08-29T16:28:37.106380Z	info	ads	full push happen, reason:map[config:1]
2026-08-29T16:28:37.121739040Z 2026-08-29T16:28:37.121620Z	info	ads	full push happen, reason:map[config:1]
2026-08-29T16:28:37.121761000Z 2026-08-29T16:28:37.121650Z	info	ads	full push happen, reason:map[config:1]
2026-08-29T16:28:37.132134465Z 2026-08-29T16:28:37.131997Z	info	ads	full push happen, reason:map[config:1]
2026-08-29T16:28:37.132149294Z 2026-08-29T16:28:37.132036Z	info	ads	full push happen, reason:map[config:1]
2026-08-29T16:28:37.148188596Z 2026-08-29T16:28:37.147917Z	info	ads	full push happen, reason:map[config:1]
2026-08-29T16:28:37.148217293Z 2026-08-29T16:28:37.147962Z	info	ads	full push happen, reason:map[config:1]
2026-08-29T16:28:37.164597146Z 2026-08-29T16:28:37.164421Z	info	ads	full push happen, reason:map[config:1]
2026-08-29T16:28:37.164629371Z 2026-08-29T16:28:37.164473Z	info	ads	full push happen, reason:map[config:1]
2026-08-29T16:28:37.174379499Z 2026-08-29T16:28:37.174152Z	info	ads	full push happen, reason:map[config:1]
2026-08-29T16:28:37.174407280Z 2026-08-29T16:28:37.174187Z	info	ads	full push happen, reason:map[config:1]
2026-08-29T16:28:37.188187547Z 2026-08-29T16:28:37.188022Z	info	ads	full push happen, reason:map[config:1]
2026-08-29T16:28:37.188206651Z 2026-08-29T16:28:37.188064Z	info	ads	full push happen, reason:map[config:1]
2026-08-29T16:28:37.203472668Z 2026-08-29T16:28:37.203316Z	info	ads	full push happen, reason:map[config:1]
2026-08-29T16:28:37.203504181Z 2026-08-29T16:28:37.203356Z	info	ads	full push happen, reason:map[config:1]
2026-08-29T16:28:37.214991151Z 2026-08-29T16:28:37.214795Z	info	ads	full push happen, reason:map[config:1]
2026-08-29T16:28:37.215006114Z 2026-08-29T16:28:37.214836Z	info	ads	full push happen, reason:map[config:1]
2026-08-29T16:28:37.229471911Z 2026-08-29T16:28:37.229204Z	info	ads	full push happen, reason:map[config:1]
2026-08-29T16:28:37.229503271Z 2026-08-29T16:28:37.229241Z	info	ads	full push happen, reason:map[config:1]
2026-08-29T16:28:37.245743354Z 2026-08-29T16:28:37.245626Z	info	ads	full push happen, reason:map[config:1]
2026-08-29T16:28:37.245758198Z 2026-08-29T16:28:37.245660Z	info	ads	full push happen, reason:map[config:1]
2026-08-29T16:28:37.257229017Z 2026-08-29T16:28:37.257029Z	info	ads	full push happen, reason:map[config:1]
2026-08-29T16:28:37.257256409Z 2026-08-29T16:28:37.257064Z	info	ads	full push happen, reason:map[config:1]
2026-08-29T16:28:37.276136409Z 2026-08-29T16:28:37.275998Z	info	ads	full push happen, reason:map[config:1]
2026-08-29T16:28:37.276149421Z 2026-08-29T16:28:37.276032Z	info	ads	full push happen, reason:map[config:1]
2026-08-29T16:28:37.291679547Z 2026-08-29T16:28:37.291566Z	info	ads	full push happen, reason:map[config:1]
2026-08-29T16:28:37.291693951Z 2026-08-29T16:28:37.291606Z	info	ads	full push happen, reason:map[config:1]
2026-08-29T16:28:37.303992520Z 2026-08-29T16:28:37.303860Z	info	ads	full push happen, reason:map[config:1]
2026-08-29T16:28:37.304019740Z 2026-08-29T16:28:37.303886Z	info	ads	full push happen, reason:map[config:1]
2026-08-29T16:28:37.319141532Z 2026-08-29T16:28:37.318984Z	info	ads	full push happen, reason:map[config:1]
2026-08-29T16:28:37.319170397Z 2026-08-29T16:28:37.319027Z	info	ads	full push happen, reason:map[config:1]
2026-08-29T16:28:37.335669231Z 2026-08-29T16:28:37.335528Z	info	ads	full push happen, reason:map[config:1]
2026-08-29T16:28:37.335699963Z 2026-08-29T16:28:37.335585Z	info	ads	full push happen, reason:map[config:1]
2026-08-29T16:28:37.346217390Z 2026-08-29T16:28:37.346012Z	info	ads	full push happen, reason:map[config:1]
2026-08-29T16:28:37.346244938Z 2026-08-29T16:28:37.346052Z	info	ads	full push happen, reason:map[config:1]
2026-08-29T16:28:37.363396453Z 2026-08-29T16:28:37.363205Z	info	ads	full push happen, reason:map[config:1]
2026-08-29T16:28:37.363428237Z 2026-08-29T16:28:37.363237Z	info	ads	full push happen, reason:map[config:1]
2026-08-29T16:28:37.374700998Z 2026-08-29T16:28:37.374560Z	info	ads	full push happen, reason:map[config:1]
2026-08-29T16:28:37.374730630Z 2026-08-29T16:28:37.374603Z	info	ads	full push happen, reason:map[config:1]
2026-08-29T16:28:37.390649416Z 2026-08-29T16:28:37.390459Z	info	ads	full push happen, reason:map[config:1]
2026-08-29T16:28:37.390679837Z 2026-08-29T16:28:37.390495Z	info	ads	full push happen, reason:map[config:1]
2026-08-29T16:28:37.406706463Z 2026-08-29T16:28:37.406526Z	info	ads	full push happen, reason:map[config:1]
2026-08-29T16:28:37.406721691Z 2026-08-29T16:28:37.406586Z	info	ads	full push happen, reason:map[config:1]
2026-08-29T16:28:37.419147456Z 2026-08-29T16:28:37.418937Z	info	ads	full push happen, reason:map[config:1]
2026-08-29T16:28:37.419184012Z 2026-08-29T16:28:37.418991Z	info	ads	full push happen, reason:map[config:1]
2026-08-29T16:28:37.435549546Z 2026-08-29T16:28:37.435395Z	info	ads	full push happen, reason:map[config:1]
2026-08-29T16:28:37.435573262Z 2026-08-29T16:28:37.435436Z	info	ads	full push happen, reason:map[config:1]
2026-08-29T16:28:37.450310374Z 2026-08-29T16:28:37.450128Z	info	ads	full push happen, reason:map[config:1]
2026-08-29T16:28:37.450340763Z 2026-08-29T16:28:37.450161Z	info	ads	full push happen, reason:map[config:1]
2026-08-29T16:28:37.461039524Z 2026-08-29T16:28:37.460917Z	info	ads	full push happen, reason:map[config:1]
2026-08-29T16:28:37.461087949Z 2026-08-29T16:28:37.460949Z	info	ads	full push happen, reason:map[config:1]
2026-08-29T16:28:37.475919351Z 2026-08-29T16:28:37.475751Z	info	ads	full push happen, reason:map[config:1]
2026-08-29T16:28:37.475948911Z 2026-08-29T16:28:37.475779Z	info	ads	full push happen, reason:map[config:1]
2026-08-29T16:28:37.498310934Z 2026-08-29T16:28:37.498204Z	info	ads	full push happen, reason:map[config:1]
2026-08-29T16:28:37.498328826Z 2026-08-29T16:28:37.498238Z	info	ads	full push happen, reason:map[config:1]
2026-08-29T16:28:37.509788568Z 2026-08-29T16:28:37.509682Z	info	ads	full push happen, reason:map[config:1]
2026-08-29T16:28:37.509802409Z 2026-08-29T16:28:37.509719Z	info	ads	full push happen, reason:map[config:1]
2026-08-29T16:28:37.524096395Z 2026-08-29T16:28:37.523899Z	info	ads	full push happen, reason:map[config:1]
2026-08-29T16:28:37.524126360Z 2026-08-29T16:28:37.523933Z	info	ads	full push happen, reason:map[config:1]
2026-08-29T16:28:37.536350371Z 2026-08-29T16:28:37.536216Z	info	ads	full push happen, reason:map[config:1]
2026-08-29T16:28:37.536381719Z 2026-08-29T16:28:37.536244Z	info	ads	full push happen, reason:map[config:1]
2026-08-29T16:28:37.551206813Z 2026-08-29T16:28:37.551075Z	info	ads	full push happen, reason:map[config:1]
2026-08-29T16:28:37.551236417Z 2026-08-29T16:28:37.551110Z	info	ads	full push happen, reason:map[config:1]
2026-08-29T16:28:37.565987991Z 2026-08-29T16:28:37.565856Z	info	ads	full push happen, reason:map[config:1]
2026-08-29T16:28:37.566022259Z 2026-08-29T16:28:37.565888Z	info	ads	full push happen, reason:map[config:1]
2026-08-29T16:28:37.576543739Z 2026-08-29T16:28:37.576290Z	info	ads	full push happen, reason:map[config:1]
2026-08-29T16:28:37.576570287Z 2026-08-29T16:28:37.576339Z	info	ads	full push happen, reason:map[config:1]
2026-08-29T16:28:37.591243664Z 2026-08-29T16:28:37.591096Z	info	ads	full push happen, reason:map[config:1]
2026-08-29T16:28:37.591274536Z 2026-08-29T16:28:37.591132Z	info	ads	full push happen, reason:map[config:1]
2026-08-29T16:28:37.605893281Z 2026-08-29T16:28:37.605780Z	info	ads	full push happen, reason:map[config:1]
2026-08-29T16:28:37.605921384Z 2026-08-29T16:28:37.605818Z	info	ads	full push happen, reason:map[config:1]
2026-08-29T16:28:37.618648208Z 2026-08-29T16:28:37.618528Z	info	ads	full push happen, reason:map[config:1]
2026-08-29T16:28:37.618663529Z 2026-08-29T16:28:37.618570Z	info	ads	full push happen, reason:map[config:1]
2026-08-29T16:28:37.634312263Z 2026-08-29T16:28:37.634206Z	info	ads	full push happen, reason:map[config:1]
2026-08-29T16:28:37.634329136Z 2026-08-29T16:28:37.634241Z	info	ads	full push happen, reason:map[config:1]
2026-08-29T16:28:37.648740556Z 2026-08-29T16:28:37.648608Z	info	ads	full push happen, reason:map[config:1]
2026-08-29T16:28:37.648773848Z 2026-08-29T16:28:37.648641Z	info	ads	full push happen, reason:map[config:1]
2026-08-29T16:28:37.658691723Z 2026-08-29T16:28:37.658554Z	info	ads	full push happen, reason:map[config:1]
2026-08-29T16:28:37.658709586Z 2026-08-29T16:28:37.658587Z	info	ads	full push happen, reason:map[config:1]
2026-08-29T16:28:37.685319630Z 2026-08-29T16:28:37.685040Z	info	ads	full push happen, reason:map[config:1]
2026-08-29T16:28:37.686782744Z 2026-08-29T16:28:37.686580Z	info	ads	full push happen, reason:map[config:1]
2026-08-29T16:28:37.701692919Z 2026-08-29T16:28:37.701577Z	info	ads	full push happen, reason:map[config:1]
2026-08-29T16:28:37.701712987Z 2026-08-29T16:28:37.701616Z	info	ads	full push happen, reason:map[config:1]
2026-08-29T16:28:37.717255997Z 2026-08-29T16:28:37.717089Z	info	ads	full push happen, reason:map[config:1]
2026-08-29T16:28:37.717293362Z 2026-08-29T16:28:37.717141Z	info	ads	full push happen, reason:map[config:1]
2026-08-29T16:28:37.731012064Z 2026-08-29T16:28:37.730657Z	info	ads	full push happen, reason:map[config:1]
2026-08-29T16:28:37.731066600Z 2026-08-29T16:28:37.730691Z	info	ads	full push happen, reason:map[config:1]
2026-08-29T16:28:37.741391398Z 2026-08-29T16:28:37.741142Z	info	ads	full push happen, reason:map[config:1]
2026-08-29T16:28:37.741419122Z 2026-08-29T16:28:37.741175Z	info	ads	full push happen, reason:map[config:1]
2026-08-29T16:28:37.759048465Z 2026-08-29T16:28:37.758831Z	info	ads	full push happen, reason:map[config:1]
2026-08-29T16:28:37.759080333Z 2026-08-29T16:28:37.758866Z	info	ads	full push happen, reason:map[config:1]
2026-08-29T16:28:37.774072225Z 2026-08-29T16:28:37.773847Z	info	ads	full push happen, reason:map[config:1]
2026-08-29T16:28:37.774103661Z 2026-08-29T16:28:37.773881Z	info	ads	full push happen, reason:map[config:1]
2026-08-29T16:28:37.784547984Z 2026-08-29T16:28:37.784400Z	info	ads	full push happen, reason:map[config:1]
2026-08-29T16:28:37.784585672Z 2026-08-29T16:28:37.784431Z	info	ads	full push happen, reason:map[config:1]
2026-08-29T16:28:37.801649593Z 2026-08-29T16:28:37.801515Z	info	ads	full push happen, reason:map[config:1]
2026-08-29T16:28:37.801665074Z 2026-08-29T16:28:37.801545Z	info	ads	full push happen, reason:map[config:1]
2026-08-29T16:28:37.824943556Z 2026-08-29T16:28:37.824827Z	info	ads	full push happen, reason:map[config:1]
2026-08-29T16:28:37.824972408Z 2026-08-29T16:28:37.824860Z	info	ads	full push happen, reason:map[config:1]
2026-08-29T16:28:37.836858865Z 2026-08-29T16:28:37.836717Z	info	ads	full push happen, reason:map[config:1]
2026-08-29T16:28:37.836889402Z 2026-08-29T16:28:37.836750Z	info	ads	full push happen, reason:map[config:1]
2026-08-29T16:28:37.852264576Z 2026-08-29T16:28:37.852105Z	info	ads	full push happen, reason:map[config:1]
2026-08-29T16:28:37.852301960Z 2026-08-29T16:28:37.852145Z	info	ads	full push happen, reason:map[config:1]
2026-08-29T16:28:37.863171242Z 2026-08-29T16:28:37.863022Z	info	ads	full push happen, reason:map[config:1]
2026-08-29T16:28:37.863199295Z 2026-08-29T16:28:37.863064Z	info	ads	full push happen, reason:map[config:1]
2026-08-29T16:28:37.875933218Z 2026-08-29T16:28:37.875809Z	info	ads	full push happen, reason:map[config:1]
2026-08-29T16:28:37.875945786Z 2026-08-29T16:28:37.875841Z	info	ads	full push happen, reason:map[config:1]
2026-08-29T16:28:37.891735191Z 2026-08-29T16:28:37.891503Z	info	ads	full push happen, reason:map[config:1]
2026-08-29T16:28:37.891764458Z 2026-08-29T16:28:37.891534Z	info	ads	full push happen, reason:map[config:1]
2026-08-29T16:28:37.906566980Z 2026-08-29T16:28:37.906351Z	info	ads	full push happen, reason:map[config:1]
2026-08-29T16:28:37.906597249Z 2026-08-29T16:28:37.906396Z	info	ads	full push happen, reason:map[config:1]
2026-08-29T16:28:37.917365778Z 2026-08-29T16:28:37.917118Z	info	ads	full push happen, reason:map[config:1]
2026-08-29T16:28:37.917392467Z 2026-08-29T16:28:37.917162Z	info	ads	full push happen, reason:map[config:1]
2026-08-29T16:28:37.937168116Z 2026-08-29T16:28:37.936930Z	info	ads	full push happen, reason:map[config:1]
2026-08-29T16:28:37.937202052Z 2026-08-29T16:28:37.936961Z	info	ads	full push happen, reason:map[config:1]
2026-08-29T16:28:37.948613453Z 2026-08-29T16:28:37.948385Z	info	ads	full push happen, reason:map[config:1]
2026-08-29T16:28:37.948639574Z 2026-08-29T16:28:37.948415Z	info	ads	full push happen, reason:map[config:1]
2026-08-29T16:28:37.964246205Z 2026-08-29T16:28:37.964096Z	info	ads	full push happen, reason:map[config:1]
2026-08-29T16:28:37.964261574Z 2026-08-29T16:28:37.964156Z	info	ads	full push happen, reason:map[config:1]
2026-08-29T16:28:37.979485367Z 2026-08-29T16:28:37.979366Z	info	ads	full push happen, reason:map[config:1]
2026-08-29T16:28:37.979500310Z 2026-08-29T16:28:37.979407Z	info	ads	full push happen, reason:map[config:1]
2026-08-29T16:28:37.990303968Z 2026-08-29T16:28:37.990193Z	info	ads	full push happen, reason:map[config:1]
2026-08-29T16:28:37.990316020Z 2026-08-29T16:28:37.990238Z	info	ads	full push happen, reason:map[config:1]
2026-08-29T16:28:38.005962801Z 2026-08-29T16:28:38.005798Z	info	ads	full push happen, reason:map[config:1]
2026-08-29T16:28:38.005977629Z 2026-08-29T16:28:38.005828Z	info	ads	full push happen, reason:map[config:1]
2026-08-29T16:28:38.020649938Z 2026-08-29T16:28:38.020560Z	info	ads	full push happen, reason:map[config:1]
2026-08-29T16:28:38.020662789Z 2026-08-29T16:28:38.020593Z	info	ads	full push happen, reason:map[config:1]
2026-08-29T16:28:38.032297164Z 2026-08-29T16:28:38.032092Z	info	ads	full push happen, reason:map[config:1]
2026-08-29T16:28:38.032324040Z 2026-08-29T16:28:38.032137Z	info	ads	full push happen, reason:map[config:1]
2026-08-29T16:28:38.048188751Z 2026-08-29T16:28:38.047938Z	info	ads	full push happen, reason:map[config:1]
2026-08-29T16:28:38.048223315Z 2026-08-29T16:28:38.047981Z	info	ads	full push happen, reason:map[config:1]
2026-08-29T16:28:38.064219849Z 2026-08-29T16:28:38.064096Z	info	ads	full push happen, reason:map[config:1]
2026-08-29T16:28:38.064244733Z 2026-08-29T16:28:38.064141Z	info	ads	full push happen, reason:map[config:1]
2026-08-29T16:28:38.074184932Z 2026-08-29T16:28:38.073931Z	info	ads	full push happen, reason:map[config:1]
2026-08-29T16:28:38.074219685Z 2026-08-29T16:28:38.073964Z	info	ads	full push happen, reason:map[config:1]
2026-08-29T16:28:38.089216864Z 2026-08-29T16:28:38.089006Z	info	ads	full push happen, reason:map[config:1]
2026-08-29T16:28:38.089252804Z 2026-08-29T16:28:38.089053Z	info	ads	full push happen, reason:map[config:1]
2026-08-29T16:28:38.099528940Z 2026-08-29T16:28:38.099410Z	info	ads	full push happen, reason:map[config:1]
2026-08-29T16:28:38.099540594Z 2026-08-29T16:28:38.099457Z	info	ads	full push happen, reason:map[config:1]
2026-08-29T16:28:38.114271984Z 2026-08-29T16:28:38.114112Z	info	ads	full push happen, reason:map[config:1]
2026-08-29T16:28:38.114281487Z 2026-08-29T16:28:38.114144Z	info	ads	full push happen, reason:map[config:1]
2026-08-29T16:28:38.129482736Z 2026-08-29T16:28:38.129186Z	info	ads	full push happen, reason:map[config:1]
2026-08-29T16:28:38.129511084Z 2026-08-29T16:28:38.129223Z	info	ads	full push happen, reason:map[config:1]
2026-08-29T16:28:38.139508611Z 2026-08-29T16:28:38.139312Z	info	ads	full push happen, reason:map[config:1]
2026-08-29T16:28:38.139535784Z 2026-08-29T16:28:38.139351Z	info	ads	full push happen, reason:map[config:1]
2026-08-29T16:28:38.158869175Z 2026-08-29T16:28:38.158753Z	info	ads	full push happen, reason:map[config:1]
2026-08-29T16:28:38.158883778Z 2026-08-29T16:28:38.158787Z	info	ads	full push happen, reason:map[config:1]
2026-08-29T16:28:38.173579760Z 2026-08-29T16:28:38.173427Z	info	ads	full push happen, reason:map[config:1]
2026-08-29T16:28:38.173595056Z 2026-08-29T16:28:38.173458Z	info	ads	full push happen, reason:map[config:1]
2026-08-29T16:28:38.183355041Z 2026-08-29T16:28:38.183204Z	info	ads	full push happen, reason:map[config:1]
2026-08-29T16:28:38.183381450Z 2026-08-29T16:28:38.183237Z	info	ads	full push happen, reason:map[config:1]
2026-08-29T16:28:38.198027926Z 2026-08-29T16:28:38.197876Z	info	ads	full push happen, reason:map[config:1]
2026-08-29T16:28:38.198060843Z 2026-08-29T16:28:38.197911Z	info	ads	full push happen, reason:map[config:1]
2026-08-29T16:28:38.214728542Z 2026-08-29T16:28:38.214583Z	info	ads	full push happen, reason:map[config:1]
2026-08-29T16:28:38.214764278Z 2026-08-29T16:28:38.214625Z	info	ads	full push happen, reason:map[config:1]
2026-08-29T16:28:38.224907095Z 2026-08-29T16:28:38.224761Z	info	ads	full push happen, reason:map[config:1]
2026-08-29T16:28:38.224966120Z 2026-08-29T16:28:38.224795Z	info	ads	full push happen, reason:map[config:1]
2026-08-29T16:28:38.240230188Z 2026-08-29T16:28:38.240024Z	info	ads	full push happen, reason:map[config:1]
2026-08-29T16:28:38.240258425Z 2026-08-29T16:28:38.240064Z	info	ads	full push happen, reason:map[config:1]
2026-08-29T16:28:38.250453133Z 2026-08-29T16:28:38.250297Z	info	ads	full push happen, reason:map[config:1]
2026-08-29T16:28:38.250480546Z 2026-08-29T16:28:38.250327Z	info	ads	full push happen, reason:map[config:1]
2026-08-29T16:28:38.273134728Z 2026-08-29T16:28:38.272990Z	info	ads	full push happen, reason:map[config:1]
2026-08-29T16:28:38.273162117Z 2026-08-29T16:28:38.273023Z	info	ads	full push happen, reason:map[config:1]
2026-08-29T16:28:38.291966355Z 2026-08-29T16:28:38.291736Z	info	ads	full push happen, reason:map[config:1]
2026-08-29T16:28:38.291995564Z 2026-08-29T16:28:38.291765Z	info	ads	full push happen, reason:map[config:1]
2026-08-29T16:28:38.301713321Z 2026-08-29T16:28:38.301552Z	info	ads	full push happen, reason:map[config:1]
2026-08-29T16:28:38.301739085Z 2026-08-29T16:28:38.301591Z	info	ads	full push happen, reason:map[config:1]
2026-08-29T16:28:38.316848725Z 2026-08-29T16:28:38.316725Z	info	ads	full push happen, reason:map[config:1]
2026-08-29T16:28:38.316876350Z 2026-08-29T16:28:38.316765Z	info	ads	full push happen, reason:map[config:1]
2026-08-29T16:28:38.331602355Z 2026-08-29T16:28:38.331475Z	info	ads	full push happen, reason:map[config:1]
2026-08-29T16:28:38.331617111Z 2026-08-29T16:28:38.331516Z	info	ads	full push happen, reason:map[config:1]
2026-08-29T16:28:38.341849624Z 2026-08-29T16:28:38.341687Z	info	ads	full push happen, reason:map[config:1]
2026-08-29T16:28:38.341861560Z 2026-08-29T16:28:38.341719Z	info	ads	full push happen, reason:map[config:1]
2026-08-29T16:28:38.356686782Z 2026-08-29T16:28:38.356549Z	info	ads	full push happen, reason:map[config:1]
2026-08-29T16:28:38.356713687Z 2026-08-29T16:28:38.356588Z	info	ads	full push happen, reason:map[config:1]
2026-08-29T16:28:38.371503645Z 2026-08-29T16:28:38.371293Z	info	ads	full push happen, reason:map[config:1]
2026-08-29T16:28:38.371531321Z 2026-08-29T16:28:38.371326Z	info	ads	full push happen, reason:map[config:1]
2026-08-29T16:28:38.383465233Z 2026-08-29T16:28:38.383270Z	info	ads	full push happen, reason:map[config:1]
2026-08-29T16:28:38.383492326Z 2026-08-29T16:28:38.383304Z	info	ads	full push happen, reason:map[config:1]
2026-08-29T16:28:38.398215019Z 2026-08-29T16:28:38.398028Z	info	ads	full push happen, reason:map[config:1]
2026-08-29T16:28:38.398227547Z 2026-08-29T16:28:38.398056Z	info	ads	full push happen, reason:map[config:1]
2026-08-29T16:28:38.408133030Z 2026-08-29T16:28:38.407985Z	info	ads	full push happen, reason:map[config:1]
2026-08-29T16:28:38.408158962Z 2026-08-29T16:28:38.408018Z	info	ads	full push happen, reason:map[config:1]
2026-08-29T16:28:38.423339135Z 2026-08-29T16:28:38.423237Z	info	ads	full push happen, reason:map[config:1]
2026-08-29T16:28:38.423352151Z 2026-08-29T16:28:38.423271Z	info	ads	full push happen, reason:map[config:1]
2026-08-29T16:28:38.438710865Z 2026-08-29T16:28:38.438557Z	info	ads	full push happen, reason:map[config:1]
2026-08-29T16:28:38.438740910Z 2026-08-29T16:28:38.438591Z	info	ads	full push happen, reason:map[config:1]
2026-08-29T16:28:38.449257104Z 2026-08-29T16:28:38.449060Z	info	ads	full push happen, reason:map[config:1]
2026-08-29T16:28:38.449288909Z 2026-08-29T16:28:38.449094Z	info	ads	full push happen, reason:map[config:1]
2026-08-29T16:28:38.464089670Z 2026-08-29T16:28:38.463964Z	info	ads	full push happen, reason:map[config:1]
2026-08-29T16:28:38.464102371Z 2026-08-29T16:28:38.464011Z	info	ads	full push happen, reason:map[config:1]
2026-08-29T16:28:38.479632010Z 2026-08-29T16:28:38.479424Z	info	ads	full push happen, reason:map[config:1]
2026-08-29T16:28:38.479679439Z 2026-08-29T16:28:38.479466Z	info	ads	full push happen, reason:map[config:1]
2026-08-29T16:28:38.493228808Z 2026-08-29T16:28:38.493068Z	info	ads	full push happen, reason:map[config:1]
2026-08-29T16:28:38.493242940Z 2026-08-29T16:28:38.493096Z	info	ads	full push happen, reason:map[config:1]
2026-08-29T16:28:38.508221575Z 2026-08-29T16:28:38.508067Z	info	ads	full push happen, reason:map[config:1]
2026-08-29T16:28:38.508250119Z 2026-08-29T16:28:38.508101Z	info	ads	full push happen, reason:map[config:1]
2026-08-29T16:28:38.523171853Z 2026-08-29T16:28:38.523034Z	info	ads	full push happen, reason:map[config:1]
2026-08-29T16:28:38.523187542Z 2026-08-29T16:28:38.523076Z	info	ads	full push happen, reason:map[config:1]
2026-08-29T16:28:38.533289434Z 2026-08-29T16:28:38.533007Z	info	ads	full push happen, reason:map[config:1]
2026-08-29T16:28:38.533315338Z 2026-08-29T16:28:38.533042Z	info	ads	full push happen, reason:map[config:1]
2026-08-29T16:28:38.549129279Z 2026-08-29T16:28:38.548945Z	info	ads	full push happen, reason:map[config:1]
2026-08-29T16:28:38.549151116Z 2026-08-29T16:28:38.548991Z	info	ads	full push happen, reason:map[config:1]
2026-08-29T16:28:38.558818132Z 2026-08-29T16:28:38.558671Z	info	ads	full push happen, reason:map[config:1]
2026-08-29T16:28:38.558848449Z 2026-08-29T16:28:38.558703Z	info	ads	full push happen, reason:map[config:1]
2026-08-29T16:28:38.573488693Z 2026-08-29T16:28:38.573351Z	info	ads	full push happen, reason:map[config:1]
2026-08-29T16:28:38.573518530Z 2026-08-29T16:28:38.573395Z	info	ads	full push happen, reason:map[config:1]
2026-08-29T16:28:38.587638551Z 2026-08-29T16:28:38.587491Z	info	ads	full push happen, reason:map[config:1]
2026-08-29T16:28:38.587670720Z 2026-08-29T16:28:38.587533Z	info	ads	full push happen, reason:map[config:1]
2026-08-29T16:28:38.602634230Z 2026-08-29T16:28:38.602491Z	info	ads	full push happen, reason:map[config:1]
2026-08-29T16:28:38.602661242Z 2026-08-29T16:28:38.602527Z	info	ads	full push happen, reason:map[config:1]
2026-08-29T16:28:38.617533445Z 2026-08-29T16:28:38.617384Z	info	ads	full push happen, reason:map[config:1]
2026-08-29T16:28:38.617568585Z 2026-08-29T16:28:38.617421Z	info	ads	full push happen, reason:map[config:1]
2026-08-29T16:28:38.632292255Z 2026-08-29T16:28:38.632069Z	info	ads	full push happen, reason:map[config:1]
2026-08-29T16:28:38.632329919Z 2026-08-29T16:28:38.632104Z	info	ads	full push happen, reason:map[config:1]
2026-08-29T16:28:38.642453791Z 2026-08-29T16:28:38.642269Z	info	ads	full push happen, reason:map[config:1]
2026-08-29T16:28:38.642488492Z 2026-08-29T16:28:38.642304Z	info	ads	full push happen, reason:map[config:1]
2026-08-29T16:28:38.657118176Z 2026-08-29T16:28:38.656879Z	info	ads	full push happen, reason:map[config:1]
2026-08-29T16:28:38.657156921Z 2026-08-29T16:28:38.656917Z	info	ads	full push happen, reason:map[config:1]
2026-08-29T16:28:38.671828525Z 2026-08-29T16:28:38.671629Z	info	ads	full push happen, reason:map[config:1]
2026-08-29T16:28:38.671868297Z 2026-08-29T16:28:38.671668Z	info	ads	full push happen, reason:map[config:1]
2026-08-29T16:28:38.681706829Z 2026-08-29T16:28:38.681565Z	info	ads	full push happen, reason:map[config:1]
2026-08-29T16:28:38.681741165Z 2026-08-29T16:28:38.681597Z	info	ads	full push happen, reason:map[config:1]
2026-08-29T16:28:38.696679840Z 2026-08-29T16:28:38.696493Z	info	ads	full push happen, reason:map[config:1]
2026-08-29T16:28:38.696711772Z 2026-08-29T16:28:38.696522Z	info	ads	full push happen, reason:map[config:1]
2026-08-29T16:28:38.710230629Z 2026-08-29T16:28:38.710079Z	info	ads	full push happen, reason:map[config:1]
2026-08-29T16:28:38.710268996Z 2026-08-29T16:28:38.710112Z	info	ads	full push happen, reason:map[config:1]
2026-08-29T16:28:38.725223963Z 2026-08-29T16:28:38.725036Z	info	ads	full push happen, reason:map[config:1]
2026-08-29T16:28:38.725239923Z 2026-08-29T16:28:38.725089Z	info	ads	full push happen, reason:map[config:1]
2026-08-29T16:28:38.740236823Z 2026-08-29T16:28:38.740108Z	info	ads	full push happen, reason:map[config:1]
2026-08-29T16:28:38.740256943Z 2026-08-29T16:28:38.740146Z	info	ads	full push happen, reason:map[config:1]
2026-08-29T16:28:38.750404975Z 2026-08-29T16:28:38.750259Z	info	ads	full push happen, reason:map[config:1]
2026-08-29T16:28:38.750417020Z 2026-08-29T16:28:38.750293Z	info	ads	full push happen, reason:map[config:1]
2026-08-29T16:28:38.764845631Z 2026-08-29T16:28:38.764550Z	info	ads	full push happen, reason:map[config:1]
2026-08-29T16:28:38.764875675Z 2026-08-29T16:28:38.764591Z	info	ads	full push happen, reason:map[config:1]
2026-08-29T16:28:38.779367043Z 2026-08-29T16:28:38.779134Z	info	ads	full push happen, reason:map[config:1]
2026-08-29T16:28:38.779398491Z 2026-08-29T16:28:38.779167Z	info	ads	full push happen, reason:map[config:1]
2026-08-29T16:28:38.789660837Z 2026-08-29T16:28:38.789439Z	info	ads	full push happen, reason:map[config:1]
2026-08-29T16:28:38.789687597Z 2026-08-29T16:28:38.789475Z	info	ads	full push happen, reason:map[config:1]
2026-08-29T16:28:38.803896659Z 2026-08-29T16:28:38.803733Z	info	ads	full push happen, reason:map[config:1]
2026-08-29T16:28:38.803933471Z 2026-08-29T16:28:38.803767Z	info	ads	full push happen, reason:map[config:1]
2026-08-29T16:28:38.822313707Z 2026-08-29T16:28:38.822157Z	info	ads	full push happen, reason:map[config:1]
2026-08-29T16:28:38.822341606Z 2026-08-29T16:28:38.822200Z	info	ads	full push happen, reason:map[config:1]
2026-08-29T16:28:38.832241930Z 2026-08-29T16:28:38.832125Z	info	ads	full push happen, reason:map[config:1]
2026-08-29T16:28:38.832254758Z 2026-08-29T16:28:38.832167Z	info	ads	full push happen, reason:map[config:1]
2026-08-29T16:28:38.847182644Z 2026-08-29T16:28:38.847044Z	info	ads	full push happen, reason:map[config:1]
2026-08-29T16:28:38.847199925Z 2026-08-29T16:28:38.847106Z	info	ads	full push happen, reason:map[config:1]
2026-08-29T16:28:38.857343321Z 2026-08-29T16:28:38.857175Z	info	ads	full push happen, reason:map[config:1]
2026-08-29T16:28:38.857369697Z 2026-08-29T16:28:38.857203Z	info	ads	full push happen, reason:map[config:1]
2026-08-29T16:28:38.872683675Z 2026-08-29T16:28:38.872490Z	info	ads	full push happen, reason:map[config:1]
2026-08-29T16:28:38.872723219Z 2026-08-29T16:28:38.872527Z	info	ads	full push happen, reason:map[config:1]
2026-08-29T16:28:38.887123927Z 2026-08-29T16:28:38.886903Z	info	ads	full push happen, reason:map[config:1]
2026-08-29T16:28:38.887154575Z 2026-08-29T16:28:38.886980Z	info	ads	full push happen, reason:map[config:1]
2026-08-29T16:28:38.897789799Z 2026-08-29T16:28:38.897535Z	info	ads	full push happen, reason:map[config:1]
2026-08-29T16:28:38.897817238Z 2026-08-29T16:28:38.897567Z	info	ads	full push happen, reason:map[config:1]
2026-08-29T16:28:38.912273266Z 2026-08-29T16:28:38.912126Z	info	ads	full push happen, reason:map[config:1]
2026-08-29T16:28:38.912302991Z 2026-08-29T16:28:38.912160Z	info	ads	full push happen, reason:map[config:1]
2026-08-29T16:28:38.932336530Z 2026-08-29T16:28:38.932114Z	info	ads	full push happen, reason:map[config:1]
2026-08-29T16:28:38.932364553Z 2026-08-29T16:28:38.932149Z	info	ads	full push happen, reason:map[config:1]
2026-08-29T16:28:38.942197376Z 2026-08-29T16:28:38.942051Z	info	ads	full push happen, reason:map[config:1]
2026-08-29T16:28:38.942223389Z 2026-08-29T16:28:38.942082Z	info	ads	full push happen, reason:map[config:1]
2026-08-29T16:28:38.958629469Z 2026-08-29T16:28:38.958407Z	info	ads	full push happen, reason:map[config:1]
2026-08-29T16:28:38.958676366Z 2026-08-29T16:28:38.958436Z	info	ads	full push happen, reason:map[config:1]
2026-08-29T16:28:38.973461740Z 2026-08-29T16:28:38.973271Z	info	ads	full push happen, reason:map[config:1]
2026-08-29T16:28:38.973491508Z 2026-08-29T16:28:38.973321Z	info	ads	full push happen, reason:map[config:1]
2026-08-29T16:28:38.983230850Z 2026-08-29T16:28:38.983087Z	info	ads	full push happen, reason:map[config:1]
2026-08-29T16:28:38.983256903Z 2026-08-29T16:28:38.983121Z	info	ads	full push happen, reason:map[config:1]
2026-08-29T16:28:38.997645065Z 2026-08-29T16:28:38.997472Z	info	ads	full push happen, reason:map[config:1]
2026-08-29T16:28:38.997657629Z 2026-08-29T16:28:38.997509Z	info	ads	full push happen, reason:map[config:1]
2026-08-29T16:28:39.012584980Z 2026-08-29T16:28:39.012436Z	info	ads	full push happen, reason:map[config:1]
2026-08-29T16:28:39.012613496Z 2026-08-29T16:28:39.012474Z	info	ads	full push happen, reason:map[config:1]
2026-08-29T16:28:39.022826253Z 2026-08-29T16:28:39.022596Z	info	ads	full push happen, reason:map[config:1]
2026-08-29T16:28:39.022861306Z 2026-08-29T16:28:39.022625Z	info	ads	full push happen, reason:map[config:1]
2026-08-29T16:28:39.044437639Z 2026-08-29T16:28:39.044234Z	info	ads	full push happen, reason:map[config:1]
2026-08-29T16:28:39.044464896Z 2026-08-29T16:28:39.044269Z	info	ads	full push happen, reason:map[config:1]
2026-08-29T16:28:39.059104553Z 2026-08-29T16:28:39.058832Z	info	ads	full push happen, reason:map[config:1]
2026-08-29T16:28:39.059134209Z 2026-08-29T16:28:39.058866Z	info	ads	full push happen, reason:map[config:1]
2026-08-29T16:28:39.069378171Z 2026-08-29T16:28:39.069168Z	info	ads	full push happen, reason:map[config:1]
2026-08-29T16:28:39.069405403Z 2026-08-29T16:28:39.069199Z	info	ads	full push happen, reason:map[config:1]
2026-08-29T16:28:39.084195080Z 2026-08-29T16:28:39.084061Z	info	ads	full push happen, reason:map[config:1]
2026-08-29T16:28:39.084224481Z 2026-08-29T16:28:39.084092Z	info	ads	full push happen, reason:map[config:1]
2026-08-29T16:28:39.094374713Z 2026-08-29T16:28:39.094164Z	info	ads	full push happen, reason:map[config:1]
2026-08-29T16:28:39.094401869Z 2026-08-29T16:28:39.094202Z	info	ads	full push happen, reason:map[config:1]
2026-08-29T16:28:39.109134530Z 2026-08-29T16:28:39.108988Z	info	ads	full push happen, reason:map[config:1]
2026-08-29T16:28:39.109163735Z 2026-08-29T16:28:39.109035Z	info	ads	full push happen, reason:map[config:1]
2026-08-29T16:28:39.123861456Z 2026-08-29T16:28:39.123697Z	info	ads	full push happen, reason:map[config:1]
2026-08-29T16:28:39.123875804Z 2026-08-29T16:28:39.123726Z	info	ads	full push happen, reason:map[config:1]
2026-08-29T16:28:39.134075058Z 2026-08-29T16:28:39.133858Z	info	ads	full push happen, reason:map[config:1]
2026-08-29T16:28:39.134101946Z 2026-08-29T16:28:39.133906Z	info	ads	full push happen, reason:map[config:1]
2026-08-29T16:28:39.156869836Z 2026-08-29T16:28:39.156703Z	info	ads	full push happen, reason:map[config:1]
2026-08-29T16:28:39.156882833Z 2026-08-29T16:28:39.156746Z	info	ads	full push happen, reason:map[config:1]
2026-08-29T16:28:39.171842328Z 2026-08-29T16:28:39.171657Z	info	ads	full push happen, reason:map[config:1]
2026-08-29T16:28:39.171870360Z 2026-08-29T16:28:39.171692Z	info	ads	full push happen, reason:map[config:1]
2026-08-29T16:28:39.182017709Z 2026-08-29T16:28:39.181860Z	info	ads	full push happen, reason:map[config:1]
2026-08-29T16:28:39.182031496Z 2026-08-29T16:28:39.181895Z	info	ads	full push happen, reason:map[config:1]
2026-08-29T16:28:39.196279231Z 2026-08-29T16:28:39.196117Z	info	ads	full push happen, reason:map[config:1]
2026-08-29T16:28:39.196291819Z 2026-08-29T16:28:39.196172Z	info	ads	full push happen, reason:map[config:1]
2026-08-29T16:28:39.215576069Z 2026-08-29T16:28:39.215397Z	info	ads	full push happen, reason:map[config:1]
2026-08-29T16:28:39.215625749Z 2026-08-29T16:28:39.215439Z	info	ads	full push happen, reason:map[config:1]
2026-08-29T16:28:39.225626797Z 2026-08-29T16:28:39.225445Z	info	ads	full push happen, reason:map[config:1]
2026-08-29T16:28:39.225660964Z 2026-08-29T16:28:39.225482Z	info	ads	full push happen, reason:map[config:1]
2026-08-29T16:28:39.240283897Z 2026-08-29T16:28:39.240114Z	info	ads	full push happen, reason:map[config:1]
2026-08-29T16:28:39.240314689Z 2026-08-29T16:28:39.240167Z	info	ads	full push happen, reason:map[config:1]
2026-08-29T16:28:39.249971962Z 2026-08-29T16:28:39.249723Z	info	ads	full push happen, reason:map[config:1]
2026-08-29T16:28:39.249999054Z 2026-08-29T16:28:39.249758Z	info	ads	full push happen, reason:map[config:1]
2026-08-29T16:28:39.268649068Z 2026-08-29T16:28:39.268357Z	info	ads	full push happen, reason:map[config:1]
2026-08-29T16:28:39.268676580Z 2026-08-29T16:28:39.268391Z	info	ads	full push happen, reason:map[config:1]
2026-08-29T16:28:39.283001143Z 2026-08-29T16:28:39.282839Z	info	ads	full push happen, reason:map[config:1]
2026-08-29T16:28:39.283030742Z 2026-08-29T16:28:39.282868Z	info	ads	full push happen, reason:map[config:1]
2026-08-29T16:28:39.293037791Z 2026-08-29T16:28:39.292811Z	info	ads	full push happen, reason:map[config:1]
2026-08-29T16:28:39.293064463Z 2026-08-29T16:28:39.292857Z	info	ads	full push happen, reason:map[config:1]
2026-08-29T16:28:39.307757264Z 2026-08-29T16:28:39.307555Z	info	ads	full push happen, reason:map[config:1]
2026-08-29T16:28:39.307788105Z 2026-08-29T16:28:39.307589Z	info	ads	full push happen, reason:map[config:1]
2026-08-29T16:28:39.323753434Z 2026-08-29T16:28:39.323628Z	info	ads	full push happen, reason:map[config:1]
2026-08-29T16:28:39.323768814Z 2026-08-29T16:28:39.323673Z	info	ads	full push happen, reason:map[config:1]
2026-08-29T16:28:39.334586692Z 2026-08-29T16:28:39.334311Z	info	ads	full push happen, reason:map[config:1]
2026-08-29T16:28:39.334613684Z 2026-08-29T16:28:39.334351Z	info	ads	full push happen, reason:map[config:1]
2026-08-29T16:28:39.349610272Z 2026-08-29T16:28:39.349441Z	info	ads	full push happen, reason:map[config:1]
2026-08-29T16:28:39.349627767Z 2026-08-29T16:28:39.349476Z	info	ads	full push happen, reason:map[config:1]
2026-08-29T16:28:39.363658876Z 2026-08-29T16:28:39.363562Z	info	ads	full push happen, reason:map[config:1]
2026-08-29T16:28:39.363676004Z 2026-08-29T16:28:39.363597Z	info	ads	full push happen, reason:map[config:1]
2026-08-29T16:28:39.375884367Z 2026-08-29T16:28:39.375778Z	info	ads	full push happen, reason:map[config:1]
2026-08-29T16:28:39.375902647Z 2026-08-29T16:28:39.375813Z	info	ads	full push happen, reason:map[config:1]
2026-08-29T16:28:39.386636473Z 2026-08-29T16:28:39.386512Z	info	ads	full push happen, reason:map[config:1]
2026-08-29T16:28:39.386657556Z 2026-08-29T16:28:39.386554Z	info	ads	full push happen, reason:map[config:1]
2026-08-29T16:28:39.394394029Z 2026-08-29T16:28:39.394226Z	info	ads	full push happen, reason:map[config:1]
2026-08-29T16:28:39.394410106Z 2026-08-29T16:28:39.394266Z	info	ads	full push happen, reason:map[config:1]
2026-08-29T16:28:39.405845973Z 2026-08-29T16:28:39.405662Z	info	ads	full push happen, reason:map[config:1]
2026-08-29T16:28:39.405867495Z 2026-08-29T16:28:39.405693Z	info	ads	full push happen, reason:map[config:1]
2026-08-29T16:28:39.417559476Z 2026-08-29T16:28:39.417486Z	info	ads	full push happen, reason:map[config:1]
2026-08-29T16:28:39.417570011Z 2026-08-29T16:28:39.417520Z	info	ads	full push happen, reason:map[config:1]
2026-08-29T16:28:39.424374470Z 2026-08-29T16:28:39.424293Z	info	ads	full push happen, reason:map[config:1]
2026-08-29T16:28:39.424390569Z 2026-08-29T16:28:39.424323Z	info	ads	full push happen, reason:map[config:1]
2026-08-29T16:28:39.436097652Z 2026-08-29T16:28:39.435956Z	info	ads	full push happen, reason:map[config:1]
2026-08-29T16:28:39.436127557Z 2026-08-29T16:28:39.436001Z	info	ads	full push happen, reason:map[config:1]
2026-08-29T16:28:39.447576148Z 2026-08-29T16:28:39.447475Z	info	ads	full push happen, reason:map[config:1]
2026-08-29T16:28:39.447595757Z 2026-08-29T16:28:39.447502Z	info	ads	full push happen, reason:map[config:1]
2026-08-29T16:28:39.454283033Z 2026-08-29T16:28:39.454206Z	info	ads	full push happen, reason:map[config:1]
2026-08-29T16:28:39.454293806Z 2026-08-29T16:28:39.454246Z	info	ads	full push happen, reason:map[config:1]
2026-08-29T16:28:39.466143543Z 2026-08-29T16:28:39.466069Z	info	ads	full push happen, reason:map[config:1]
2026-08-29T16:28:39.466161484Z 2026-08-29T16:28:39.466091Z	info	ads	full push happen, reason:map[config:1]
2026-08-29T16:28:39.487326560Z 2026-08-29T16:28:39.487227Z	info	ads	full push happen, reason:map[config:1]
2026-08-29T16:28:39.487341964Z 2026-08-29T16:28:39.487275Z	info	ads	full push happen, reason:map[config:1]
2026-08-29T16:28:39.503354133Z 2026-08-29T16:28:39.503280Z	info	ads	full push happen, reason:map[config:1]
2026-08-29T16:28:39.503369800Z 2026-08-29T16:28:39.503311Z	info	ads	full push happen, reason:map[config:1]
2026-08-29T16:28:39.509533403Z 2026-08-29T16:28:39.509458Z	info	ads	full push happen, reason:map[config:1]
2026-08-29T16:28:39.509548884Z 2026-08-29T16:28:39.509473Z	info	ads	full push happen, reason:map[config:1]
2026-08-29T16:28:39.524381965Z 2026-08-29T16:28:39.524223Z	info	ads	full push happen, reason:map[config:1]
2026-08-29T16:28:39.524416382Z 2026-08-29T16:28:39.524247Z	info	ads	full push happen, reason:map[config:1]
2026-08-29T16:28:39.539618164Z 2026-08-29T16:28:39.539489Z	info	ads	full push happen, reason:map[config:1]
2026-08-29T16:28:39.539627622Z 2026-08-29T16:28:39.539519Z	info	ads	full push happen, reason:map[config:1]
2026-08-29T16:28:39.547815285Z 2026-08-29T16:28:39.547732Z	info	ads	full push happen, reason:map[config:1]
2026-08-29T16:28:39.547829063Z 2026-08-29T16:28:39.547757Z	info	ads	full push happen, reason:map[config:1]
2026-08-29T16:28:39.649108307Z 2026-08-29T16:28:39.648785Z	info	ads	Push debounce stable[3] 644 for config VirtualService/higress-system/gateway-api-virtualservice and 1 more configs: 100.989806ms since last change, 4.575529958s since last push, full=true
2026-08-29T16:28:39.649156607Z 2026-08-29T16:28:39.649078Z	info	ingress	Found 0 number of basic auth
2026-08-29T16:28:39.649165783Z 2026-08-29T16:28:39.649093Z	info	ingress	Found 0 number of envoyFilters
2026-08-29T16:28:39.649174562Z 2026-08-29T16:28:39.649105Z	info	ingress	resource type networking.istio.io/v1/VirtualService, ingress number 0, convert configs number 0
2026-08-29T16:28:39.652915331Z 2026-08-29T16:28:39.652844Z	info	ingress	resource type networking.istio.io/v1/Gateway, ingress number 0, convert configs number 0
2026-08-29T16:28:39.652964955Z 2026-08-29T16:28:39.652932Z	info	ads	XDS: Pushing Services:0 ConnectedEndpoints:1 Version:2026-08-29T16:28:39Z/3
2026-08-29T16:28:39.653067515Z 2026-08-29T16:28:39.653023Z	info	ingress	resource type networking.istio.io/v1/DestinationRule, ingress number 0, convert configs number 0
2026-08-29T16:28:39.653092082Z 2026-08-29T16:28:39.653067Z	info	ads	networking.istio.io/v1/DestinationRule: PUSH for node:higress-controller-67b99c5d7f-n8fbn.higress-system resources:0 size:0B
2026-08-29T16:28:39.653108433Z 2026-08-29T16:28:39.653089Z	info	ingress	Found mcp serviceEntries [0x3d95c0c5a620]
2026-08-29T16:28:39.653118586Z 2026-08-29T16:28:39.653096Z	info	ingress	resource type networking.istio.io/v1/ServiceEntry, ingress number 0, convert configs number 1
2026-08-29T16:28:39.653325429Z 2026-08-29T16:28:39.653268Z	info	ads	networking.istio.io/v1/ServiceEntry: PUSH for node:higress-controller-67b99c5d7f-n8fbn.higress-system resources:1 size:255B
2026-08-29T16:28:39.653371908Z 2026-08-29T16:28:39.653301Z	info	ads	networking.istio.io/v1beta1/ProxyConfig: PUSH for node:higress-controller-67b99c5d7f-n8fbn.higress-system resources:0 size:0B
2026-08-29T16:28:39.653392129Z 2026-08-29T16:28:39.653332Z	info	ads	networking.istio.io/v1/WorkloadEntry: PUSH for node:higress-controller-67b99c5d7f-n8fbn.higress-system resources:0 size:0B
2026-08-29T16:28:39.653412118Z 2026-08-29T16:28:39.653365Z	info	ads	security.istio.io/v1/AuthorizationPolicy: PUSH for node:higress-controller-67b99c5d7f-n8fbn.higress-system resources:0 size:0B
2026-08-29T16:28:39.653427181Z 2026-08-29T16:28:39.653386Z	info	ingress	controller tracing ConstructEnvoyFilters
2026-08-29T16:28:39.653435705Z 2026-08-29T16:28:39.653395Z	info	ingress	controller gzip ConstructEnvoyFilters
2026-08-29T16:28:39.653950633Z 2026-08-29T16:28:39.653915Z	info	ingress	controller global-option ConstructEnvoyFilters
2026-08-29T16:28:39.654186063Z 2026-08-29T16:28:39.654128Z	info	ingress	controller mcpServer ConstructEnvoyFilters
2026-08-29T16:28:39.654196066Z 2026-08-29T16:28:39.654145Z	info	ingress	Append 2 configmap EnvoyFilters
2026-08-29T16:28:39.654200012Z 2026-08-29T16:28:39.654154Z	info	ingress	resource type networking.istio.io/v1alpha3/EnvoyFilter, configs number 2
2026-08-29T16:28:39.654932165Z 2026-08-29T16:28:39.654886Z	info	ads	networking.istio.io/v1alpha3/EnvoyFilter: PUSH for node:higress-controller-67b99c5d7f-n8fbn.higress-system resources:2 size:1.9kB
2026-08-29T16:28:39.654963533Z 2026-08-29T16:28:39.654922Z	info	ads	security.istio.io/v1/PeerAuthentication: PUSH for node:higress-controller-67b99c5d7f-n8fbn.higress-system resources:0 size:0B
2026-08-29T16:28:39.655110339Z 2026-08-29T16:28:39.655071Z	info	ads	telemetry.istio.io/v1/Telemetry: PUSH for node:higress-controller-67b99c5d7f-n8fbn.higress-system resources:0 size:0B
2026-08-29T16:28:39.655156111Z 2026-08-29T16:28:39.655121Z	info	ingress	Found 0 number of basic auth
2026-08-29T16:28:39.655161432Z 2026-08-29T16:28:39.655129Z	info	ingress	Found 0 number of envoyFilters
2026-08-29T16:28:39.655168739Z 2026-08-29T16:28:39.655139Z	info	ingress	resource type networking.istio.io/v1/VirtualService, ingress number 0, convert configs number 0
2026-08-29T16:28:39.655393336Z 2026-08-29T16:28:39.655352Z	info	ads	networking.istio.io/v1/VirtualService: PUSH for node:higress-controller-67b99c5d7f-n8fbn.higress-system resources:1 size:426B
2026-08-29T16:28:39.655415259Z 2026-08-29T16:28:39.655386Z	info	ads	networking.istio.io/v1/WorkloadGroup: PUSH for node:higress-controller-67b99c5d7f-n8fbn.higress-system resources:0 size:0B
2026-08-29T16:28:39.657835983Z 2026-08-29T16:28:39.657785Z	info	ingress	resource type networking.istio.io/v1/Gateway, ingress number 0, convert configs number 0
2026-08-29T16:28:39.658012819Z 2026-08-29T16:28:39.657976Z	info	ads	networking.istio.io/v1/Gateway: PUSH for node:higress-controller-67b99c5d7f-n8fbn.higress-system resources:1 size:467B
2026-08-29T16:28:39.658039410Z 2026-08-29T16:28:39.658013Z	info	ads	security.istio.io/v1/RequestAuthentication: PUSH for node:higress-controller-67b99c5d7f-n8fbn.higress-system resources:0 size:0B
2026-08-29T16:28:39.658095190Z 2026-08-29T16:28:39.658042Z	info	ads	networking.istio.io/v1/Sidecar: PUSH for node:higress-controller-67b99c5d7f-n8fbn.higress-system resources:0 size:0B
2026-08-29T16:28:39.658128531Z 2026-08-29T16:28:39.658077Z	info	ingress	resource type extensions.istio.io/v1alpha1/WasmPlugin, ingress number 0, convert configs number 0
2026-08-29T16:28:39.658148076Z 2026-08-29T16:28:39.658101Z	info	ads	extensions.istio.io/v1alpha1/WasmPlugin: PUSH for node:higress-controller-67b99c5d7f-n8fbn.higress-system resources:0 size:0B
2026-08-29T16:29:10.220840153Z 2026-08-29T16:29:10.220620Z	info	ads	full push happen, reason:map[config:1]
2026-08-29T16:29:10.220904942Z 2026-08-29T16:29:10.220690Z	info	ads	full push happen, reason:map[config:1]
2026-08-29T16:29:10.221068379Z 2026-08-29T16:29:10.220949Z	info	ads	full push happen, reason:map[config:1]
2026-08-29T16:29:10.239822340Z 2026-08-29T16:29:10.239604Z	info	ads	full push happen, reason:map[config:1]
2026-08-29T16:29:10.239871785Z 2026-08-29T16:29:10.239667Z	info	ads	full push happen, reason:map[config:1]
2026-08-29T16:29:10.340504693Z 2026-08-29T16:29:10.340186Z	info	ads	Push debounce stable[4] 5 for config VirtualService/higress-system/gateway-api-virtualservice and 2 more configs: 100.471958ms since last change, 119.452283ms since last push, full=true
2026-08-29T16:29:10.340560846Z 2026-08-29T16:29:10.340476Z	info	ingress	Found 0 number of basic auth
2026-08-29T16:29:10.340571641Z 2026-08-29T16:29:10.340492Z	info	ingress	Found 0 number of envoyFilters
2026-08-29T16:29:10.340580838Z 2026-08-29T16:29:10.340505Z	info	ingress	resource type networking.istio.io/v1/VirtualService, ingress number 0, convert configs number 0
2026-08-29T16:29:10.344458698Z 2026-08-29T16:29:10.344221Z	info	ingress	resource type networking.istio.io/v1/Gateway, ingress number 0, convert configs number 0
2026-08-29T16:29:10.344514125Z 2026-08-29T16:29:10.344462Z	info	ads	XDS: Pushing Services:0 ConnectedEndpoints:1 Version:2026-08-29T16:29:10Z/4
2026-08-29T16:29:10.344733352Z 2026-08-29T16:29:10.344662Z	info	ads	networking.istio.io/v1/Sidecar: PUSH for node:higress-controller-67b99c5d7f-n8fbn.higress-system resources:0 size:0B
2026-08-29T16:29:10.344753315Z 2026-08-29T16:29:10.344717Z	info	ingress	resource type extensions.istio.io/v1alpha1/WasmPlugin, ingress number 0, convert configs number 0
2026-08-29T16:29:10.344806372Z 2026-08-29T16:29:10.344750Z	info	ads	extensions.istio.io/v1alpha1/WasmPlugin: PUSH for node:higress-controller-67b99c5d7f-n8fbn.higress-system resources:0 size:0B
2026-08-29T16:29:10.344852580Z 2026-08-29T16:29:10.344791Z	info	ingress	resource type networking.istio.io/v1/DestinationRule, ingress number 0, convert configs number 0
2026-08-29T16:29:10.344862468Z 2026-08-29T16:29:10.344824Z	info	ads	networking.istio.io/v1/DestinationRule: PUSH for node:higress-controller-67b99c5d7f-n8fbn.higress-system resources:0 size:0B
2026-08-29T16:29:10.344926753Z 2026-08-29T16:29:10.344868Z	info	ingress	Found mcp serviceEntries [0x3d95c1d8dab0]
2026-08-29T16:29:10.344940377Z 2026-08-29T16:29:10.344883Z	info	ingress	resource type networking.istio.io/v1/ServiceEntry, ingress number 0, convert configs number 1
2026-08-29T16:29:10.345211659Z 2026-08-29T16:29:10.345084Z	info	ads	networking.istio.io/v1/ServiceEntry: PUSH for node:higress-controller-67b99c5d7f-n8fbn.higress-system resources:1 size:255B
2026-08-29T16:29:10.345248403Z 2026-08-29T16:29:10.345121Z	info	ads	networking.istio.io/v1beta1/ProxyConfig: PUSH for node:higress-controller-67b99c5d7f-n8fbn.higress-system resources:0 size:0B
2026-08-29T16:29:10.345271643Z 2026-08-29T16:29:10.345151Z	info	ads	networking.istio.io/v1/WorkloadEntry: PUSH for node:higress-controller-67b99c5d7f-n8fbn.higress-system resources:0 size:0B
2026-08-29T16:29:10.345281276Z 2026-08-29T16:29:10.345177Z	info	ads	security.istio.io/v1/AuthorizationPolicy: PUSH for node:higress-controller-67b99c5d7f-n8fbn.higress-system resources:0 size:0B
2026-08-29T16:29:10.345291483Z 2026-08-29T16:29:10.345195Z	info	ingress	controller tracing ConstructEnvoyFilters
2026-08-29T16:29:10.345301011Z 2026-08-29T16:29:10.345203Z	info	ingress	controller gzip ConstructEnvoyFilters
2026-08-29T16:29:10.345736794Z 2026-08-29T16:29:10.345672Z	info	ingress	controller global-option ConstructEnvoyFilters
2026-08-29T16:29:10.345948112Z 2026-08-29T16:29:10.345899Z	info	ingress	controller mcpServer ConstructEnvoyFilters
2026-08-29T16:29:10.345957728Z 2026-08-29T16:29:10.345912Z	info	ingress	Append 2 configmap EnvoyFilters
2026-08-29T16:29:10.345981316Z 2026-08-29T16:29:10.345922Z	info	ingress	resource type networking.istio.io/v1alpha3/EnvoyFilter, configs number 2
2026-08-29T16:29:10.346987363Z 2026-08-29T16:29:10.346709Z	info	ads	networking.istio.io/v1alpha3/EnvoyFilter: PUSH for node:higress-controller-67b99c5d7f-n8fbn.higress-system resources:2 size:1.9kB
2026-08-29T16:29:10.347013840Z 2026-08-29T16:29:10.346744Z	info	ads	security.istio.io/v1/PeerAuthentication: PUSH for node:higress-controller-67b99c5d7f-n8fbn.higress-system resources:0 size:0B
2026-08-29T16:29:10.347026387Z 2026-08-29T16:29:10.346771Z	info	ads	telemetry.istio.io/v1/Telemetry: PUSH for node:higress-controller-67b99c5d7f-n8fbn.higress-system resources:0 size:0B
2026-08-29T16:29:10.347035344Z 2026-08-29T16:29:10.346820Z	info	ingress	Found 0 number of basic auth
2026-08-29T16:29:10.347043735Z 2026-08-29T16:29:10.346829Z	info	ingress	Found 0 number of envoyFilters
2026-08-29T16:29:10.347052276Z 2026-08-29T16:29:10.346840Z	info	ingress	resource type networking.istio.io/v1/VirtualService, ingress number 0, convert configs number 0
2026-08-29T16:29:10.347060576Z 2026-08-29T16:29:10.346872Z	info	ads	networking.istio.io/v1/VirtualService: PUSH for node:higress-controller-67b99c5d7f-n8fbn.higress-system resources:0 size:0B
2026-08-29T16:29:10.347069091Z 2026-08-29T16:29:10.346910Z	info	ads	networking.istio.io/v1/WorkloadGroup: PUSH for node:higress-controller-67b99c5d7f-n8fbn.higress-system resources:0 size:0B
2026-08-29T16:29:10.350428847Z 2026-08-29T16:29:10.350238Z	info	ingress	resource type networking.istio.io/v1/Gateway, ingress number 0, convert configs number 0
2026-08-29T16:29:10.350555617Z 2026-08-29T16:29:10.350448Z	info	ads	networking.istio.io/v1/Gateway: PUSH for node:higress-controller-67b99c5d7f-n8fbn.higress-system resources:1 size:467B
2026-08-29T16:29:10.350585484Z 2026-08-29T16:29:10.350486Z	info	ads	security.istio.io/v1/RequestAuthentication: PUSH for node:higress-controller-67b99c5d7f-n8fbn.higress-system resources:0 size:0B
2026-08-29T16:29:20.015750716Z 2026-08-29T16:29:20.015480Z	info	ads	full push happen, reason:map[config:1]
2026-08-29T16:29:20.015803917Z 2026-08-29T16:29:20.015537Z	info	ads	full push happen, reason:map[config:1]
2026-08-29T16:29:20.016159876Z 2026-08-29T16:29:20.015928Z	info	ads	full push happen, reason:map[config:1]
2026-08-29T16:29:20.033356182Z 2026-08-29T16:29:20.033116Z	info	ads	full push happen, reason:map[config:1]
2026-08-29T16:29:20.033383132Z 2026-08-29T16:29:20.033167Z	info	ads	full push happen, reason:map[config:1]
2026-08-29T16:29:20.040628616Z 2026-08-29T16:29:20.040394Z	info	ads	full push happen, reason:map[config:1]
2026-08-29T16:29:20.040648406Z 2026-08-29T16:29:20.040447Z	info	ads	full push happen, reason:map[config:1]
2026-08-29T16:29:20.141529118Z 2026-08-29T16:29:20.141284Z	info	ads	Push debounce stable[5] 7 for config Gateway/higress-system/gateway-api-gateway and 2 more configs: 100.79166ms since last change, 125.700106ms since last push, full=true
2026-08-29T16:29:20.141688164Z 2026-08-29T16:29:20.141617Z	info	ingress	Found 0 number of basic auth
2026-08-29T16:29:20.141701664Z 2026-08-29T16:29:20.141633Z	info	ingress	Found 0 number of envoyFilters
2026-08-29T16:29:20.141711888Z 2026-08-29T16:29:20.141647Z	info	ingress	resource type networking.istio.io/v1/VirtualService, ingress number 0, convert configs number 0
2026-08-29T16:29:20.147098230Z 2026-08-29T16:29:20.146856Z	info	ingress	resource type networking.istio.io/v1/Gateway, ingress number 0, convert configs number 0
2026-08-29T16:29:20.147184552Z 2026-08-29T16:29:20.147116Z	info	ads	XDS: Pushing Services:0 ConnectedEndpoints:1 Version:2026-08-29T16:29:20Z/5
2026-08-29T16:29:20.147377188Z 2026-08-29T16:29:20.147292Z	info	ads	security.istio.io/v1/AuthorizationPolicy: PUSH for node:higress-controller-67b99c5d7f-n8fbn.higress-system resources:0 size:0B
2026-08-29T16:29:20.147421653Z 2026-08-29T16:29:20.147319Z	info	ingress	controller tracing ConstructEnvoyFilters
2026-08-29T16:29:20.147434709Z 2026-08-29T16:29:20.147329Z	info	ingress	controller gzip ConstructEnvoyFilters
2026-08-29T16:29:20.147859300Z 2026-08-29T16:29:20.147782Z	info	ingress	controller global-option ConstructEnvoyFilters
2026-08-29T16:29:20.148066841Z 2026-08-29T16:29:20.147995Z	info	ingress	controller mcpServer ConstructEnvoyFilters
2026-08-29T16:29:20.148077790Z 2026-08-29T16:29:20.148008Z	info	ingress	Append 2 configmap EnvoyFilters
2026-08-29T16:29:20.148086693Z 2026-08-29T16:29:20.148018Z	info	ingress	resource type networking.istio.io/v1alpha3/EnvoyFilter, configs number 2
2026-08-29T16:29:20.148973844Z 2026-08-29T16:29:20.148815Z	info	ads	networking.istio.io/v1alpha3/EnvoyFilter: PUSH for node:higress-controller-67b99c5d7f-n8fbn.higress-system resources:2 size:1.9kB
2026-08-29T16:29:20.149002633Z 2026-08-29T16:29:20.148881Z	info	ads	security.istio.io/v1/PeerAuthentication: PUSH for node:higress-controller-67b99c5d7f-n8fbn.higress-system resources:0 size:0B
2026-08-29T16:29:20.149013085Z 2026-08-29T16:29:20.148914Z	info	ads	telemetry.istio.io/v1/Telemetry: PUSH for node:higress-controller-67b99c5d7f-n8fbn.higress-system resources:0 size:0B
2026-08-29T16:29:20.149035353Z 2026-08-29T16:29:20.148980Z	info	ingress	Found 0 number of basic auth
2026-08-29T16:29:20.149043853Z 2026-08-29T16:29:20.148990Z	info	ingress	Found 0 number of envoyFilters
2026-08-29T16:29:20.149066789Z 2026-08-29T16:29:20.149000Z	info	ingress	resource type networking.istio.io/v1/VirtualService, ingress number 0, convert configs number 0
2026-08-29T16:29:20.149366267Z 2026-08-29T16:29:20.149272Z	info	ads	networking.istio.io/v1/VirtualService: PUSH for node:higress-controller-67b99c5d7f-n8fbn.higress-system resources:1 size:426B
2026-08-29T16:29:20.149403331Z 2026-08-29T16:29:20.149307Z	info	ads	networking.istio.io/v1/WorkloadGroup: PUSH for node:higress-controller-67b99c5d7f-n8fbn.higress-system resources:0 size:0B
2026-08-29T16:29:20.153068910Z 2026-08-29T16:29:20.152861Z	info	ingress	resource type networking.istio.io/v1/Gateway, ingress number 0, convert configs number 0
2026-08-29T16:29:20.153115966Z 2026-08-29T16:29:20.153066Z	info	ads	networking.istio.io/v1/Gateway: PUSH for node:higress-controller-67b99c5d7f-n8fbn.higress-system resources:1 size:467B
2026-08-29T16:29:20.153148518Z 2026-08-29T16:29:20.153108Z	info	ads	security.istio.io/v1/RequestAuthentication: PUSH for node:higress-controller-67b99c5d7f-n8fbn.higress-system resources:0 size:0B
2026-08-29T16:29:20.153218663Z 2026-08-29T16:29:20.153145Z	info	ads	networking.istio.io/v1/Sidecar: PUSH for node:higress-controller-67b99c5d7f-n8fbn.higress-system resources:0 size:0B
2026-08-29T16:29:20.153228670Z 2026-08-29T16:29:20.153187Z	info	ingress	resource type extensions.istio.io/v1alpha1/WasmPlugin, ingress number 0, convert configs number 0
2026-08-29T16:29:20.153245787Z 2026-08-29T16:29:20.153214Z	info	ads	extensions.istio.io/v1alpha1/WasmPlugin: PUSH for node:higress-controller-67b99c5d7f-n8fbn.higress-system resources:0 size:0B
2026-08-29T16:29:20.153273871Z 2026-08-29T16:29:20.153244Z	info	ingress	resource type networking.istio.io/v1/DestinationRule, ingress number 0, convert configs number 0
2026-08-29T16:29:20.153362679Z 2026-08-29T16:29:20.153271Z	info	ads	networking.istio.io/v1/DestinationRule: PUSH for node:higress-controller-67b99c5d7f-n8fbn.higress-system resources:0 size:0B
2026-08-29T16:29:20.153402308Z 2026-08-29T16:29:20.153339Z	info	ingress	Found mcp serviceEntries [0x3d95c1b1bce0]
2026-08-29T16:29:20.153412487Z 2026-08-29T16:29:20.153353Z	info	ingress	resource type networking.istio.io/v1/ServiceEntry, ingress number 0, convert configs number 1
2026-08-29T16:29:20.153600857Z 2026-08-29T16:29:20.153532Z	info	ads	networking.istio.io/v1/ServiceEntry: PUSH for node:higress-controller-67b99c5d7f-n8fbn.higress-system resources:1 size:255B
2026-08-29T16:29:20.153611913Z 2026-08-29T16:29:20.153562Z	info	ads	networking.istio.io/v1beta1/ProxyConfig: PUSH for node:higress-controller-67b99c5d7f-n8fbn.higress-system resources:0 size:0B
2026-08-29T16:29:20.153634350Z 2026-08-29T16:29:20.153589Z	info	ads	networking.istio.io/v1/WorkloadEntry: PUSH for node:higress-controller-67b99c5d7f-n8fbn.higress-system resources:0 size:0B
